LTE,466,92,11101,54235671,0,121.5254,25.0854,1000,8,1,1415611373,1754115550,0
LTE,466,92,11101,54497569,0,121.5275,25.0895,1000,11,1,1415611392,1754115550,0
LTE,466,97,22210,26630768,0,121.5525,25.0724,1000,18,1,1417735900,1754445784,0
LTE,466,97,44210,188160625,0,120.2584,23.2583,2645,14,1,1425864674,1760320866,0
LTE,466,97,44210,188160879,0,120.2538,23.2494,823,28,1,1425864734,1760320866,0
LTE,466,97,44210,186880369,0,120.2655,23.2629,1000,7,1,1425864794,1760320872,0
LTE,466,97,44210,186883185,0,120.2682,23.2755,1000,13,1,1425864865,1760320866,0
LTE,466,97,44210,186881393,0,120.2892,23.2991,1864,17,1,1425864914,1760501406,0
LTE,466,97,44210,186880624,0,120.2848,23.2976,1000,14,1,1425864974,1760501342,0
LTE,466,97,44210,186881391,0,120.2913,23.3077,1000,12,1,1425865185,1760501342,0
LTE,466,97,44210,186882672,0,120.288,23.2999,784,27,1,1425865304,1760501405,0
LTE,466,97,44210,186883184,0,120.2757,23.2763,1028,23,1,1425865844,1760501405,0
LTE,466,97,44210,188674416,0,120.2761,23.2921,1000,19,1,1425868025,1760501405,0
LTE,466,92,12700,29974561,0,121.425,24.9921,1051,3,1,1435275847,1750959783,0
LTE,466,92,13201,28825633,0,121.375,25.0648,5429,5,1,1437043171,1786038482,0
LTE,466,92,13201,28561175,0,121.3659,25.0633,1678,19,1,1437132782,1786038482,0
LTE,466,92,13201,81407245,0,121.3614,25.0635,2276,29,1,1437132794,1786038482,0
LTE,466,92,36400,157866519,0,120.3417,23.3386,3054,25,1,1446020988,1754115490,0
UMTS,466,92,10454,29768003,371,120.8437,24.1912,4781,50,1,1446116489,1746739989,0
LTE,466,97,22230,62208879,0,121.3942,25.062,1000,11,1,1447672125,1780016944,0
LTE,466,97,22230,62208368,0,121.4086,25.0574,1993,31,1,1447691972,1780016944,0
LTE,466,97,22230,62210927,0,121.42,25.0644,1000,22,1,1447692032,1780016945,0
LTE,466,92,11100,54354465,0,121.5311,25.0437,1000,8,1,1447995568,1786110721,0
LTE,466,92,24101,107408673,0,120.6573,24.1509,1000,3,1,1455214111,1746739931,0
LTE,466,92,11200,54870039,0,121.5448,25.0162,1000,10,1,1455635622,1786246502,0
LTE,466,92,11200,54870049,0,121.5414,25.0142,1000,17,1,1455635622,1786246502,0
LTE,466,92,11200,55318039,0,121.5385,25.013,1000,12,1,1455635623,1786181821,0
LTE,466,92,11200,54870029,0,121.5433,25.0162,1000,19,1,1455635623,1786246502,0
LTE,466,92,11200,55373581,0,121.5379,25.0123,500,42,1,1455635623,1786181821,0
LTE,466,92,13500,81548321,0,121.222,24.8665,500,50,1,1455635623,1768723565,0
LTE,466,92,11200,55318029,0,121.5496,25.0146,3713,10,1,1455635622,1786181821,0
LTE,466,92,11200,55318049,0,121.5406,25.0149,1000,9,1,1455635622,1786181821,0
LTE,466,92,13201,79831329,0,121.38,25.0506,1491,33,1,1457790778,1786038483,0
LTE,466,92,11200,55345175,0,121.5432,25.0253,863,50,1,1457790777,1750959785,0
LTE,466,92,11200,54314775,0,121.544,25.024,500,34,1,1457790777,1750959785,0
LTE,466,92,11200,54314785,0,121.542,25.0246,1000,23,1,1457790777,1750959785,0
LTE,466,92,13201,79831319,0,121.3866,25.0476,2197,50,1,1457790778,1786038483,0
LTE,466,92,12400,30696462,0,121.461,25.0091,500,50,1,1458575405,1768723446,0
LTE,466,92,12400,29974049,0,121.4532,25.0042,500,37,1,1458575404,1768723447,0
LTE,466,92,12400,29684770,0,121.4613,25.0119,1000,11,1,1458575403,1768723446,0
LTE,466,92,12300,29896481,0,121.4198,25.0343,1000,21,1,1458575399,1786038483,0
LTE,466,92,12500,28642584,0,121.515,25.0124,1000,21,1,1458575406,1768723446,0
LTE,466,92,12700,28662797,0,121.4242,24.9918,1128,16,1,1458575417,1750959783,0
LTE,466,92,12700,30694945,0,121.4128,24.9512,3681,50,1,1458575422,1783987922,0
LTE,466,92,12700,30694935,0,121.4203,24.9538,9278,16,1,1458575422,1783987922,0
LTE,466,92,12700,29443617,0,121.4331,24.9719,1164,37,1,1458575420,1768723447,0
LTE,466,92,13200,80191521,0,121.233,25.0752,1000,18,1,1458575435,1786538161,0
LTE,466,92,13200,80228621,0,121.1996,25.0714,1000,10,1,1458575435,1782478022,0
LTE,466,92,13200,81406231,0,121.1528,25.0361,4042,27,1,1458575437,1760143202,0
LTE,466,92,13201,79757345,0,121.3758,25.0551,1000,19,1,1458575439,1786038483,0
LTE,466,92,13200,81518103,0,121.232,25.0758,500,35,1,1458575437,1782751503,0
LTE,466,92,13200,79695649,0,121.2378,25.081,1000,12,1,1458575434,1782751504,0
LTE,466,92,13200,79830285,0,121.239,25.0784,500,29,1,1458575434,1760144884,0
LTE,466,92,13200,79834381,0,121.2374,25.0812,1000,21,1,1458575434,1760144884,0
LTE,466,92,13200,81517847,0,121.2331,25.0774,1000,24,1,1458575437,1786450141,0
LTE,466,92,13200,81518093,0,121.2311,25.0759,1946,15,1,1458575437,1786450141,0
LTE,466,92,13200,81754657,0,121.1688,25.0792,1000,23,1,1458575438,1782478022,0
LTE,466,92,13200,81685517,0,121.2634,25.0262,6075,50,1,1458575438,1782751503,0
LTE,466,92,13201,79761687,0,121.3722,25.0586,836,28,1,1458575439,1786038483,0
LTE,466,92,13200,79830049,0,121.2369,25.0798,1000,19,1,1458575434,1760144884,0
LTE,466,92,13200,81756449,0,121.2071,25.0607,1598,50,1,1458575438,1760144884,0
LTE,466,92,13200,81199639,0,121.235,25.0871,1000,21,1,1458575437,1760143201,0
LTE,466,92,13200,81668621,0,121.1615,25.0772,1002,9,1,1458575437,1782478022,0
LTE,466,92,13200,81581089,0,121.1872,25.0791,1000,19,1,1458575437,1782478022,0
LTE,466,92,13201,80219425,0,121.3752,25.0555,1431,18,1,1458575439,1786038483,0
LTE,466,92,13300,28499211,0,121.4082,24.8721,1000,4,1,1451643336,1783987923,0
LTE,466,92,13202,81763873,0,121.0231,24.987,1000,17,1,1458575443,1782478023,0
LTE,466,92,13202,81743905,0,121.1284,25.0699,1000,5,1,1458575443,1782478022,0
LTE,466,92,13200,81567511,0,121.2107,25.0493,1000,14,1,1458575437,1760144884,0
LTE,466,92,13200,81581069,0,121.1888,25.0781,1000,7,1,1458575437,1782478022,0
LTE,466,92,13200,81518113,0,121.2244,25.0757,1437,50,1,1458575437,1760143201,0
LTE,466,92,13200,81754637,0,121.1823,25.0841,500,28,1,1458575438,1782478022,0
LTE,466,92,13202,81686797,0,121.1337,25.0701,1000,14,1,1458575443,1782478022,0
LTE,466,92,13201,80811277,0,121.3973,25.0318,1164,19,1,1458575439,1786038483,0
LTE,466,92,13202,80200225,0,121.0144,24.9651,1000,14,1,1458575441,1782478023,0
LTE,466,92,13202,81866509,0,121.0747,25.042,1000,16,1,1458575443,1782478023,0
LTE,466,92,13202,81746189,0,121.1048,24.9311,4797,21,1,1458575443,1750959783,0
LTE,466,92,13202,81746199,0,121.1146,24.9238,1000,15,1,1458575443,1750959783,0
LTE,466,92,13300,80212237,0,121.2826,24.9817,1652,29,1,1458575447,1750959783,0
LTE,466,92,13202,80235553,0,121.0941,24.9329,1000,17,1,1458575441,1750959783,0
LTE,466,92,13202,81553185,0,121.0018,24.9513,1000,16,1,1458575443,1782478023,0
LTE,466,92,13202,81522465,0,121.041,25.0175,1000,14,1,1458575442,1782478023,0
LTE,466,92,13300,28499221,0,121.4109,24.8697,1000,10,1,1458575443,1783987923,0
LTE,466,92,13202,80780311,0,121.0876,24.9361,1000,3,1,1458575442,1750959783,0
LTE,466,92,13202,80200205,0,121.018,24.9721,1000,15,1,1458575441,1782478023,0
LTE,466,92,13202,80809495,0,121.0764,24.9298,2972,18,1,1458575442,1750959783,0
LTE,466,92,13202,80821517,0,121.0809,25.0442,3028,13,1,1458575442,1782478023,0
LTE,466,92,13202,81554957,0,120.9991,24.9515,1000,12,1,1458575443,1782478023,0
LTE,466,92,13202,81757729,0,121.0955,25.0548,1000,10,1,1458575443,1782478023,0
LTE,466,92,13400,80779021,0,121.2259,24.9541,1000,17,1,1458575454,1760144886,0
LTE,466,92,13400,81685015,0,121.2195,24.9727,1135,20,1,1458575455,1782751502,0
LTE,466,92,13500,79831585,0,121.2215,24.8617,1000,11,1,1458575456,1768723565,0
LTE,466,92,13500,80776737,0,121.1682,24.9195,2371,50,1,1458575459,1782751502,0
LTE,466,92,13500,80250903,0,121.2119,24.8581,1000,5,1,1458575458,1768723561,0
LTE,466,92,13500,80252941,0,121.2059,24.8286,1000,19,1,1458575458,1768723508,0
LTE,466,92,13500,80250893,0,121.2179,24.8606,1000,23,1,1458575458,1768723565,0
LTE,466,92,13500,80239639,0,121.1726,24.9258,1118,15,1,1458575457,1782751502,0
LTE,466,92,13500,80776717,0,121.1705,24.9237,813,46,1,1458575459,1782751502,0
LTE,466,92,13400,81582369,0,121.2396,24.9923,4687,48,1,1458575455,1785904385,0
LTE,466,92,13500,80002081,0,121.1287,24.8944,1648,50,1,1458575456,1782751502,0
LTE,466,92,13500,79831565,0,121.2226,24.8615,500,36,1,1458575456,1768723565,0
LTE,466,92,13500,80252961,0,121.2021,24.8244,2184,32,1,1458575458,1768723508,0
LTE,466,92,13500,80251671,0,121.1984,24.8317,1425,32,1,1458575458,1768723562,0
LTE,466,92,13500,80421645,0,121.1944,24.8266,3011,19,1,1458575458,1768723562,0
LTE,466,92,13500,81193249,0,121.1349,24.9185,1000,8,1,1458575460,1750959783,0
LTE,466,92,13500,81533709,0,121.2098,24.8392,1000,22,1,1458575461,1768723508,0
LTE,466,92,13500,81548311,0,121.2234,24.8625,500,34,1,1458575461,1768723565,0
LTE,466,92,13600,80910093,0,121.1922,24.8007,1706,33,1,1458575463,1768723562,0
LTE,466,92,13500,80779277,0,121.1851,24.921,1000,13,1,1458575459,1750959783,0
LTE,466,92,13500,80845079,0,121.2062,24.8312,1000,20,1,1458575459,1768723508,0
LTE,466,92,13500,81581601,0,121.168,24.9156,1761,14,1,1458575461,1750959783,0
LTE,466,92,13500,81901837,0,121.206,24.8547,2963,41,1,1458575462,1768723565,0
LTE,466,92,13600,80276759,0,121.1762,24.79,1000,13,1,1458575462,1768723563,0
LTE,466,92,13700,79819277,0,121.0114,24.7827,1000,13,1,1458575465,1751000102,0
LTE,466,92,13500,80251681,0,121.1942,24.8351,1000,8,1,1458575458,1768723562,0
LTE,466,92,13600,80275981,0,121.201,24.817,1004,50,1,1458575462,1768723508,0
LTE,466,92,13600,80292385,0,121.1806,24.7838,1000,11,1,1458575463,1768723563,0
LTE,466,92,13700,81002509,0,121.0083,24.7773,1000,15,1,1458575467,1748947741,0
LTE,466,92,13700,81559821,0,121.0073,24.788,6302,9,1,1458575468,1753255561,0
LTE,466,92,13500,81533729,0,121.2064,24.8335,1000,16,1,1458575461,1768723508,0
LTE,466,92,13600,80910103,0,121.1859,24.7969,1435,50,1,1458575464,1768723564,0
LTE,466,92,13600,81550369,0,121.1625,24.8051,752,50,1,1458575465,1768723501,0
LTE,466,92,13500,81548557,0,121.2058,24.8577,1000,11,1,1458575461,1768723561,0
LTE,466,92,13500,81676833,0,121.1489,24.9138,1000,16,1,1458575461,1750959783,0
LTE,466,92,13500,81753377,0,121.168,24.9152,2070,24,1,1458575462,1782751502,0
LTE,466,92,13600,80275991,0,121.1926,24.8029,1000,6,1,1458575462,1768723562,0
LTE,466,92,13600,80276769,0,121.1739,24.7943,1000,6,1,1458575462,1768723563,0
LTE,466,92,13600,80292365,0,121.1882,24.7985,984,50,1,1458575463,1768723562,0
LTE,466,92,13500,81548567,0,121.2043,24.8557,1000,10,1,1458575461,1768723565,0
LTE,466,92,13701,80267041,0,121.0141,24.8353,1000,6,1,1458575469,1768723504,0
LTE,466,92,13700,80441377,0,121.0015,24.7827,1000,9,1,1458575467,1750988281,0
LTE,466,92,13701,80302359,0,121.042,24.8359,1000,16,1,1458575471,1768723503,0
LTE,466,92,13701,80304161,0,120.9688,24.8983,2818,11,1,1458575471,1782478023,0
LTE,466,92,13701,80495393,0,121.096,24.8889,534,50,1,1458575473,1782751502,0
LTE,466,92,13701,81267745,0,120.9521,24.8358,1894,4,1,1458575475,1782478024,0
LTE,466,92,13700,81559831,0,121.0058,24.7816,1019,12,1,1458575468,1751606041,0
LTE,466,92,13701,80270625,0,120.9535,24.8693,1000,7,1,1458575470,1782478023,0
LTE,466,92,13701,80271885,0,120.9741,24.917,1240,13,1,1458575470,1782478023,0
LTE,466,92,13701,80279575,0,121.0589,24.8773,1757,30,1,1458575470,1782751501,0
LTE,466,92,13701,80287265,0,121.0351,24.8357,859,50,1,1458575470,1768723503,0
LTE,466,92,13701,80287245,0,121.0467,24.836,979,39,1,1458575470,1768723503,0
LTE,466,92,13701,81011981,0,121.0052,24.8529,1000,9,1,1458575474,1750959783,0
LTE,466,92,13701,80433677,0,121.0134,24.8505,1000,17,1,1458575472,1750959782,0
LTE,466,92,13701,81020193,0,120.9482,24.8346,2755,19,1,1458575474,1782478024,0
LTE,466,92,13701,81724941,0,120.9522,24.8614,1000,21,1,1458575476,1782478024,0
LTE,466,92,13750,80261399,0,120.9677,24.7994,1000,20,1,1458575477,1750959782,0
LTE,466,92,13750,80284951,0,120.9306,24.7855,1000,6,1,1458575478,1750959782,0
LTE,466,92,13701,80270369,0,121.0282,24.8199,500,34,1,1458575470,1782478025,0
LTE,466,92,13701,81906209,0,120.9348,24.8389,8565,35,1,1458575476,1782478024,0
LTE,466,92,13701,81906189,0,120.9401,24.8414,1000,14,1,1458575476,1782478024,0
LTE,466,92,13750,79719191,0,120.9009,24.7413,1000,10,1,1458575477,1768723442,0
LTE,466,92,13701,81904161,0,121.0125,24.8351,1000,17,1,1458575476,1768723503,0
LTE,466,92,13750,80284941,0,120.9309,24.7895,1176,36,1,1458575478,1750959782,0
LTE,466,92,13701,81724951,0,120.9496,24.8563,1000,14,1,1458575476,1782478023,0
LTE,466,92,13701,81557527,0,121.0087,24.8369,1000,14,1,1458575475,1768723503,0
LTE,466,92,13750,80275233,0,120.9034,24.7464,500,37,1,1458575478,1750959782,0
LTE,466,92,13750,79719201,0,120.8956,24.7393,630,32,1,1458575477,1768723442,0
LTE,466,92,13750,81762337,0,120.8791,24.7301,864,50,1,1458575481,1768723442,0
LTE,466,92,13750,81762317,0,120.885,24.7362,1000,22,1,1458575481,1750959782,0
LTE,466,92,24000,106157601,0,120.6502,24.3786,1000,13,1,1458575495,1768723383,0
LTE,466,92,24100,105412621,0,120.7098,24.1642,2484,27,1,1451568204,1746740041,0
LTE,466,92,24100,106045975,0,120.6941,24.1696,1000,10,1,1458575502,1746739923,0
LTE,466,92,24101,106020641,0,120.6731,24.1671,1000,13,1,1458575505,1746740043,0
LTE,466,92,24100,105860365,0,120.6839,24.1492,1000,4,1,1458575500,1740462305,0
LTE,466,92,24100,106094093,0,120.6935,24.1623,1000,8,1,1458575502,1746739924,0
LTE,466,92,24101,106041121,0,120.6542,24.1535,1144,7,1,1458575505,1746739986,0
LTE,466,92,24100,106043415,0,120.6847,24.1573,1000,16,1,1458575502,1746739986,0
LTE,466,92,24100,106043425,0,120.6849,24.1592,2336,11,1,1458575502,1746739986,0
LTE,466,92,24101,106018081,0,120.6715,24.16,959,40,1,1458575505,1746740043,0
LTE,466,92,24101,106020631,0,120.674,24.165,1000,10,1,1458575505,1746740043,0
LTE,466,92,24100,105878285,0,120.6895,24.1579,1000,6,1,1458575500,1746739987,0
LTE,466,92,24100,106035469,0,120.6843,24.1496,1000,8,1,1458575502,1754115484,0
LTE,466,92,24100,106047511,0,120.7006,24.1664,1000,24,1,1458575502,1750959782,0
LTE,466,92,24101,106043917,0,120.6642,24.1624,500,50,1,1458575506,1746739924,0
LTE,466,92,24100,106039821,0,120.6887,24.1527,1000,4,1,1458575502,1746739932,0
LTE,466,92,24100,106873879,0,120.685,24.1632,1000,18,1,1458575503,1746739924,0
LTE,466,92,24101,105868045,0,120.655,24.1574,1000,11,1,1458575504,1746739986,0
LTE,466,92,24101,106031885,0,120.6699,24.1506,517,28,1,1458575505,1740462304,0
LTE,466,92,24100,105878305,0,120.6891,24.1585,1000,16,1,1458575500,1746739986,0
LTE,466,92,24100,106666253,0,120.6888,24.1427,1000,7,1,1458575503,1746739927,0
LTE,466,92,24101,106026253,0,120.6653,24.1669,1000,6,1,1458575505,1746739929,0
LTE,466,92,24101,106872865,0,120.6713,24.1734,500,25,1,1458575507,1746740043,0
LTE,466,92,24101,107396129,0,120.675,24.1628,1000,13,1,1458575507,1746740043,0
LTE,466,92,24300,106017293,0,120.679,24.1199,735,39,1,1458575512,1740462304,0
LTE,466,92,24300,106041623,0,120.6556,24.1348,1000,11,1,1458575513,1746739990,0
LTE,466,92,24300,106040597,0,120.6718,24.1304,1000,18,1,1458575513,1750959782,0
LTE,466,92,24300,106608919,0,120.6513,24.1468,500,27,1,1458575515,1746739923,0
LTE,466,92,24300,106604309,0,120.6653,24.1266,1000,6,1,1458575514,1750959782,0
LTE,466,92,24101,106621217,0,120.6788,24.1778,2126,11,1,1458575507,1768723566,0
LTE,466,92,24300,105456141,0,120.6441,24.1404,1000,21,1,1458575512,1746739922,0
LTE,466,92,24300,106041643,0,120.6527,24.1395,1000,3,1,1434457951,1768723566,0
LTE,466,92,24300,106088205,0,120.7065,24.1427,1000,3,1,1458575514,1746739928,0
LTE,466,92,24300,106012173,0,120.6623,24.1358,1000,7,1,1458575512,1746740043,0
LTE,466,92,24300,105456919,0,120.6571,24.1446,500,29,1,1458575512,1746739923,0
LTE,466,92,24300,106037015,0,120.7035,24.139,1000,6,1,1458575513,1768723566,0
LTE,466,92,24300,105456161,0,120.6352,24.1112,3442,50,1,1458575512,1746739922,0
LTE,466,92,24300,105456929,0,120.6589,24.1521,1203,7,1,1458575512,1746739931,0
LTE,466,92,24300,106037773,0,120.6801,24.1397,1000,4,1,1458575513,1754115484,0
LTE,466,92,24300,106056205,0,120.6798,24.1282,1000,14,1,1458575514,1740462304,0
LTE,466,92,24300,106040087,0,120.6505,24.1403,500,31,1,1458575513,1746739922,0
LTE,466,92,24300,107428385,0,120.6408,24.1496,1000,7,1,1458575516,1746739922,0
LTE,466,92,24300,107428129,0,120.6575,24.1345,1000,24,1,1458575516,1746739923,0
LTE,466,92,24300,107428375,0,120.6438,24.1501,804,25,1,1458575516,1746739922,0
LTE,466,92,24400,105469709,0,120.7254,24.1494,1000,10,1,1458575517,1754115553,0
LTE,466,92,24300,105863447,0,120.6851,24.1376,1000,11,1,1458575512,1746739927,0
LTE,466,92,24300,106056225,0,120.6786,24.1261,1000,21,1,1458575514,1740462304,0
LTE,466,92,24300,106042657,0,120.6653,24.1401,500,29,1,1458575514,1746739927,0
LTE,466,92,24400,106054157,0,120.7255,24.122,1000,10,1,1458575518,1740462368,0
LTE,466,92,24400,106069015,0,120.6991,24.0961,1000,24,1,1458575519,1740462369,0
LTE,466,92,24400,105431831,0,120.7228,24.1038,1000,5,1,1458575517,1740462369,0
LTE,466,92,24400,105905441,0,120.7582,24.1553,1000,15,1,1458575518,1768723623,0
LTE,466,92,24400,106054167,0,120.7242,24.1157,1000,6,1,1458575518,1740462369,0
LTE,466,92,24400,106096663,0,120.758,24.1528,1274,4,1,1455727236,1768723623,0
LTE,466,92,24400,106067213,0,120.6848,24.097,1000,9,1,1458575519,1740462304,0
LTE,466,92,24400,106714135,0,120.728,24.154,1000,2,1,1424530858,1754115604,0
LTE,466,92,24400,107437847,0,120.7106,24.1519,1000,4,1,1443600619,1746740042,0
LTE,466,92,24500,105891863,0,120.6601,24.1924,1000,21,1,1458575524,1746739991,0
LTE,466,92,24400,105333517,0,120.7017,24.0863,1000,2,1,1452662971,1740462303,0
LTE,466,92,24400,106044961,0,120.7615,24.1557,3259,11,1,1458575518,1768723623,0
LTE,466,92,24400,106102541,0,120.6814,24.0938,1000,10,1,1458575520,1740462369,0
LTE,466,92,24400,106069025,0,120.6961,24.0961,1000,19,1,1458575519,1740462369,0
LTE,466,92,24400,106512141,0,120.7088,24.0788,1000,5,1,1458575521,1740462368,0
LTE,466,92,24500,105431585,0,120.6474,24.2244,1000,10,1,1458575523,1746739926,0
LTE,466,92,24500,106127629,0,120.7021,24.2674,1000,4,1,1458575525,1746739982,0
LTE,466,92,24400,107429645,0,120.7126,24.1655,2954,15,1,1458575523,1746740042,0
LTE,466,92,24500,105431575,0,120.6481,24.2232,1000,5,1,1458575523,1746739926,0
LTE,466,92,24500,106056717,0,120.7052,24.2744,718,26,1,1458575524,1746739982,0
LTE,466,92,24400,106066967,0,120.72,24.0988,1000,4,1,1458575519,1740462369,0
LTE,466,92,24400,106075149,0,120.8444,24.1845,2778,26,1,1424686151,1746739988,0
LTE,466,92,24400,106060065,0,120.7189,24.1168,1000,10,1,1458575518,1740462369,0
LTE,466,92,24400,106701837,0,120.716,24.1534,1000,8,1,1458575522,1754115603,0
LTE,466,92,24400,106274337,0,120.6917,24.1,3672,39,1,1458575520,1740462303,0
LTE,466,92,24400,106861847,0,120.7377,24.1612,1723,18,1,1458575522,1754115603,0
LTE,466,92,24500,106162445,0,120.6502,24.2162,1494,20,1,1458575527,1760143142,0
LTE,466,92,24400,106274317,0,120.6973,24.1042,1000,22,1,1458575520,1740462303,0
LTE,466,92,24400,107429655,0,120.7134,24.1607,1000,9,1,1458575523,1746740042,0
LTE,466,92,24500,106100749,0,120.6975,24.2344,1000,10,1,1458575525,1754115605,0
LTE,466,92,24500,106129421,0,120.7207,24.283,1000,18,1,1458575525,1768723322,0
LTE,466,92,24500,106527757,0,120.711,24.3108,1000,10,1,1458575527,1768723324,0
LTE,466,92,24400,106719511,0,120.7202,24.1498,1000,5,1,1458575522,1740462302,0
LTE,466,92,24400,106861857,0,120.7279,24.1629,1000,12,1,1458575522,1740462367,0
LTE,466,92,24400,107410957,0,120.7335,24.1658,1000,11,1,1458575523,1740462367,0
LTE,466,92,24500,106083341,0,120.7024,24.2531,1000,5,1,1458575524,1746739981,0
LTE,466,97,44330,206345327,0,120.3057,22.5899,1000,2,1,1445650197,1757828281,0
LTE,466,97,44350,155654001,0,120.3532,23.4248,1000,21,1,1458580089,1761379446,0
LTE,466,97,44350,155648488,0,120.3549,23.3956,2851,29,1,1458580089,1760934682,0
LTE,466,97,44350,155648367,0,120.3552,23.4161,926,50,1,1458580089,1761379445,0
LTE,466,97,44350,156675953,0,120.3262,23.4328,1096,47,1,1458580092,1761379446,0
LTE,466,97,44350,156673136,0,120.334,23.4751,1000,16,1,1422158508,1760592845,0
LTE,466,97,44350,156416369,0,120.3203,23.4292,1143,22,1,1441853385,1761379446,0
LTE,466,97,44350,155648879,0,120.3683,23.4218,1385,21,1,1458580089,1760934683,0
LTE,466,97,44350,153615472,0,120.4067,23.4837,4822,15,1,1427523415,1760592844,0
LTE,466,97,44350,155648880,0,120.3761,23.4207,2452,31,1,1458580089,1760934683,0
LTE,466,97,44350,155652209,0,120.3806,23.4201,2473,25,1,1458580089,1760934687,0
LTE,466,97,44350,156673257,0,120.3234,23.4717,1393,20,1,1441853385,1760592845,0
LTE,466,97,44350,155651185,0,120.3553,23.3963,1000,20,1,1458580089,1760629503,0
LTE,466,97,44400,205318119,0,120.32,22.6397,1000,3,1,1421467050,1745681642,0
LTE,466,97,44350,155649135,0,120.4073,23.4398,1022,7,1,1428794787,1760681826,0
LTE,466,97,44350,156672899,0,120.3191,23.4631,1108,24,1,1441853385,1760592845,0
LTE,466,97,44350,156672901,0,120.3243,23.4534,1000,15,1,1441853385,1760629502,0
LTE,466,97,44350,156675183,0,120.3897,23.4908,5502,24,1,1458580092,1760592844,0
LTE,466,97,44350,155648369,0,120.3547,23.4101,1518,40,1,1458580089,1761379445,0
LTE,466,97,44350,155648368,0,120.3553,23.3983,1506,50,1,1458580089,1761379445,0
LTE,466,97,44350,153615473,0,120.4021,23.4905,1277,15,1,1458580089,1760592844,0
LTE,466,97,44350,156674435,0,120.3238,23.4642,1000,9,1,1441853385,1760592845,0
LTE,466,97,44350,156673137,0,120.3276,23.4721,1000,13,1,1458580089,1760592845,0
LTE,466,97,44350,156675184,0,120.3823,23.4827,3462,15,1,1458580092,1760592845,0
LTE,466,97,44350,155651184,0,120.3824,23.3973,2540,13,1,1431594514,1760681826,0
LTE,466,97,44350,155650159,0,120.4042,23.4397,1000,21,1,1428527187,1760934686,0
LTE,466,97,44350,155650161,0,120.4005,23.4351,1978,12,1,1458580089,1760934686,0
LTE,466,97,44350,155651695,0,120.415,23.4523,687,36,1,1458580089,1760934686,0
LTE,466,1,19122,25879328,0,121.5307,25.0735,1000,15,1,1458617404,1773716943,0
LTE,466,1,19122,25631499,0,121.5142,25.0613,1000,4,1,1458617403,1744610581,0
LTE,466,92,24500,106724877,0,120.705,24.2487,5452,11,1,1458810894,1746739982,0
LTE,466,92,24500,106549517,0,120.7238,24.3406,1000,15,1,1442456955,1768723381,0
LTE,466,92,24500,106724897,0,120.7032,24.2416,1000,16,1,1458810894,1746739982,0
LTE,466,92,24500,106724887,0,120.7036,24.2423,500,46,1,1458810894,1746739981,0
LTE,466,92,24600,105480205,0,120.7919,24.2727,1000,20,1,1458810899,1740462370,0
LTE,466,92,24600,106117133,0,120.7158,24.2513,1000,16,1,1458810900,1768723322,0
LTE,466,92,24600,106136609,0,120.7199,24.2044,1000,12,1,1458810900,1740462372,0
LTE,466,92,24600,106760973,0,120.721,24.2155,1335,20,1,1448438153,1740462371,0
LTE,466,92,24600,106132503,0,120.828,24.2613,6853,48,1,1458810900,1740462372,0
LTE,466,92,24600,106513687,0,120.6865,24.2207,1000,10,1,1458810901,1768723566,0
LTE,466,92,24950,106018573,0,120.6366,24.1487,1000,4,1,1458810902,1746739922,0
LTE,466,92,24950,107385869,0,120.6386,24.1702,1964,32,1,1458810903,1746739927,0
LTE,466,92,24950,107385890,0,120.6375,24.1696,1515,50,1,1458810903,1746739926,0
LTE,466,92,24600,105480225,0,120.7867,24.2741,904,50,1,1458810899,1740462370,0
LTE,466,92,24600,105473569,0,120.7144,24.2059,854,27,1,1458810899,1746739932,0
LTE,466,92,24600,105462807,0,120.7188,24.2843,1000,15,1,1458810899,1768723323,0
LTE,466,92,24600,106117143,0,120.7163,24.2491,1000,18,1,1458810900,1768723322,0
LTE,466,92,24600,106104087,0,120.8282,24.2335,7130,22,1,1458810900,1746739989,0
LTE,466,92,24600,106102305,0,120.7172,24.2541,1000,10,1,1458810900,1746739925,0
LTE,466,92,24950,106051854,0,120.6458,24.1821,500,50,1,1458810902,1746739926,0
LTE,466,92,24950,106722829,0,120.6091,24.1081,2138,20,1,1458810903,1750959782,0
LTE,466,92,24600,105484567,0,120.8183,24.1797,2277,3,1,1448344376,1746739988,0
LTE,466,92,24600,106107925,0,120.8374,24.1863,2531,21,1,1458810900,1761840062,0
LTE,466,92,24600,106112525,0,120.7625,24.2774,1403,24,1,1458810900,1746739984,0
LTE,466,92,24600,106101261,0,120.7167,24.2362,1000,6,1,1458810900,1746739982,0
LTE,466,92,24600,106132513,0,120.8214,24.2609,1345,22,1,1458810900,1740462372,0
LTE,466,92,24600,106121761,0,121.0864,24.2648,16462,4,1,1446587038,1740462366,0
LTE,466,92,24600,106654999,0,120.8351,24.2364,500,50,1,1458810901,1761840061,0
LTE,466,92,24950,106614040,0,120.6373,24.1707,1600,37,1,1458810903,1746739927,0
LTE,466,92,24600,105474061,0,120.7192,24.2178,1000,23,1,1458810899,1746739983,0
LTE,466,92,24600,106132001,0,120.7207,24.2255,1000,8,1,1455727236,1746739932,0
LTE,466,92,24600,106132493,0,120.8262,24.2639,1000,18,1,1458810900,1740462370,0
LTE,466,92,24600,106707213,0,120.7226,24.2368,1000,19,1,1458810901,1746739981,0
LTE,466,92,24600,106707735,0,120.7026,24.1884,1000,9,1,1458810901,1750959782,0
LTE,466,92,24600,106276887,0,120.712,24.2434,1000,5,1,1458810901,1746739985,0
LTE,466,92,24600,107382817,0,120.7124,24.2563,1000,22,1,1458810901,1746739985,0
LTE,466,92,24950,106064151,0,120.6349,24.1112,544,34,1,1458810902,1750959782,0
LTE,466,92,24950,107426338,0,120.6433,24.1658,808,50,1,1458810904,1746739927,0
LTE,466,92,24950,107385870,0,120.6398,24.1691,762,50,1,1458810903,1746739927,0
LTE,466,92,24600,106101793,0,120.7143,24.2442,500,33,1,1458810900,1746739985,0
LTE,466,92,24600,106103821,0,120.7964,24.2708,651,29,1,1444977238,1740462370,0
LTE,466,92,24600,106107915,0,120.858,24.1911,990,50,1,1458810900,1761840062,0
LTE,466,92,24600,106126871,0,120.7197,24.2506,1000,4,1,1458810900,1746739924,0
LTE,466,92,24600,106925847,0,120.8821,24.2478,7890,4,1,1447543085,1740462363,0
LTE,466,92,25300,131767819,0,120.5719,24.0969,1000,15,1,1458810907,1750959782,0
LTE,466,92,25700,131354135,0,120.5179,24.0809,1000,6,1,1458810915,1750959781,0
LTE,466,92,36100,156724749,0,120.4171,23.4538,1000,19,1,1458810917,1754115546,0
LTE,466,92,36100,157510689,0,120.4355,23.4739,1105,14,1,1458810919,1754115547,0
LTE,466,92,36300,157772311,0,120.2015,22.9993,1000,19,1,1458810925,1754115543,0
LTE,466,92,36300,157788193,0,120.1908,23.0018,1000,6,1,1458810925,1754115544,0
LTE,466,92,36100,157711383,0,120.4028,23.4371,1000,13,1,1458810920,1754115546,0
LTE,466,92,36200,157913357,0,120.4287,23.5458,1000,11,1,1458810923,1754115487,0
LTE,466,92,36400,157830167,0,120.2821,23.0617,1011,50,1,1458810927,1754115545,0
LTE,466,92,36100,157906721,0,120.4373,23.5244,1000,7,1,1458810920,1754115487,0
LTE,466,92,36100,157707287,0,120.4437,23.5126,500,50,1,1458810920,1754115488,0
LTE,466,92,36300,157767693,0,120.2064,22.9948,500,48,1,1458810925,1754115545,0
LTE,466,92,36300,157788183,0,120.1922,23,500,30,1,1458810925,1754115544,0
LTE,466,92,36400,157380877,0,120.3001,23.0891,1000,7,1,1458810926,1754115546,0
LTE,466,92,36100,157711373,0,120.4051,23.4405,1000,14,1,1458810920,1754115546,0
LTE,466,92,36600,157859361,0,120.3801,23.3941,1000,7,1,1451468228,1754115489,0
LTE,466,92,36402,157758999,0,120.2583,23.0412,1000,12,1,1458810931,1754115545,0
LTE,466,92,37300,183697175,0,120.3037,22.6533,1000,5,1,1458810940,1745677141,0
LTE,466,92,37300,182900237,0,120.322,22.6397,1000,20,1,1458810938,1745677141,0
LTE,466,92,37301,182811937,0,120.3031,22.6418,1985,45,1,1458810941,1745677141,0
LTE,466,92,37301,183622423,0,120.3033,22.6465,1000,10,1,1458810942,1745677141,0
LTE,466,92,37300,183697185,0,120.3026,22.6577,1000,21,1,1458810940,1745677141,0
LTE,466,92,37301,183622413,0,120.3034,22.6482,1000,5,1,1458810942,1745677141,0
LTE,466,92,37301,183637517,0,120.3142,22.6425,570,32,1,1458810943,1745677141,0
LTE,466,92,37300,182900247,0,120.3203,22.64,1000,2,1,1458810938,1745677141,0
LTE,466,92,37301,183637527,0,120.3146,22.64,1000,22,1,1458810943,1745677141,0
LTE,466,97,44190,206600424,0,120.2993,22.6415,1000,2,1,1472531922,1745681642,0
LTE,466,92,11100,54362913,0,121.5164,25.0356,1000,16,1,1458860020,1768723446,0
LTE,466,92,11100,54369038,0,121.5326,25.0374,1000,10,1,1458860020,1773716945,0
LTE,466,92,11100,54362914,0,121.5162,25.0361,1000,14,1,1458860020,1768723446,0
LTE,466,92,11100,55561250,0,121.514,25.0478,1000,15,1,1458860021,1786038483,0
LTE,466,92,11100,55069965,0,121.5136,25.0419,1000,21,1,1458860021,1754115552,0
LTE,466,92,11101,54043928,0,121.5364,25.063,1000,9,1,1458860022,1768723446,0
LTE,466,92,11100,55343125,0,121.532,25.0445,1000,6,1,1458860021,1786110721,0
LTE,466,92,11100,54362904,0,121.5173,25.0339,804,35,1,1458860020,1774782914,0
LTE,466,92,11100,54604055,0,121.5129,25.0392,1000,23,1,1458860021,1754115552,0
LTE,466,92,11100,54604065,0,121.5127,25.0428,1000,7,1,1458860021,1754115552,0
LTE,466,92,11100,54354446,0,121.5314,25.0429,1000,15,1,1458860020,1786110721,0
LTE,466,92,11101,54497550,0,121.5274,25.0886,1000,19,1,1458860023,1754115550,0
LTE,466,92,11100,54354463,0,121.5292,25.0438,1000,20,1,1458860020,1786110722,0
LTE,466,92,11100,55299608,0,121.5157,25.0324,500,40,1,1458860021,1768723446,0
LTE,466,92,11100,55343135,0,121.5306,25.0444,1000,18,1,1458860021,1786110721,0
LTE,466,92,11101,54081048,0,121.5287,25.0747,785,50,1,1458860022,1754115549,0
LTE,466,92,11101,55256077,0,121.5386,25.0643,1000,3,1,1458860023,1768723446,0
LTE,466,92,11102,54350625,0,121.5061,25.0444,1000,12,1,1458860024,1786423083,0
LTE,466,92,11102,54349591,0,121.5071,25.0446,1000,10,1,1458860024,1786038484,0
LTE,466,92,11102,54423565,0,121.5107,25.051,1000,13,1,1458860025,1754115551,0
LTE,466,92,11102,54421281,0,121.5144,25.0539,1000,23,1,1458860025,1754115551,0
LTE,466,92,11102,54373409,0,121.508,25.0425,1000,11,1,1458860025,1786423083,0
LTE,466,92,11102,54366754,0,121.5094,25.0454,500,26,1,1458860025,1754115552,0
LTE,466,92,11102,55330338,0,121.5112,25.047,1000,10,1,1458860025,1773716945,0
LTE,466,92,11104,54456087,0,121.5221,25.0522,500,29,1,1458860026,1750959783,0
LTE,466,92,11104,55388951,0,121.5207,25.0518,1000,8,1,1458860026,1768723445,0
LTE,466,92,11200,54552098,0,121.5437,25.0213,976,43,1,1458860028,1750959842,0
LTE,466,92,11200,54552088,0,121.5454,25.0197,1149,45,1,1458860028,1750959842,0
LTE,466,92,11200,54613025,0,121.5403,25.0203,1000,11,1,1458860028,1750959842,0
LTE,466,92,11200,54870030,0,121.5439,25.0171,1000,11,1,1458860028,1786279441,0
LTE,466,92,11200,54613015,0,121.5393,25.0177,1000,18,1,1458860028,1750959843,0
LTE,466,92,11200,55318027,0,121.5411,25.0148,1000,12,1,1458860028,1786262761,0
LTE,466,92,11300,55088929,0,121.5486,25.1011,1000,3,1,1458860031,1754115547,0
LTE,466,92,11101,55306254,0,121.5247,25.0804,2973,40,1,1458860023,1754115549,0
LTE,466,92,11102,54062605,0,121.509,25.0448,1000,9,1,1454064218,1786423083,0
LTE,466,92,11102,54348834,0,121.5001,25.0391,1192,18,1,1458860024,1754115548,0
LTE,466,92,11102,54424353,0,121.5042,25.0503,1270,3,1,1456738519,1754115551,0
LTE,466,92,11102,55067149,0,121.5105,25.0551,1000,2,1,1452512380,1754115551,0
LTE,466,92,11102,54373389,0,121.5096,25.0421,500,25,1,1458860025,1786415341,0
LTE,466,92,11102,54423566,0,121.5107,25.0512,1000,6,1,1458860025,1754115551,0
LTE,466,92,11102,54373390,0,121.51,25.0421,1000,14,1,1458860025,1786423082,0
LTE,466,92,11102,55313943,0,121.5117,25.0537,1000,14,1,1458860025,1754115551,0
LTE,466,92,11102,55372311,0,121.5133,25.0533,1000,6,1,1458860025,1754115551,0
LTE,466,92,11200,54370830,0,121.5347,25.0184,924,50,1,1458860027,1750959784,0
LTE,466,92,11200,54370840,0,121.5325,25.0152,2668,50,1,1458860027,1754115551,0
LTE,466,92,11200,54452770,0,121.5477,25.0197,1826,50,1,1458860027,1750959842,0
LTE,466,92,11200,54870027,0,121.5428,25.0159,1000,17,1,1458860028,1786262761,0
LTE,466,92,11200,54926349,0,121.5367,25.0157,1000,11,1,1458860028,1754115551,0
LTE,466,92,11200,54870047,0,121.5422,25.0149,1000,10,1,1458860028,1786254542,0
LTE,466,92,11200,55345183,0,121.5435,25.0266,500,25,1,1458860028,1750959785,0
LTE,466,92,11300,55563533,0,121.5269,25.0931,500,45,1,1458860032,1754115550,0
LTE,466,92,11102,54349602,0,121.5058,25.0445,1000,7,1,1458860024,1786361641,0
LTE,466,92,11102,55298573,0,121.5129,25.0391,500,26,1,1458860025,1754115552,0
LTE,466,92,11102,54422029,0,121.5094,25.0549,1000,3,1,1456868789,1754115547,0
LTE,466,92,11102,54373410,0,121.5075,25.0394,1375,23,1,1458860025,1786110721,0
LTE,466,92,11102,54373400,0,121.5076,25.0399,1000,20,1,1458860025,1754115548,0
LTE,466,92,11102,55394318,0,121.5109,25.0482,1000,13,1,1458860026,1754115552,0
LTE,466,92,11104,54419735,0,121.5185,25.0551,1000,17,1,1458860026,1768723445,0
LTE,466,92,11200,54370839,0,121.5339,25.0151,1000,13,1,1458860027,1754115551,0
LTE,466,92,11200,54370829,0,121.5353,25.0175,1000,23,1,1458860027,1750959843,0
LTE,466,92,11200,54357271,0,121.5481,25.0168,500,46,1,1458860027,1750959843,0
LTE,466,92,11200,54552087,0,121.546,25.0194,500,49,1,1458860028,1750959842,0
LTE,466,92,11200,54870050,0,121.542,25.0147,797,50,1,1458860028,1786279441,0
LTE,466,92,11200,54870040,0,121.5444,25.016,1000,23,1,1458860028,1786279441,0
LTE,466,92,11200,54613005,0,121.543,25.0168,1000,17,1,1458860028,1786170902,0
LTE,466,92,11400,54356258,0,121.5325,25.0369,3852,28,1,1458860032,1773716945,0
LTE,466,92,11400,54451992,0,121.5503,25.0411,1000,8,1,1458860033,1774782915,0
LTE,466,92,11101,55306264,0,121.5236,25.0774,2619,17,1,1458860023,1754115550,0
LTE,466,92,11102,54350603,0,121.5083,25.0434,1000,12,1,1458860024,1786435201,0
LTE,466,92,11102,54349601,0,121.5056,25.0448,1000,2,1,1455628866,1786038484,0
LTE,466,92,11102,54349581,0,121.5083,25.0461,7893,16,1,1458860024,1754115548,0
LTE,466,92,11102,54423576,0,121.5082,25.05,500,25,1,1458860025,1754115551,0
LTE,466,92,11102,54424343,0,121.5122,25.0521,1000,9,1,1458860025,1754115551,0
LTE,466,92,11102,55394338,0,121.5088,25.0477,1000,10,1,1458860026,1754115552,0
LTE,466,92,11104,54872855,0,121.523,25.0523,500,31,1,1458860026,1750959783,0
LTE,466,92,11200,54370837,0,121.5334,25.0155,500,50,1,1458860027,1750959842,0
LTE,466,92,11200,54552097,0,121.5428,25.0211,500,29,1,1458860028,1750959842,0
LTE,466,92,11200,54452760,0,121.5491,25.0193,500,37,1,1458860027,1750959842,0
LTE,466,92,11200,55345185,0,121.5434,25.0271,1000,24,1,1458860028,1750959785,0
LTE,466,92,11200,55508257,0,121.5493,25.0184,500,34,1,1458860029,1750959784,0
LTE,466,92,11102,54361869,0,121.5127,25.0391,1000,6,1,1458860025,1754115552,0
LTE,466,92,11102,55298583,0,121.5116,25.0368,1000,17,1,1458860025,1754115552,0
LTE,466,92,11102,54422817,0,121.5033,25.0457,1000,6,1,1458860025,1786038483,0
LTE,466,92,11102,54373399,0,121.5079,25.0399,1000,21,1,1458860025,1754115551,0
LTE,466,92,11104,54456085,0,121.5213,25.0524,1000,17,1,1458860026,1750959783,0
LTE,466,92,11200,54363671,0,121.5328,25.0161,1774,50,1,1458860027,1754115551,0
LTE,466,92,11200,54573079,0,121.5462,25.0186,500,37,1,1458860028,1750959842,0
LTE,466,92,11200,55318040,0,121.5363,25.0112,2139,50,1,1458860028,1754115551,0
LTE,466,92,11401,54035725,0,121.5666,25.0362,1000,2,1,1450081881,1773716944,0
LTE,466,92,11102,54043425,0,121.5111,25.0577,500,50,1,1458860024,1754115547,0
LTE,466,92,11102,54349592,0,121.5072,25.0448,1000,11,1,1458860024,1786361641,0
LTE,466,92,11102,54366753,0,121.5091,25.0454,1000,6,1,1456850148,1754115547,0
LTE,466,92,11102,55313933,0,121.5147,25.0536,1000,20,1,1458860025,1754115551,0
LTE,466,92,11104,54456097,0,121.5209,25.0527,500,26,1,1458860026,1768723445,0
LTE,466,92,11200,54370827,0,121.5358,25.0185,1000,13,1,1458860027,1750959842,0
LTE,466,92,11200,54363681,0,121.5325,25.0154,1000,7,1,1458860027,1754115551,0
LTE,466,92,11200,54314765,0,121.5438,25.0239,1026,39,1,1458860027,1750959785,0
LTE,466,92,11200,54368279,0,121.5439,25.0285,506,38,1,1458860027,1750959785,0
LTE,466,92,11200,54357281,0,121.5481,25.0177,1000,11,1,1458860027,1750959843,0
LTE,466,92,11200,54370847,0,121.5318,25.0174,1000,22,1,1458860027,1750959842,0
LTE,466,92,11200,54870037,0,121.5454,25.0156,1000,21,1,1458860028,1750959842,0
LTE,466,92,11300,54498327,0,121.528,25.0941,1000,14,1,1458860030,1754115550,0
LTE,466,92,11300,55563543,0,121.5268,25.0915,801,39,1,1458860032,1754115550,0
LTE,466,92,11400,54451736,0,121.5464,25.0332,500,40,1,1458860032,1773716945,0
LTE,466,92,11400,54358030,0,121.5472,25.0329,1451,29,1,1458860032,1773716945,0
LTE,466,92,11400,55315470,0,121.5453,25.0417,677,50,1,1458860033,1774782915,0
LTE,466,92,11400,55315480,0,121.546,25.0407,1000,22,1,1458860033,1774782914,0
LTE,466,92,11402,55354914,0,121.5442,25.0454,2160,11,1,1458860035,1773716946,0
LTE,466,92,11700,54467096,0,121.578,25.0495,904,50,1,1458860040,1774782915,0
LTE,466,92,11700,54467095,0,121.5789,25.0487,1000,8,1,1458860040,1774782915,0
LTE,466,92,11800,54568225,0,121.6068,25.0526,1000,3,1,1454943331,1774782915,0
LTE,466,92,11900,54363423,0,121.5263,25.0223,1000,16,1,1458860046,1750959783,0
LTE,466,92,11900,55081741,0,121.5294,25.0196,1000,5,1,1458860047,1750959843,0
LTE,466,92,12000,28643085,0,121.4609,25.0609,2853,12,1,1458860047,1786435202,0
LTE,466,92,12000,28743447,0,121.4186,25.0299,9369,15,1,1458860047,1786038483,0
LTE,466,92,11900,54363415,0,121.5277,25.0213,1000,12,1,1458860046,1750959843,0
LTE,466,92,11900,54363413,0,121.528,25.0209,500,33,1,1458860046,1750959783,0
LTE,466,92,11900,54363915,0,121.5353,25.0223,500,50,1,1458860046,1750959785,0
LTE,466,92,12000,28725281,0,121.4614,25.0606,2882,15,1,1458860047,1786435202,0
LTE,466,92,12100,28921101,0,121.4907,25.0522,1000,4,1,1458860049,1786038483,0
LTE,466,92,12100,30209569,0,121.484,25.052,1089,34,1,1458860050,1786038483,0
LTE,466,92,11900,54363918,0,121.5346,25.0225,876,50,1,1458860046,1745173442,0
LTE,466,92,11900,54363405,0,121.5293,25.0215,1000,18,1,1458860046,1750959784,0
LTE,466,92,11900,54363935,0,121.532,25.0214,716,38,1,1458860046,1750959785,0
LTE,466,92,11900,54363403,0,121.5328,25.02,4027,15,1,1458860046,1750959783,0
LTE,466,92,12000,28726029,0,121.4051,25.0289,1000,17,1,1458860047,1786038483,0
LTE,466,92,12000,28725261,0,121.4649,25.0618,523,27,1,1458860047,1786435202,0
LTE,466,92,12000,29210145,0,121.4696,25.0657,500,29,1,1458860048,1786038483,0
LTE,466,92,12000,31786509,0,121.458,25.0605,2575,25,1,1458860048,1786038483,0
LTE,466,92,11900,54363938,0,121.5319,25.0226,4979,50,1,1458860046,1745173442,0
LTE,466,92,12000,30242573,0,121.4521,25.0609,1000,17,1,1458860048,1786435202,0
LTE,466,97,11240,27150193,0,121.5427,25.0418,1000,7,1,1458879514,1770552842,0
UMTS,466,92,10454,29777825,428,121.0161,24.2556,24663,10,1,1458879579,1740462366,0
LTE,466,97,22600,84485233,0,121.267,25.0261,1345,12,1,1458884061,1754432952,0
LTE,466,97,22600,85256303,0,121.332,25.0596,3522,32,1,1458884061,1780016943,0
LTE,466,97,22600,85256069,0,121.3008,25.0382,1000,16,1,1458884061,1780016943,0
LTE,466,97,22600,86533232,0,121.2876,25.0574,8767,22,1,1458884062,1768519202,0
LTE,466,97,22700,61699971,0,121.4836,25.0736,1000,10,1,1458884065,1780016945,0
LTE,466,97,22600,84485232,0,121.2759,25.0218,2342,33,1,1458884061,1776102485,0
LTE,466,97,22600,85259631,0,121.3223,25.0499,1869,19,1,1458884061,1780016943,0
LTE,466,97,22600,86537447,0,121.2586,25.0276,1000,15,1,1458884063,1752386043,0
LTE,466,97,22600,86528899,0,121.3455,25.0652,1000,14,1,1458884062,1754445782,0
LTE,466,97,22600,86536323,0,121.2732,25.0191,1375,23,1,1458884063,1752416410,0
LTE,466,97,22600,84485351,0,121.2809,25.0256,2240,42,1,1458884061,1776102485,0
LTE,466,97,22600,85258351,0,121.3162,25.0464,1000,17,1,1458884061,1780016943,0
LTE,466,97,22600,85259633,0,121.3218,25.0506,1859,8,1,1458884061,1780016943,0
LTE,466,97,22600,84486531,0,121.2758,25.0158,804,26,1,1458884061,1752386043,0
LTE,466,97,22710,29456361,0,121.6131,25.0479,1000,5,1,1458884068,1774782914,0
LTE,466,97,22710,29448069,0,121.6161,25.0532,1000,3,1,1457424479,1773716946,0
LTE,466,97,22710,56581252,0,121.6438,25.0641,1000,10,1,1458884069,1767247441,0
LTE,466,97,22600,85258472,0,121.3132,25.0454,1000,17,1,1458884061,1775523602,0
LTE,466,97,22600,85259751,0,121.3214,25.0491,1605,37,1,1458884061,1775523603,0
LTE,466,97,22600,85256067,0,121.3012,25.04,1000,6,1,1458884061,1780016943,0
LTE,466,97,22600,85259753,0,121.3152,25.0462,1278,23,1,1458884061,1775523603,0
LTE,466,97,22600,86529904,0,121.2792,25.0563,8008,15,1,1458884062,1768519202,0
LTE,466,97,22600,86528880,0,121.3496,25.0656,500,32,1,1458884061,1780016944,0
LTE,466,97,22600,85256323,0,121.3317,25.0594,575,50,1,1458884061,1775523603,0
LTE,466,97,22600,86528881,0,121.344,25.0651,2291,38,1,1458884061,1780016943,0
LTE,466,97,22600,85256068,0,121.3042,25.0413,1381,14,1,1458884061,1780016943,0
LTE,466,97,22600,86528900,0,121.3493,25.0658,500,27,1,1458884062,1776102485,0
LTE,466,97,22600,85258471,0,121.3149,25.0461,1000,17,1,1458884061,1775523602,0
LTE,466,97,22600,85258352,0,121.3137,25.0455,500,31,1,1458884061,1780016943,0
LTE,466,97,22600,86537327,0,121.2594,25.0276,2656,29,1,1458884063,1773480723,0
LTE,466,97,22600,86537328,0,121.2627,25.027,1278,29,1,1458884063,1777697282,0
LTE,466,97,22710,56583399,0,121.6712,25.0805,1000,7,1,1458884069,1775724362,0
LTE,466,97,22600,86528901,0,121.341,25.0645,1032,31,1,1458884062,1776102484,0
LTE,466,97,22600,86537448,0,121.2625,25.0272,1000,20,1,1458884063,1752386043,0
LTE,466,97,22600,86545263,0,121.2725,25.0577,1000,13,1,1453960206,1771752662,0
LTE,466,97,22700,61696387,0,121.4949,25.0754,1000,9,1,1458884064,1780016945,0
LTE,466,97,22710,29449605,0,121.6134,25.0451,1000,9,1,1458884068,1773716946,0
LTE,466,97,22710,56591983,0,121.6593,25.0676,637,36,1,1458884070,1767247441,0
LTE,466,97,22710,56591849,0,121.6742,25.0821,1000,7,1,1451410398,1775724362,0
LTE,466,97,22710,57347204,0,121.7877,25.1109,1000,8,1,1451410400,1775724364,0
LTE,466,97,22730,28416623,0,121.4996,25.0996,509,30,1,1458884072,1780822516,0
LTE,466,97,22710,56600040,0,121.6683,25.0778,1000,7,1,1458884071,1775724362,0
LTE,466,97,22730,28417905,0,121.5127,25.0966,1326,33,1,1458884072,1780822515,0
LTE,466,97,22730,28445296,0,121.4991,25.0925,1000,22,1,1458884073,1752416402,0
LTE,466,97,22730,28677745,0,121.5005,25.1266,1000,14,1,1458884075,1760183713,0
LTE,466,97,22730,28672623,0,121.4992,25.1313,1000,7,1,1458884073,1760183762,0
LTE,466,97,22740,29185648,0,121.5726,25.0735,677,33,1,1458884076,1780016946,0
LTE,466,97,22710,56577767,0,121.6713,25.0786,1000,9,1,1458884068,1775724362,0
LTE,466,97,22710,56583811,0,121.6576,25.0663,1000,6,1,1458884069,1775724362,0
LTE,466,97,22710,57345768,0,121.8007,25.1104,500,28,1,1450842281,1775724364,0
LTE,466,97,22730,28418537,0,121.5055,25.0842,1000,10,1,1458884072,1752416402,0
LTE,466,97,22730,28445416,0,121.4983,25.0917,1000,9,1,1458884073,1760183712,0
LTE,466,97,22730,28672625,0,121.4972,25.1296,1000,10,1,1458884073,1760183713,0
LTE,466,97,22740,29184643,0,121.5714,25.0812,1000,13,1,1458884076,1773461524,0
LTE,466,97,22740,29241968,0,121.575,25.0782,1000,19,1,1458884077,1780016946,0
LTE,466,97,22740,29216369,0,121.5734,25.0766,1000,10,1,1458884077,1780016946,0
LTE,466,97,22740,29194216,0,121.571,25.0809,500,26,1,1440978637,1773461524,0
LTE,466,97,22750,63489392,0,121.428,25.0666,1000,6,1,1458884078,1780016944,0
LTE,466,97,22710,57345769,0,121.7943,25.1124,739,25,1,1451410400,1775724364,0
LTE,466,97,22740,29233128,0,121.5655,25.0821,1000,13,1,1458884077,1773461524,0
LTE,466,97,22740,29239016,0,121.5722,25.081,1000,9,1,1458884077,1773461521,0
LTE,466,97,22710,56592105,0,121.6601,25.0676,1000,10,1,1458884070,1775724362,0
LTE,466,97,22730,28424579,0,121.4982,25.1106,1000,7,1,1458884072,1780822516,0
LTE,466,97,22730,28445415,0,121.4982,25.0984,1000,5,1,1458884073,1760183712,0
LTE,466,97,22730,28432240,0,121.5251,25.1023,1000,12,1,1458884072,1762698062,0
LTE,466,97,22730,28434800,0,121.5115,25.0874,853,31,1,1458884073,1780822515,0
LTE,466,97,22740,29185649,0,121.5715,25.076,1000,9,1,1458884076,1780016946,0
LTE,466,97,22750,63489255,0,121.4636,25.0771,1867,20,1,1458884078,1754445783,0
LTE,466,97,22750,63489649,0,121.4533,25.0726,1916,22,1,1458884078,1780016945,0
LTE,466,97,22710,56584680,0,121.6409,25.0591,1000,13,1,1458884070,1775724362,0
LTE,466,97,22730,28416643,0,121.4987,25.1013,1000,23,1,1458884072,1760183712,0
LTE,466,97,22730,28418417,0,121.5053,25.0845,868,25,1,1458884072,1760183711,0
LTE,466,97,22730,28451816,0,121.5236,25.1031,1000,5,1,1458884073,1762698062,0
LTE,466,97,22730,28417903,0,121.5125,25.0985,1487,19,1,1458884072,1780822515,0
LTE,466,97,22730,28672644,0,121.5001,25.1285,1000,7,1,1458884073,1760183713,0
LTE,466,97,22740,29185647,0,121.5729,25.076,500,50,1,1458884076,1769510041,0
LTE,466,97,22730,28416625,0,121.4921,25.0952,4022,15,1,1458884072,1752416403,0
LTE,466,97,22730,28424559,0,121.4987,25.1071,1000,17,1,1458884072,1780822516,0
LTE,466,97,22730,28672645,0,121.4978,25.1298,1000,8,1,1439518686,1760183713,0
LTE,466,97,22730,28678256,0,121.4963,25.1331,1000,15,1,1458884075,1760183713,0
LTE,466,97,22730,28677865,0,121.5004,25.1275,1000,10,1,1458884075,1760183713,0
LTE,466,97,22740,29242088,0,121.5752,25.0777,1000,10,1,1458884077,1775523661,0
LTE,466,97,33310,103424468,0,120.6892,24.1711,1000,10,1,1458884111,1755314764,0
LTE,466,97,33310,103941353,0,120.6916,24.1706,1000,6,1,1458884113,1755314764,0
LTE,466,97,33360,103942377,0,120.7249,24.1763,1000,11,1,1458884120,1755314765,0
LTE,466,97,33360,103950211,0,120.6912,24.1909,1158,6,1,1458884120,1755428345,0
LTE,466,97,33360,103941095,0,120.6969,24.17,1000,5,1,1458884120,1755314764,0
LTE,466,97,33360,103950547,0,120.7611,24.1995,3772,23,1,1458884120,1755314765,0
LTE,466,97,33360,103957891,0,120.7436,24.1849,1000,14,1,1458884121,1755314765,0
LTE,466,97,33360,103950548,0,120.7474,24.1937,1000,23,1,1458884120,1755314765,0
LTE,466,97,33360,103959940,0,120.739,24.1779,5783,16,1,1458884121,1755314765,0
LTE,466,97,44190,205825413,0,120.3037,22.6561,1000,12,1,1458884135,1745670541,0
LTE,466,97,44190,206601961,0,120.3071,22.6412,1000,14,1,1458884136,1745681642,0
LTE,466,97,44210,184578159,0,120.2698,23.2023,1000,10,1,1433113168,1760501403,0
LTE,466,97,44210,184580208,0,120.2357,23.15,1000,8,1,1458884138,1760320868,0
LTE,466,97,44190,205825411,0,120.3054,22.6563,1000,6,1,1458884135,1745670541,0
LTE,466,97,44190,206617457,0,120.3196,22.6399,1000,10,1,1458884137,1745655422,0
LTE,466,97,44190,206614149,0,120.2888,22.644,1399,9,1,1458884137,1745681642,0
LTE,466,97,44210,184577136,0,120.2476,23.1611,1000,17,1,1448100921,1760320868,0
LTE,466,97,44210,184577257,0,120.2391,23.1487,1510,16,1,1458884138,1760320868,0
LTE,466,97,44210,184576369,0,120.2346,23.1726,4215,50,1,1458884138,1760320867,0
LTE,466,97,44210,184576624,0,120.2364,23.2074,1000,20,1,1458884138,1760320867,0
LTE,466,97,44210,184576367,0,120.2364,23.1947,1362,33,1,1458884138,1760320903,0
LTE,466,97,44210,186883303,0,120.2765,23.2842,1000,15,1,1457869231,1760320865,0
LTE,466,97,44210,186881392,0,120.3013,23.3023,2439,11,1,1456894811,1760501342,0
LTE,466,97,44210,186883697,0,120.3148,23.311,1000,2,1,1426496699,1760681821,0
LTE,466,97,44210,186884207,0,120.3138,23.3323,1254,5,1,1431202784,1760934681,0
LTE,466,97,44210,186881649,0,120.3067,23.3023,2660,19,1,1456894811,1760681828,0
LTE,466,97,44210,186881905,0,120.3082,23.3124,1325,10,1,1458884138,1760934689,0
LTE,466,97,44190,205830119,0,120.3027,22.6587,1000,20,1,1458884135,1745670541,0
LTE,466,97,44190,206601840,0,120.31,22.6408,1000,7,1,1458884136,1745655422,0
LTE,466,97,44190,206595717,0,120.3024,22.6408,1000,6,1,1458884136,1745681642,0
LTE,466,97,44210,186880367,0,120.2657,23.2721,1000,10,1,1458884138,1760320866,0
LTE,466,97,44210,184577903,0,120.2636,23.1956,1000,5,1,1424643310,1760501403,0
LTE,466,97,44210,187136879,0,120.3483,23.3649,2928,29,1,1458884139,1761379445,0
LTE,466,97,44210,187136624,0,120.3551,23.3896,1399,50,1,1458884139,1760934688,0
LTE,466,97,44210,187137136,0,120.3248,23.3496,4222,15,1,1458884139,1760934688,0
LTE,466,97,44210,186885231,0,120.3187,23.3058,1000,6,1,1428313306,1760681821,0
LTE,466,97,44210,186883951,0,120.3034,23.3027,1000,5,1,1451517336,1760501406,0
LTE,466,97,44210,187138927,0,120.3523,23.3774,1485,45,1,1458884139,1761379445,0
LTE,466,97,44210,187136368,0,120.3114,23.3332,1000,14,1,1448152239,1761379444,0
LTE,466,97,44210,186881903,0,120.3111,23.3209,2378,11,1,1458884138,1760934689,0
LTE,466,97,44210,188161137,0,120.2701,23.2161,1038,24,1,1443235751,1760501404,0
LTE,466,97,44190,205826181,0,120.2923,22.65,500,28,1,1458884135,1745681642,0
LTE,466,97,44190,206614147,0,120.2918,22.6469,1000,9,1,1458884137,1745681642,0
LTE,466,97,44210,184579951,0,120.2588,23.1925,1019,23,1,1442813646,1760501403,0
LTE,466,97,44210,184580328,0,120.2359,23.1513,1000,22,1,1458884138,1760320868,0
LTE,466,97,44210,184577137,0,120.2384,23.1557,1085,14,1,1458884138,1760320868,0
LTE,466,97,44210,186880879,0,120.309,23.3229,1022,36,1,1458884138,1760934689,0
LTE,466,97,44210,187138159,0,120.3747,23.3916,2174,37,1,1457869221,1760681826,0
LTE,466,97,44210,186883304,0,120.272,23.274,1386,22,1,1458884139,1760501405,0
LTE,466,97,44210,186881136,0,120.3285,23.3105,1449,7,1,1445514193,1760681821,0
LTE,466,97,44210,186882416,0,120.326,23.31,1171,11,1,1458884138,1760681821,0
LTE,466,97,44210,187136367,0,120.3142,23.3412,5103,42,1,1458884139,1761379444,0
LTE,466,97,44210,188160623,0,120.2764,23.2522,1000,24,1,1458884139,1760501405,0
LTE,466,97,44210,189697648,0,120.2954,23.1272,1000,10,1,1458884139,1760320870,0
LTE,466,97,44210,189697647,0,120.2911,23.1335,1000,15,1,1444118086,1760501402,0
LTE,466,97,44190,205830120,0,120.3047,22.6567,1000,24,1,1458884135,1745670541,0
LTE,466,97,44190,206600423,0,120.2976,22.6421,1000,3,1,1434003743,1745681642,0
LTE,466,97,44210,184577649,0,120.246,23.1693,1480,18,1,1458884138,1760320869,0
LTE,466,97,44210,184580207,0,120.2314,23.1481,1564,16,1,1458884138,1760320868,0
LTE,466,97,44210,184579953,0,120.2537,23.1857,1000,11,1,1458884138,1760320871,0
LTE,466,97,44210,186885233,0,120.3148,23.3045,1000,6,1,1458884139,1760681821,0
LTE,466,97,44210,186884463,0,120.3121,23.3028,1000,4,1,1443513460,1760629505,0
LTE,466,97,44210,187137647,0,120.3543,23.381,1000,13,1,1458884139,1760629503,0
LTE,466,97,44210,186881904,0,120.3186,23.308,1000,2,1,1445689864,1760681821,0
LTE,466,97,44210,186880744,0,120.2832,23.2968,1000,11,1,1458884138,1760320865,0
LTE,466,97,44210,187136881,0,120.3393,23.3591,1000,12,1,1433657585,1761379444,0
LTE,466,97,44210,186883183,0,120.2758,23.2887,1000,22,1,1458884139,1760501405,0
LTE,466,97,44210,187139185,0,120.3241,23.3487,1000,24,1,1458884139,1761379444,0
LTE,466,97,44210,186881412,0,120.3019,23.3045,1000,3,1,1448100921,1760320873,0
LTE,466,97,44210,189697137,0,120.2903,23.1281,1000,2,1,1450174149,1760320870,0
LTE,466,97,44210,187139183,0,120.3381,23.3323,2307,20,1,1457869226,1760681827,0
LTE,466,97,44210,187137905,0,120.318,23.3447,3535,13,1,1457869226,1760934681,0
LTE,466,97,44210,187138161,0,120.367,23.3762,1208,39,1,1428527158,1760681827,0
LTE,466,97,44210,186882161,0,120.3323,23.321,1000,19,1,1445689864,1760681828,0
LTE,466,97,44210,187138929,0,120.3582,23.3623,4815,19,1,1429934959,1760681827,0
LTE,466,97,44210,188160880,0,120.2731,23.2366,1000,20,1,1452306313,1760501404,0
LTE,466,97,44210,188160881,0,120.2697,23.2259,1200,16,1,1453374370,1760501404,0
LTE,466,97,44210,188160367,0,120.2482,23.2391,2618,15,1,1458884139,1760320866,0
LTE,466,97,44210,188160368,0,120.2445,23.2316,509,30,1,1458884139,1760320866,0
LTE,466,97,44210,189698161,0,120.2888,23.1333,9480,13,1,1450174149,1760501402,0
LTE,466,97,44240,153603952,0,120.465,23.4646,3399,9,1,1458884144,1760592843,0
LTE,466,97,44240,153610609,0,120.4193,23.482,2506,13,1,1458884145,1760592844,0
LTE,466,97,44240,153614704,0,120.4582,23.4581,3649,9,1,1458884145,1760592843,0
LTE,466,97,44210,184577769,0,120.2373,23.1675,1746,19,1,1451706880,1760320869,0
LTE,466,97,44210,187136369,0,120.3097,23.3332,1210,50,1,1458884139,1761379444,0
LTE,466,97,44210,187136880,0,120.3395,23.3595,1202,50,1,1458884139,1761379444,0
LTE,466,97,44210,186881411,0,120.2924,23.3101,1154,32,1,1458884138,1760320865,0
LTE,466,97,44210,186882415,0,120.3229,23.3086,1834,9,1,1428313306,1760681828,0
LTE,466,97,44210,186881647,0,120.3069,23.3126,681,26,1,1458884138,1760629505,0
LTE,466,97,44210,186880487,0,120.2668,23.2736,1793,13,1,1430485449,1760320866,0
LTE,466,97,44210,186881648,0,120.3116,23.3048,1000,20,1,1445689864,1760934689,0
LTE,466,97,44210,186885232,0,120.317,23.3039,1000,6,1,1444785441,1760681821,0
LTE,466,97,44210,187137903,0,120.3255,23.3494,824,29,1,1458884139,1761379444,0
LTE,466,97,44210,188161393,0,120.2383,23.2144,1363,50,1,1458884139,1760320867,0
LTE,466,97,44210,188161391,0,120.2405,23.2233,1000,11,1,1458884139,1760320867,0
LTE,466,97,44210,188160624,0,120.2738,23.2386,1436,44,1,1452306313,1760501404,0
LTE,466,97,44240,153609840,0,120.4372,23.4754,1749,26,1,1458884145,1760681825,0
LTE,466,97,44240,153601904,0,120.4209,23.4593,1000,8,1,1458884144,1760934686,0
LTE,466,97,44240,153615748,0,120.4548,23.4658,1000,11,1,1451483252,1760934685,0
LTE,466,97,44240,153614705,0,120.4639,23.468,1000,6,1,1437901697,1760592843,0
LTE,466,97,44240,153605743,0,120.4387,23.4754,1000,23,1,1458884145,1760934685,0
LTE,466,97,44240,153600879,0,120.4402,23.4769,1000,11,1,1458884144,1760934685,0
LTE,466,97,44240,155651951,0,120.4231,23.4234,1000,21,1,1458884147,1760934684,0
LTE,466,97,44260,243213423,0,121.1236,22.8054,1000,12,1,1450348699,1775724491,0
LTE,466,97,44240,153603696,0,120.4171,23.4836,1000,6,1,1458884144,1760592844,0
LTE,466,97,44240,153602416,0,120.445,23.4795,1000,15,1,1423907542,1760934685,0
LTE,466,97,44240,153603697,0,120.4099,23.4842,2689,9,1,1458884144,1760592844,0
LTE,466,97,44240,153605487,0,120.4556,23.4585,500,30,1,1451483252,1760934684,0
LTE,466,97,44240,153627780,0,120.4653,23.466,1000,5,1,1458884146,1760592843,0
LTE,466,97,44240,155651441,0,120.4357,23.4337,1230,50,1,1458884147,1760934684,0
LTE,466,97,44240,153603953,0,120.4434,23.4525,4409,10,1,1458884144,1760592843,0
LTE,466,97,44240,153602417,0,120.4428,23.4803,1000,9,1,1458884144,1760681825,0
LTE,466,97,44240,153601392,0,120.4521,23.4783,1000,5,1,1458884144,1760934685,0
LTE,466,97,44240,153602929,0,120.4297,23.4671,1000,6,1,1458884144,1760681824,0
LTE,466,97,44240,155136625,0,120.4397,23.4377,2012,11,1,1458884146,1760934684,0
LTE,466,97,44240,155651953,0,120.4177,23.4216,1451,38,1,1430485420,1760934684,0
LTE,466,97,44260,244736488,0,121.1622,23.0391,1000,13,1,1458884149,1775724488,0
LTE,466,97,44290,208147844,0,120.3049,22.671,1000,11,1,1458884156,1745670541,0
LTE,466,97,44290,208133353,0,120.3038,22.666,1000,11,1,1458884155,1745670541,0
LTE,466,97,22270,26886789,0,121.5658,25.066,1000,4,1,1465450799,1754445785,0
LTE,466,97,44190,206621416,0,120.3171,22.6417,1000,5,1,1472574073,1745681642,0
LTE,466,97,11310,61192679,0,121.3255,24.9421,584,29,1,1490303364,1771539482,0
LTE,466,97,11220,60419561,0,121.409,24.9504,1978,26,1,1458919927,1774079232,0
LTE,466,97,11220,60178288,0,121.4815,24.9884,7240,29,1,1458919926,1776091387,0
LTE,466,97,11220,60178308,0,121.4834,24.9883,1731,7,1,1458919926,1773480727,0
LTE,466,97,11220,60429699,0,121.4646,24.9774,1000,15,1,1458919928,1745070909,0
LTE,466,97,11230,59907183,0,121.5154,25.013,1000,5,1,1458919928,1775724362,0
LTE,466,97,11220,60436591,0,121.4316,24.9631,6966,48,1,1458919928,1766966165,0
LTE,466,97,11240,29707120,0,121.5373,24.9954,1000,16,1,1458919930,1752416342,0
LTE,466,97,11270,27648624,0,121.5028,25.0437,1000,11,1,1458919931,1750571521,0
LTE,466,97,11230,59907697,0,121.5158,25.0145,1000,8,1,1458919928,1775724362,0
LTE,466,97,11240,25605488,0,121.5244,25.0176,1000,10,1,1458919929,1752416342,0
LTE,466,97,11270,27650791,0,121.4974,25.0334,2251,27,1,1458919931,1752416402,0
LTE,466,97,11220,60419560,0,121.4136,24.9519,2396,29,1,1458919927,1774079232,0
LTE,466,97,11220,60427887,0,121.44,24.9654,3457,13,1,1458919927,1766966165,0
LTE,466,97,11220,60427120,0,121.4324,24.9603,2523,26,1,1458919927,1776091386,0
LTE,466,97,11240,25603951,0,121.532,25.0088,1241,22,1,1458919929,1752416342,0
LTE,466,97,11230,59920361,0,121.5152,24.9965,1000,8,1,1444976902,1768517582,0
LTE,466,97,11240,29707119,0,121.5333,24.9984,1408,24,1,1458919930,1752416342,0
LTE,466,97,11220,60422257,0,121.424,24.9583,1661,20,1,1458919927,1776091386,0
LTE,466,97,11220,60417905,0,121.4267,24.9592,1947,10,1,1458919926,1766966164,0
LTE,466,97,11220,60419441,0,121.4101,24.9508,1515,25,1,1458919927,1777186564,0
LTE,466,97,11220,60178289,0,121.477,24.9866,1061,42,1,1458919926,1777186563,0
LTE,466,97,11220,60418416,0,121.4738,24.9863,1000,10,1,1458919927,1766966166,0
LTE,466,97,11220,60178309,0,121.4795,24.9879,670,28,1,1458919926,1773480727,0
LTE,466,97,11220,60416881,0,121.4444,24.9705,1000,18,1,1458919926,1766966165,0
LTE,466,97,11230,59907717,0,121.5162,25.0147,1000,6,1,1445859716,1775724362,0
LTE,466,97,11240,29714033,0,121.5348,25.0024,1000,12,1,1458919930,1752416342,0
LTE,466,97,11270,27650793,0,121.4962,25.0309,614,50,1,1458919931,1752416402,0
LTE,466,97,11270,27660911,0,121.4998,25.0424,1000,7,1,1458919932,1760183711,0
LTE,466,97,11220,60419440,0,121.415,24.9525,1000,22,1,1458919927,1777186564,0
LTE,466,97,11230,59907203,0,121.5139,25.0127,1000,6,1,1458919928,1775724362,0
LTE,466,97,11230,59920240,0,121.5148,24.9951,1000,3,1,1452197634,1768517582,0
LTE,466,97,11230,59914095,0,121.515,25.0138,1000,6,1,1458919929,1775724361,0
LTE,466,97,11240,25620200,0,121.5315,25.0442,1379,43,1,1458919929,1773461522,0
LTE,466,97,11240,29714031,0,121.533,25.0059,1068,33,1,1458919930,1752416342,0
LTE,466,97,11240,29707139,0,121.5324,25.0012,2101,17,1,1458919930,1752416406,0
LTE,466,97,11270,27653233,0,121.503,25.0461,1002,50,1,1458919931,1760183711,0
LTE,466,97,11270,27650161,0,121.4874,25.0351,1415,47,1,1458919931,1751187723,0
LTE,466,97,11270,27653351,0,121.5043,25.0491,500,32,1,1458919931,1752416405,0
LTE,466,97,11270,56337520,0,121.4829,25.0291,1000,7,1,1458919933,1764832282,0
LTE,466,97,11310,60938352,0,121.3667,24.945,500,28,1,1458919935,1751284563,0
LTE,466,97,11310,60938471,0,121.3735,24.9483,1186,10,1,1458919935,1766966164,0
LTE,466,97,11310,60934633,0,121.3885,24.9517,1000,12,1,1458919935,1766966164,0
LTE,466,97,11310,60934632,0,121.3987,24.9518,4274,23,1,1458919935,1773480725,0
LTE,466,97,11310,60934512,0,121.3998,24.9508,1730,30,1,1458919935,1777186564,0
LTE,466,97,11220,60422256,0,121.4252,24.9589,1802,19,1,1458919927,1776091387,0
LTE,466,97,11220,60431848,0,121.4714,24.9824,687,33,1,1442404805,1773480727,0
LTE,466,97,11230,59908995,0,121.5158,25.0192,1000,9,1,1458919928,1775632021,0
LTE,466,97,11240,25605487,0,121.5197,25.021,1223,9,1,1458919929,1752416342,0
LTE,466,97,11240,25600389,0,121.5249,25.0419,1000,5,1,1458919929,1750574401,0
LTE,466,97,11240,25615729,0,121.5235,25.0205,1480,16,1,1458919929,1752416342,0
LTE,466,97,11270,27648625,0,121.4988,25.0451,1121,50,1,1458919931,1760183711,0
LTE,466,97,11270,27653353,0,121.5038,25.047,1000,20,1,1458919931,1752416405,0
LTE,466,97,11270,27658353,0,121.4972,25.04,1321,27,1,1458919932,1760183711,0
LTE,466,97,11300,59163367,0,121.5252,24.9755,1000,6,1,1455233828,1745070906,0
LTE,466,97,11270,27664259,0,121.5062,25.044,1000,9,1,1458919932,1750574401,0
LTE,466,97,11310,60938273,0,121.3792,24.9512,5685,18,1,1458919935,1765639864,0
LTE,466,97,11310,61188584,0,121.3418,24.9365,1354,17,1,1458919936,1771110123,0
LTE,466,97,11310,61188464,0,121.3393,24.9369,1000,15,1,1458919936,1776091385,0
LTE,466,97,11330,66818279,0,121.8721,24.9075,1000,22,1,1451956572,1775724364,0
LTE,466,97,11310,60678768,0,121.375,24.9496,1000,13,1,1458919935,1777186564,0
LTE,466,97,11310,60678788,0,121.3754,24.95,1000,14,1,1458919935,1765639864,0
LTE,466,97,11310,61189487,0,121.3299,24.94,1000,11,1,1448979091,1771110123,0
LTE,466,97,11310,61186160,0,121.354,24.9528,1000,14,1,1458919936,1768536962,0
LTE,466,97,11310,61189488,0,121.3299,24.9394,1000,21,1,1458919936,1776091385,0
LTE,466,97,11320,29729392,0,121.5426,24.991,1000,4,1,1446662719,1776091388,0
LTE,466,97,11330,66819305,0,121.8036,24.8404,1000,12,1,1451956565,1775724366,0
LTE,466,97,11330,67075304,0,121.7788,24.8296,1000,14,1,1458919940,1775724366,0
LTE,466,97,11310,60934513,0,121.392,24.9514,1873,24,1,1458919935,1773480725,0
LTE,466,97,11310,60940163,0,121.3838,24.9659,1000,8,1,1458919935,1768536962,0
LTE,466,97,11310,60938351,0,121.3719,24.9481,1000,21,1,1458919935,1751284563,0
LTE,466,97,11310,61185136,0,121.3457,24.9497,1000,11,1,1458919936,1768536962,0
LTE,466,97,11320,29701231,0,121.5431,24.9924,1000,23,1,1458919937,1780917487,0
LTE,466,97,11320,29724548,0,121.5441,24.995,1000,4,1,1458919939,1752416342,0
LTE,466,97,11330,66818927,0,121.8349,24.8728,1000,8,1,1458919940,1775724365,0
LTE,466,97,11340,56331376,0,121.4691,25.0157,1000,10,1,1458919941,1771752663,0
LTE,466,97,11350,60164719,0,121.4997,24.9802,5216,21,1,1458919942,1777186563,0
LTE,466,97,11350,60181380,0,121.4827,25.0079,1475,14,1,1458919943,1771492382,0
LTE,466,97,11350,60181360,0,121.4819,25.0089,500,25,1,1458919943,1776102482,0
LTE,466,97,11350,60172264,0,121.4848,25.0044,500,50,1,1458919943,1759045022,0
LTE,466,97,11350,60174192,0,121.4846,24.996,1000,9,1,1458919943,1766966165,0
LTE,466,97,11310,61190767,0,121.3286,24.9393,1000,14,1,1458919936,1773480725,0
LTE,466,97,11310,61190375,0,121.3246,24.941,1000,11,1,1458919936,1752386102,0
LTE,466,97,11310,61188465,0,121.3355,24.9382,3429,24,1,1458919936,1773480725,0
LTE,466,97,11310,61188073,0,121.3356,24.9725,1000,10,1,1458919936,1768536963,0
LTE,466,97,11310,61190255,0,121.3247,24.9397,1000,17,1,1458919936,1771110123,0
LTE,466,97,11310,61190377,0,121.3184,24.936,1443,22,1,1458919936,1766966163,0
LTE,466,97,11320,29701232,0,121.5423,24.9921,1000,23,1,1458919937,1752416341,0
LTE,466,97,11330,66818281,0,121.8654,24.9043,1000,12,1,1451956572,1775724364,0
LTE,466,97,11340,56332932,0,121.4769,25.0118,1000,20,1,1458919941,1768517582,0
LTE,466,97,11350,60178563,0,121.4885,25.0059,1000,4,1,1450942526,1774083121,0
LTE,466,97,11350,60173937,0,121.4907,24.9865,1000,14,1,1458919943,1752386104,0
LTE,466,97,11350,60181379,0,121.4797,25.0107,1320,12,1,1458919943,1774083121,0
LTE,466,97,11310,61186159,0,121.3563,24.9542,1000,10,1,1458919936,1768536962,0
LTE,466,97,11330,66816368,0,121.8031,24.8481,3114,25,1,1458919940,1775724365,0
LTE,466,97,11330,66561000,0,121.7671,24.7282,1148,13,1,1458919939,1775724423,0
LTE,466,97,11330,66817512,0,121.8031,24.8407,1000,9,1,1458919940,1775724365,0
LTE,466,97,11330,67076841,0,121.7804,24.8329,1000,15,1,1458919940,1775724366,0
LTE,466,97,11350,60181359,0,121.4807,25.0102,3145,15,1,1458919943,1781622063,0
LTE,466,97,11310,61188327,0,121.3731,24.9557,1114,15,1,1458919936,1768536962,0
LTE,466,97,11310,61186672,0,121.3493,24.9459,547,36,1,1458919936,1768536962,0
LTE,466,97,11310,61189608,0,121.326,24.9417,1000,10,1,1458919936,1745070920,0
LTE,466,97,11330,66817257,0,121.7881,24.8364,1000,18,1,1458919940,1775724366,0
LTE,466,97,11330,67076840,0,121.786,24.8348,1000,10,1,1458919940,1775724366,0
LTE,466,97,11330,66818929,0,121.8306,24.8672,747,43,1,1458919940,1775724365,0
LTE,466,97,11330,66819441,0,121.8351,24.873,1535,8,1,1458919940,1775724365,0
LTE,466,97,11330,66819303,0,121.8103,24.8459,1388,12,1,1458919940,1775724365,0
LTE,466,97,11350,60168049,0,121.4902,24.9869,1012,16,1,1458919943,1771110127,0
LTE,466,97,11340,56396401,0,121.4657,25.015,1000,14,1,1447384567,1776559981,0
LTE,466,97,11350,60167281,0,121.4976,25.0009,1000,20,1,1458919943,1781622063,0
LTE,466,97,11350,60178799,0,121.4998,24.9796,1000,20,1,1458919943,1776091387,0
LTE,466,97,11340,56335337,0,121.4757,25.0127,1000,9,1,1458919941,1768517582,0
LTE,466,97,11340,56332912,0,121.4775,25.0116,3501,30,1,1458919941,1759075261,0
LTE,466,97,11350,60167656,0,121.4905,24.9864,920,29,1,1458919943,1776091387,0
LTE,466,97,11350,60164739,0,121.5021,24.9792,1386,36,1,1458919942,1773480727,0
LTE,466,97,11350,60164721,0,121.4978,24.9809,1299,23,1,1458919942,1776102482,0
LTE,466,97,11350,60161412,0,121.4896,25.0043,1000,11,1,1458919942,1774083121,0
LTE,466,97,11350,60167537,0,121.483,24.9895,1000,17,1,1458919943,1772355547,0
LTE,466,97,11350,60173168,0,121.4853,24.9946,1000,7,1,1458919943,1766966165,0
LTE,466,97,11370,248324327,0,121.6031,24.0103,1187,6,1,1450842232,1775724428,0
LTE,466,97,11370,248330473,0,121.6045,24.005,2197,15,1,1450842232,1775724428,0
LTE,466,97,11370,248580327,0,121.6484,24.1431,1409,29,1,1458919947,1775724427,0
LTE,466,97,11350,60169840,0,121.4833,24.9924,1000,14,1,1458919943,1766966166,0
LTE,466,97,11350,60167536,0,121.4867,24.989,898,40,1,1458919943,1777186563,0
LTE,466,97,11350,60173169,0,121.4835,24.9922,1000,9,1,1458919943,1766966165,0
LTE,466,97,11350,60178545,0,121.4897,25.0071,2267,15,1,1458919943,1771115643,0
LTE,466,97,11360,27142019,0,121.5459,25.0417,1000,13,1,1458919944,1770552842,0
LTE,466,97,11370,248323817,0,121.5965,23.9818,1000,5,1,1455433142,1775724429,0
LTE,466,97,11370,248578281,0,121.6028,24.0207,1379,12,1,1453893435,1775724428,0
LTE,466,97,11370,248580329,0,121.6411,24.1316,1000,7,1,1450677040,1775724427,0
LTE,466,97,11370,248579047,0,121.6413,24.128,1000,7,1,1450676984,1775724427,0
LTE,466,97,11370,248579303,0,121.6032,24.0512,1000,7,1,1450842267,1775724428,0
LTE,466,97,11370,249093352,0,121.5458,23.9421,1000,5,1,1456167912,1775724429,0
LTE,466,97,11370,249089001,0,121.5808,23.9642,1494,7,1,1440035477,1775724429,0
LTE,466,97,11370,248579049,0,121.6395,24.1243,1000,7,1,1450842249,1775724427,0
LTE,466,97,11370,249088644,0,121.5966,23.9838,1000,8,1,1456167901,1775724429,0
LTE,466,97,11400,25610096,0,121.5164,25.0246,1000,4,1,1436475650,1752416342,0
LTE,466,97,11400,25609840,0,121.5194,25.0209,1000,8,1,1458919954,1752416342,0
LTE,466,97,11360,27188591,0,121.5528,25.0246,1099,37,1,1458919945,1781622063,0
LTE,466,97,11370,248329347,0,121.6,23.99,1000,6,1,1456811389,1775724429,0
LTE,466,97,11370,248578279,0,121.6008,24.0267,1000,9,1,1458919947,1775724428,0
LTE,466,97,11370,248576625,0,121.6142,24.1002,1000,16,1,1458919947,1775724427,0
LTE,466,97,11370,248576623,0,121.6202,24.1094,1000,18,1,1458919947,1775724427,0
LTE,466,97,11370,249091817,0,121.5652,23.9559,1000,12,1,1451980754,1775724429,0
LTE,466,97,11390,28170984,0,121.5646,25.041,1283,30,1,1458919952,1775523662,0
LTE,466,97,11370,248579305,0,121.6023,24.047,1000,7,1,1450842267,1775724428,0
LTE,466,97,11390,28170985,0,121.5656,25.0427,1808,15,1,1458919952,1775523662,0
LTE,466,97,11400,25622247,0,121.5169,25.0347,558,34,1,1458919955,1775724361,0
LTE,466,97,11420,60201327,0,121.5031,24.9941,1000,13,1,1458919957,1780123203,0
LTE,466,97,11450,68865413,0,121.8103,24.6179,1000,6,1,1450676970,1775724424,0
LTE,466,97,11420,60165607,0,121.5045,24.9936,1000,12,1,1458919956,1781622063,0
LTE,466,97,11440,60929649,0,121.3922,24.9728,1000,5,1,1458919959,1768536962,0
LTE,466,97,11450,68608624,0,121.7803,24.7033,1295,12,1,1458919961,1775724423,0
LTE,466,97,11420,60184687,0,121.5161,24.9922,1000,5,1,1448532262,1768517582,0
LTE,466,97,11400,27667823,0,121.5037,25.0206,1000,5,1,1458919956,1751187722,0
LTE,466,97,11440,60932209,0,121.4088,24.9808,1000,10,1,1458919960,1768536962,0
LTE,466,97,11450,68866947,0,121.8009,24.6289,1000,12,1,1450842255,1775724424,0
LTE,466,97,11460,59145349,0,121.5401,24.9881,1000,14,1,1458919964,1745070903,0
LTE,466,97,11420,59906160,0,121.5319,24.992,3193,25,1,1458919956,1777186562,0
LTE,466,97,11450,68608743,0,121.7722,24.7143,1000,12,1,1451410412,1775724423,0
LTE,466,97,11450,68865156,0,121.7966,24.6347,1098,7,1,1450842255,1775724424,0
LTE,466,97,11460,59143813,0,121.528,24.9647,4447,7,1,1458919964,1752386104,0
LTE,466,97,11460,59137413,0,121.5226,24.9689,3742,3,1,1458919963,1752386104,0
LTE,466,97,11460,59145329,0,121.5395,24.9868,1000,23,1,1458919964,1745070903,0
LTE,466,97,11420,60169329,0,121.4988,24.9997,1000,8,1,1458919956,1768517582,0
LTE,466,97,11430,60182759,0,121.4725,25.0008,1000,7,1,1433668889,1771539423,0
LTE,466,97,11450,67842417,0,121.7819,24.6677,1696,20,1,1458919960,1775724423,0
LTE,466,97,11460,59154408,0,121.5042,24.9789,1577,22,1,1458919964,1773480727,0
LTE,466,97,11420,60169073,0,121.511,24.9927,1000,18,1,1458919956,1780123204,0
LTE,466,97,11400,27656304,0,121.5033,25.0194,1000,10,1,1458919956,1751187722,0
LTE,466,97,11420,60184689,0,121.5145,24.9922,1000,12,1,1458919957,1768517582,0
LTE,466,97,11440,60932228,0,121.4151,24.9837,1000,13,1,1458919960,1768536961,0
LTE,466,97,11440,60929669,0,121.3915,24.9717,1000,15,1,1448611471,1768536962,0
LTE,466,97,11440,60932229,0,121.4116,24.982,1000,13,1,1458919960,1768536962,0
LTE,466,97,11450,68865769,0,121.7899,24.6454,1498,8,1,1458919962,1775724423,0
LTE,466,97,11460,59143811,0,121.5297,24.9631,4692,24,1,1458919964,1773480727,0
LTE,466,97,11460,59144303,0,121.542,24.9874,1000,7,1,1458919964,1771110126,0
LTE,466,97,11460,59142787,0,121.5474,24.9721,1000,7,1,1458919964,1776091388,0
LTE,466,97,11460,59139029,0,121.512,24.9777,3944,19,1,1458919963,1776102482,0
LTE,466,97,11460,59153521,0,121.5271,24.9735,1000,16,1,1452921828,1776102481,0
LTE,466,97,11460,59142767,0,121.5417,24.9738,5310,10,1,1458919964,1771110126,0
LTE,466,97,11460,59138417,0,121.5322,24.9827,1000,23,1,1458919963,1780917487,0
LTE,466,97,11460,59139049,0,121.5119,24.9779,1000,23,1,1458919963,1771539422,0
LTE,466,97,11460,59146352,0,121.5528,24.9729,2093,20,1,1458919964,1773480782,0
LTE,466,97,11460,59139048,0,121.5181,24.9769,3429,25,1,1458919963,1771539422,0
LTE,466,97,11460,59144836,0,121.5479,24.9755,1000,16,1,1458919964,1776091388,0
LTE,466,97,11460,59154031,0,121.548,24.9666,1538,18,1,1458919964,1773480782,0
LTE,466,97,11460,59153776,0,121.5509,24.9733,1000,16,1,1458919964,1771110126,0
LTE,466,97,11460,59146473,0,121.5496,24.9734,1000,8,1,1458919964,1776091388,0
LTE,466,97,22210,26377091,0,121.508,25.0742,1000,22,1,1458919971,1780016945,0
LTE,466,97,22210,26388711,0,121.5085,25.0785,1000,5,1,1458919971,1752416402,0
LTE,466,97,22210,26633072,0,121.5411,25.0733,1000,11,1,1458919971,1780016945,0
LTE,466,97,22210,26630769,0,121.5488,25.0723,1000,17,1,1458919971,1775523606,0
LTE,466,97,22210,26633192,0,121.5381,25.0728,2479,23,1,1458919971,1769510102,0
LTE,466,97,11460,59153641,0,121.5267,24.974,1000,17,1,1458919964,1751284561,0
LTE,466,97,11460,59154032,0,121.5455,24.9659,1212,16,1,1458919964,1773480782,0
LTE,466,97,11460,59154288,0,121.5026,24.979,719,36,1,1458919964,1777186562,0
LTE,466,97,22210,26636913,0,121.5281,25.0739,1327,20,1,1458919972,1780016945,0
LTE,466,97,22210,26633073,0,121.54,25.0725,1000,9,1,1458919971,1780016945,0
LTE,466,97,22210,26368643,0,121.5151,25.0776,597,27,1,1458919970,1780016945,0
LTE,466,97,22210,26377327,0,121.5145,25.0768,2209,25,1,1458919971,1780016945,0
LTE,466,97,11460,59154407,0,121.5043,24.9789,1582,14,1,1458919964,1771539422,0
LTE,466,97,22210,26377071,0,121.5092,25.0725,1000,7,1,1458919971,1760183711,0
LTE,466,97,22210,26377349,0,121.5096,25.0754,2563,7,1,1453141499,1780016945,0
LTE,466,97,22210,26633191,0,121.5373,25.0729,5264,24,1,1458919971,1769510101,0
LTE,466,97,22210,26373764,0,121.5092,25.0686,1000,11,1,1458919970,1752416402,0
LTE,466,97,22210,26626416,0,121.534,25.0679,1471,26,1,1458919971,1773461522,0
LTE,466,97,22210,26672360,0,121.5447,25.0798,1000,2,1,1442783233,1773461522,0
LTE,466,97,22210,26883560,0,121.548,25.0729,1872,13,1,1458919973,1780016946,0
LTE,466,97,11460,59145327,0,121.5421,24.9867,1000,10,1,1458919964,1776102481,0
LTE,466,97,11460,59154151,0,121.5486,24.9671,1000,11,1,1458919964,1776091388,0
LTE,466,97,11460,59154287,0,121.5077,24.9782,4376,28,1,1458919964,1776102482,0
LTE,466,97,11460,59146472,0,121.5527,24.9726,500,27,1,1458919964,1776091388,0
LTE,466,97,22210,26654952,0,121.5583,25.0837,1000,12,1,1458919972,1773461521,0
LTE,466,97,22210,28425583,0,121.525,25.0826,500,25,1,1458919973,1780822516,0
LTE,466,97,22210,28421508,0,121.5258,25.0862,1000,12,1,1458919973,1762698062,0
LTE,466,97,22230,62209000,0,121.3938,25.0624,1000,9,1,1458919974,1775523604,0
LTE,466,97,22210,26630889,0,121.5493,25.0724,1000,14,1,1458919971,1780016946,0
LTE,466,97,22210,26388712,0,121.509,25.0749,1000,5,1,1458919971,1752416402,0
LTE,466,97,22210,26661487,0,121.532,25.0725,1190,19,1,1458919973,1780016945,0
LTE,466,97,22210,26639215,0,121.526,25.0732,1281,15,1,1458919972,1775523605,0
LTE,466,97,22210,26661488,0,121.5349,25.0724,2177,31,1,1458919973,1780016945,0
LTE,466,97,22210,26661607,0,121.5305,25.0727,4300,30,1,1458919973,1769510102,0
LTE,466,97,22230,62208367,0,121.4031,25.0557,4308,30,1,1458919974,1775523604,0
LTE,466,97,22230,62208624,0,121.4166,25.062,1751,25,1,1458919974,1780016944,0
LTE,466,97,22230,62214767,0,121.3976,25.0587,3698,23,1,1458919975,1780016944,0
LTE,466,97,22210,26388591,0,121.5086,25.0776,1000,18,1,1458919971,1760183711,0
LTE,466,97,22210,26633193,0,121.5358,25.0721,2273,11,1,1458919971,1773461522,0
LTE,466,97,22210,26628207,0,121.5226,25.0705,1000,10,1,1458919971,1780822516,0
LTE,466,97,22210,26373744,0,121.5091,25.0689,1000,17,1,1458919970,1760183711,0
LTE,466,97,22210,26388592,0,121.5089,25.075,1000,19,1,1458919971,1760183711,0
LTE,466,97,22210,28425327,0,121.5265,25.0879,1000,15,1,1458919973,1780822516,0
LTE,466,97,22230,62474609,0,121.3677,25.065,1830,32,1,1458919976,1780016944,0
LTE,466,97,22230,62209513,0,121.382,25.065,500,28,1,1458919974,1775523603,0
LTE,466,97,22230,62209391,0,121.388,25.0643,1962,18,1,1458919974,1780016944,0
LTE,466,97,22230,62214768,0,121.4019,25.0559,1000,17,1,1443780314,1780016944,0
LTE,466,97,22210,26626415,0,121.5339,25.0692,1616,46,1,1458919971,1773461522,0
LTE,466,97,22210,26895984,0,121.5619,25.0713,2421,30,1,1458919973,1780016946,0
LTE,466,97,22210,28416881,0,121.5084,25.0803,2975,28,1,1458919973,1760183711,0
LTE,466,97,22210,28425704,0,121.5243,25.0808,1000,20,1,1458919974,1780822516,0
LTE,466,97,22230,62208999,0,121.3951,25.0613,1000,14,1,1450842284,1775523604,0
LTE,466,97,22210,28421488,0,121.5258,25.0859,1000,18,1,1458919973,1780822516,0
LTE,466,97,22230,62208625,0,121.4125,25.0595,3571,34,1,1458919974,1780016944,0
LTE,466,97,22210,28425584,0,121.5246,25.0795,638,42,1,1458919974,1762698062,0
LTE,466,97,22230,62209511,0,121.3864,25.0651,1426,32,1,1458919974,1775523604,0
LTE,466,97,22230,62474729,0,121.3669,25.0652,1000,22,1,1458919976,1775523603,0
LTE,466,97,22240,26378217,0,121.5095,25.0698,1000,4,1,1450562442,1752416402,0
LTE,466,97,22240,26637800,0,121.5297,25.0464,1000,7,1,1458919979,1773461522,0
LTE,466,97,22210,26636419,0,121.554,25.0852,1000,18,1,1458919971,1773461524,0
LTE,466,97,22210,26661608,0,121.5342,25.0725,1966,18,1,1458919973,1773461522,0
LTE,466,97,22210,26896004,0,121.5621,25.0711,1000,18,1,1458919973,1780016946,0
LTE,466,97,22210,26883441,0,121.5447,25.0721,1103,19,1,1458919973,1775523606,0
LTE,466,97,22210,26654953,0,121.5563,25.0846,1000,13,1,1458919972,1773461524,0
LTE,466,97,22210,26661609,0,121.534,25.0666,3577,6,1,1458919973,1773461522,0
LTE,466,97,22210,26883559,0,121.5446,25.0744,1000,12,1,1458919973,1773461522,0
LTE,466,97,22210,28420208,0,121.5273,25.0893,1000,15,1,1458919973,1780822516,0
LTE,466,97,22230,62208881,0,121.3932,25.0629,1431,14,1,1458919974,1780016944,0
LTE,466,97,22210,28420207,0,121.5272,25.0895,1000,16,1,1458919973,1760183762,0
LTE,466,97,22230,62474608,0,121.3706,25.0635,8991,50,1,1458919976,1754445782,0
LTE,466,97,22240,26636009,0,121.5275,25.0527,1000,7,1,1458919979,1773461524,0
LTE,466,97,22250,28440687,0,121.5347,25.1156,1000,7,1,1458919980,1762698062,0
LTE,466,97,22240,26632681,0,121.5186,25.0667,1000,9,1,1458919978,1780822516,0
LTE,466,97,22240,26629609,0,121.5262,25.0493,1000,2,1,1455054922,1773461523,0
LTE,466,97,22240,26676355,0,121.5266,25.0498,1000,3,1,1448618521,1773461522,0
LTE,466,97,22261,52481769,0,121.7545,25.1021,1000,21,1,1458919983,1775724363,0
LTE,466,97,22230,62209393,0,121.3798,25.0629,9503,33,1,1458919974,1780016944,0
LTE,466,97,22240,26371953,0,121.5078,25.0556,746,32,1,1458919977,1751187723,0
LTE,466,97,22240,26626928,0,121.5248,25.0501,1000,8,1,1458919978,1768874641,0
LTE,466,97,22261,52481767,0,121.7585,25.1036,1000,8,1,1451410400,1775724363,0
LTE,466,97,22240,26370280,0,121.5098,25.063,1000,17,1,1458919977,1751187723,0
LTE,466,97,22240,26371973,0,121.5077,25.0556,1000,11,1,1458919977,1760183711,0
LTE,466,97,22240,26632425,0,121.5266,25.0494,1000,4,1,1458919978,1773461522,0
LTE,466,97,22240,26626948,0,121.525,25.0503,1000,7,1,1458919978,1773461523,0
LTE,466,97,22240,26641285,0,121.5306,25.0463,1000,15,1,1458919979,1773461522,0
LTE,466,97,22240,26637801,0,121.5265,25.0472,1000,10,1,1458919979,1773461522,0
LTE,466,97,22261,52738537,0,121.7218,25.0993,1000,9,1,1431729115,1775724363,0
LTE,466,97,22270,26893189,0,121.5631,25.0628,1000,13,1,1458919984,1754445785,0
LTE,466,97,22240,25623527,0,121.5327,25.0456,867,27,1,1458919976,1773461522,0
LTE,466,97,22240,25623528,0,121.533,25.0443,1000,18,1,1458919976,1773461522,0
LTE,466,97,22261,52738536,0,121.7242,25.1059,2708,11,1,1458919983,1775724363,0
LTE,466,97,22261,52738948,0,121.7252,25.1033,1459,9,1,1451410400,1775724363,0
LTE,466,97,22270,26886767,0,121.5666,25.071,2899,26,1,1458919984,1780016946,0
LTE,466,97,22290,26886631,0,121.5441,25.0547,1000,11,1,1458919989,1773461521,0
LTE,466,97,22261,52480489,0,121.7248,25.1053,1000,18,1,1458919983,1775724363,0
LTE,466,97,22290,26885351,0,121.5444,25.06,1000,9,1,1458919989,1773461521,0
LTE,466,97,22270,29196007,0,121.5736,25.0611,1000,4,1,1458919985,1780016946,0
LTE,466,97,22270,29203843,0,121.5721,25.059,1764,27,1,1458919985,1780016946,0
LTE,466,97,22290,26884071,0,121.5443,25.0654,1000,5,1,1458919989,1773461523,0
LTE,466,97,22290,26893423,0,121.5436,25.0477,1913,45,1,1458919990,1764823081,0
LTE,466,97,22290,26903919,0,121.5624,25.0584,1000,5,1,1458919990,1754460602,0
LTE,466,97,22290,26894979,0,121.5443,25.0528,1000,13,1,1458919990,1773461521,0
LTE,466,97,22290,26890115,0,121.5442,25.0545,1000,13,1,1458919989,1773461521,0
LTE,466,97,22290,26893443,0,121.5439,25.0508,1640,9,1,1458919990,1770552841,0
LTE,466,97,22510,83216103,0,121.2213,24.8615,1000,22,1,1458919993,1768723565,0
LTE,466,97,22520,84480625,0,121.3113,24.9952,1000,6,1,1458919994,1764402423,0
LTE,466,97,22520,84480624,0,121.3106,24.9966,1000,6,1,1458919994,1764402423,0
LTE,466,97,22290,26880881,0,121.5583,25.0515,1000,11,1,1458919989,1754460601,0
LTE,466,97,22290,26883184,0,121.552,25.0583,1000,7,1,1458919989,1764823081,0
LTE,466,97,22290,26886375,0,121.5444,25.0641,1000,7,1,1458919989,1773461523,0
LTE,466,97,22290,26884072,0,121.5453,25.0661,1000,8,1,1458919989,1773461524,0
LTE,466,97,22290,26919043,0,121.5619,25.0586,1000,5,1,1458919990,1754460602,0
LTE,466,97,22290,26643331,0,121.5442,25.06,1000,8,1,1458919989,1768874642,0
LTE,466,97,22290,26884839,0,121.5466,25.0651,1000,4,1,1458919989,1773461524,0
LTE,466,97,22290,26884073,0,121.5444,25.0658,1000,7,1,1458919989,1773461524,0
LTE,466,97,22520,84493032,0,121.2986,25.0167,1000,13,1,1458919996,1780016942,0
LTE,466,97,22520,84494980,0,121.2928,25.0069,1000,21,1,1449172715,1780016942,0
LTE,466,97,22520,84496497,0,121.2826,25.0052,1000,15,1,1458919996,1770457562,0
LTE,466,97,22520,84494312,0,121.301,25.0123,1000,4,1,1458919996,1780016942,0
LTE,466,97,22530,81940848,0,121.1871,24.9851,2487,16,1,1458919998,1777186568,0
LTE,466,97,22540,83462001,0,121.1897,24.9362,1236,37,1,1458920001,1778298962,0
LTE,466,97,22520,84482181,0,121.3024,25.02,1000,11,1,1458919994,1780016942,0
LTE,466,97,22520,84493801,0,121.2855,25.0006,1000,23,1,1450842284,1780016942,0
LTE,466,97,22520,84497008,0,121.2816,24.9869,1000,16,1,1458919996,1777697281,0
LTE,466,97,22520,84494569,0,121.2797,24.9908,1000,13,1,1433824748,1780016942,0
LTE,466,97,22530,81948527,0,121.2216,25.0158,1000,14,1,1458919998,1777186567,0
LTE,466,97,22520,84485489,0,121.2859,24.98,731,40,1,1458919995,1771110122,0
LTE,466,97,22520,84493799,0,121.2882,25.0031,1000,6,1,1450842284,1780016942,0
LTE,466,97,22520,84496496,0,121.2833,25.001,1000,9,1,1458919996,1770457561,0
LTE,466,97,22520,84523752,0,121.3101,24.994,1000,2,1,1447906712,1764157082,0
LTE,466,97,22530,86273135,0,121.2327,25.0337,731,33,1,1458919999,1751284623,0
LTE,466,97,22530,81948529,0,121.2211,25.0128,1000,19,1,1458919998,1751380381,0
LTE,466,97,22530,81946735,0,121.2011,25.0037,1000,9,1,1458919998,1784978342,0
LTE,466,97,22530,81934192,0,121.2193,25.0032,1000,8,1,1457073567,1772369701,0
LTE,466,97,22530,81957488,0,121.2188,25.0072,1000,15,1,1435461988,1781622064,0
LTE,466,97,22540,82948976,0,121.2006,24.932,1000,12,1,1458920000,1778298962,0
LTE,466,97,22540,83462000,0,121.1912,24.9419,1407,28,1,1458920001,1778298962,0
LTE,466,97,22550,81930095,0,121.2394,24.9661,1000,7,1,1458920003,1765252022,0
LTE,466,97,22550,81930097,0,121.2399,24.9656,1000,12,1,1458920003,1771571102,0
LTE,466,97,22550,81939313,0,121.2306,24.9629,1000,20,1,1458920003,1771571102,0
LTE,466,97,22550,85511793,0,121.2694,24.9772,1292,36,1,1458920004,1765252022,0
LTE,466,97,22520,84485488,0,121.2863,24.9808,1000,17,1,1458919995,1776091384,0
LTE,466,97,22520,84492776,0,121.2999,25.0123,1000,14,1,1457755275,1780016942,0
LTE,466,97,22520,84497519,0,121.2899,24.9771,1000,16,1,1458919996,1771110130,0
LTE,466,97,22530,86279279,0,121.2307,25.0287,2294,25,1,1458919999,1776102486,0
LTE,466,97,22530,86544495,0,121.2464,25.0431,4544,27,1,1458920000,1780822513,0
LTE,466,97,22540,82948975,0,121.1935,24.942,7711,40,1,1458920000,1778298962,0
LTE,466,97,22550,81958512,0,121.1975,24.9669,1169,6,1,1458920004,1771571102,0
LTE,466,97,22550,85507183,0,121.2726,24.979,1000,15,1,1458920004,1768536964,0
LTE,466,97,22520,84496360,0,121.2973,25.0105,1000,4,1,1457755275,1780016942,0
LTE,466,97,22520,84493681,0,121.2842,24.9994,1000,8,1,1457755275,1770457561,0
LTE,466,97,22520,84499944,0,121.2996,25.0141,1000,5,1,1442335841,1775523602,0
LTE,466,97,22530,81948528,0,121.2233,25.0159,1000,16,1,1458919998,1771110061,0
LTE,466,97,22530,86287216,0,121.2199,25.0101,1000,10,1,1435461988,1777186567,0
LTE,466,97,22540,83456625,0,121.1873,24.9227,1000,7,1,1458920001,1778298962,0
LTE,466,97,22550,81928069,0,121.2169,24.9554,1000,5,1,1449217073,1771571102,0
LTE,466,97,22550,81938543,0,121.2191,24.9978,1509,3,1,1458920003,1761826202,0
LTE,466,97,22520,84494567,0,121.28,24.9909,1000,14,1,1433824748,1780016942,0
LTE,466,97,22520,84497127,0,121.2822,24.9874,1000,15,1,1433824748,1780016942,0
LTE,466,97,22520,84497128,0,121.2828,24.9872,1000,13,1,1458919996,1784953202,0
LTE,466,97,22520,85511535,0,121.2805,24.9857,1000,10,1,1458919998,1780016942,0
LTE,466,97,22520,85511537,0,121.2766,24.9821,1000,8,1,1458919998,1765252022,0
LTE,466,97,22530,81946736,0,121.2023,25.0014,1000,6,1,1458919998,1784978342,0
LTE,466,97,22530,81957489,0,121.2189,25.0076,1000,24,1,1458919998,1784978342,0
LTE,466,97,22530,86273136,0,121.2319,25.032,1000,6,1,1458919999,1751284623,0
LTE,466,97,22530,86279299,0,121.2341,25.0316,804,27,1,1458919999,1780822513,0
LTE,466,97,22540,83456624,0,121.1856,24.9206,1000,6,1,1458920001,1778298962,0
LTE,466,97,22540,83456623,0,121.189,24.9246,1000,13,1,1458920001,1778298962,0
LTE,466,97,22550,81921393,0,121.2197,24.9915,1689,8,1,1458920002,1762512781,0
LTE,466,97,22550,82951793,0,121.1936,24.9409,2482,35,1,1458920004,1778298962,0
LTE,466,97,22550,81939075,0,121.2216,24.9746,1000,18,1,1458920003,1778298961,0
LTE,466,97,22550,81939312,0,121.236,24.9644,1000,15,1,1458920003,1765252022,0
LTE,466,97,22550,85511791,0,121.2737,24.98,2077,24,1,1458920004,1765252022,0
LTE,466,97,22550,82951791,0,121.1956,24.9476,2745,42,1,1458920004,1778298962,0
LTE,466,97,22550,82956400,0,121.1969,24.9516,1273,24,1,1458920004,1778298962,0
LTE,466,97,22570,85253489,0,121.3578,25.0649,1167,20,1,1458920010,1780016944,0
LTE,466,97,22580,85510769,0,121.2994,24.9749,822,36,1,1458920013,1765639866,0
LTE,466,97,22580,85509097,0,121.3237,24.9614,1000,20,1,1458920013,1760183706,0
LTE,466,97,22580,85509096,0,121.3241,24.9621,1000,12,1,1458920013,1760183706,0
LTE,466,97,22580,85508975,0,121.3219,24.9659,1000,18,1,1458920013,1777186565,0
LTE,466,97,22580,85508976,0,121.3229,24.9646,696,28,1,1458920013,1774079233,0
LTE,466,97,22580,85509744,0,121.3216,24.9667,1000,18,1,1458920013,1773480724,0
LTE,466,97,22580,85510000,0,121.3245,24.9496,1000,20,1,1458920013,1777186565,0
LTE,466,97,22580,85509763,0,121.3151,24.971,1000,15,1,1458920013,1760183706,0
LTE,466,97,22580,85509095,0,121.3222,24.9658,1000,15,1,1458920013,1752416409,0
LTE,466,97,22580,85509999,0,121.3247,24.9575,1113,31,1,1458920013,1777186565,0
LTE,466,97,22580,85511023,0,121.294,24.9757,633,25,1,1458920013,1771110130,0
LTE,466,97,22570,85253609,0,121.3594,25.0648,1000,14,1,1458920010,1776102484,0
LTE,466,97,22580,85516912,0,121.3077,24.9718,3356,7,1,1450976121,1771110122,0
LTE,466,97,22580,85511143,0,121.2916,24.9766,753,33,1,1458920013,1774079234,0
LTE,466,97,22580,85516911,0,121.303,24.9741,3408,23,1,1451707629,1774079233,0
LTE,466,97,22580,85511024,0,121.2942,24.9755,1000,8,1,1458920013,1772109124,0
LTE,466,97,22580,85509743,0,121.3108,24.9724,1503,35,1,1458920013,1777186565,0
LTE,466,97,22580,85519215,0,121.324,24.9618,578,31,1,1458920014,1777186565,0
LTE,466,97,22580,85510768,0,121.3019,24.9746,1000,21,1,1458920013,1777186565,0
LTE,466,97,22580,85510119,0,121.3248,24.955,1000,22,1,1458920013,1760183706,0
LTE,466,97,22580,85510788,0,121.3023,24.9748,1000,23,1,1458920013,1752416409,0
LTE,466,97,22580,85510789,0,121.2982,24.9752,558,28,1,1458920013,1774079233,0
LTE,466,1,19792,181941516,0,120.2037,22.9958,1000,2,1,1455626975,1754115543,0
LTE,466,1,19863,184663328,0,120.2945,22.5565,24306,12,1,1458944545,1772948942,0
LTE,466,1,19863,184563232,0,120.273,22.6042,1000,9,1,1458944545,1772948942,0
LTE,466,1,19862,184434700,0,120.2728,22.89,1124,11,1,1458944543,1783748765,0
LTE,466,1,19863,184551948,0,120.2669,22.6139,1000,5,1,1458944545,1772948942,0
LTE,466,1,19863,184357664,0,120.2754,22.6018,1000,10,1,1458944544,1772948942,0
LTE,466,1,19863,184652576,0,120.2893,22.5757,26225,20,1,1458944545,1772948942,0
LTE,466,1,39792,181785888,0,120.2493,22.9438,1000,15,1,1458944557,1783748764,0
LTE,466,1,39863,184333856,0,120.305,22.6129,1000,5,1,1455533292,1785251581,0
LTE,466,1,39792,181781280,0,120.2494,22.9694,1820,20,1,1458944557,1783748763,0
LTE,466,1,39792,181786390,0,120.2498,22.9611,1000,20,1,1458944558,1783748763,0
LTE,466,97,22210,26896003,0,121.5567,25.0722,500,25,1,1458919973,1780016946,0
LTE,466,92,11102,54055192,0,121.5067,25.0393,500,25,1,1459288463,1754115548,0
LTE,466,92,11102,54352654,0,121.5058,25.0373,1000,4,1,1459288463,1754115548,0
LTE,466,92,11102,54352664,0,121.5049,25.0377,1000,23,1,1459288463,1754115548,0
LTE,466,92,11102,54361378,0,121.507,25.0368,1000,17,1,1459288463,1754115552,0
LTE,466,92,11400,55300386,0,121.5464,25.0407,1000,6,1,1459307179,1774782915,0
LTE,466,97,22230,62209136,0,121.4224,25.0657,2147,11,1,1458919974,1780016944,0
LTE,466,97,22550,81958513,0,121.197,24.9695,1000,6,1,1459308441,1771571102,0
LTE,466,97,11310,61188585,0,121.3329,24.9387,764,35,1,1458919936,1766966163,0
LTE,466,92,11102,54361368,0,121.5106,25.0366,730,50,1,1459346292,1754115552,0
LTE,466,92,11102,54351384,0,121.5009,25.0413,500,31,1,1459346358,1754115548,0
LTE,466,92,11101,54497570,0,121.5281,25.0874,6727,20,1,1459360986,1754115550,0
LTE,466,92,12300,29896471,0,121.4146,25.031,1000,22,1,1459364051,1786038483,0
LTE,466,92,11700,54309666,0,121.5831,25.0507,1707,50,1,1459364985,1773716946,0
LTE,466,92,36300,156988184,0,120.1987,23.0013,1000,10,1,1459390051,1754115545,0
LTE,466,92,24101,106026274,0,120.6628,24.166,1000,13,1,1459409273,1746739930,0
LTE,466,92,24101,106036514,0,120.6624,24.1556,500,50,1,1459417084,1746739930,0
LTE,466,92,24950,105859352,0,120.6381,24.1424,1000,11,1,1459427169,1746739931,0
LTE,466,92,24950,105859342,0,120.6374,24.1435,1000,6,1,1459427169,1746739931,0
LTE,466,92,13700,80441375,0,120.9987,24.7856,500,42,1,1459517907,1752025561,0
LTE,466,97,11250,29465219,0,121.5801,25.0496,1000,3,1,1459591619,1774782914,0
LTE,466,92,24400,106075169,0,120.7614,24.1437,2896,11,1,1459606094,1768723624,0
LTE,466,92,11104,54360334,0,121.5229,25.059,1000,8,1,1459616882,1754115549,0
LTE,466,92,13500,80236833,0,121.1446,24.9142,1000,18,1,1458575457,1750959783,0
LTE,466,92,37300,183697166,0,120.3055,22.6563,1256,50,1,1459678039,1745677141,0
LTE,466,92,37300,183697186,0,120.3027,22.658,1426,50,1,1459678039,1745677141,0
LTE,466,92,11900,54363416,0,121.5271,25.0217,1000,14,1,1459767632,1750959842,0
LTE,466,92,12700,29425186,0,121.4294,24.9602,5493,19,1,1459767634,1783987921,0
LTE,466,92,11100,55299598,0,121.5142,25.033,1000,13,1,1459811002,1768723446,0
LTE,466,92,11100,54372130,0,121.5156,25.0329,812,45,1,1459815770,1768723446,0
LTE,466,97,22270,26886788,0,121.5678,25.0656,1000,6,1,1477907895,1754445785,0
LTE,466,92,11102,55352610,0,121.5108,25.0475,1000,15,1,1459817318,1773716945,0
LTE,466,92,11102,54348814,0,121.5022,25.0379,1000,20,1,1459840223,1754115548,0
LTE,466,92,12400,28921368,0,121.4683,25.0148,566,29,1,1459843871,1768723446,0
LTE,466,92,24300,106604302,0,120.6701,24.1282,1428,21,1,1459843875,1746739985,0
LTE,466,92,24300,106023438,0,120.6832,24.1386,2599,41,1,1459843874,1746740042,0
LTE,466,92,12600,28908824,0,121.5204,25.0116,1000,16,1,1459862222,1768723446,0
LTE,466,92,24300,107411480,0,120.6491,24.1412,1041,9,1,1459862236,1768723566,0
LTE,466,92,11800,54471438,0,121.6078,25.0541,884,50,1,1459877083,1773716945,0
LTE,466,97,11340,56362864,0,121.474,25.0144,1182,8,1,1459888475,1780917484,0
LTE,466,97,44290,208133351,0,120.3061,22.6684,1000,10,1,1459908433,1745670541,0
LTE,466,92,24950,106614050,0,120.6364,24.1718,1739,50,1,1459953213,1746739926,0
LTE,466,97,11340,56336751,0,121.464,25.0149,1000,18,1,1458919942,1781622062,0
LTE,466,97,22710,56591216,0,121.6608,25.0677,1000,10,1,1459968439,1767247441,0
LTE,466,92,11400,54452238,0,121.5452,25.0438,500,46,1,1460069303,1774782914,0
LTE,466,92,11102,54361358,0,121.5097,25.0386,3569,22,1,1460075309,1786370341,0
LTE,466,97,11310,61192304,0,121.3552,24.9506,1026,12,1,1460088408,1768536962,0
LTE,466,92,12000,28725262,0,121.4645,25.0627,2782,50,1,1460110032,1786435202,0
LTE,466,92,24100,107386136,0,120.6815,24.1587,500,27,1,1460125174,1746739991,0
LTE,466,92,24101,107409422,0,120.6648,24.1468,500,25,1,1460125175,1746739923,0
LTE,466,92,11102,54350606,0,121.5078,25.0441,1000,7,1,1460142589,1786361641,0
LTE,466,92,24101,106035726,0,120.6761,24.1618,1550,50,1,1460214496,1746739991,0
LTE,466,92,24101,106035746,0,120.6766,24.1564,2111,15,1,1460214496,1754115603,0
LTE,466,92,11900,55329550,0,121.4997,25.0369,500,26,1,1460297242,1754115548,0
LTE,466,92,24950,106614030,0,120.6374,24.1736,500,31,1,1460304480,1746739926,0
LTE,466,92,24400,106701847,0,120.7152,24.1531,1000,6,1,1460330191,1754115603,0
LTE,466,92,11400,54451231,0,121.5337,25.0448,1000,7,1,1458860032,1786110721,0
LTE,466,97,11360,27187687,0,121.5531,25.0429,1000,10,1,1460513208,1784394841,0
LTE,466,92,11102,59481909,0,121.512,25.0376,1000,14,1,1460582753,1754115552,0
LTE,466,92,24950,106051874,0,120.6449,24.1795,500,39,1,1460584023,1746739926,0
LTE,466,92,13500,80779287,0,121.1837,24.918,1000,22,1,1458575459,1750959783,0
LTE,466,92,11104,54456098,0,121.5211,25.0525,1000,12,1,1460603167,1768723445,0
LTE,466,92,13750,80290072,0,120.9713,24.8018,1000,8,1,1460603173,1768723504,0
LTE,466,92,24101,106041890,0,120.6616,24.15,1000,13,1,1460614411,1746740043,0
LTE,466,92,11400,55393058,0,121.5461,25.0401,1000,23,1,1460995904,1774782915,0
LTE,466,92,11101,54043938,0,121.5354,25.0635,1000,8,1,1461004898,1768723446,0
LTE,466,92,11700,54537250,0,121.5815,25.0503,1267,38,1,1461090479,1773716946,0
LTE,466,1,19863,184342551,0,120.3101,22.6,1000,11,1,1461121896,1785251582,0
LTE,466,1,19863,184342541,0,120.2968,22.6063,3149,4,1,1461121896,1772932922,0
LTE,466,92,24101,106026254,0,120.6677,24.1669,1000,19,1,1461121897,1746739929,0
LTE,466,97,22290,26888047,0,121.5607,25.0572,1000,3,1,1461122809,1754460602,0
LTE,466,97,11340,56336771,0,121.4584,25.0104,5258,26,1,1458919942,1770436389,0
LTE,466,92,12000,29210146,0,121.4691,25.0671,758,47,1,1461211628,1786435202,0
LTE,466,92,11102,54043426,0,121.5108,25.058,500,49,1,1461282454,1754115551,0
LTE,466,92,13750,81559074,0,120.9716,24.803,1000,5,1,1461296767,1768723504,0
LTE,466,92,13202,81554977,0,120.9857,24.9369,1000,12,1,1461368897,1782478023,0
LTE,466,1,19863,184342550,0,120.3127,22.5989,1000,15,1,1461385646,1785251582,0
LTE,466,92,36400,157385485,0,120.3557,23.3584,1108,18,1,1458810926,1754115490,0
LTE,466,92,36400,157835021,0,120.3079,23.1394,1000,14,1,1458810927,1754115546,0
LTE,466,92,24101,107409432,0,120.6626,24.1462,1000,21,1,1461417684,1746739923,0
LTE,466,97,11240,25620199,0,121.5319,25.0451,1000,7,1,1461639465,1773461522,0
LTE,466,97,22210,26658023,0,121.5561,25.0831,1000,17,1,1458919972,1773461524,0
LTE,466,92,24100,106039822,0,120.6888,24.1526,1000,21,1,1461642149,1754115602,0
LTE,466,97,22740,29190532,0,121.5583,25.0878,3533,23,1,1461655122,1773461524,0
LTE,466,92,11100,55343138,0,121.5314,25.0445,500,27,1,1461696465,1786110721,0
LTE,466,92,11100,54362658,0,121.5136,25.0459,1000,15,1,1461696465,1786038483,0
LTE,466,92,24100,106039832,0,120.6875,24.1497,1000,14,1,1461737184,1754115602,0
LTE,466,92,13700,81559832,0,121.0066,24.7794,1171,17,1,1461769959,1753255561,0
LTE,466,92,13700,81559822,0,121.0042,24.7821,1289,15,1,1461769959,1753255561,0
LTE,466,92,11700,54307854,0,121.597,25.0513,2236,12,1,1461797572,1773716945,0
LTE,466,97,11240,27150313,0,121.5436,25.0428,1000,16,1,1458919930,1770552842,0
LTE,466,92,24300,106604312,0,120.6655,24.127,1000,9,1,1461800183,1746739985,0
LTE,466,92,24300,106604322,0,120.6678,24.1296,500,37,1,1461800183,1746739931,0
LTE,466,92,11700,54307874,0,121.5883,25.05,1000,18,1,1461949668,1773716945,0
LTE,466,92,11800,55147544,0,121.5956,25.0525,1324,30,1,1461949669,1773716945,0
LTE,466,92,13701,81558037,0,121.0328,24.8764,1000,6,1,1462010756,1782751501,0
LTE,466,92,11101,55553826,0,121.5201,25.0703,1446,7,1,1462043241,1754115550,0
LTE,466,92,11101,55372578,0,121.525,25.0722,1000,5,1,1462043241,1754115549,0
LTE,466,97,22290,26920559,0,121.556,25.0579,1000,7,1,1462107984,1764823081,0
LTE,466,1,19103,26095127,0,121.5745,25.071,1000,12,1,1462129716,1773716943,0
LTE,466,92,11400,55360034,0,121.5453,25.0369,1000,17,1,1462237132,1773716945,0
LTE,466,1,39341,51362839,0,121.3661,25.0654,4687,31,1,1462242413,1773716942,0
LTE,466,92,24100,106047522,0,120.6987,24.1669,1000,13,1,1462324643,1746739991,0
LTE,466,92,25501,131806497,0,120.5965,23.8498,1000,13,1,1458810913,1754115485,0
LTE,466,92,13500,81911309,0,121.1996,24.9314,1000,5,1,1458575462,1750959783,0
LTE,466,97,22270,26893187,0,121.5679,25.0655,1222,7,1,1462334823,1754445785,0
LTE,466,92,13750,80261390,0,120.9696,24.8004,1000,4,1,1462363902,1768723444,0
LTE,466,92,11102,54424354,0,121.5088,25.0514,1000,13,1,1462424744,1754115551,0
LTE,466,92,12700,29693975,0,121.4053,24.9781,1835,13,1,1458575421,1750959783,0
LTE,466,92,11700,54537240,0,121.5785,25.0479,625,50,1,1462583184,1773716946,0
LTE,466,92,11101,55553816,0,121.5196,25.0691,1322,25,1,1462637245,1754115550,0
LTE,466,92,11300,54498328,0,121.5279,25.0944,2032,17,1,1462727495,1754115550,0
LTE,466,92,13750,79714573,0,120.9719,24.8017,1000,24,1,1462777654,1768723504,0
LTE,466,92,13701,80305685,0,121.023,24.8247,2885,50,1,1462868169,1782751501,0
LTE,466,92,11701,55363095,0,121.5382,25.0621,524,37,1,1462969501,1768723446,0
LTE,466,92,13200,80005133,0,121.2233,25.0689,720,42,1,1463092123,1782751503,0
LTE,466,97,22530,81964243,0,121.2141,25.0121,1067,7,1,1463126765,1752418802,0
LTE,466,92,11400,54358296,0,121.539,25.0392,1989,17,1,1463160218,1773716945,0
LTE,466,92,24950,105330722,0,120.6398,24.1318,1320,16,1,1463205977,1746739931,0
LTE,466,92,11101,54421016,0,121.5232,25.0694,1000,18,1,1463242036,1754115549,0
LTE,466,97,22730,28445295,0,121.4976,25.0946,1000,18,1,1458884073,1752416403,0
LTE,466,97,22240,26378097,0,121.5095,25.0694,1000,5,1,1463306775,1760183711,0
LTE,466,97,11270,26373351,0,121.5066,25.0525,1000,15,1,1463299605,1760183711,0
LTE,466,97,22730,28432359,0,121.5202,25.1044,1000,15,1,1463310371,1760183762,0
LTE,466,97,22730,28687593,0,121.5031,25.1148,1000,17,1,1463303207,1751187724,0
LTE,466,97,22210,28425448,0,121.5267,25.0881,1000,10,1,1458919973,1762698062,0
LTE,466,97,44190,208139908,0,120.3059,22.6614,1000,19,1,1463353625,1745670541,0
LTE,466,97,44210,186885744,0,120.2815,23.2932,3675,24,1,1463408070,1760320872,0
LTE,466,97,44350,155648489,0,120.3533,23.4116,4584,18,1,1463408074,1760934683,0
LTE,466,97,44210,187139047,0,120.3519,23.3758,1121,41,1,1463408071,1760592783,0
LTE,466,97,22600,86528744,0,121.286,25.0505,1097,6,1,1463576364,1754445781,0
LTE,466,92,13701,80270370,0,121.0278,24.8199,1000,14,1,1463623655,1782751501,0
LTE,466,92,24950,106081304,0,120.6369,24.1354,1000,13,1,1463635257,1746739931,0
LTE,466,92,11102,54361880,0,121.5093,25.0408,1000,12,1,1463668348,1786347902,0
LTE,466,97,22600,86528743,0,121.2874,25.0525,1000,5,1,1463705784,1754445781,0
LTE,466,92,11101,54235672,0,121.5262,25.0849,6491,32,1,1463735170,1754115550,0
LTE,466,92,11101,55256098,0,121.5343,25.0666,3241,46,1,1463926487,1768723446,0
LTE,466,97,11340,56358020,0,121.4751,25.016,1000,7,1,1464387945,1760183710,0
LTE,466,92,11300,54498318,0,121.5296,25.0937,1049,11,1,1464392374,1754115550,0
LTE,466,1,29341,51231009,0,121.447,25.0711,1003,20,1,1464549440,1773716943,0
LTE,466,1,29341,51226903,0,121.4739,25.0755,1726,6,1,1464549440,1773716943,0
LTE,466,92,11100,55318306,0,121.5153,25.0423,1000,14,1,1464592045,1786038483,0
LTE,466,97,22520,84507249,0,121.299,24.978,1000,18,1,1464748093,1771110122,0
LTE,466,92,24100,106047512,0,120.7,24.1679,1000,15,1,1464832312,1746739991,0
LTE,466,92,13500,81193239,0,121.1378,24.9175,1000,17,1,1458575460,1750959783,0
LTE,466,92,13500,81753365,0,121.1627,24.9065,500,39,1,1465238028,1782751502,0
LTE,466,92,13500,81753375,0,121.169,24.9157,4482,41,1,1465238028,1782751502,0
LTE,466,1,19122,25887265,0,121.5153,25.0777,956,43,1,1465349183,1773716943,0
LTE,466,1,29341,51230989,0,121.4553,25.0753,3581,50,1,1465349184,1773716943,0
LTE,466,92,13701,80305675,0,121.0197,24.8289,2359,50,1,1465406003,1782751501,0
LTE,466,92,11104,55388952,0,121.5205,25.0519,525,50,1,1465423357,1768723445,0
LTE,466,97,11340,56320645,0,121.469,25.0123,1000,9,1,1458919941,1760183710,0
LTE,466,97,11340,56360423,0,121.4785,25.0245,1000,9,1,1465499791,1768523522,0
LTE,466,97,22540,83473520,0,121.1858,24.9208,1142,7,1,1465574810,1778298962,0
LTE,466,92,11101,55326242,0,121.5225,25.0656,1000,15,1,1465623970,1754115549,0
LTE,466,92,11101,55323426,0,121.5223,25.0635,1000,14,1,1465623970,1754115549,0
LTE,466,92,13500,80233761,0,121.186,24.9216,1000,11,1,1458575457,1750959783,0
LTE,466,92,13500,80233741,0,121.189,24.9248,1573,21,1,1458575457,1750959783,0
LTE,466,92,13500,81911319,0,121.193,24.9239,2026,22,1,1458575462,1750959783,0
LTE,466,92,24300,106042638,0,120.6676,24.1381,1000,11,1,1465692407,1746739927,0
LTE,466,92,24300,106042658,0,120.665,24.1398,1000,22,1,1465692407,1746740043,0
LTE,466,92,11102,54366734,0,121.5118,25.045,1000,13,1,1465816106,1754115552,0
LTE,466,92,11102,55352600,0,121.5105,25.046,1000,18,1,1465816106,1773716945,0
LTE,466,92,11104,54456088,0,121.5221,25.0523,1000,15,1,1465816106,1768723445,0
LTE,466,92,11104,54872866,0,121.5226,25.0549,645,32,1,1465816106,1754115549,0
LTE,466,97,22270,29203077,0,121.572,25.0579,1653,7,1,1465826806,1780016946,0
LTE,466,97,22270,29203075,0,121.5728,25.0616,1000,10,1,1465826806,1780016946,0
LTE,466,97,22270,26881155,0,121.5698,25.0512,1000,18,1,1465826805,1775523662,0
LTE,466,97,22270,26898051,0,121.5729,25.0563,1000,11,1,1465826805,1780016946,0
LTE,466,92,11104,54456095,0,121.5202,25.0527,500,25,1,1458860026,1750959783,0
LTE,466,92,11102,55069464,0,121.5086,25.05,1000,15,1,1466010399,1754115549,0
LTE,466,92,13500,81676823,0,121.192,24.9308,4115,11,1,1458575461,1750959783,0
LTE,466,97,11270,27651048,0,121.4912,25.0252,1000,7,1,1466089803,1752416343,0
LTE,466,97,11270,27651049,0,121.4903,25.0243,1000,18,1,1466089803,1760183710,0
LTE,466,97,11270,56369639,0,121.4839,25.0216,1000,12,1,1466089803,1752416343,0
LTE,466,97,22210,26883561,0,121.5439,25.0725,1082,23,1,1458919973,1780016946,0
LTE,466,92,11101,55256078,0,121.5384,25.0639,1000,13,1,1466173810,1768723446,0
LTE,466,97,22210,26654951,0,121.5581,25.085,1000,9,1,1466190466,1773461524,0
LTE,466,92,13701,80284194,0,121.0081,24.8378,500,26,1,1466237156,1768723445,0
LTE,466,97,22550,81930117,0,121.2379,24.9649,1000,12,1,1466309165,1784953202,0
LTE,466,97,22550,81929447,0,121.237,24.9872,1000,22,1,1466309165,1778298961,0
LTE,466,97,22550,81929448,0,121.24,24.9885,1000,19,1,1466309165,1778298961,0
LTE,466,97,11220,60418181,0,121.4678,24.9793,1000,13,1,1466286602,1772355544,0
LTE,466,92,24101,107432994,0,120.6518,24.1587,1000,18,1,1466438989,1746739986,0
LTE,466,92,24101,107432984,0,120.6526,24.1576,1000,8,1,1466438989,1746739986,0
LTE,466,97,44190,205834884,0,120.2836,22.6522,1000,11,1,1466512337,1745681642,0
LTE,466,92,11900,54371853,0,121.5301,25.0183,500,50,1,1466735179,1750959784,0
LTE,466,92,11101,55323416,0,121.5205,25.0614,5020,23,1,1466788017,1754115549,0
LTE,466,92,11104,54456078,0,121.5223,25.0538,1000,8,1,1466788017,1768723445,0
LTE,466,97,11460,59153775,0,121.5499,24.9736,1000,10,1,1458919964,1773480782,0
LTE,466,92,12700,28737826,0,121.444,24.9873,570,31,1,1467110356,1768723447,0
LTE,466,92,12700,30713378,0,121.4466,24.9908,1000,24,1,1467110356,1768723447,0
LTE,466,92,24101,106026264,0,120.6656,24.1633,1000,7,1,1467117630,1746739929,0
LTE,466,92,11102,54422286,0,121.5155,25.056,1000,19,1,1467212685,1754115547,0
LTE,466,92,11102,54422818,0,121.5033,25.0454,1000,18,1,1467464875,1786302301,0
LTE,466,97,11360,27188592,0,121.554,25.0231,1000,20,1,1458919945,1781622063,0
LTE,466,92,11101,54407192,0,121.5396,25.0672,1000,24,1,1467601546,1768723446,0
LTE,466,1,29863,184416279,0,120.3689,22.6344,1000,9,1,1467587153,1772808601,0
LTE,466,92,13701,81558293,0,120.9905,24.8536,3465,14,1,1467619575,1750959782,0
LTE,466,92,13701,80269835,0,120.9933,24.8201,1000,8,1,1467619575,1782478024,0
LTE,466,92,13701,81016843,0,121.0098,24.8169,3160,25,1,1467619575,1782478024,0
LTE,466,92,13701,80284184,0,121.0073,24.8371,760,36,1,1467648547,1768723445,0
LTE,466,92,13701,80284174,0,121.0091,24.8373,1000,17,1,1467648547,1768723503,0
LTE,466,92,11900,55081495,0,121.5188,25.0277,1000,15,1,1467738519,1768723446,0
LTE,466,97,22730,28458884,0,121.5268,25.1045,1000,8,1,1467825728,1762698062,0
LTE,466,97,11220,60431728,0,121.4693,24.9812,1000,17,1,1458919928,1777186563,0
LTE,466,97,44190,205829095,0,120.2984,22.6553,1000,16,1,1468027605,1745670541,0
LTE,466,1,29341,51267597,0,121.4561,25.0752,3372,14,1,1468550786,1773716943,0
LTE,466,97,11330,67079145,0,121.7725,24.8252,1000,12,1,1468638372,1775724366,0
LTE,466,97,22550,81965169,0,121.2019,24.9587,3003,17,1,1468987576,1778298962,0
LTE,466,97,44350,155651183,0,120.398,23.4168,5988,12,1,1458580089,1760681823,0
LTE,466,97,44210,186887023,0,120.2797,23.2899,3274,28,1,1468987578,1760501401,0
LTE,466,97,44350,155651697,0,120.4101,23.446,622,27,1,1458580089,1760934686,0
LTE,466,97,44350,156677489,0,120.3818,23.483,3484,19,1,1468987579,1760592845,0
LTE,466,97,22520,84524144,0,121.3113,24.9955,1000,5,1,1468987575,1764402423,0
LTE,466,97,44240,153619825,0,120.4269,23.4634,1000,19,1,1468987578,1760681826,0
LTE,466,97,44210,186886257,0,120.2908,23.3071,1000,13,1,1468987578,1760501342,0
LTE,466,97,44210,186887025,0,120.276,23.2853,2641,22,1,1468987578,1760501405,0
LTE,466,97,22600,85256325,0,121.3158,25.0519,8897,27,1,1468987576,1775523603,0
LTE,466,97,22700,61736425,0,121.4974,25.0763,1000,7,1,1469126699,1780016945,0
LTE,466,97,22270,26886787,0,121.5661,25.0692,2871,8,1,1469126697,1754445785,0
LTE,466,97,44350,155654000,0,120.3617,23.4227,3588,39,1,1469255180,1760934687,0
LTE,466,92,11200,54944014,0,121.5323,25.0128,1311,15,1,1469286881,1754115551,0
LTE,466,92,11102,55072270,0,121.5045,25.0487,1291,13,1,1469390908,1786302301,0
LTE,466,92,25300,132612877,0,120.5213,24.0809,1000,21,1,1469747293,1750959782,0
LTE,466,97,44240,153604720,0,120.4408,23.4672,1000,8,1,1458884144,1760592844,0
LTE,466,97,44240,153624945,0,120.4489,23.4476,1136,15,1,1469700762,1760934684,0
LTE,466,97,44240,153631344,0,120.4547,23.4694,1000,12,1,1469758177,1760934685,0
LTE,466,97,22600,86556648,0,121.2737,25.0237,1881,27,1,1469776848,1776102485,0
LTE,466,92,24500,106138647,0,120.7003,24.2369,1000,6,1,1469906311,1754115605,0
LTE,466,92,24500,106138637,0,120.7034,24.2385,1000,8,1,1469906310,1746739982,0
LTE,466,92,24500,106559245,0,120.6879,24.2026,1650,36,1,1469906311,1754115606,0
LTE,466,97,22210,26648943,0,121.5313,25.072,1829,15,1,1458919972,1773461522,0
LTE,466,1,39323,51218445,0,121.4712,25.0752,1458,22,1,1469971689,1773716943,0
LTE,466,1,49323,51628567,0,121.5006,25.0768,3715,35,1,1469971690,1773716943,0
LTE,466,1,49323,51617815,0,121.4938,25.0757,3372,20,1,1469971689,1773716943,0
LTE,466,1,49323,51617825,0,121.4885,25.0743,1000,12,1,1469971689,1773716943,0
LTE,466,92,11101,55246862,0,121.5375,25.0624,1000,18,1,1469984484,1768723446,0
LTE,466,92,11401,54933794,0,121.5667,25.0392,1833,13,1,1470123999,1774782915,0
LTE,466,92,25501,131807757,0,120.6261,23.8075,1000,23,1,1458810913,1754115486,0
LTE,466,92,11101,54629144,0,121.5227,25.0671,1000,3,1,1470192420,1754115549,0
LTE,466,92,11900,55080205,0,121.5194,25.0298,1000,10,1,1470239904,1768723446,0
LTE,466,92,11900,55080226,0,121.5183,25.0296,500,29,1,1470239907,1768723446,0
LTE,466,97,11420,60201447,0,121.5022,24.9949,1102,25,1,1470356808,1768517582,0
LTE,466,97,11420,60201448,0,121.503,24.9943,1204,20,1,1470356808,1768517582,0
LTE,466,92,13200,81517848,0,121.2341,25.0778,500,49,1,1470388325,1786450141,0
LTE,466,92,13200,81517858,0,121.2315,25.0781,1000,10,1,1470388325,1784026741,0
LTE,466,92,13200,81518094,0,121.2299,25.0756,1832,11,1,1470388325,1782751504,0
LTE,466,92,13200,81518104,0,121.2299,25.0742,1734,10,1,1470460194,1786452181,0
LTE,466,92,13200,81518114,0,121.2265,25.074,798,25,1,1470471358,1782751504,0
LTE,466,97,44350,155653231,0,120.3924,23.4201,5193,37,1,1470698697,1760681824,0
LTE,466,97,44350,155653488,0,120.4098,23.4198,1931,13,1,1470698697,1760934683,0
LTE,466,97,44350,155649156,0,120.4065,23.4188,1000,12,1,1470641165,1760592842,0
LTE,466,97,44240,155651561,0,120.4352,23.43,1843,29,1,1470698694,1760592842,0
LTE,466,97,44350,155653233,0,120.3893,23.4183,1000,14,1,1470641165,1760934687,0
LTE,466,97,44350,156675952,0,120.3397,23.4277,1248,25,1,1470641170,1761379446,0
LTE,466,97,44210,187139184,0,120.3357,23.3269,1000,16,1,1470644220,1760681827,0
LTE,466,1,19122,25887767,0,121.5211,25.0762,2079,50,1,1470719771,1773716943,0
LTE,466,92,24101,106020632,0,120.6746,24.1645,2393,17,1,1470786077,1746739991,0
LTE,466,92,13200,81517838,0,121.237,25.0801,500,32,1,1470827574,1774782915,0
LTE,466,97,22550,85507303,0,121.2746,24.9806,568,42,1,1470929932,1784953202,0
LTE,466,92,13750,79714583,0,120.97,24.8005,1000,12,1,1471003041,1750959782,0
LTE,466,97,22530,86544515,0,121.2463,25.0432,1000,12,1,1470983708,1760183703,0
LTE,466,97,22520,84496359,0,121.2997,25.0145,1000,12,1,1471050418,1780016942,0
LTE,466,97,22550,81938287,0,121.2362,24.9619,1000,5,1,1471155350,1765252022,0
LTE,466,97,22550,81954024,0,121.2406,24.9931,1053,14,1,1471155351,1778298961,0
LTE,466,97,22550,81932263,0,121.2198,24.9681,1000,13,1,1471134582,1778298961,0
LTE,466,97,22550,81924483,0,121.2239,24.9625,1000,7,1,1471155349,1765266602,0
LTE,466,97,11450,68866536,0,121.7877,24.6431,1000,7,1,1471170167,1775724423,0
LTE,466,92,13701,81558286,0,120.9942,24.8668,1000,21,1,1471219800,1768723445,0
LTE,466,92,11102,54422296,0,121.5139,25.0559,1000,17,1,1471226849,1754115547,0
LTE,466,97,22730,28677863,0,121.4995,25.1285,1000,2,1,1471247503,1760183713,0
LTE,466,92,11701,55363096,0,121.5405,25.0623,1000,17,1,1471314523,1768723446,0
LTE,466,97,22740,29238896,0,121.5723,25.081,1000,10,1,1471417359,1762777862,0
LTE,466,92,11400,54068770,0,121.5417,25.0416,1000,5,1,1471572452,1774782915,0
LTE,466,97,11240,29707140,0,121.5377,24.9946,1000,7,1,1471592380,1752416406,0
LTE,466,97,11400,27656324,0,121.5038,25.0197,1000,3,1,1471592380,1751187722,0
LTE,466,97,11270,27657604,0,121.497,25.0173,1000,23,1,1471622375,1751187722,0
LTE,466,97,11320,29701353,0,121.5412,24.9932,1000,11,1,1471622375,1752416406,0
LTE,466,97,11270,27657605,0,121.4957,25.0158,1000,18,1,1471622375,1751187722,0
LTE,466,97,11460,59141233,0,121.5426,24.9741,5387,11,1,1471943519,1773480782,0
LTE,466,97,11420,60193648,0,121.5023,24.9947,1000,9,1,1471943519,1780123203,0
LTE,466,1,19843,186997773,0,120.4877,22.6689,1000,13,1,1471942111,1772808602,0
LTE,466,97,22710,56611183,0,121.6585,25.0657,500,26,1,1472090861,1767247441,0
LTE,466,92,13300,28521759,0,121.3415,24.9491,1000,5,1,1472116833,1750959783,0
LTE,466,97,44210,186883561,0,120.2859,23.3008,1000,20,1,1472138845,1760501342,0
LTE,466,92,11701,55363106,0,121.5247,25.0626,2369,50,1,1472170082,1768723446,0
LTE,466,92,11102,54361870,0,121.5106,25.0411,1000,16,1,1472227721,1786404061,0
LTE,466,92,24101,105329186,0,120.6657,24.1873,500,30,1,1472270841,1768723623,0
LTE,466,92,11102,54424344,0,121.5128,25.0518,1000,13,1,1472317836,1754115551,0
LTE,466,97,33360,103954409,0,120.7772,24.1983,1000,14,1,1472328708,1755314764,0
LTE,466,97,33360,103962479,0,120.7752,24.1983,2567,11,1,1472328708,1755314764,0
LTE,466,97,44240,153619823,0,120.4286,23.4677,1000,10,1,1472307974,1760934686,0
LTE,466,97,33360,103959273,0,120.7419,24.1815,1000,14,1,1472328708,1755314765,0
LTE,466,97,33360,103954287,0,120.7858,24.2025,1181,16,1,1472328708,1755314764,0
LTE,466,97,44240,153631857,0,120.4237,23.4583,1000,24,1,1472328709,1760681826,0
LTE,466,97,44240,153617520,0,120.4255,23.4652,1000,12,1,1458884145,1760934686,0
LTE,466,97,33360,103957892,0,120.7431,24.1838,1000,9,1,1472328708,1755314765,0
LTE,466,97,44240,153624453,0,120.4363,23.4686,1000,2,1,1472307974,1760592844,0
LTE,466,97,22730,28706159,0,121.4937,25.1368,1000,2,1,1472462285,1751187724,0
LTE,466,92,24300,105456930,0,120.6579,24.1504,1392,14,1,1472750715,1746739931,0
LTE,466,92,24300,107428376,0,120.6437,24.1507,809,28,1,1472750715,1746739922,0
LTE,466,92,24300,106650658,0,120.6387,24.1511,836,25,1,1472750715,1746739922,0
LTE,466,92,11200,54368277,0,121.5435,25.0287,1000,15,1,1472806890,1750959785,0
LTE,466,97,22600,86556647,0,121.2672,25.0256,1199,25,1,1472813645,1752416410,0
LTE,466,97,11220,60418161,0,121.467,24.9788,1000,12,1,1472801413,1771110128,0
LTE,466,97,22740,29242344,0,121.5657,25.084,1000,3,1,1472815366,1773461521,0
LTE,466,92,24101,106052386,0,120.6678,24.1789,1000,8,1,1472890635,1746739991,0
LTE,466,92,24101,106052376,0,120.6702,24.177,1000,7,1,1472890635,1746739991,0
LTE,466,92,24300,105456920,0,120.6572,24.1464,1000,16,1,1472893658,1746739924,0
LTE,466,92,24300,107428386,0,120.6405,24.1495,1000,8,1,1472911688,1746739922,0
LTE,466,92,24101,105329176,0,120.665,24.1838,1000,3,1,1472911687,1768723623,0
LTE,466,92,24300,106042126,0,120.6471,24.1456,500,45,1,1472911687,1746739923,0
LTE,466,92,24600,106123790,0,120.7076,24.2264,864,33,1,1472998092,1750959782,0
LTE,466,92,24600,106117144,0,120.7167,24.2494,1000,21,1,1472998092,1768723322,0
LTE,466,92,24600,106123800,0,120.7069,24.2222,4743,50,1,1472998092,1750959782,0
LTE,466,92,24600,106101794,0,120.7166,24.2439,1000,23,1,1472998092,1768723622,0
LTE,466,92,24600,106117134,0,120.7152,24.2516,1000,23,1,1472998092,1768723322,0
LTE,466,97,22261,52484484,0,121.743,25.1025,500,27,1,1472989859,1775724363,0
LTE,466,97,22261,52481257,0,121.7504,25.1014,570,31,1,1458919983,1775724363,0
LTE,466,92,13701,80271905,0,120.9724,24.9176,1000,9,1,1458575470,1782478023,0
LTE,466,92,24100,106035470,0,120.6842,24.1498,1000,21,1,1473096461,1754115484,0
LTE,466,92,24101,106090530,0,120.6737,24.1471,1532,22,1,1473096461,1746740042,0
LTE,466,92,11102,55069454,0,121.5106,25.0523,1000,16,1,1473121728,1754115551,0
LTE,466,92,24101,106031896,0,120.6718,24.1491,500,50,1,1473246850,1746740042,0
LTE,466,97,22530,81948549,0,121.2196,25.0116,1000,8,1,1473297847,1754432951,0
LTE,466,92,24300,106602766,0,120.6804,24.1348,630,30,1,1473375041,1746739927,0
LTE,466,92,24101,106031886,0,120.6692,24.1511,1000,12,1,1473460425,1746740043,0
LTE,466,92,24500,106559265,0,120.6824,24.204,1287,5,1,1473460426,1768723566,0
LTE,466,92,24101,105880354,0,120.6495,24.1591,557,31,1,1473523772,1746739927,0
LTE,466,97,11310,60948357,0,121.3788,24.955,1000,19,1,1473540728,1768536962,0
LTE,466,92,36300,157370392,0,120.2065,22.9896,1000,12,1,1473606599,1754115543,0
LTE,466,97,22740,29238128,0,121.5753,25.0721,1000,7,1,1473665257,1780016946,0
LTE,466,1,19843,187000865,0,120.4682,22.6659,1000,19,1,1473691697,1772808602,0
LTE,466,92,24101,106031906,0,120.6698,24.1484,500,25,1,1473700647,1740462304,0
LTE,466,92,11400,54451746,0,121.5457,25.0346,1000,8,1,1473807812,1773716945,0
LTE,466,92,36200,157540641,0,120.4283,23.5384,1092,21,1,1458810922,1754115487,0
LTE,466,92,25300,131767064,0,120.5318,24.0745,1000,18,1,1473927044,1750959781,0
LTE,466,92,25300,131767822,0,120.5689,24.0939,1000,7,1,1473927044,1750959782,0
LTE,466,92,24300,106042136,0,120.6452,24.1473,500,42,1,1474014402,1746739923,0
LTE,466,92,24600,106129698,0,120.7208,24.2477,1000,9,1,1474024103,1768723622,0
LTE,466,92,11102,55072269,0,121.5038,25.047,1000,4,1,1474084019,1786038484,0
LTE,466,1,19863,184652567,0,120.2853,22.588,1000,7,1,1474106817,1772948942,0
LTE,466,1,19863,184399894,0,120.2824,22.5932,1000,17,1,1474106817,1772948942,0
LTE,466,92,24100,106035490,0,120.6834,24.1482,643,50,1,1474142853,1740462305,0
LTE,466,92,24100,106035480,0,120.6836,24.1474,1000,11,1,1474142853,1740462305,0
LTE,466,92,24400,106070029,0,120.7005,24.0787,3041,18,1,1474193205,1740462368,0
LTE,466,92,24400,106070039,0,120.708,24.074,1246,12,1,1474193205,1740462368,0
LTE,466,92,24101,106018082,0,120.6708,24.1605,1000,17,1,1474336060,1746740043,0
LTE,466,92,24101,106018062,0,120.6731,24.1625,1351,16,1,1474336060,1768723505,0
LTE,466,92,24101,106027554,0,120.6534,24.1658,1988,50,1,1474337257,1746739930,0
LTE,466,92,24101,106027534,0,120.6542,24.1681,1000,14,1,1474337257,1746739930,0
LTE,466,92,24300,106650648,0,120.6376,24.1489,500,39,1,1474337258,1746739922,0
LTE,466,92,24101,106608142,0,120.6639,24.1725,1000,6,1,1474337257,1746739930,0
LTE,466,97,11400,25643752,0,121.5197,25.0365,1000,14,1,1474380494,1775724361,0
LTE,466,97,22550,81927044,0,121.2287,24.9806,500,27,1,1474448868,1778298961,0
LTE,466,97,44350,156676208,0,120.3624,23.4829,1943,25,1,1474433380,1760592845,0
LTE,466,97,44210,186885745,0,120.2777,23.2929,500,25,1,1474455980,1760501405,0
LTE,466,97,44210,187140209,0,120.3738,23.3868,1966,22,1,1474433313,1760681827,0
LTE,466,92,24600,106101774,0,120.7179,24.2424,1000,20,1,1474459769,1768723622,0
LTE,466,92,24600,106129678,0,120.7224,24.2478,1000,11,1,1474459769,1768723622,0
LTE,466,1,19863,184383757,0,120.2928,22.5804,1000,6,1,1474614431,1772948942,0
LTE,466,1,19863,184399884,0,120.2827,22.5937,1000,7,1,1474614431,1772948942,0
LTE,466,1,19863,184399904,0,120.2828,22.5921,1000,3,1,1474614431,1772948942,0
LTE,466,1,19863,184714784,0,120.2937,22.579,1000,3,1,1474614431,1772948942,0
LTE,466,1,19122,25657869,0,121.5369,25.0701,780,26,1,1474640973,1773716943,0
LTE,466,1,29341,51229453,0,121.4655,25.0758,1000,16,1,1474640982,1773716943,0
LTE,466,97,11270,27657859,0,121.4939,25.0273,1000,7,1,1474644076,1752416343,0
LTE,466,92,11900,55080225,0,121.5181,25.0287,1000,19,1,1474670858,1768723446,0
LTE,466,92,24600,106126862,0,120.7197,24.2527,1000,19,1,1474706803,1768723322,0
LTE,466,92,24300,106042648,0,120.666,24.137,1000,21,1,1474729650,1746739927,0
LTE,466,92,36300,157772322,0,120.2003,22.9994,1000,15,1,1474787232,1754115545,0
LTE,466,92,11101,54410766,0,121.5192,25.0673,1129,15,1,1474826880,1754115550,0
LTE,466,92,36300,157772312,0,120.2006,22.9983,1000,20,1,1474915331,1754115545,0
LTE,466,92,24950,106030606,0,120.641,24.1764,500,26,1,1475118544,1746739926,0
LTE,466,92,24400,106861837,0,120.7342,24.1693,1769,6,1,1458575522,1740462367,0
LTE,466,92,24950,106030616,0,120.64,24.1741,500,43,1,1475118544,1746739926,0
LTE,466,92,13701,80496917,0,121.0827,24.8853,8845,28,1,1475193761,1782751501,0
LTE,466,92,24600,106126882,0,120.7179,24.2514,1000,8,1,1475196712,1746739924,0
LTE,466,92,24600,106126872,0,120.7203,24.2499,1000,15,1,1475196712,1768723622,0
LTE,466,92,24101,106043938,0,120.6608,24.1589,898,47,1,1475302011,1746739924,0
LTE,466,97,11330,66563559,0,121.7591,24.7717,3005,7,1,1475400645,1775724422,0
LTE,466,1,19863,184663329,0,120.2781,22.5982,1000,2,1,1475455529,1772948942,0
LTE,466,1,19863,184357663,0,120.2752,22.6027,1000,6,1,1475479666,1772948942,0
LTE,466,1,19863,184663309,0,120.2775,22.5993,1000,5,1,1475455529,1772948942,0
LTE,466,1,19863,184551949,0,120.2686,22.6134,1000,3,1,1475479666,1772948942,0
LTE,466,1,19863,184384023,0,120.2693,22.609,1000,5,1,1475479666,1772948942,0
LTE,466,1,19863,184384033,0,120.2686,22.61,1000,4,1,1475479666,1772948942,0
LTE,466,1,19863,184551969,0,120.2679,22.6117,1000,5,1,1475479666,1772948942,0
LTE,466,1,29853,184370975,0,120.2812,22.6363,1000,3,1,1475641246,1772932921,0
LTE,466,1,29853,184370977,0,120.2804,22.6363,1000,4,1,1475641246,1772932921,0
LTE,466,97,11460,59173097,0,121.5206,24.9736,1000,22,1,1475676875,1772355547,0
LTE,466,92,24100,107386126,0,120.6818,24.1603,1000,9,1,1475684031,1746739991,0
LTE,466,92,24101,106043928,0,120.6637,24.1603,527,26,1,1475582839,1746739930,0
LTE,466,92,24101,106043918,0,120.6642,24.1624,1000,12,1,1475684033,1746739930,0
LTE,466,92,36300,157370382,0,120.2046,22.9906,1000,14,1,1475776465,1754115543,0
LTE,466,97,44240,153631343,0,120.4542,23.4711,1000,8,1,1475838728,1760934685,0
LTE,466,97,44240,153611377,0,120.4469,23.4647,1000,7,1,1475838728,1760592843,0
LTE,466,97,44240,153611887,0,120.4416,23.464,1000,13,1,1475838728,1760592844,0
LTE,466,97,44240,153611889,0,120.441,23.4624,1000,10,1,1475838728,1760592844,0
LTE,466,97,44240,153608816,0,120.4541,23.4727,1000,5,1,1475838728,1760934685,0
LTE,466,97,22730,28435077,0,121.5023,25.0884,1253,16,1,1458884073,1760183712,0
LTE,466,92,24300,106608920,0,120.6511,24.1469,500,45,1,1476000463,1746739923,0
LTE,466,97,22740,29239017,0,121.5714,25.0812,1000,6,1,1476023566,1773461524,0
LTE,466,97,44190,206601960,0,120.3098,22.6411,1000,5,1,1476061667,1745681642,0
LTE,466,1,29341,51227405,0,121.4497,25.0722,1804,35,1,1476094933,1773716943,0
LTE,466,1,49323,51628577,0,121.4931,25.0756,3442,33,1,1476094936,1773716943,0
LTE,466,1,29341,51227425,0,121.4476,25.0711,2042,23,1,1476094933,1773716943,0
LTE,466,97,22530,81934191,0,121.2161,25.0047,1000,19,1,1458919998,1761826202,0
LTE,466,97,22530,81957509,0,121.2192,25.0081,1000,21,1,1476242064,1784978342,0
LTE,466,97,22530,81930984,0,121.2182,25.0094,1000,9,1,1476242064,1784978342,0
LTE,466,97,33360,103950213,0,120.6956,24.1849,1000,5,1,1476270220,1755428345,0
LTE,466,97,33360,103963423,0,120.6904,24.1847,1000,10,1,1476270222,1755428345,0
LTE,466,92,24300,106040600,0,120.6709,24.1305,1000,23,1,1476317046,1746739990,0
LTE,466,92,24400,106062862,0,120.6795,24.1176,500,30,1,1476441899,1740462304,0
LTE,466,97,33360,103962481,0,120.7655,24.1988,1000,3,1,1476518846,1755314764,0
LTE,466,92,36300,157751566,0,120.2038,22.9955,1000,10,1,1476634170,1754115545,0
LTE,466,92,24300,107428110,0,120.659,24.1393,1000,23,1,1476667637,1746739985,0
LTE,466,92,36300,157751576,0,120.2042,22.9927,500,25,1,1476822968,1754115543,0
LTE,466,97,22710,56578281,0,121.6468,25.0626,1000,9,1,1476925663,1775724362,0
LTE,466,97,11320,29729391,0,121.5427,24.9919,1000,21,1,1477120000,1780917487,0
LTE,466,97,22520,84498665,0,121.2884,24.9891,1207,6,1,1477246375,1780016942,0
LTE,466,97,22520,84497007,0,121.281,24.9872,1000,21,1,1477246375,1784953202,0
LTE,466,1,19843,186954017,0,120.4786,22.6694,1000,5,1,1477694718,1772808602,0
LTE,466,92,24300,106041614,0,120.654,24.136,1000,21,1,1477739215,1746739990,0
LTE,466,92,24300,106041624,0,120.6552,24.1347,1000,16,1,1477739215,1746739990,0
LTE,466,92,24300,107428130,0,120.6573,24.136,1000,24,1,1477739215,1746739986,0
LTE,466,97,22740,29242345,0,121.5633,25.0833,1000,5,1,1477765713,1768874642,0
LTE,466,97,22740,29242343,0,121.565,25.0826,1000,7,1,1477765713,1773461524,0
LTE,466,97,44240,153603816,0,120.4183,23.4852,1000,14,1,1477827153,1760592844,0
LTE,466,92,24101,106018072,0,120.6743,24.1596,1000,16,1,1477854609,1754115603,0
LTE,466,92,36300,157772302,0,120.2023,22.9982,1000,18,1,1477934846,1754115545,0
LTE,466,97,22210,26663301,0,121.5536,25.085,1000,10,1,1477938532,1773461524,0
LTE,466,1,19863,184374807,0,120.3296,22.5794,1000,18,1,1472998091,1785251582,0
LTE,466,1,19863,184617741,0,120.3206,22.5901,1000,8,1,1478110282,1785251582,0
LTE,466,92,13600,80305943,0,121.1122,24.8174,1000,2,1,1478290303,1768723502,0
LTE,466,92,24300,106040610,0,120.6682,24.1313,517,30,1,1478337973,1746739990,0
LTE,466,97,11330,67072743,0,121.7772,24.8193,1925,15,1,1478343998,1775724366,0
LTE,466,97,22550,85511911,0,121.2733,24.9797,1000,24,1,1478647755,1784953202,0
LTE,466,97,11320,29701352,0,121.542,24.9917,1000,10,1,1478686351,1751187721,0
LTE,466,97,11400,25645680,0,121.5217,25.0472,1000,8,1,1478806054,1764805981,0
LTE,466,97,11320,29729511,0,121.542,24.992,1000,2,1,1478812279,1765639862,0
LTE,466,92,24600,106103053,0,120.8344,24.2446,1000,14,1,1478969204,1768723625,0
LTE,466,92,24600,106134029,0,120.8523,24.1614,1617,34,1,1478969204,1768723628,0
LTE,466,92,24600,106124055,0,120.8385,24.2209,1000,21,1,1478969204,1746739983,0
LTE,466,92,24400,106670349,0,120.7222,24.1762,1000,24,1,1478970431,1740462367,0
LTE,466,97,22730,28424580,0,121.4988,25.1041,1000,7,1,1458884072,1780822516,0
LTE,466,97,33360,103942376,0,120.7276,24.1767,1000,12,1,1479125151,1755314765,0
LTE,466,97,22550,85511913,0,121.2706,24.9782,1000,11,1,1479128777,1784953202,0
LTE,466,97,11400,25645799,0,121.525,25.0476,1000,24,1,1479136008,1773461522,0
LTE,466,97,22520,85511657,0,121.2766,24.982,1000,10,1,1479136008,1784953202,0
LTE,466,97,33332,130051285,0,120.4881,24.0957,1000,10,1,1479150502,1782968342,0
LTE,466,97,22520,84488835,0,121.31,24.9939,1000,7,1,1458919995,1764402423,0
LTE,466,97,22210,26636421,0,121.5508,25.0858,1000,8,1,1479358446,1773461524,0
LTE,466,1,39640,130643478,0,120.6726,24.1182,1000,5,1,1479412206,1769526001,0
LTE,466,97,11320,29739631,0,121.5421,24.9882,1000,11,1,1479475581,1776102481,0
LTE,466,92,13701,80496927,0,121.0736,24.885,849,40,1,1479517611,1782751501,0
LTE,466,97,44190,206617221,0,120.2915,22.6426,1000,6,1,1479600410,1745681642,0
LTE,466,92,11100,54362638,0,121.5144,25.0453,1000,17,1,1479786248,1786038483,0
LTE,466,97,11370,248337129,0,121.6007,23.9923,1000,4,1,1479879529,1775724428,0
LTE,466,97,11430,60166633,0,121.4714,25.0087,1000,23,1,1458919959,1760183710,0
LTE,466,97,44240,155650928,0,120.4377,23.44,1316,14,1,1480305967,1760934684,0
LTE,466,97,44240,153607536,0,120.4305,23.4307,7018,16,1,1458884145,1760934684,0
LTE,466,97,22700,61703911,0,121.478,25.0736,1000,2,1,1480410622,1780016945,0
LTE,466,97,33332,130051205,0,120.4886,24.0965,1000,6,1,1480477912,1782968342,0
LTE,466,97,44190,205829864,0,120.2944,22.6545,1000,16,1,1480701037,1745670541,0
LTE,466,97,22550,81927045,0,121.2245,24.977,1000,14,1,1480762845,1778298961,0
LTE,466,92,24500,106131745,0,120.6672,24.2086,1508,24,1,1480799220,1760143142,0
LTE,466,1,19843,186955552,0,120.4995,22.657,1000,13,1,1481003275,1772808603,0
LTE,466,97,33360,103954407,0,120.7909,24.2029,1000,2,1,1481026541,1755306782,0
LTE,466,92,13500,81060877,0,121.2105,24.8576,1000,6,1,1481162724,1768723561,0
LTE,466,92,36400,157857549,0,120.379,23.3929,1000,12,1,1481430349,1754115489,0
LTE,466,92,12600,28593442,0,121.5259,25.0096,1200,4,1,1481479628,1768723445,0
LTE,466,92,24101,106020642,0,120.6727,24.1667,1000,14,1,1478452029,1746739991,0
LTE,466,92,13201,81196311,0,121.3693,25.0591,1000,8,1,1481642684,1786038483,0
LTE,466,1,19863,184384012,0,120.2707,22.6149,1244,3,1,1481702774,1772932922,0
LTE,466,97,11270,27657861,0,121.4935,25.0262,1000,5,1,1481778370,1752416342,0
LTE,466,97,11320,29701351,0,121.5432,24.992,1000,10,1,1481797047,1780917487,0
LTE,466,97,11320,29738352,0,121.5425,24.9906,1000,3,1,1481797047,1773482221,0
LTE,466,97,11320,29735792,0,121.5427,24.9899,1000,4,1,1481859924,1776102481,0
LTE,466,92,13701,81558296,0,120.9935,24.8663,1000,11,1,1481934378,1768723445,0
LTE,466,97,22550,81971824,0,121.2266,24.9615,1000,9,1,1481965603,1771571102,0
LTE,466,97,22730,28416645,0,121.4974,25.0961,1000,7,1,1482092474,1760183712,0
LTE,466,97,22290,26903939,0,121.5622,25.0576,1000,3,1,1482209172,1754460602,0
LTE,466,97,44210,188160487,0,120.249,23.2405,2008,43,1,1482426429,1760320866,0
LTE,466,92,13200,80795425,0,121.1812,25.0809,1000,8,1,1482446852,1782478022,0
LTE,466,92,13701,80427541,0,121.0227,24.8119,1000,19,1,1482667569,1782478024,0
LTE,466,97,44210,186882025,0,120.3075,23.3107,1427,7,1,1483164352,1760934680,0
LTE,466,97,44350,155648487,0,120.3559,23.4202,7302,32,1,1483188420,1761379445,0
LTE,466,97,44210,187136487,0,120.3167,23.3438,2551,47,1,1483188420,1760934688,0
LTE,466,97,44210,187136489,0,120.305,23.328,2070,22,1,1483188420,1760934681,0
LTE,466,92,24400,106071074,0,120.6778,24.1106,1151,18,1,1478794048,1740462304,0
LTE,466,92,24400,106071064,0,120.6814,24.108,1000,22,1,1478794048,1740462304,0
LTE,466,97,11330,66569448,0,121.7733,24.7192,1329,8,1,1483333533,1775724423,0
LTE,466,97,11330,66562180,0,121.7628,24.7378,1045,7,1,1483309921,1775724422,0
LTE,466,97,22210,28416901,0,121.5077,25.0817,1000,5,1,1483344110,1751187723,0
LTE,466,92,36100,157511713,0,120.4041,23.4408,2150,8,1,1483548068,1754115546,0
LTE,466,97,11460,59153642,0,121.5271,24.9671,755,26,1,1483711712,1774079230,0
LTE,466,92,24300,107428120,0,120.6594,24.1335,1000,16,1,1483883162,1746739923,0
LTE,466,97,22600,86556527,0,121.267,25.0259,1000,22,1,1484103059,1777697282,0
LTE,466,92,11100,55623713,0,121.5164,25.0306,1000,3,1,1484232429,1768723446,0
LTE,466,92,13701,80268312,0,120.9993,24.856,6163,6,1,1484248979,1768723445,0
LTE,466,92,13201,28524577,0,121.3594,25.0652,2485,32,1,1484248978,1786038482,0
LTE,466,97,22600,85284465,0,121.3409,25.0635,8919,26,1,1483585966,1780016943,0
LTE,466,97,22290,26894567,0,121.5443,25.0525,1000,5,1,1484402780,1773461521,0
LTE,466,92,13200,80023053,0,121.2701,25.0219,6906,50,1,1484671038,1782751503,0
LTE,466,92,13200,79834382,0,121.2372,25.081,1000,14,1,1484808796,1782751504,0
LTE,466,97,11240,27146983,0,121.5443,25.0418,1000,13,1,1484890017,1770552842,0
LTE,466,97,22270,29196008,0,121.5739,25.0605,1000,3,1,1484908048,1780016946,0
LTE,466,92,11102,55327000,0,121.5121,25.0491,1000,16,1,1485007610,1754115551,0
LTE,466,92,11102,55326990,0,121.5123,25.0499,1000,8,1,1485007610,1754115549,0
LTE,466,92,11100,55069986,0,121.5131,25.047,1000,8,1,1485007610,1786038483,0
LTE,466,97,44190,206595715,0,120.3067,22.6407,1000,5,1,1485187609,1745681642,0
LTE,466,97,11340,56375429,0,121.4757,25.0188,1000,4,1,1485315279,1760183710,0
LTE,466,92,24300,102689294,0,120.703,24.1385,1000,17,1,1485345296,1768723566,0
LTE,466,92,13200,80023073,0,121.2648,25.0235,6369,20,1,1485423963,1782751503,0
LTE,466,92,13200,81756440,0,121.2151,25.0526,1251,28,1,1485518972,1782751503,0
LTE,466,92,13200,81756450,0,121.2116,25.0624,1810,28,1,1485518972,1782478022,0
LTE,466,92,13200,81756430,0,121.2141,25.0589,1360,26,1,1485518972,1782751503,0
LTE,466,92,13200,80954903,0,121.2114,25.0501,1000,6,1,1485518972,1760144884,0
LTE,466,92,13202,80955405,0,121.2053,25.0033,1000,13,1,1485547645,1760144885,0
LTE,466,97,44210,186881767,0,120.3089,23.3089,1604,10,1,1485577331,1760629505,0
LTE,466,1,29792,182006029,0,120.2495,23.0257,1000,16,1,1485713950,1783748762,0
LTE,466,92,24600,106708001,0,120.7178,24.2498,1000,3,1,1485752740,1746739924,0
LTE,466,1,19862,184434720,0,120.2754,22.8857,1000,16,1,1485846132,1783748765,0
LTE,466,92,24600,106913559,0,120.8159,24.3073,1063,8,1,1485910612,1768723506,0
LTE,466,92,24600,106154263,0,120.801,24.2941,1000,19,1,1485910612,1768723505,0
LTE,466,92,24600,106154253,0,120.8018,24.3004,1000,12,1,1485910612,1768723505,0
LTE,466,92,24600,107369761,0,120.8207,24.2579,1053,9,1,1486288987,1740462372,0
LTE,466,92,13200,80955159,0,121.2155,25.0331,1490,11,1,1486191883,1760144885,0
LTE,466,92,11102,55326999,0,121.5107,25.0483,1000,22,1,1486351134,1754115551,0
LTE,466,92,11102,54373411,0,121.5078,25.0415,1000,7,1,1486455599,1786110722,0
LTE,466,97,11350,60162928,0,121.4771,24.9999,1000,13,1,1486458688,1771539423,0
LTE,466,92,13500,80845080,0,121.2065,24.8329,1000,12,1,1486457392,1768723564,0
LTE,466,92,11100,55003149,0,121.5232,25.0448,1000,3,1,1486706838,1786110722,0
LTE,466,97,22600,85284485,0,121.3373,25.0634,1000,24,1,1486804201,1776102485,0
LTE,466,92,13200,79834392,0,121.2382,25.0814,500,27,1,1486873249,1782751504,0
LTE,466,97,22600,86556528,0,121.2707,25.0225,1000,18,1,1486948197,1777697282,0
LTE,466,92,13701,81765397,0,121.0901,24.8877,8052,17,1,1486980446,1782751501,0
LTE,466,92,13500,81001240,0,121.2061,24.8558,1000,12,1,1487131155,1768723561,0
LTE,466,92,12400,28917016,0,121.4584,25.0073,1000,11,1,1487133965,1768723446,0
LTE,466,97,22600,84482437,0,121.3007,25.0299,1000,6,1,1458884061,1780016943,0
LTE,466,92,11100,55623703,0,121.5177,25.0306,1000,5,1,1487387589,1768723446,0
LTE,466,92,12000,29081613,0,121.44,25.0559,1000,13,1,1487334137,1786038483,0
LTE,466,97,44240,153602537,0,120.4429,23.4789,1000,13,1,1471579940,1760934685,0
LTE,466,97,44240,153614724,0,120.4635,23.4659,1000,10,1,1458884145,1760592843,0
LTE,466,97,44240,153602927,0,120.4336,23.4701,1000,6,1,1458884144,1760934685,0
LTE,466,97,44190,205826179,0,120.2927,22.6532,1000,12,1,1487459202,1745670541,0
LTE,466,97,44240,153627111,0,120.444,23.4634,1000,8,1,1487633830,1760592844,0
LTE,466,92,13200,81511181,0,121.2459,25.0299,5430,45,1,1487643488,1782751503,0
LTE,466,97,22290,26883304,0,121.552,25.0581,1000,5,1,1487643791,1764810722,0
LTE,466,97,22740,29184644,0,121.5713,25.0802,1000,4,1,1458884076,1773461524,0
LTE,466,97,44190,206621417,0,120.3155,22.6444,1000,5,1,1472574073,1745681642,0
LTE,466,97,11330,67077095,0,121.7722,24.8235,1000,9,1,1488080914,1775724366,0
LTE,466,92,13202,81058849,0,121.0248,24.9974,1000,11,1,1488207074,1782478023,0
LTE,466,92,24600,106656533,0,120.8673,24.1833,500,50,1,1488409490,1761840063,0
LTE,466,92,24600,106896151,0,120.8711,24.1941,1919,21,1,1488409489,1768723626,0
LTE,466,97,44240,153601393,0,120.4468,23.4794,1000,8,1,1458884144,1760934685,0
LTE,466,97,22710,57352069,0,121.7665,25.1029,1000,16,1,1488419066,1775724364,0
LTE,466,92,13701,81765407,0,121.0879,24.8879,8261,14,1,1488618886,1782751502,0
LTE,466,92,24600,107369751,0,120.8306,24.2614,1000,9,1,1488484600,1746739991,0
LTE,466,92,13700,80900363,0,121.0068,24.7771,1000,5,1,1488703584,1748947741,0
LTE,466,92,13500,80813080,0,121.1758,24.9288,1000,3,1,1488679819,1782751502,0
LTE,466,97,22600,85284463,0,121.342,25.0647,1981,21,1,1483585966,1780016943,0
LTE,466,97,22510,78336487,0,121.1765,24.7906,1000,2,1,1488848909,1768723448,0
LTE,466,97,44240,153625731,0,120.4432,23.4797,1000,2,1,1488868631,1760681825,0
LTE,466,1,19122,25654797,0,121.5256,25.0732,653,29,1,1489013941,1773716943,0
LTE,466,97,11330,66563561,0,121.7606,24.7611,1000,11,1,1489295312,1775724422,0
LTE,466,97,44240,153615727,0,120.4546,23.4675,1000,7,1,1489504952,1760934685,0
LTE,466,92,13200,80005134,0,121.2188,25.0651,1136,50,1,1489736927,1782751503,0
LTE,466,97,44240,153627779,0,120.4634,23.4659,1000,5,1,1489835505,1760592843,0
LTE,466,92,11102,54361890,0,121.5084,25.0418,1000,16,1,1489901147,1786404061,0
LTE,466,92,11401,54035736,0,121.567,25.037,1000,2,1,1490166108,1774782915,0
LTE,466,97,44240,153611907,0,120.4415,23.4626,1000,3,1,1490428523,1760592844,0
LTE,466,97,44240,153614961,0,120.4402,23.4688,1000,4,1,1490428509,1760934685,0
LTE,466,97,22520,85511655,0,121.2806,24.9854,1162,8,1,1490534792,1784953202,0
LTE,466,97,22550,81939332,0,121.2353,24.9641,1000,7,1,1490534792,1784953202,0
LTE,466,97,44240,153603817,0,120.4106,23.4854,1000,8,1,1490674578,1760592844,0
LTE,466,97,44350,156675304,0,120.3823,23.4848,2512,23,1,1490732818,1760592845,0
LTE,466,97,44240,153604719,0,120.44,23.4674,1000,3,1,1490759259,1760592844,0
LTE,466,92,13201,80016407,0,121.3239,25.0704,1000,3,1,1490800752,1786038482,0
LTE,466,92,11800,54568226,0,121.6067,25.0528,1000,7,1,1490987225,1774782915,0
LTE,466,92,13200,79695650,0,121.2377,25.0811,1000,12,1,1491050691,1774782916,0
LTE,466,97,44190,205826180,0,120.2949,22.6524,1000,9,1,1491089194,1745670541,0
LTE,466,92,13700,80900365,0,121.0087,24.7786,1000,21,1,1487876065,1752025561,0
LTE,466,92,13750,80899597,0,120.9517,24.7994,1000,11,1,1491363258,1750959782,0
LTE,466,92,13750,80899617,0,120.947,24.7934,1000,3,1,1491363258,1750959782,0
LTE,466,97,11320,29739751,0,121.5408,24.9886,1000,8,1,1491916215,1752416406,0
LTE,466,92,11102,55072279,0,121.5058,25.0442,1000,3,1,1491967554,1786423083,0
LTE,466,92,24400,106075917,0,120.7324,24.1375,1000,4,1,1492293665,1740462367,0
LTE,466,92,24400,106280461,0,120.7113,24.1516,1000,7,1,1492453800,1754115603,0
LTE,466,97,22530,81954160,0,121.2136,25.0101,1151,3,1,1492431956,1775046062,0
LTE,466,97,22530,81946855,0,121.2004,25.0041,1000,3,1,1492431956,1784978342,0
LTE,466,92,11900,55140120,0,121.5242,25.0255,1000,5,1,1505296359,1786279441,0
LTE,466,97,22290,26923121,0,121.5438,25.0475,2008,8,1,1505345361,1764832282,0
LTE,466,92,13700,80899854,0,121.004,24.7825,1250,11,1,1505292634,1753255561,0
LTE,466,92,13700,80441378,0,121.002,24.7836,1195,20,1,1505292612,1753255561,0
LTE,466,92,11900,54371864,0,121.5299,25.014,1168,17,1,1505210984,1754115551,0
LTE,466,92,13750,81023000,0,120.9762,24.8051,1012,20,1,1505342002,1768723504,0
LTE,466,92,13701,81558040,0,121.0276,24.8748,4888,24,1,1505305275,1782751501,0
LTE,466,92,13701,81555234,0,121.0196,24.8493,4621,11,1,1505305553,1782751501,0
LTE,466,92,13701,80427554,0,121.0246,24.8148,1000,7,1,1505292242,1782478024,0
LTE,466,92,13701,80488462,0,121.0297,24.873,4722,16,1,1505305410,1782751501,0
LTE,466,92,11200,55141144,0,121.5398,25.0231,5297,8,1,1505202145,1786279441,0
LTE,466,92,11100,55343129,0,121.5319,25.0439,1000,3,1,1505309032,1786110722,0
LTE,466,92,13701,80268834,0,120.9839,24.9304,1023,14,1,1505270062,1782478023,0
LTE,466,92,36100,157714446,0,120.4466,23.4786,1860,9,1,1505298369,1754115488,0
LTE,466,92,24100,106554146,0,120.6891,24.1429,1000,9,1,1505363347,1746739927,0
LTE,466,92,13701,80269848,0,120.9927,24.8166,1811,14,1,1505362137,1768723504,0
LTE,466,92,13701,81555224,0,121.0215,24.8376,2755,20,1,1505288355,1782751501,0
LTE,466,97,22270,26898819,0,121.5682,25.0535,1000,5,1,1505275330,1780016946,0
LTE,466,97,22550,81975311,0,121.2584,24.9731,1000,19,1,1505348729,1784953202,0
LTE,466,92,11100,55139597,0,121.5341,25.0156,5197,3,1,1505293201,1754115551,0
LTE,466,92,11102,55125291,0,121.5086,25.0423,2027,9,1,1505348601,1786279441,0
LTE,466,92,11102,55125271,0,121.4831,25.0222,4013,4,1,1505348512,1786279441,0
LTE,466,92,11102,55125281,0,121.4978,25.0339,5977,8,1,1505296010,1786170901,0
LTE,466,92,11100,55003159,0,121.5176,25.0463,1336,5,1,1505348795,1786110722,0
LTE,466,97,22550,81928067,0,121.2182,24.9561,1000,7,1,1505292222,1771571102,0
LTE,466,92,11100,55139340,0,121.5157,25.0455,2229,3,1,1505296465,1754115550,0
LTE,466,92,11102,54349600,0,121.5048,25.0438,1000,3,1,1505293840,1786302302,0
LTE,466,97,22710,56578279,0,121.6486,25.0616,500,36,1,1505297318,1775724362,0
LTE,466,1,49640,130667788,0,120.7165,24.102,5431,26,1,1505356264,1768723624,0
LTE,466,97,22530,83975536,0,121.1416,25.0156,7837,50,1,1505330907,1777186568,0
LTE,466,97,22550,81971944,0,121.2263,24.9618,1000,8,1,1505285277,1784953202,0
LTE,466,92,13701,80269838,0,120.9966,24.8198,1392,36,1,1505340820,1768723504,0
LTE,466,92,13750,81549090,0,120.9792,24.8062,1000,10,1,1505340548,1768723444,0
LTE,466,97,22530,81940849,0,121.1805,24.9884,1902,13,1,1505345176,1777186568,0
LTE,466,92,13300,30488078,0,121.3433,24.9515,1000,4,1,1505357498,1750959783,0
LTE,466,92,36300,157767704,0,120.2057,22.9939,1000,10,1,1505359183,1754115543,0
LTE,466,97,22230,85259887,0,121.3495,25.063,6053,32,1,1505399352,1780016944,0
LTE,466,92,11102,54351139,0,121.5032,25.0462,1000,2,1,1505293660,1786038484,0
LTE,466,92,11100,54408728,0,121.5208,25.0484,526,26,1,1505293269,1754115549,0
LTE,466,92,36100,157711384,0,120.4013,23.4352,798,27,1,1505274674,1754115489,0
LTE,466,97,22530,83977583,0,121.1439,25.0075,1891,14,1,1505302141,1777186568,0
LTE,466,92,13701,80303128,0,120.9941,24.8155,971,30,1,1505340681,1768723504,0
LTE,466,97,11290,25625063,0,121.5139,25.0356,1000,2,1,1505290542,1775724361,0
LTE,466,92,13701,81557262,0,121.0238,24.8194,1000,12,1,1505341464,1782478025,0
LTE,466,92,24100,106037538,0,120.6793,24.152,1000,14,1,1505428425,1746739991,0
LTE,466,92,36300,157767694,0,120.2061,22.9943,1000,22,1,1505359093,1754115545,0
LTE,466,92,13400,80193058,0,121.2356,24.962,1000,5,1,1505356483,1750959783,0
LTE,466,97,22530,83977584,0,121.149,25.0047,2160,18,1,1505302117,1777186568,0
LTE,466,97,22290,27195268,0,121.5475,25.0429,500,25,1,1505386384,1770552843,0
LTE,466,92,36300,157788174,0,120.1953,23.0024,1000,6,1,1505389850,1754115545,0
LTE,466,97,22210,28432753,0,121.5202,25.0818,1000,14,1,1505423114,1780822515,0
LTE,466,92,12700,29966104,0,121.421,24.9566,707,50,1,1505384203,1783987922,0
LTE,466,92,13300,28529186,0,121.3877,24.8783,7575,51,1,1505384402,1783987952,0
LTE,466,92,13750,81022990,0,120.9791,24.8067,1000,5,1,1505430513,1768723504,0
LTE,466,92,13750,80299022,0,120.9734,24.8041,1000,8,1,1505344309,1768723504,0
LTE,466,92,13700,80273432,0,121.0145,24.7756,1000,12,1,1505345906,1751000102,0
LTE,466,92,13700,79716386,0,121.0062,24.7832,1000,4,1,1505431583,1750988281,0
LTE,466,92,24101,107408654,0,120.6611,24.1518,1036,6,1,1505384586,1746739931,0
LTE,466,92,13750,81005602,0,120.9847,24.8104,1000,16,1,1505344104,1768723504,0
LTE,466,92,13750,81005582,0,120.9863,24.8111,1000,11,1,1505344119,1768723504,0
LTE,466,92,13400,81907746,0,121.2226,24.9555,1000,5,1,1505445854,1760144886,0
LTE,466,92,11900,55140631,0,121.5429,25.035,4246,4,1,1505130294,1754115551,0
LTE,466,92,11900,55140365,0,121.5209,25.046,2141,2,1,1505130595,1754115550,0
LTE,466,92,11700,54236174,0,121.5857,25.0494,1000,9,1,1505359870,1773716946,0
LTE,466,92,24600,106102296,0,120.7181,24.253,1000,12,1,1505359679,1768723322,0
LTE,466,97,11400,25649007,0,121.5144,25.023,1000,3,1,1505359809,1751187722,0
LTE,466,97,11400,25650288,0,121.5164,25.0226,1000,13,1,1505359779,1752416342,0
LTE,466,92,36300,157788194,0,120.1923,23.0019,1000,6,1,1505390639,1754115544,0
LTE,466,92,12700,30216482,0,121.4246,24.9584,2027,28,1,1505431561,1783987921,0
LTE,466,92,11200,55373602,0,121.5362,25.0115,1281,18,1,1505383731,1754115551,0
LTE,466,92,11200,55141143,0,121.5346,25.0143,1438,3,1,1505127713,1786170901,0
LTE,466,92,11900,55140621,0,121.5426,25.0349,4272,6,1,1505130404,1754115551,0
LTE,466,92,11900,55140119,0,121.5345,25.0145,1000,2,1,1505130430,1754115551,0
LTE,466,92,13750,81260066,0,120.982,24.8078,1000,14,1,1505344125,1768723444,0
LTE,466,97,11440,60929647,0,121.3997,24.9751,1144,19,1,1505382991,1768536962,0
LTE,466,92,13701,80303118,0,120.9937,24.8166,1000,11,1,1505343945,1768723504,0
LTE,466,92,11400,55123982,0,121.5434,25.0363,1000,16,1,1505462985,1773716945,0
LTE,466,92,13750,80283170,0,120.9722,24.8019,1000,18,1,1505344504,1768723504,0
LTE,466,92,36200,157496344,0,120.4309,23.5499,1000,12,1,1505467745,1754115487,0
LTE,466,92,11400,54367266,0,121.5328,25.0408,1002,23,1,1505471195,1773716945,0
LTE,466,92,13600,81259554,0,121.1738,24.7889,515,32,1,1505524813,1768723563,0
LTE,466,92,11102,55138840,0,121.5166,25.0318,2649,7,1,1505459718,1786279441,0
LTE,466,92,11102,54366755,0,121.51,25.045,1000,5,1,1505377865,1786423083,0
LTE,466,92,11900,55140117,0,121.5284,24.9909,4077,5,1,1505484427,1786279441,0
LTE,466,92,11100,54354464,0,121.53,25.0436,1000,9,1,1505451433,1786110722,0
LTE,466,92,11900,55140107,0,121.5256,25.0123,6177,5,1,1505484448,1786279441,0
LTE,466,92,11102,55138829,0,121.5159,25.0205,7279,8,1,1505459628,1786279441,0
LTE,466,92,11102,54350604,0,121.5079,25.0436,1000,9,1,1505469914,1786302302,0
LTE,466,92,11400,55300384,0,121.5473,25.0409,1000,4,1,1505450630,1774782915,0
LTE,466,92,11102,54349593,0,121.5082,25.0396,1539,9,1,1505377964,1754115547,0
LTE,466,92,11900,55140366,0,121.5172,25.0333,1307,10,1,1505469248,1786246502,0
LTE,466,92,24500,106805783,0,120.7591,24.3941,1003,27,1,1505523614,1768723507,0
LTE,466,92,24500,106805773,0,120.7613,24.3972,1408,19,1,1505523627,1768723507,0
LTE,466,92,24600,105473560,0,120.7156,24.2052,2590,38,1,1505518809,1746739983,0
LTE,466,92,12700,30252312,0,121.4457,24.9931,1000,10,1,1505483569,1768723447,0
LTE,466,97,11330,67073156,0,121.7641,24.7918,2840,18,1,1505490487,1775724422,0
LTE,466,92,24100,106873880,0,120.6854,24.1631,1000,9,1,1505348013,1746739924,0
LTE,466,92,24500,106779938,0,120.8808,24.6903,1000,24,1,1505455166,1768723441,0
LTE,466,92,13750,81902862,0,120.9642,24.7972,500,30,1,1505474850,1768723443,0
LTE,466,92,13700,80899853,0,121.0041,24.7844,3782,16,1,1505469063,1751606041,0
LTE,466,92,24500,105919255,0,120.7573,24.3919,1000,18,1,1505523607,1768723507,0
LTE,466,92,11100,55139598,0,121.5166,25.0405,2768,5,1,1505469212,1754115550,0
LTE,466,92,11400,55315468,0,121.5458,25.0418,1000,9,1,1505450646,1773716944,0
LTE,466,92,11900,55140376,0,121.5403,25.0397,4389,4,1,1505469255,1786170901,0
LTE,466,92,11900,55140622,0,121.5308,25.014,4947,7,1,1505469344,1786279441,0
LTE,466,92,11200,55141134,0,121.5329,25.0195,5266,8,1,1505469456,1786279441,0
LTE,466,92,11102,54365718,0,121.5103,25.0413,1000,4,1,1505536925,1786038483,0
LTE,466,92,11300,54455064,0,121.5302,25.0952,1000,3,1,1505542582,1754115550,0
LTE,466,92,24100,106043426,0,120.685,24.1603,1000,16,1,1505347928,1746739992,0
LTE,466,92,24100,106043416,0,120.6841,24.1575,1000,14,1,1505347874,1754115483,0
LTE,466,92,13750,80298008,0,120.9609,24.7965,620,37,1,1505469605,1768723443,0
LTE,466,92,11100,54354444,0,121.532,25.0425,1000,4,1,1505451184,1786110722,0
LTE,466,92,11102,55125005,0,121.5086,25.043,1000,13,1,1505470067,1786423083,0
LTE,466,92,13750,81005592,0,120.986,24.8101,1000,13,1,1505622286,1768723444,0
LTE,466,92,13701,80489752,0,121.0133,24.8455,1000,17,1,1505645374,1768723445,0
LTE,466,92,13701,81557518,0,121.0082,24.837,1000,19,1,1505645476,1768723445,0
LTE,466,97,22600,85288308,0,121.2924,25.0505,8785,7,1,1505651129,1781622062,0
LTE,466,97,22530,81978329,0,121.2212,25.0195,1000,24,1,1505650886,1777697283,0
LTE,466,97,22570,85287796,0,121.5447,25.0785,2590,2,1,1505651192,1780822517,0
LTE,466,97,11440,85287540,0,121.553,25.0807,3453,3,1,1505651242,1780822517,0
LTE,466,92,13750,80284942,0,120.9326,24.789,661,50,1,1505637737,1768723443,0
LTE,466,97,22240,25628137,0,121.5314,25.045,1000,4,1,1505647937,1773461522,0
LTE,466,1,39792,181986061,0,120.2486,22.9808,954,26,1,1505627560,1783748763,0
LTE,466,92,11100,54408738,0,121.5221,25.0501,1000,11,1,1505562704,1754115549,0
LTE,466,92,13701,79820312,0,121.0036,24.8324,1000,20,1,1505643749,1768723504,0
LTE,466,92,13700,80441368,0,121.0038,24.7834,1000,11,1,1505644499,1748947741,0
LTE,466,97,22570,85288052,0,121.2727,25.0373,6419,5,1,1505651134,1781622062,0
LTE,466,92,13300,30243864,0,121.366,24.9539,1362,3,1,1505646776,1750959783,0
LTE,466,92,13750,80256014,0,120.979,24.8077,1000,13,1,1505698422,1768723504,0
LTE,466,92,13701,81003032,0,121.0126,24.8628,7610,11,1,1505699594,1782751501,0
LTE,466,92,11101,55507224,0,121.5227,25.0645,1000,3,1,1505712674,1754115549,0
LTE,466,92,13500,80250894,0,121.218,24.8608,1388,19,1,1505374495,1768723565,0
LTE,466,97,44350,155652465,0,120.3967,23.4303,964,29,1,1505684306,1760934686,0
LTE,466,92,13701,81003022,0,121.0114,24.86,2088,23,1,1505370536,1782751501,0
LTE,466,97,44350,155652585,0,120.3992,23.4295,2525,18,1,1505691165,1760681826,0
LTE,466,92,13400,81582370,0,121.2366,24.9877,1023,50,1,1505379649,1782751502,0
LTE,466,92,13400,80196120,0,121.2478,24.9964,6402,30,1,1505367829,1782751503,0
LTE,466,92,13500,80236312,0,121.15,24.9006,3087,22,1,1505370009,1782751502,0
LTE,466,97,44240,153626737,0,120.4238,23.4615,795,29,1,1505692402,1760934686,0
LTE,466,97,44240,153626992,0,120.4483,23.4626,2097,9,1,1505699563,1760592843,0
LTE,466,92,13701,80279320,0,121.0164,24.8509,1962,44,1,1505370594,1782751501,0
LTE,466,92,11102,54349590,0,121.5069,25.0449,1000,5,1,1505553525,1786302302,0
LTE,466,92,11102,54459938,0,121.5108,25.0461,1000,10,1,1505551798,1773716945,0
LTE,466,92,13400,80244248,0,121.2237,24.9554,1000,8,1,1505368610,1760144886,0
LTE,466,92,13400,81907726,0,121.2253,24.9555,1000,8,1,1505368581,1760144886,0
LTE,466,92,13400,81907214,0,121.214,24.9685,2905,16,1,1505379531,1782751502,0
LTE,466,92,36400,157824035,0,120.2921,23.0669,7609,12,1,1505693339,1754115545,0
LTE,466,92,13701,81673762,0,121.0153,24.8679,1215,7,1,1505699554,1782751501,0
LTE,466,92,13701,81673742,0,121.018,24.8706,1000,3,1,1505699548,1782751501,0
LTE,466,97,22550,81923205,0,121.2088,24.9566,1000,7,1,1505549594,1771571102,0
LTE,466,97,22550,81923204,0,121.2123,24.9561,1000,6,1,1505549599,1771571102,0
LTE,466,97,22550,81944296,0,121.2129,24.9567,1000,6,1,1505628696,1771571102,0
LTE,466,92,11101,55507234,0,121.5226,25.0655,1000,4,1,1505712661,1754115549,0
LTE,466,92,24400,106073614,0,120.6861,24.1198,1000,9,1,1505689661,1760143143,0
LTE,466,92,11100,55070232,0,121.5137,25.0438,1000,7,1,1505551870,1754115552,0
LTE,466,92,13500,81901070,0,121.2178,24.8604,1349,14,1,1505374499,1768723565,0
LTE,466,92,13701,80279576,0,121.0601,24.8767,8485,4,1,1505370378,1782751501,0
LTE,466,92,13400,81529870,0,121.2561,25.0027,7097,27,1,1505379716,1782751503,0
LTE,466,92,13500,81901090,0,121.2151,24.8596,1075,17,1,1505374492,1768723565,0
LTE,466,92,13701,80298766,0,121.0227,24.8735,1000,4,1,1505370501,1782751501,0
LTE,466,92,13500,80236322,0,121.1433,24.8987,2670,24,1,1505370043,1782751502,0
LTE,466,92,13750,81549070,0,120.9773,24.805,1000,16,1,1505371211,1768723504,0
LTE,466,92,24100,106043406,0,120.6873,24.1592,2521,15,1,1505690440,1746739986,0
LTE,466,92,11100,55127832,0,121.5156,25.031,3688,12,1,1505633295,1774782914,0
LTE,466,97,22210,26373763,0,121.5134,25.0697,1000,9,1,1505787110,1751187723,0
LTE,466,97,44210,184579952,0,120.2613,23.1939,1000,14,1,1505822144,1760501403,0
LTE,466,97,44350,156675972,0,120.334,23.4282,1683,18,1,1505809675,1761379446,0
LTE,466,97,44350,156677231,0,120.3229,23.4464,3000,25,1,1505809641,1761379447,0
LTE,466,97,44350,155653489,0,120.4034,23.4177,1293,17,1,1505809893,1760934683,0
LTE,466,97,44210,184580073,0,120.2531,23.1867,1000,6,1,1505824115,1760501403,0
LTE,466,92,37300,182900238,0,120.3229,22.6408,1000,5,1,1505686872,1745677141,0
LTE,466,97,22261,52740995,0,121.7106,25.092,1000,5,1,1505798388,1775724363,0
LTE,466,92,11102,55138839,0,121.5204,25.0272,2023,4,1,1505912708,1786246502,0
LTE,466,97,22270,26889704,0,121.5693,25.0496,1000,7,1,1505904506,1780016947,0
LTE,466,97,33360,103946473,0,120.7376,24.1781,1000,20,1,1505895790,1755314765,0
LTE,466,92,24500,106354957,0,120.7363,24.3579,3167,47,1,1505736827,1768723507,0
LTE,466,92,24500,106354977,0,120.7296,24.3496,2629,50,1,1505736851,1768723381,0
LTE,466,92,24400,106855960,0,120.722,24.1706,1000,22,1,1505691607,1768723628,0
LTE,466,92,24100,105461528,0,120.6932,24.161,1021,23,1,1505808434,1754115484,0
LTE,466,92,24600,107436066,0,120.7157,24.1988,1919,34,1,1505737990,1746739983,0
LTE,466,92,24500,105985293,0,120.873,24.7062,7069,36,1,1505696116,1768723442,0
LTE,466,92,11100,54364440,0,121.5151,25.0318,3640,23,1,1505951598,1774782914,0
LTE,466,92,11900,54371865,0,121.5313,25.0173,1000,4,1,1505958306,1754115551,0
LTE,466,92,11900,54371854,0,121.5301,25.019,1035,26,1,1505986019,1750959842,0
LTE,466,92,11200,54370851,0,121.5315,25.0174,1000,6,1,1505965520,1750959842,0
LTE,466,92,24100,106086926,0,120.6863,24.1752,1000,20,1,1505907886,1768723566,0
LTE,466,92,36100,157510690,0,120.4358,23.4747,1000,20,1,1505952248,1754115488,0
LTE,466,97,11290,25623683,0,121.5234,25.0431,2032,4,1,1505906744,1750574401,0
LTE,466,97,11290,27666407,0,121.4944,25.0378,4015,12,1,1505907089,1760183763,0
LTE,466,92,11100,54628374,0,121.52,25.0616,1000,3,1,1505888288,1754115550,0
LTE,466,92,11100,55003157,0,121.54,25.0475,5439,8,1,1505893239,1786110721,0
LTE,466,92,13500,80251672,0,121.197,24.834,1000,14,1,1505697421,1768723562,0
LTE,466,92,24500,107410722,0,120.677,24.2006,1125,24,1,1505737840,1760143142,0
LTE,466,92,24500,107410712,0,120.6814,24.2,1572,16,1,1505737861,1760143143,0
LTE,466,92,11900,54371852,0,121.5308,25.0182,1000,6,1,1505985865,1750959843,0
LTE,466,92,13300,28534818,0,121.36,24.9569,1000,3,1,1506074667,1750959783,0
LTE,466,92,12700,29072663,0,121.4009,24.9756,1000,5,1,1506074385,1750959783,0
LTE,466,92,24101,107408674,0,120.6578,24.1509,1000,22,1,1506088869,1746739931,0
LTE,466,92,11101,54569486,0,121.5187,25.0761,1535,7,1,1505971704,1754115549,0
LTE,466,92,12700,30409506,0,121.4535,24.9999,1000,5,1,1506033878,1768723447,0
LTE,466,92,11200,55606305,0,121.5352,25.013,1000,11,1,1506075555,1754115551,0
LTE,466,92,13750,81017624,0,120.9143,24.7635,1188,50,1,1506026700,1768723443,0
LTE,466,92,24400,106530574,0,120.6891,24.0958,2072,18,1,1505978416,1740462369,0
LTE,466,92,24100,105454349,0,120.6868,24.149,1000,6,1,1505952414,1754115602,0
LTE,466,92,24101,106020386,0,120.6772,24.1518,1000,12,1,1505900324,1746739991,0
LTE,466,92,24400,106069006,0,120.6968,24.0998,1000,11,1,1505978411,1740462303,0
LTE,466,92,12700,30411042,0,121.4101,24.9505,700,33,1,1506079362,1783987922,0
LTE,466,97,44210,184577905,0,120.2687,23.174,1114,2,1,1506072643,1760501402,0
LTE,466,92,13200,81514766,0,121.2702,25.016,5349,33,1,1506050933,1782751503,0
LTE,466,97,44210,184579184,0,120.2527,23.1893,1385,2,1,1506070129,1760320871,0
LTE,466,92,13200,79830296,0,121.2378,25.0784,1000,8,1,1506126922,1760144884,0
LTE,466,92,24400,106053144,0,120.7195,24.1296,1000,21,1,1506097667,1740462370,0
LTE,466,92,24600,106267150,0,120.7058,24.2177,1000,14,1,1505739531,1750959782,0
LTE,466,92,13400,81529880,0,121.2461,24.9957,2041,5,1,1506059301,1782751503,0
LTE,466,92,13400,81563406,0,121.2186,24.9716,1000,7,1,1506060773,1782751502,0
LTE,466,92,24101,106602510,0,120.6713,24.1753,500,27,1,1506042329,1746739991,0
LTE,466,92,13400,81685026,0,121.2239,24.9774,4413,25,1,1506059848,1782751502,0
LTE,466,92,24101,106602520,0,120.6712,24.1736,500,38,1,1506054872,1746739991,0
LTE,466,92,24400,106530584,0,120.6857,24.0924,2550,12,1,1506147699,1740462369,0
LTE,466,92,13200,80211234,0,121.2662,25.0628,1000,2,1,1506049664,1786163415,0
LTE,466,92,13701,81557272,0,121.0227,24.8189,1000,5,1,1506073256,1782478025,0
LTE,466,92,13202,80017944,0,121.2207,25.0245,1000,17,1,1506231308,1760144885,0
LTE,466,97,22230,85260007,0,121.3556,25.0654,1000,12,1,1506164371,1775523603,0
LTE,466,92,11100,55139095,0,121.5349,25.0239,1063,2,1,1506137292,1754115551,0
LTE,466,97,22210,26653929,0,121.5493,25.0838,1000,5,1,1506236934,1773461522,0
LTE,466,92,36300,157767714,0,120.2037,22.9964,1000,11,1,1506252434,1754115545,0
LTE,466,92,13202,80017954,0,121.2191,25.0253,1000,11,1,1506231399,1760144885,0
LTE,466,92,24400,106052622,0,120.7105,24.181,1000,15,1,1506241871,1746739986,0
LTE,466,92,24500,105468174,0,120.6538,24.2213,1589,14,1,1506164643,1760143142,0
LTE,466,92,37300,182900248,0,120.3199,22.6399,1000,5,1,1506146705,1745677141,0
LTE,466,92,24300,106012194,0,120.6593,24.1363,1000,12,1,1506126946,1746739986,0
LTE,466,97,22600,84483203,0,121.3,25.0349,1000,16,1,1506296765,1780016943,0
LTE,466,97,11330,67072744,0,121.7691,24.8121,1636,29,1,1506173629,1775724366,0
LTE,466,92,24300,106606872,0,120.6475,24.1372,1000,13,1,1506127243,1746739990,0
LTE,466,92,13600,81543182,0,121.0666,24.8273,1544,9,1,1506309637,1768723503,0
LTE,466,92,24400,106058254,0,120.7159,24.1525,1701,25,1,1506303875,1754115603,0
LTE,466,92,24300,106012184,0,120.6632,24.1359,500,31,1,1506231868,1746739931,0
LTE,466,92,11200,54370838,0,121.5322,25.0157,1000,6,1,1506234816,1754115551,0
LTE,466,92,24000,106523661,0,120.6496,24.378,4349,7,1,1506242483,1768723383,0
LTE,466,97,11370,248326375,0,121.5927,23.9758,500,50,1,1506347449,1775724429,0
LTE,466,97,44210,186881769,0,120.3086,23.3012,500,27,1,1506346709,1760501406,0
LTE,466,97,44210,186881768,0,120.3111,23.3033,1000,8,1,1506379622,1760501406,0
LTE,466,97,11290,25623684,0,121.5212,25.0434,2255,7,1,1506337878,1750574401,0
LTE,466,92,11400,55088652,0,121.5478,25.0379,1000,5,1,1506325670,1773716944,0
LTE,466,97,33360,103959939,0,120.7318,24.1768,6564,13,1,1506397308,1755314765,0
LTE,466,92,13701,81902114,0,121.0459,24.8769,3029,5,1,1506489407,1782751501,0
LTE,466,92,13750,79714594,0,120.9727,24.8027,1000,11,1,1506508959,1768723504,0
LTE,466,92,24600,105482254,0,120.7076,24.2582,2593,20,1,1506498217,1746739982,0
LTE,466,92,24400,106530594,0,120.6855,24.0961,1010,12,1,1506494337,1740462369,0
LTE,466,92,13701,80302350,0,121.0482,24.8366,5091,6,1,1504863691,1768723503,0
LTE,466,92,13701,81538584,0,120.9973,24.8246,1000,14,1,1506596050,1768723504,0
LTE,466,92,13701,80298786,0,121.0156,24.8681,915,26,1,1506566549,1782751501,0
LTE,466,92,13500,80002062,0,121.1333,24.8961,3684,16,1,1506566058,1782751502,0
LTE,466,92,13701,81541922,0,121.0426,24.8778,3339,5,1,1506566483,1782751501,0
LTE,466,92,13701,81902104,0,121.0519,24.8785,2402,3,1,1506566465,1782751501,0
LTE,466,92,13200,80789794,0,121.2764,25.0192,1065,3,1,1506567864,1782751503,0
LTE,466,92,13200,81759768,0,121.2736,25.019,909,30,1,1506615898,1782751503,0
LTE,466,92,13701,81538574,0,120.9992,24.8278,1000,9,1,1506595770,1768723504,0
LTE,466,92,24600,106102306,0,120.7172,24.253,1000,11,1,1502251490,1768723322,0
LTE,466,92,24500,106676493,0,120.6475,24.223,1000,6,1,1503202116,1746739926,0
LTE,466,92,24400,105469966,0,120.7403,24.1576,1137,25,1,1504772419,1768723623,0
LTE,466,92,24400,105469986,0,120.7336,24.1567,758,26,1,1504772427,1754115606,0
LTE,466,92,24600,106136610,0,120.722,24.2017,1016,13,1,1506484056,1740462372,0
LTE,466,92,24600,107436046,0,120.7158,24.2023,1000,15,1,1506484514,1746739932,0
LTE,466,92,24600,106133282,0,120.8281,24.252,1000,22,1,1501848379,1740462361,0
LTE,466,92,24500,106138894,0,120.6904,24.2173,1000,9,1,1507621359,1754115606,0
LTE,466,92,24600,105482274,0,120.7053,24.2547,1000,8,1,1508416993,1746739982,0
LTE,466,92,24400,105962776,0,120.7172,24.0969,1234,14,1,1509661260,1740462369,0
LTE,466,92,24300,106037784,0,120.6798,24.138,1000,20,1,1504612995,1754115602,0
LTE,466,92,24950,105873166,0,120.6432,24.1784,1000,7,1,1504683057,1746739926,0
LTE,466,92,24500,106138904,0,120.6935,24.2155,1624,25,1,1504752258,1754115606,0
LTE,466,92,24300,105877784,0,120.6674,24.1364,1000,10,1,1505041772,1746739923,0
LTE,466,92,24300,106037794,0,120.6785,24.1402,1000,18,1,1505042175,1754115602,0
LTE,466,92,24300,107426082,0,120.6658,24.1413,1000,22,1,1505824561,1746740043,0
LTE,466,92,24300,107426072,0,120.6673,24.1396,984,28,1,1505824678,1746740042,0
LTE,466,92,24300,106012174,0,120.6618,24.1385,1000,11,1,1506309792,1746740043,0
LTE,466,92,24101,106872866,0,120.6714,24.1731,500,45,1,1506428755,1746739991,0
LTE,466,92,24101,105879566,0,120.6563,24.1696,1000,11,1,1508655370,1746739930,0
LTE,466,92,24300,106599704,0,120.6575,24.1415,1000,22,1,1510813599,1746739931,0
LTE,466,92,24300,106599694,0,120.6573,24.1447,1000,16,1,1510813679,1746739924,0
LTE,466,92,24101,105330968,0,120.6633,24.1601,1000,9,1,1510814146,1746739930,0
LTE,466,92,24101,105330958,0,120.6666,24.1628,1000,13,1,1510814238,1746739924,0
LTE,466,92,24100,105454350,0,120.6869,24.147,1000,15,1,1510839765,1754115602,0
LTE,466,92,24400,106269966,0,120.7175,24.1237,1000,8,1,1511774323,1740462370,0
LTE,466,92,24600,107382808,0,120.7154,24.2563,1000,15,1,1498863965,1746739985,0
LTE,466,92,24100,106554136,0,120.6927,24.1424,1000,11,1,1499136781,1746739927,0
LTE,466,92,24100,106039566,0,120.6943,24.1503,1000,7,1,1509751687,1754115602,0
LTE,466,92,24100,106621453,0,120.6984,24.173,1000,2,1,1509849038,1746739929,0
LTE,466,92,24600,106107938,0,120.8431,24.2032,2885,39,1,1511474584,1761840062,0
LTE,466,92,24600,106153742,0,120.8381,24.1754,667,28,1,1511474584,1768723628,0
LTE,466,92,24100,106043672,0,120.6844,24.1649,1000,12,1,1512352634,1746739929,0
LTE,466,92,24400,106069026,0,120.695,24.096,1000,8,1,1512460191,1740462369,0
LTE,466,92,24400,105429538,0,120.7138,24.0944,1000,11,1,1512461819,1740462369,0
LTE,466,92,24400,106054158,0,120.7237,24.1314,4281,9,1,1512467286,1740462369,0
LTE,466,92,24400,107442702,0,120.7034,24.0906,1000,9,1,1514276106,1740462303,0
LTE,466,92,24400,106071842,0,120.7087,24.0867,1000,3,1,1514276181,1740462368,0
LTE,466,92,24400,106071822,0,120.7099,24.0893,1000,12,1,1514276188,1740462368,0
LTE,466,92,24101,106105624,0,120.6713,24.1555,1000,8,1,1514334893,1754115603,0
LTE,466,92,24400,106062882,0,120.679,24.1138,1000,18,1,1514885025,1740462304,0
LTE,466,92,24400,105335842,0,120.7263,24.1339,625,29,1,1515111480,1740462367,0
LTE,466,92,24600,105482264,0,120.7097,24.2539,1000,22,1,1519507833,1746739985,0
LTE,466,92,24500,105996566,0,120.775,24.4199,1000,2,1,1519805682,1750959782,0
LTE,466,92,24500,106354958,0,120.7339,24.3573,1000,21,1,1519805985,1768723382,0
LTE,466,92,24500,106354978,0,120.735,24.3529,1000,8,1,1519805989,1768723382,0
LTE,466,92,13600,80275982,0,121.2008,24.8212,1999,50,1,1520410956,1768723564,0
LTE,466,92,24300,106322455,0,120.6785,24.1421,1000,16,1,1521107198,1746739991,0
LTE,466,92,24300,106322456,0,120.6789,24.1421,1000,21,1,1521107218,1754115603,0
LTE,466,92,24600,105473549,0,120.7177,24.2122,1412,31,1,1521346731,1746739983,0
LTE,466,92,24600,105473570,0,120.7122,24.2074,1182,28,1,1521346776,1740462372,0
LTE,466,92,24600,106760984,0,120.7208,24.1955,1095,29,1,1519612402,1740462372,0
LTE,466,92,24200,106086424,0,120.5724,24.3279,16985,26,1,1522450721,1760144827,0
LTE,466,92,24600,106760994,0,120.7201,24.206,1000,19,1,1523672131,1740462372,0
LTE,466,92,24100,105878306,0,120.6887,24.1581,500,35,1,1523776213,1746739986,0
LTE,466,92,24400,105418007,0,120.7192,24.1565,1000,4,1,1524984445,1754115601,0
LTE,466,92,24600,106136600,0,120.7213,24.1989,1009,19,1,1525154595,1740462372,0
LTE,466,97,33360,103946471,0,120.7399,24.1794,1000,9,1,1528494828,1755314765,0
LTE,466,97,33360,103950568,0,120.7472,24.1938,1000,15,1,1528494983,1755314765,0
LTE,466,97,33360,103967519,0,120.7518,24.1988,1000,11,1,1528494996,1755314764,0
LTE,466,97,33360,103950567,0,120.7553,24.1993,1001,32,1,1528495009,1755314764,0
LTE,466,97,44240,153631207,0,120.4337,23.4745,1076,2,1,1529313456,1760592844,0
LTE,466,97,44240,153629041,0,120.4344,23.473,1000,2,1,1529331059,1760592844,0
LTE,466,97,44350,153638377,0,120.3967,23.4896,1000,19,1,1529380513,1760592844,0
LTE,466,92,24300,106088216,0,120.7057,24.1417,1000,14,1,1530952743,1768723567,0
LTE,466,92,36300,157750818,0,120.2094,22.9979,1000,3,1,1534326476,1754115542,0
LTE,466,92,36300,157750808,0,120.2096,22.9968,1000,3,1,1534326486,1754115542,0
LTE,466,92,36300,157777176,0,120.2069,22.9981,1000,5,1,1534326757,1754115542,0
LTE,466,97,44210,189697667,0,120.2934,23.131,1000,7,1,1542174503,1760320870,0
LTE,466,97,44210,189703812,0,120.2895,23.1322,1000,3,1,1542174693,1760320870,0
LTE,466,97,44190,205837955,0,120.2972,22.6547,1000,6,1,1542189784,1745670541,0
LTE,466,97,44350,156675973,0,120.3225,23.4383,1789,22,1,1546163133,1761379446,0
LTE,466,97,11460,59141261,0,121.5469,24.9731,1000,6,1,1548830282,1772355546,0
LTE,466,97,44210,186887143,0,120.2788,23.2877,1000,22,1,1550738063,1760320865,0
LTE,466,92,13200,79830050,0,121.2349,25.08,1000,24,1,1552220346,1782751504,0
LTE,466,92,13600,80300578,-1,121.1442,24.8059,733,39,1,1553572383,1768723502,0
LTE,466,92,13600,80300558,-1,121.1552,24.8058,1000,21,1,1553572418,1768723501,0
LTE,466,92,13600,81550350,-1,121.1703,24.8002,1000,15,1,1553572491,1768723501,0
LTE,466,92,13600,80915736,-1,121.1845,24.7976,650,48,1,1553572544,1768723564,0
LTE,466,92,13600,80910104,-1,121.1854,24.7963,1158,37,1,1553572556,1768723564,0
LTE,466,92,13600,80276002,-1,121.1933,24.8066,805,50,1,1553572596,1768723564,0
LTE,466,92,13500,79831566,-1,121.2203,24.86,3074,11,1,1553572856,1768723565,0
LTE,466,92,11400,55331352,-1,121.535,25.0383,1000,19,1,1553578453,1773716945,0
LTE,466,92,13701,81016846,-1,121.0138,24.823,2872,3,1,1553836393,1782478024,0
LTE,466,92,24500,105985294,-1,120.8732,24.705,1000,17,1,1553837205,1768723441,0
LTE,466,92,25300,130994446,-1,120.5331,24.0903,1512,21,1,1553842943,1750959781,0
LTE,466,97,22530,86285272,-1,121.2336,25.0768,1000,21,1,1557849906,1744808344,0
LTE,466,97,22530,86285273,-1,121.235,25.0758,1000,15,1,1557850026,1744808344,0
LTE,466,97,44210,184576744,0,120.2367,23.2061,1000,15,1,1557485901,1760320867,0
LTE,466,97,44210,187905769,0,120.2657,23.2469,1650,6,1,1557486132,1760320871,0
LTE,466,97,44210,186885765,0,120.2783,23.2892,1000,5,1,1557486308,1760320872,0
LTE,466,97,44210,186885764,0,120.281,23.2919,1000,17,1,1557486321,1760320865,0
LTE,466,97,44210,186886377,0,120.2904,23.3073,1000,24,1,1557486363,1760501342,0
LTE,466,97,44210,187140329,0,120.371,23.3851,2476,13,1,1557486709,1760681827,0
LTE,466,97,44350,155654121,0,120.3489,23.4259,1231,28,1,1557486906,1760629502,0
LTE,466,97,44350,155653509,0,120.4005,23.4172,534,25,1,1557487087,1760592842,0
LTE,466,97,44350,156675303,0,120.3901,23.4901,1000,7,1,1557727912,1760592844,0
LTE,466,97,44210,188161001,0,120.2703,23.2245,1000,16,1,1557880087,1760320871,0
LTE,466,97,44210,188161000,0,120.2743,23.239,1000,6,1,1557880203,1760320871,0
LTE,466,97,44210,188160644,0,120.274,23.2389,1000,10,1,1557880206,1760320871,0
LTE,466,97,44210,184578279,0,120.2706,23.2041,1000,23,1,1557897498,1760501403,0
LTE,466,97,44210,184581097,0,120.2646,23.1968,1000,17,1,1557897571,1760501403,0
LTE,466,97,44210,189704425,0,120.2928,23.1317,1000,3,1,1559124327,1760320870,0
LTE,466,97,44210,184577423,0,120.2458,23.1796,1267,3,1,1559353181,1760501403,0
LTE,466,97,11370,248339431,0,121.6012,23.9922,1000,5,1,1561001946,1775724429,0
LTE,466,92,24101,105414670,0,120.6713,24.1461,1000,19,1,1513237610,1746740042,0
LTE,466,92,24101,105414680,0,120.6686,24.1441,1000,15,1,1513237636,1746740042,0
LTE,466,92,24300,108602392,0,120.6632,24.131,1000,9,1,1513237971,1746739990,0
LTE,466,92,24300,102660642,0,120.663,24.1302,1000,5,1,1513237984,1746739990,0
LTE,466,92,24100,106045208,0,120.6809,24.163,1000,9,1,1516254470,1746739924,0
LTE,466,92,24400,106310167,0,120.6826,24.1003,1000,6,1,1518332947,1740462304,0
LTE,466,92,24400,106329101,0,120.6818,24.1032,1000,5,1,1518333140,1740462304,0
LTE,466,92,24100,105461538,0,120.6928,24.1638,1000,14,1,1526449199,1754115485,0
LTE,466,92,24400,106671650,0,120.7223,24.1687,1000,13,1,1528089174,1768723628,0
LTE,466,92,24300,108602402,0,120.6622,24.1324,1000,17,1,1531890126,1746739990,0
LTE,466,92,24101,105967384,0,120.6524,24.1469,1000,4,1,1531891869,1746739923,0
LTE,466,92,24950,107426336,0,120.6431,24.1657,1000,11,1,1533782978,1746739927,0
LTE,466,92,24101,106048792,0,120.6614,24.1666,1000,6,1,1533808925,1746739930,0
LTE,466,92,24101,105880344,0,120.6476,24.1591,1000,13,1,1534931579,1746739927,0
LTE,466,92,24100,105454348,0,120.6865,24.1477,1000,14,1,1535255277,1754115484,0
LTE,466,92,24100,106666254,0,120.6871,24.1436,1000,6,1,1535255314,1746739927,0
LTE,466,92,24400,106058264,0,120.7159,24.1487,1000,11,1,1535597139,1754115602,0
LTE,466,92,24400,106058274,0,120.714,24.1496,1000,12,1,1535600281,1754115603,0
LTE,466,92,24300,106322454,0,120.675,24.1417,1000,2,1,1536203038,1740462305,0
LTE,466,92,24300,105456928,0,120.6574,24.1512,1000,8,1,1536215333,1746739924,0
LTE,466,92,24101,106041120,0,120.6543,24.1554,1000,5,1,1536215335,1746739986,0
LTE,466,92,24101,106578190,0,120.6677,24.1795,1000,11,1,1536979195,1746739991,0
LTE,466,92,24950,105889816,0,120.6406,24.1928,843,27,1,1537410705,1746739926,0
LTE,466,92,24950,105889806,0,120.6437,24.1978,1000,10,1,1537410716,1746739926,0
LTE,466,92,24500,106130446,0,120.6945,24.2485,1000,13,1,1537411246,1746739925,0
LTE,466,92,24100,105878286,0,120.6901,24.1582,1000,18,1,1537774036,1754115484,0
LTE,466,92,24101,105414690,0,120.6689,24.1471,1000,22,1,1538362428,1746740042,0
LTE,466,92,24100,106304270,0,120.6862,24.156,1000,12,1,1538369551,1746739992,0
LTE,466,92,24101,105861646,0,120.6794,24.1477,1000,9,1,1539338973,1754115484,0
LTE,466,92,24300,106622498,0,120.6496,24.1382,1000,7,1,1540032402,1768723566,0
LTE,466,92,24500,106162466,0,120.6485,24.2175,1000,5,1,1541752306,1746739926,0
LTE,466,92,24500,106162456,0,120.6481,24.2144,1000,11,1,1541752221,1760143142,0
LTE,466,92,24500,106162446,0,120.6494,24.2166,1000,9,1,1541752308,1760143142,0
LTE,466,92,24300,106902305,0,120.6536,24.1468,1000,4,1,1542103350,1746739923,0
LTE,466,92,24100,106304290,0,120.6809,24.1563,1000,11,1,1542104396,1754115483,0
LTE,466,92,24950,106081560,0,120.6344,24.1562,1000,6,1,1542449538,1746739932,0
LTE,466,92,24300,106622497,0,120.6477,24.1403,1000,5,1,1542464707,1768723566,0
LTE,466,92,24100,105461518,0,120.6951,24.166,1000,16,1,1542592710,1746739991,0
LTE,466,92,24101,106041122,0,120.6538,24.156,1000,12,1,1542953226,1746739986,0
LTE,466,92,24950,105889826,0,120.6414,24.1974,1000,5,1,1543219800,1746739926,0
LTE,466,92,24100,106031630,0,120.6868,24.1855,1000,20,1,1547529018,1760143143,0
LTE,466,92,24100,105460504,0,120.6864,24.1875,1000,23,1,1547529040,1760143143,0
LTE,466,92,24100,105460494,0,120.6861,24.1888,1000,11,1,1547529043,1760143143,0
LTE,466,92,24100,106043682,0,120.6851,24.1674,1000,10,1,1547530562,1746739929,0
LTE,466,92,24300,106322466,0,120.678,24.1436,1000,22,1,1547602687,1740462305,0
LTE,466,92,24300,106322446,0,120.6801,24.1443,1000,11,1,1547877703,1754115602,0
LTE,466,92,24400,106029070,0,120.7072,24.1487,1000,11,1,1547878327,1768723621,0
LTE,466,92,24101,106041880,0,120.6617,24.148,1000,10,1,1548220355,1746740043,0
LTE,466,92,24600,105960226,0,120.7069,24.2501,1000,12,1,1550729815,1746739982,0
LTE,466,92,24600,106123032,0,120.7061,24.2506,1000,4,1,1550738732,1746739982,0
LTE,466,92,24500,106084110,0,120.6714,24.2123,1000,9,1,1550739212,1760143142,0
LTE,466,92,24300,106622477,0,120.6512,24.139,1000,2,1,1552644072,1768723565,0
LTE,466,92,24950,106683150,0,120.636,24.1487,1000,8,1,1553343522,1746739932,0
LTE,466,92,24950,106018594,0,120.6363,24.1467,1000,8,1,1553343528,1746739932,0
LTE,466,92,24300,106565409,0,120.6969,24.1444,1000,3,1,1554962746,1750959782,0
LTE,466,92,24300,106565410,0,120.6975,24.1451,1000,12,1,1554964132,1760143142,0
LTE,466,92,24101,105413922,0,120.6447,24.1613,1000,14,1,1557903780,1746739927,0
LTE,466,92,24100,106566670,0,120.6823,24.1455,1000,16,1,1560750917,1754115602,0
LTE,466,92,24100,106566689,0,120.681,24.1456,1000,2,1,1562235045,1754115484,0
LTE,466,97,44210,187136488,0,120.3118,23.334,1000,12,1,1568346509,1761379444,0
LTE,466,97,44210,186881422,0,120.2997,23.3047,1000,5,1,1568346823,1760320865,0
LTE,466,97,44210,186881423,0,120.2956,23.3018,1000,13,1,1568350941,1760501406,0
LTE,466,97,44210,186884386,0,120.313,23.3059,1000,10,1,1568712241,1760934689,0
LTE,466,97,44210,186881678,0,120.3102,23.3037,1000,5,1,1568715309,1760934689,0
LTE,466,97,44350,155655145,0,120.417,23.4211,1000,7,1,1568987015,1760592842,0
LTE,466,97,44350,155652329,0,120.376,23.4205,1000,12,1,1568987179,1760934687,0
LTE,466,97,44350,156677262,0,120.323,23.443,1000,11,1,1568987642,1761379446,0
LTE,466,97,44350,156677351,0,120.3233,23.448,796,27,1,1568987668,1761379446,0
LTE,466,92,25300,131329314,0,120.5271,24.0832,650,27,1,1569406561,1750959781,0
LTE,466,92,24400,105418008,0,120.723,24.1576,3674,21,1,1569672069,1768723624,0
LTE,466,92,24500,106131726,0,120.6842,24.2067,1000,7,1,1569727560,1760143142,0
LTE,466,92,24101,105413921,0,120.6461,24.1595,1000,2,1,1569736561,1746739927,0
LTE,466,92,24400,106670350,0,120.7223,24.1762,1000,16,1,1572645117,1761840061,0
LTE,466,92,24400,106095630,0,120.7385,24.1782,1000,21,1,1572645335,1740462367,0
LTE,466,92,24600,106310925,0,120.8621,24.1615,667,25,1,1572646699,1768723627,0
LTE,466,92,24600,106499095,0,120.8449,24.164,1383,50,1,1572646746,1768723628,0
LTE,466,92,24600,107379735,0,120.8664,24.1671,1000,22,1,1572646805,1768723628,0
LTE,466,97,22600,86562159,-1,121.2527,25.0281,1000,14,1,1575667266,1765639867,0
LTE,466,97,22520,84494570,-1,121.2819,24.987,1000,10,1,1575667545,1780016942,0
LTE,466,97,11310,61193841,-1,121.3433,24.9358,859,31,1,1575938617,1776091385,0
LTE,466,97,11310,61193840,-1,121.3498,24.935,689,28,1,1575938647,1776091385,0
LTE,466,97,11310,60694384,-1,121.358,24.9379,844,30,1,1575938667,1776091386,0
LTE,466,97,11310,60693203,-1,121.3637,24.9424,1000,16,1,1575938727,1751284563,0
LTE,466,97,11310,60693379,-1,121.3715,24.9514,1000,14,1,1575938777,1768536962,0
LTE,466,97,11220,60450259,-1,121.4562,24.9752,1000,21,1,1575939157,1765639863,0
LTE,466,97,11220,60450260,-1,121.4616,24.9768,1000,21,1,1575939177,1774079231,0
LTE,466,92,24100,107407384,0,120.6904,24.1586,1000,16,1,1575984735,1754115484,0
LTE,466,92,24300,106318094,0,120.6922,24.1432,1000,9,1,1575985173,1760143142,0
LTE,466,97,11330,67078275,-1,121.773,24.8042,1057,14,1,1576006166,1775724366,0
LTE,466,97,22740,29252464,-1,121.5729,25.0691,1000,19,1,1576014737,1780016946,0
LTE,466,97,22740,29252465,-1,121.5715,25.0707,1000,8,1,1576014757,1780016946,0
LTE,466,97,22240,26679919,-1,121.5332,25.0618,1000,4,1,1576024569,1773461522,0
LTE,466,97,22240,26644079,-1,121.5335,25.0625,1000,6,1,1576024729,1773461522,0
LTE,466,97,22730,28461679,-1,121.5134,25.0837,1000,8,1,1576033983,1780822514,0
LTE,466,97,22210,26393455,-1,121.5144,25.0772,1000,21,1,1576044032,1760183711,0
LTE,466,97,11270,27679463,-1,121.5058,25.0491,1000,5,1,1576044571,1752416402,0
LTE,466,97,22210,26639345,-1,121.5248,25.0752,1000,16,1,1576117129,1780822514,0
LTE,466,97,22210,26692208,-1,121.5278,25.0678,1000,10,1,1576117189,1762698062,0
LTE,466,97,11240,25650919,-1,121.5322,25.0436,1000,6,1,1576118449,1773461522,0
LTE,466,97,11270,27657196,-1,121.4984,25.0342,1000,4,1,1576133092,1752416402,0
LTE,466,97,22730,28706927,-1,121.4994,25.1137,1000,12,1,1576188802,1780822515,0
LTE,466,97,22730,28672469,-1,121.4981,25.1205,1000,17,1,1576188839,1780822515,0
LTE,466,97,22730,28708209,-1,121.4954,25.123,1000,14,1,1576188889,1760183761,0
LTE,466,97,22230,85289071,-1,121.3923,25.0633,1000,18,1,1576204352,1780016944,0
LTE,466,97,22230,85289073,-1,121.3773,25.066,1000,14,1,1576204404,1754445782,0
LTE,466,97,22570,85270996,-1,121.3728,25.0656,1000,13,1,1576204442,1780016944,0
LTE,466,92,25501,131963926,0,120.6398,23.7857,1337,18,1,1576982067,1754115487,0
LTE,466,92,11100,55657762,0,121.5154,25.0501,1000,15,1,1594953901,1754115549,0
LTE,466,92,11102,55138830,0,121.5243,25.0238,1979,4,1,1595218907,1786279441,0
LTE,466,92,11102,55125272,0,121.5156,25.0336,2870,4,1,1595218998,1786110721,0
LTE,466,92,11102,55125292,0,121.5096,25.0398,1000,4,1,1595219023,1786435201,0
LTE,466,92,11102,54579746,0,121.5226,25.0252,1710,2,1,1595219072,1754115551,0
LTE,466,92,11102,57139736,0,121.5226,25.0252,1710,2,1,1595219116,1754115551,0
LTE,466,92,11102,54579726,0,121.5184,25.0335,2679,3,1,1595219169,1754115551,0
LTE,466,92,11102,55352608,0,121.5099,25.0475,1000,5,1,1595225160,1754115549,0
LTE,466,92,11900,54363414,0,121.5279,25.0212,1000,5,1,1595346273,1750959843,0
LTE,466,92,11100,55139352,0,121.5349,25.0493,4899,4,1,1595394288,1754115550,0
LTE,466,92,11100,55623704,0,121.5173,25.0307,1000,2,1,1595521096,1768723446,0
LTE,466,1,39323,51228173,0,121.4804,25.0736,1420,22,1,1597870959,1773716943,0
LTE,466,1,39323,51228193,0,121.4813,25.0735,1000,3,1,1597870983,1773716943,0
LTE,466,1,49341,51756823,0,121.474,25.0748,1166,20,1,1597870994,1773716943,0
LTE,466,1,49341,51756813,0,121.4711,25.0752,1461,23,1,1597871000,1773716943,0
LTE,466,1,29341,51287319,0,121.4632,25.0754,2260,12,1,1597871022,1773716943,0
LTE,466,1,29341,51288589,0,121.4644,25.0758,1000,2,1,1597871036,1773716943,0
LTE,466,1,29323,51425303,0,121.4281,25.0672,1000,18,1,1597871155,1773716943,0
LTE,466,1,29323,51365901,0,121.4072,25.0567,2680,15,1,1597871199,1773716943,0
LTE,466,1,29323,51365911,0,121.4009,25.0566,2699,24,1,1597871225,1773716943,0
LTE,466,97,11420,60323695,-1,121.4991,24.999,1000,11,1,1622618772,1781622063,0
LTE,466,97,11350,60167404,-1,121.498,25.0004,1000,13,1,1622618878,1780152902,0
LTE,466,92,24600,106898701,-1,120.8743,24.1857,8248,24,1,1619751396,1768723627,0
LTE,466,92,24600,106656545,-1,120.8704,24.1881,1000,23,1,1620159251,1768723626,0
LTE,466,92,24600,106656543,-1,120.8732,24.1952,1668,50,1,1620159484,1761840062,0
LTE,466,92,24600,106656525,-1,120.87,24.1835,1000,21,1,1620160320,1768723626,0
LTE,466,92,24600,106107917,-1,120.8584,24.1909,947,25,1,1620165486,1746739989,0
LTE,466,92,24600,106656535,-1,120.8701,24.1829,500,42,1,1620167507,1768723626,0
LTE,466,92,13200,80647713,-1,121.1828,25.0826,1000,6,1,1627870949,1782478022,0
LTE,466,92,13200,81688590,-1,121.1932,25.0746,1000,14,1,1627871070,1782478022,0
LTE,466,92,13200,80228642,-1,121.1961,25.0719,1000,8,1,1627871153,1782478022,0
LTE,466,92,13200,80228622,-1,121.1995,25.0713,1000,4,1,1627871244,1782478022,0
LTE,466,92,13200,80955150,-1,121.2191,25.0482,3285,42,1,1627871774,1760144885,0
LTE,466,92,13202,80660504,-1,121.2165,25.016,1000,18,1,1627872131,1760144885,0
LTE,466,92,13200,80132120,-1,121.2207,25.0196,1000,14,1,1627872167,1760144885,0
LTE,466,92,13202,81522446,-1,121.0533,25.0283,669,37,1,1627945870,1782478023,0
LTE,466,97,11240,25620201,-1,121.5317,25.0448,1000,4,1,1630102287,1773461522,0
LTE,466,92,12000,29314840,-1,121.4731,25.0647,1000,18,1,1630868828,1786435202,0
LTE,466,92,12000,30221837,-1,121.4655,25.0656,1000,6,1,1630990537,1786435202,0
LTE,466,92,13500,81060878,-1,121.2139,24.8593,1000,16,1,1631048236,1768723565,0
LTE,466,92,13500,81901848,-1,121.203,24.8515,652,25,1,1631048286,1768723565,0
LTE,466,92,13600,81550370,-1,121.1604,24.8048,1000,23,1,1631048696,1768723502,0
LTE,466,92,13202,80177933,-1,121.0285,25.0031,1412,17,1,1630642275,1782478023,0
LTE,466,1,19892,187020321,-1,120.5143,22.6349,756,33,1,1632188681,1772808603,0
LTE,466,1,19843,186999309,-1,120.5099,22.6415,500,33,1,1632188684,1772808603,0
LTE,466,1,19843,186997517,-1,120.5046,22.6496,861,50,1,1632188744,1772808603,0
LTE,466,1,19843,186955031,-1,120.4959,22.6628,598,41,1,1632188895,1772808603,0
LTE,466,1,19843,187011873,-1,120.4913,22.6675,1000,11,1,1632188974,1772808602,0
LTE,466,1,19843,186992673,-1,120.4894,22.6685,1000,18,1,1632188985,1772808602,0
LTE,466,1,19843,186881825,-1,120.4839,22.6693,1000,8,1,1632189103,1772808602,0
LTE,466,1,29843,184630807,-1,120.4217,22.658,1000,18,1,1632189475,1772808602,0
LTE,466,1,29843,184509196,-1,120.4199,22.6502,1000,15,1,1632189598,1772808601,0
LTE,466,1,29843,184509236,-1,120.4191,22.6471,1000,9,1,1632189622,1772808601,0
LTE,466,1,29843,184509216,-1,120.4168,22.6447,1000,9,1,1632189644,1772808601,0
LTE,466,1,29833,184456473,-1,120.4024,22.6415,1000,18,1,1632189714,1783748766,0
LTE,466,1,29833,184456461,-1,120.3972,22.6413,1000,12,1,1632189724,1772808601,0
LTE,466,1,29833,184763169,-1,120.3864,22.6396,1000,11,1,1632189850,1772808601,0
LTE,466,1,19882,184571169,-1,120.3833,22.639,1000,12,1,1632189876,1772808601,0
LTE,466,97,44210,186882536,-1,120.3397,23.3101,1726,23,1,1632195022,1760681828,0
LTE,466,97,44210,186887657,-1,120.3362,23.3292,813,26,1,1632195056,1760681827,0
LTE,466,97,44350,156672909,-1,120.3239,23.465,1000,19,1,1632195540,1761379447,0
LTE,466,97,22530,81978349,-1,121.2091,25.0072,5850,14,1,1634528919,1780917484,0
LTE,466,97,22530,81968616,-1,121.2049,25.0012,1691,33,1,1634528958,1784978342,0
LTE,466,97,22530,81934213,-1,121.2093,25.0026,1000,19,1,1634529095,1763127481,0
LTE,466,97,22530,81989877,-1,121.2194,25.0101,1000,22,1,1634529229,1775479142,0
LTE,466,97,22530,81989876,-1,121.2186,25.0135,1000,15,1,1634529286,1756043281,0
LTE,466,92,24600,106107927,-1,120.8339,24.178,2183,22,1,1634059400,1746739988,0
LTE,466,92,24600,106153741,-1,120.8391,24.1727,585,27,1,1634062171,1768723628,0
LTE,466,92,24600,106152993,-1,120.8683,24.173,1489,30,1,1634062508,1768723627,0
LTE,466,92,24600,106152994,-1,120.8741,24.1743,1520,32,1,1634067333,1768723627,0
LTE,466,92,24600,106153751,-1,120.8402,24.1887,1050,28,1,1634084182,1768723628,0
LTE,466,92,24600,105864471,-1,120.8397,24.2022,1000,7,1,1634084364,1761840062,0
LTE,466,92,24600,105864481,-1,120.8395,24.2058,1000,17,1,1634084389,1761840062,0
LTE,466,92,24600,106133794,-1,120.8304,24.2229,4824,22,1,1634084427,1761840062,0
LTE,466,92,24600,106124056,-1,120.837,24.2158,5022,40,1,1634084587,1761840062,0
LTE,466,92,24600,106103064,-1,120.8347,24.2368,1000,21,1,1634084744,1761840061,0
LTE,466,92,24600,106103054,-1,120.8344,24.2446,1000,17,1,1634084921,1768723625,0
LTE,466,92,24600,106759448,-1,120.8321,24.2466,1000,18,1,1634085041,1740462361,0
LTE,466,92,24600,106759438,-1,120.829,24.2483,2130,31,1,1634085096,1740462361,0
LTE,466,92,24600,106133262,-1,120.8317,24.2508,500,36,1,1634085118,1746739921,0
LTE,466,92,24600,106102818,-1,120.8266,24.255,1275,14,1,1634085303,1746739991,0
LTE,466,92,24600,106904078,-1,120.8279,24.2594,1000,21,1,1634085353,1746739991,0
LTE,466,92,24400,105412662,-1,120.718,24.1674,1000,15,1,1634315339,1754115604,0
LTE,466,92,24400,109433102,-1,120.7128,24.1667,1000,16,1,1634315380,1746740041,0
LTE,466,92,24100,106623778,-1,120.7041,24.1645,1000,17,1,1634315518,1746739987,0
LTE,466,92,24100,105457708,-1,120.6988,24.1645,1000,13,1,1634315576,1746739987,0
LTE,466,92,24100,107412238,-1,120.6931,24.1625,1000,14,1,1634316261,1746739924,0
LTE,466,92,24300,106092342,-1,120.7061,24.1439,1000,3,1,1634332589,1768723567,0
LTE,466,92,24300,106037016,-1,120.7018,24.14,1000,9,1,1634332592,1768723566,0
LTE,466,92,24300,106565400,-1,120.6971,24.1424,1000,16,1,1634332642,1754115606,0
LTE,466,92,24300,105863488,-1,120.6869,24.1399,1000,17,1,1634333082,1746740042,0
LTE,466,92,24300,105863448,-1,120.6857,24.1378,1000,12,1,1634333187,1746740042,0
LTE,466,92,24300,106685228,-1,120.6837,24.1362,1000,19,1,1634333232,1750959782,0
LTE,466,92,24100,106094124,-1,120.6901,24.1628,1000,19,1,1634356140,1746739924,0
LTE,466,92,24100,106304300,-1,120.6891,24.161,1000,6,1,1634356165,1746739924,0
LTE,466,92,24100,106046764,-1,120.687,24.1711,1000,12,1,1634356454,1768723622,0
LTE,466,92,24100,106046784,-1,120.6806,24.1723,1000,8,1,1634356598,1768723566,0
LTE,466,92,24101,106094390,-1,120.6661,24.1823,1000,6,1,1634357167,1746739991,0
LTE,466,92,24101,106578230,-1,120.6642,24.1868,1000,11,1,1634357256,1768723623,0
LTE,466,92,24101,105524052,-1,120.6615,24.1886,1000,12,1,1634357286,1768723623,0
LTE,466,92,24500,107462669,-1,120.6609,24.191,1000,9,1,1634358624,1768723622,0
LTE,466,92,24500,107368000,-1,120.6547,24.1956,1000,15,1,1634359139,1768723622,0
LTE,466,92,24500,106140214,-1,120.6889,24.243,1563,50,1,1634359549,1746739925,0
LTE,466,92,24600,106120718,-1,120.7474,24.2678,599,38,1,1634360150,1746739985,0
LTE,466,92,24600,106112536,-1,120.7559,24.2749,1306,19,1,1634360329,1746739984,0
LTE,466,92,24600,106112526,-1,120.7642,24.2767,1000,18,1,1634360375,1746739984,0
LTE,466,92,24600,106283032,-1,120.7728,24.2751,675,37,1,1634360449,1740462370,0
LTE,466,92,24600,106133272,-1,120.8295,24.249,500,29,1,1634361078,1740462361,0
LTE,466,92,24400,106052662,-1,120.7195,24.176,500,50,1,1636568483,1754115605,0
LTE,466,92,24400,105458240,-1,120.7787,24.1998,1000,21,1,1636569189,1746739987,0
LTE,466,92,24400,105458219,-1,120.7873,24.203,1168,50,1,1636569276,1746739987,0
LTE,466,92,24600,106499085,-1,120.8257,24.1696,1000,22,1,1636570336,1746739989,0
LTE,466,92,24600,106153761,-1,120.8387,24.1692,821,26,1,1636570547,1768723628,0
LTE,466,92,24600,106320152,-1,120.7527,24.2721,1000,24,1,1636575534,1746739985,0
LTE,466,92,24600,106120737,-1,120.7439,24.2667,500,28,1,1636575655,1740462371,0
LTE,466,92,24600,106528014,-1,120.7425,24.2641,500,25,1,1636575711,1746739985,0
LTE,466,92,24600,106528034,-1,120.7383,24.2619,1000,21,1,1636575731,1746739985,0
LTE,466,92,24600,106312718,-1,120.7376,24.2631,1047,18,1,1636575807,1746739985,0
LTE,466,92,24600,106312728,-1,120.7356,24.2586,1000,19,1,1636575841,1746739985,0
LTE,466,92,24400,106578742,-1,120.7198,24.182,1000,21,1,1636577173,1746739986,0
LTE,466,92,24600,106152992,-1,120.8673,24.1753,1000,5,1,1636678498,1768723627,0
LTE,466,92,24600,107379746,-1,120.8771,24.1772,1292,25,1,1639156781,1768723627,0
LTE,466,92,24600,107379745,-1,120.8762,24.1798,1000,11,1,1639171581,1768723627,0
LTE,466,92,24600,106133783,-1,120.8431,24.221,2338,10,1,1640801253,1746739983,0
LTE,466,97,44290,208133156,-1,120.305,22.6648,1000,11,1,1640950095,1745670541,0
LTE,466,97,44290,208156813,-1,120.3043,22.6718,1000,4,1,1640950366,1745655422,0
LTE,466,97,11460,59154033,-1,121.5316,24.9629,4861,7,1,1641023041,1752386104,0
LTE,466,97,11460,59139051,-1,121.5209,24.9727,3382,25,1,1641023121,1774079230,0
LTE,466,97,11460,59139061,-1,121.5216,24.9736,1067,29,1,1641023180,1777186562,0
LTE,466,97,11460,59138959,-1,121.5091,24.9781,769,35,1,1641023211,1777186562,0
LTE,466,97,11350,60178801,-1,121.4945,24.9835,569,33,1,1641023301,1777186563,0
LTE,466,92,12700,29314327,0,121.3859,24.9513,1360,50,1,1644232304,1783987922,0
LTE,466,92,12700,30714636,0,121.4387,24.9821,2401,11,1,1644232688,1768723447,0
LTE,466,92,12400,29505826,0,121.4523,25.002,1000,7,1,1644233217,1768723447,0
LTE,466,97,22210,28474353,-1,121.5231,25.0778,1000,21,1,1644693444,1780822514,0
LTE,466,97,22210,28473969,-1,121.5229,25.0789,1000,4,1,1644725767,1780822516,0
LTE,466,97,22210,28474323,-1,121.5214,25.0753,500,25,1,1644725787,1780822517,0
LTE,466,92,24600,106107926,-1,120.8506,24.1909,2128,40,1,1644890290,1746739989,0
LTE,466,1,19843,186999319,-1,120.52,22.6262,1118,19,1,1646025392,1772808603,0
LTE,466,1,19843,186882593,-1,120.5079,22.6446,1000,21,1,1646025471,1772808603,0
LTE,466,1,19843,186955543,-1,120.5027,22.6524,1902,23,1,1646025517,1772808603,0
LTE,466,97,22530,81930894,-1,121.2171,25.01,1000,14,1,1646035406,1772170381,0
LTE,466,97,22530,81930985,-1,121.2123,25.0092,1000,13,1,1646036139,1766992442,0
LTE,466,97,22530,81977220,-1,121.2083,25.0062,1043,19,1,1646036357,1754914381,0
LTE,466,97,22530,81977219,-1,121.2052,25.0041,1000,7,1,1646036583,1745070931,0
LTE,466,97,22530,81968615,-1,121.2067,25.0051,1239,17,1,1646036596,1784978342,0
LTE,466,92,13400,81582350,-1,121.2427,24.9938,1651,19,1,1647493026,1782751503,0
LTE,466,92,13400,80246306,-1,121.2268,24.978,1174,48,1,1647494352,1782751502,0
LTE,466,92,12700,29434914,-1,121.4326,24.9633,1000,6,1,1647504995,1768723447,0
LTE,466,92,12700,29058328,-1,121.4333,24.9645,1000,14,1,1647505005,1768723447,0
LTE,466,92,12700,29452312,-1,121.4365,24.973,1000,14,1,1647505232,1768723447,0
LTE,466,92,12700,29308942,-1,121.4418,24.9847,1000,17,1,1647505396,1768723447,0
LTE,466,92,24600,106310946,-1,120.8623,24.1583,1000,16,1,1647190777,1768723627,0
LTE,466,92,13500,81548312,-1,121.2224,24.8635,1000,18,1,1648686452,1768723565,0
LTE,466,97,22261,52480488,-1,121.7291,25.1086,1000,8,1,1649026199,1775724363,0
LTE,466,97,22261,52483204,-1,121.7327,25.1085,1000,9,1,1649026201,1775724363,0
LTE,466,97,22261,52485095,-1,121.7358,25.1052,1000,15,1,1649026219,1775724363,0
LTE,466,97,22261,52484485,-1,121.7398,25.1023,1000,7,1,1649026265,1775724363,0
LTE,466,97,22710,57353449,-1,121.8082,25.1088,1000,6,1,1649026661,1775724364,0
LTE,466,97,22710,57344645,-1,121.8123,25.1083,1000,9,1,1649026852,1775724364,0
LTE,466,97,11330,67075048,-1,121.7754,24.8268,1000,8,1,1649030119,1775724366,0
LTE,466,97,11330,67080836,-1,121.7681,24.8078,1000,14,1,1649030347,1775724366,0
LTE,466,97,11330,67078276,-1,121.7652,24.796,500,26,1,1649030427,1775724422,0
LTE,466,97,11330,66572520,-1,121.7607,24.7608,1000,11,1,1649030593,1775724422,0
LTE,466,1,19103,26208289,-1,121.5699,25.0707,1000,16,1,1649122932,1773716943,0
LTE,466,1,19103,25714445,-1,121.5633,25.0713,1000,17,1,1649122962,1773716943,0
LTE,466,1,19122,25656077,-1,121.5449,25.0728,1000,19,1,1649123062,1773716943,0
LTE,466,1,19122,26200087,-1,121.5073,25.078,1000,11,1,1649123231,1773716943,0
LTE,466,1,19122,26200097,-1,121.5025,25.0774,879,43,1,1649123260,1773716943,0
LTE,466,1,27313,54236695,-1,121.3015,25.04,776,33,1,1649124143,1773716942,0
LTE,466,1,27313,53798935,-1,121.2947,25.0359,793,35,1,1649124172,1773716942,0
LTE,466,97,11350,60165006,-1,121.4811,25.0005,1000,5,1,1653021275,1771539423,0
LTE,466,97,11420,60213871,-1,121.5091,24.993,1000,8,1,1654140638,1780123204,0
LTE,466,92,13400,80696088,0,121.2378,24.9832,5143,29,1,1655328631,1782751503,0
LTE,466,92,13200,81514768,0,121.2585,25.0055,3695,3,1,1655328837,1782751503,0
LTE,466,92,13200,80745249,0,121.2532,25.0248,5153,16,1,1655328911,1782751503,0
LTE,466,92,13200,81756439,0,121.2231,25.0194,4169,2,1,1655329091,1782751503,0
LTE,466,92,13200,81518096,0,121.2314,25.0777,1000,2,1,1655331828,1782751504,0
LTE,466,92,13200,79834136,0,121.2333,25.083,1000,17,1,1655348295,1782478022,0
LTE,466,92,13200,79834126,0,121.2383,25.0876,1657,42,1,1655348360,1760143144,0
LTE,466,92,13200,79834125,0,121.2274,25.0816,1050,12,1,1655348523,1760143201,0
LTE,466,92,13200,79834128,0,121.2377,25.0823,1000,8,1,1655348585,1782751504,0
LTE,466,92,13200,80792087,0,121.2408,25.092,1000,9,1,1655348590,1760143144,0
LTE,466,92,12400,28921378,0,121.4642,25.0152,1000,7,1,1655627297,1768723446,0
LTE,466,97,11230,59920360,-1,121.5142,24.9955,1000,7,1,1656811289,1768517582,0
LTE,466,92,11104,54677272,0,121.5224,25.0509,1000,9,1,1659411891,1768723445,0
LTE,466,92,13200,80023051,0,121.3004,25.0406,3565,2,1,1659488082,1782751503,0
LTE,466,92,13500,80582433,0,121.171,24.9233,1000,3,1,1659488750,1782751502,0
LTE,466,92,13500,80002082,0,121.1273,24.8944,4305,43,1,1659488892,1782751502,0
LTE,466,92,13700,80362765,0,121.0039,24.7891,6275,9,1,1659490616,1753255561,0
LTE,466,92,24500,105986358,0,120.8061,24.6483,2467,8,1,1659491942,1768723387,0
LTE,466,92,24500,105986348,0,120.8052,24.6485,1000,9,1,1659491950,1768723388,0
LTE,466,92,24500,105917739,0,120.8026,24.6441,1000,6,1,1659491967,1768723387,0
LTE,466,92,24500,106353933,0,120.6928,24.5219,2769,6,1,1659493070,1768723385,0
LTE,466,92,24500,106353953,0,120.6869,24.5008,1000,9,1,1659493159,1768723385,0
LTE,466,92,24500,106941217,0,120.6655,24.4732,3963,12,1,1659493377,1768723384,0
LTE,466,92,24500,107002125,0,120.6656,24.465,4610,7,1,1659493433,1768723384,0
LTE,466,1,17313,53824278,0,121.2155,25.0488,1358,30,1,1661897884,1773716942,0
LTE,466,1,17313,54093089,0,121.2171,25.0648,1000,13,1,1661897972,1773716942,0
LTE,466,1,17313,53775895,0,121.2328,25.0764,1000,12,1,1661898087,1786435682,0
LTE,466,1,17313,53775885,0,121.2315,25.0769,1000,7,1,1661898161,1786450141,0
LTE,466,1,17313,53775649,0,121.2323,25.0783,1000,5,1,1661901196,1773716942,0
LTE,466,1,17313,54203149,0,121.2305,25.0786,1000,2,1,1661904645,1770007865,0
LTE,466,1,17313,53847073,0,121.2388,25.0813,1000,8,1,1661910373,1773716942,0
LTE,466,92,24950,107385871,-1,120.6387,24.1694,1000,4,1,1669952675,1746739926,0
LTE,466,92,24101,105879606,-1,120.6564,24.1585,1000,24,1,1669957124,1746739986,0
LTE,466,92,24101,105878572,-1,120.6547,24.157,1000,11,1,1669957454,1746739986,0
LTE,466,92,24101,105879852,-1,120.6532,24.1538,1000,21,1,1669958214,1746739986,0
LTE,466,92,13400,80820258,-1,121.2287,24.955,1000,4,1,1669204989,1750959783,0
LTE,466,97,11420,60184719,-1,121.5148,24.9925,1000,8,1,1671332653,1780123204,0
LTE,466,97,11230,59920241,-1,121.5147,24.9949,1000,9,1,1671851058,1780123204,0
LTE,466,97,22570,85271015,-1,121.3691,25.065,1000,9,1,1672002597,1775523603,0
LTE,466,97,22230,62485479,-1,121.3572,25.0654,790,32,1,1672002687,1775523603,0
LTE,466,97,22530,86289128,-1,121.2249,25.0471,2279,16,1,1672004227,1768519202,0
LTE,466,97,22530,86297989,-1,121.2217,25.0196,1000,20,1,1672004617,1770457563,0
LTE,466,97,22530,81988742,-1,121.2188,25.0167,1000,7,1,1672004667,1770457563,0
LTE,466,97,22530,81988744,-1,121.2149,25.0156,1000,10,1,1672004717,1742211241,0
LTE,466,97,22530,81930893,-1,121.2147,25.013,1000,11,1,1672004883,1766987401,0
LTE,466,97,22530,81988754,-1,121.2163,25.0144,1000,9,1,1672005377,1756043281,0
LTE,466,97,22530,81988724,-1,121.217,25.0127,1000,21,1,1672011669,1780822517,0
LTE,466,97,22530,81930963,-1,121.2179,25.0096,1000,8,1,1672016952,1781622064,0
LTE,466,97,22530,81989878,-1,121.2168,25.0112,1000,12,1,1672017032,1775479142,0
LTE,466,97,22530,81964246,-1,121.2104,25.0127,1053,7,1,1672017472,1762512781,0
LTE,466,97,22550,81974229,-1,121.2188,24.9755,4278,14,1,1672018012,1768539121,0
LTE,466,97,22550,81924485,-1,121.2211,24.9627,1000,3,1,1672018912,1765252022,0
LTE,466,97,22550,81994707,-1,121.25,24.9684,1000,7,1,1672026117,1784953202,0
LTE,466,97,22550,84508904,-1,121.276,24.9808,1000,10,1,1672026227,1784953202,0
LTE,466,97,22520,85526148,-1,121.2837,24.9824,1000,13,1,1672026257,1772109124,0
LTE,466,97,22520,84485508,-1,121.2862,24.9818,1000,20,1,1672026267,1772109124,0
LTE,466,97,11310,61188074,-1,121.335,24.9746,1000,7,1,1672026837,1768536963,0
LTE,466,97,11310,61186350,-1,121.3387,24.9701,1000,9,1,1672026857,1764157081,0
LTE,466,97,11310,61186318,-1,121.3383,24.9619,1000,13,1,1672026917,1768536963,0
LTE,466,97,11310,61188622,-1,121.3594,24.9565,1000,13,1,1672027147,1768536962,0
LTE,466,97,11310,60934178,-1,121.3862,24.9682,1000,10,1,1672027297,1768536962,0
LTE,466,97,11310,60934377,-1,121.3853,24.9676,1000,15,1,1672027307,1768536962,0
LTE,466,97,11440,60932331,-1,121.4103,24.9813,1000,8,1,1672027417,1768536961,0
LTE,466,97,11290,56370822,-1,121.4586,25.0093,1000,2,1,1672028157,1764832322,0
LTE,466,97,11340,56331498,-1,121.464,25.0148,1692,18,1,1672028557,1781622062,0
LTE,466,97,11350,60161422,-1,121.489,25.0045,1000,8,1,1672029313,1770436390,0
LTE,466,92,11700,54172962,-1,121.5929,25.0493,1000,10,1,1672789218,1773716946,0
LTE,466,92,11800,54664206,-1,121.606,25.0512,1622,10,1,1672796496,1773716945,0
LTE,466,92,11400,64730894,-1,121.5324,25.0446,1000,5,1,1672804170,1786110721,0
LTE,466,92,11800,54663949,-1,121.6047,25.053,1000,12,1,1672813631,1773716945,0
LTE,466,92,11800,54663960,-1,121.6035,25.0526,1000,8,1,1672819331,1773716945,0
LTE,466,92,11800,54664226,-1,121.6008,25.0515,2010,18,1,1672819701,1773716945,0
LTE,466,92,11800,54664472,-1,121.6008,25.0511,1985,9,1,1672819741,1773716945,0
LTE,466,92,11401,54453282,-1,121.5674,25.0409,1000,13,1,1672863345,1774782915,0
LTE,466,92,11401,54453280,-1,121.5668,25.0404,1000,6,1,1672863946,1774782915,0
LTE,466,92,24400,106578732,-1,120.7207,24.1858,1000,16,1,1672690424,1746739986,0
LTE,466,97,11460,59150318,-1,121.522,24.9816,1000,13,1,1677905692,1751284561,0
LTE,466,97,11460,59164804,-1,121.5227,24.9816,1000,12,1,1677905772,1776102481,0
LTE,466,97,11460,59186153,-1,121.5258,24.9845,1000,22,1,1677905792,1751284561,0
LTE,466,97,11460,59139050,-1,121.5236,24.9803,1000,21,1,1677905852,1776102481,0
LTE,466,97,11460,59182825,-1,121.527,24.9855,1000,3,1,1677906289,1780123204,0
LTE,466,97,11460,59186163,-1,121.5264,24.9839,1000,19,1,1677906553,1771752664,0
LTE,466,97,11460,59186162,-1,121.5296,24.9831,1000,7,1,1677906593,1771752664,0
LTE,466,97,11460,59138033,-1,121.5347,24.9892,1000,14,1,1677913083,1772109062,0
LTE,466,97,11460,59136654,-1,121.5348,24.9878,1000,5,1,1677913093,1772109062,0
LTE,466,97,11460,59136653,-1,121.534,24.9884,1000,6,1,1677913113,1772109062,0
LTE,466,97,11460,59136757,-1,121.5313,24.9892,1000,22,1,1677913133,1776102481,0
LTE,466,97,11460,59136756,-1,121.5296,24.9884,1000,14,1,1677913153,1765639862,0
LTE,466,97,11460,59182835,-1,121.527,24.9871,1000,10,1,1677913183,1771752664,0
LTE,466,97,11420,60243342,-1,121.53,24.991,1000,4,1,1677913235,1765639862,0
LTE,466,97,22520,84513769,0,121.3082,24.9913,1000,2,1,1679247891,1764402423,0
LTE,466,97,22520,84494572,0,121.2814,24.9885,1000,20,1,1679248363,1780016942,0
LTE,466,97,22520,84485509,0,121.2819,24.9884,1000,2,1,1679249104,1765648622,0
LTE,466,97,22520,84498153,0,121.302,25.0195,1000,4,1,1679279462,1780016942,0
LTE,466,97,22520,84481781,0,121.3141,24.9897,1000,4,1,1679282190,1764157082,0
LTE,466,97,22520,84512755,0,121.3217,24.9912,1000,5,1,1679408030,1764157082,0
LTE,466,97,22520,84482702,0,121.3171,24.9902,1000,10,1,1679408039,1768536963,0
LTE,466,97,22520,84516751,0,121.3131,24.9902,1000,2,1,1679409049,1764157082,0
LTE,466,97,22520,84488845,0,121.3099,24.9931,1000,6,1,1679409086,1764402423,0
LTE,466,97,22550,85511823,0,121.2707,24.9782,1000,10,1,1679410664,1784953202,0
LTE,466,92,24400,106052672,-1,120.7181,24.176,1000,18,1,1673640783,1754115605,0
LTE,466,92,24400,106052652,-1,120.7192,24.1776,1000,15,1,1673641282,1754115605,0
LTE,466,92,24400,106052651,-1,120.7191,24.178,1000,15,1,1673643782,1746739930,0
LTE,466,92,24400,106052661,-1,120.7203,24.1775,990,25,1,1673644152,1746739930,0
LTE,466,92,24400,109433614,-1,120.7334,24.1767,1000,16,1,1673804322,1746739929,0
LTE,466,92,24400,109433634,-1,120.7332,24.1739,1007,27,1,1673804502,1768723622,0
LTE,466,92,24100,106855990,-1,120.7073,24.1815,575,27,1,1674086373,1746739986,0
LTE,466,92,24100,106047532,-1,120.7029,24.1835,529,50,1,1674086393,1768723322,0
LTE,466,92,24600,106098486,-1,120.7061,24.2101,3401,37,1,1674088133,1750959782,0
LTE,466,92,24600,105372726,-1,120.7063,24.219,4383,50,1,1674088303,1750959782,0
LTE,466,92,24600,105970446,-1,120.7103,24.2314,500,28,1,1674088343,1750959782,0
LTE,466,92,24600,106102030,-1,120.7121,24.2373,1266,20,1,1674088463,1746739982,0
LTE,466,92,24600,106707992,-1,120.7185,24.2466,1000,23,1,1674088523,1768723622,0
LTE,466,92,24600,105382926,-1,120.7277,24.2609,1648,18,1,1674088693,1746739985,0
LTE,466,92,24600,105462848,-1,120.7331,24.303,1000,13,1,1674088873,1768723323,0
LTE,466,92,24600,105530677,-1,120.7321,24.3058,1000,10,1,1674088883,1768723323,0
LTE,466,92,24600,106690840,-1,120.731,24.3328,1094,11,1,1674089143,1768723326,0
LTE,466,92,24500,106354998,-1,120.7447,24.3483,854,38,1,1674089283,1768723507,0
LTE,466,92,24500,105924109,-1,120.7917,24.523,904,45,1,1674090193,1750959782,0
LTE,466,92,24500,106735383,-1,120.7968,24.5305,1000,17,1,1674090303,1750959782,0
LTE,466,92,24500,105933345,-1,120.7993,24.5362,909,50,1,1674090353,1750959782,0
LTE,466,92,24500,106779918,-1,120.8807,24.6877,500,25,1,1674091583,1768723441,0
LTE,466,92,24500,105921590,-1,120.8809,24.6934,524,41,1,1674091653,1768723441,0
LTE,466,92,24500,105852480,-1,120.8782,24.6991,521,36,1,1674091693,1768723441,0
LTE,466,92,24500,105942335,-1,120.8689,24.7127,1000,24,1,1674091753,1768723442,0
LTE,466,92,24500,105942325,-1,120.8693,24.7192,1000,8,1,1674091793,1750959782,0
LTE,466,92,13750,80314647,-1,120.8873,24.7351,1000,20,1,1674091973,1768723442,0
LTE,466,92,13750,80426254,-1,120.9102,24.7548,654,43,1,1674092073,1768723442,0
LTE,466,92,13750,81901602,-1,120.9133,24.7613,1000,24,1,1674092143,1768723443,0
LTE,466,92,13750,81017614,-1,120.9182,24.7743,920,50,1,1674092233,1768723443,0
LTE,466,92,13750,80903960,-1,120.9197,24.78,1000,16,1,1674092273,1768723443,0
LTE,466,92,13750,80284962,-1,120.9248,24.7859,713,50,1,1674092313,1768723443,0
LTE,466,92,13750,80923938,-1,120.9366,24.7904,682,50,1,1674092453,1768723443,0
LTE,466,92,13750,80923918,-1,120.941,24.7918,639,50,1,1674092463,1768723443,0
LTE,466,92,13750,80899618,-1,120.9494,24.7952,807,35,1,1674092493,1768723443,0
LTE,466,92,13750,80289560,-1,120.9554,24.7962,682,50,1,1674092523,1768723443,0
LTE,466,92,13750,80898830,-1,120.9672,24.7987,500,27,1,1674092583,1768723443,0
LTE,466,92,13750,81559064,-1,120.9743,24.8031,500,35,1,1674092893,1768723444,0
LTE,466,92,13750,80307224,-1,120.9821,24.8078,500,31,1,1674092973,1768723444,0
LTE,466,92,13750,80922904,-1,120.9884,24.8117,1000,10,1,1674513990,1768723504,0
LTE,466,92,13750,80501528,-1,120.9871,24.8107,1000,17,1,1674514020,1768723504,0
LTE,466,92,13750,79714574,-1,120.9708,24.8012,1000,16,1,1674517580,1768723504,0
LTE,466,92,13750,81676568,-1,120.9448,24.7933,1000,17,1,1674517740,1768723443,0
LTE,466,92,13750,80906510,-1,120.9044,24.7451,685,32,1,1674518180,1768723442,0
LTE,466,92,13750,81762338,-1,120.8823,24.7323,1000,20,1,1674518290,1768723442,0
LTE,466,92,24500,105942336,-1,120.8694,24.7129,1000,15,1,1674518490,1768723442,0
LTE,466,92,24500,105972022,-1,120.8764,24.7013,1000,11,1,1674518550,1768723441,0
LTE,466,92,24500,106933282,-1,120.745,24.3592,7390,8,1,1674522480,1768723382,0
LTE,466,92,24600,105462847,-1,120.7323,24.3018,1000,13,1,1674522910,1768723323,0
LTE,466,92,24600,106528053,-1,120.7272,24.2589,1000,15,1,1674523100,1746739985,0
LTE,466,92,24400,106670360,-1,120.7225,24.1745,1000,21,1,1675036968,1740462366,0
LTE,466,92,24400,106671630,-1,120.7273,24.1759,1303,19,1,1675810924,1768723628,0
LTE,466,92,24400,106613518,-1,120.719,24.1739,1000,14,1,1675812454,1754115605,0
LTE,466,92,24400,106613528,-1,120.7188,24.1724,1000,21,1,1675813564,1754115604,0
LTE,466,92,24400,105332022,-1,120.7208,24.1692,1000,18,1,1675816124,1768723628,0
LTE,466,92,24600,106691607,-1,120.7556,24.2493,4286,50,1,1677269872,1740462371,0
LTE,466,92,24600,106103832,-1,120.7925,24.2727,1000,6,1,1677271362,1740462370,0
LTE,466,92,24600,105572375,-1,120.7664,24.2769,1000,10,1,1677289723,1746739984,0
LTE,466,92,24600,106120717,-1,120.7488,24.2686,1000,17,1,1677289943,1740462371,0
LTE,466,92,25501,105685803,-1,120.7487,24.2483,1000,3,1,1677290423,1740462371,0
LTE,466,92,25501,105685813,-1,120.7368,24.2373,1539,15,1,1677290483,1740462371,0
LTE,466,97,22520,84482958,0,121.3016,24.9918,1000,8,1,1679562030,1764157082,0
LTE,466,97,22520,84494981,0,121.2914,25.0077,1000,4,1,1679657833,1763997182,0
LTE,466,97,11310,61187981,0,121.331,24.9761,1000,2,1,1679746111,1764157081,0
LTE,466,97,11310,61188085,0,121.3352,24.9738,1000,2,1,1679751953,1764157081,0
LTE,466,92,13200,80745250,-1,121.2535,25.029,1572,50,1,1671650004,1782751503,0
LTE,466,92,24400,106578741,-1,120.7199,24.1809,1000,5,1,1683500161,1746739930,0
LTE,466,92,24600,106763288,-1,120.7048,24.2062,1000,16,1,1683502104,1750959782,0
LTE,466,92,24500,106735393,-1,120.7991,24.5339,1000,13,1,1683504362,1750959782,0
LTE,466,92,24500,105996813,-1,120.8697,24.7101,1000,14,1,1683506572,1750959782,0
LTE,466,92,24500,105851180,-1,120.8738,24.7254,1000,20,1,1683506642,1768723442,0
LTE,466,92,13701,80514594,-1,121.0007,24.826,1145,23,1,1683507832,1768723445,0
LTE,466,92,13701,81266466,-1,121.0013,24.8275,976,26,1,1683507852,1768723445,0
LTE,466,92,13701,81022232,-1,121.0097,24.8399,1000,8,1,1683507902,1768723445,0
LTE,466,92,13701,81011980,-1,121.0052,24.856,556,26,1,1683508062,1768723445,0
LTE,466,92,13701,80310049,-1,120.9954,24.8619,828,37,1,1683508102,1768723445,0
LTE,466,92,13701,81558295,-1,120.9932,24.866,1000,14,1,1683508132,1768723445,0
LTE,466,92,13701,80288526,-1,121.0125,24.8822,2224,25,1,1683508332,1768723445,0
LTE,466,92,13701,79708952,-1,121.0306,24.8925,4362,37,1,1683508402,1768723445,0
LTE,466,92,13701,80292632,-1,121.047,24.9143,7202,7,1,1683508652,1768723445,0
LTE,466,92,13701,81671694,-1,121.0583,24.9257,561,26,1,1683508672,1768723445,0
LTE,466,92,13400,80779023,-1,121.2248,24.9536,1000,8,1,1683509822,1760144886,0
LTE,466,92,13400,79759374,-1,121.2215,24.9563,1000,6,1,1683514452,1760144886,0
LTE,466,92,13400,80955662,-1,121.2215,24.9815,1000,10,1,1683515332,1760144885,0
LTE,466,92,13202,80737048,-1,121.2143,24.992,1103,15,1,1683515582,1760144885,0
LTE,466,92,13202,81664526,-1,121.2144,25.0133,1000,24,1,1683515912,1760144885,0
LTE,466,92,13202,79836706,-1,121.2175,25.0158,1000,12,1,1683516822,1760144885,0
LTE,466,92,13200,80955160,-1,121.2165,25.0327,1000,11,1,1683517072,1760144885,0
LTE,466,92,13200,79830040,-1,121.2387,25.0821,1000,18,1,1683518452,1782751504,0
LTE,466,92,13200,80723991,-1,121.2091,25.0685,1000,5,1,1683575938,1782478022,0
LTE,466,97,11240,25603981,-1,121.5324,25.0089,1000,14,1,1686195469,1752416406,0
LTE,466,97,11230,59925901,-1,121.5293,25.0075,1000,22,1,1686195489,1752416406,0
LTE,466,97,11340,56365699,-1,121.4702,25.0103,1000,8,1,1686715315,1760183710,0
LTE,466,1,19862,184751382,-1,120.29,22.8459,1588,5,1,1667427392,1783748766,0
LTE,466,1,19862,184771863,-1,120.2057,22.8389,1000,20,1,1667428275,1754124063,0
LTE,466,92,12400,29974040,-1,121.4543,25.0038,1000,7,1,1694156460,1768723446,0
LTE,466,92,13500,80134936,-1,121.1772,24.9295,1000,22,1,1698827542,1782751502,0
LTE,466,92,13500,80239640,-1,121.1678,24.9182,1297,30,1,1698827600,1782751502,0
LTE,466,92,13701,81903374,-1,121.1019,24.8911,1354,32,1,1698827952,1782751502,0
LTE,466,92,24500,105929260,-1,120.7443,24.3686,1098,21,1,1698831194,1768723507,0
LTE,466,92,24500,108684814,-1,120.7205,24.3388,1373,29,1,1698831358,1768723326,0
LTE,466,92,24500,108684824,-1,120.7072,24.3217,926,32,1,1698831470,1768723326,0
LTE,466,92,24101,105454872,-1,120.6597,24.1565,1000,22,1,1698832818,1746739924,0
LTE,466,92,24300,106322486,-1,120.6761,24.1416,1000,16,1,1698833288,1746739991,0
LTE,466,92,24300,107005218,-1,120.678,24.1396,500,26,1,1698833337,1754115602,0
LTE,466,92,24300,109986840,-1,120.6822,24.1363,1000,20,1,1698833420,1754115602,0
LTE,466,92,24300,105863438,-1,120.6868,24.1397,1000,22,1,1698833959,1746740042,0
LTE,466,92,24300,105863478,-1,120.6889,24.1394,1000,15,1,1698834019,1746739927,0
LTE,466,92,24300,105863468,-1,120.6912,24.1396,1000,13,1,1698834072,1746740042,0
LTE,466,92,24300,106318104,-1,120.6929,24.1398,1000,13,1,1698834086,1750959782,0
LTE,466,92,24300,105666061,-1,120.6955,24.1422,1000,6,1,1698834125,1746740042,0
LTE,466,92,24300,106088206,-1,120.7083,24.1438,500,29,1,1698834331,1768723567,0
LTE,466,92,24400,106024718,-1,120.7079,24.1439,1000,13,1,1698834418,1768723567,0
LTE,466,92,24400,106684706,-1,120.7119,24.1516,585,25,1,1698834505,1754115603,0
LTE,466,92,24400,106058294,-1,120.7122,24.1554,1000,12,1,1698834548,1754115603,0
LTE,466,92,24400,106613547,-1,120.7179,24.1803,1194,36,1,1698942989,1746739986,0
LTE,466,92,24400,109437198,-1,120.7155,24.18,500,31,1,1698942999,1746739986,0
LTE,466,92,24400,106613568,-1,120.7127,24.1802,1000,8,1,1698943068,1746739986,0
LTE,466,92,24100,105441038,-1,120.7098,24.1795,1000,10,1,1698943123,1746739986,0
LTE,466,92,24100,105439522,-1,120.7051,24.1869,1000,11,1,1698944059,1746739986,0
LTE,466,92,13750,80289550,-1,120.9544,24.7965,1000,17,1,1698949492,1768723443,0
LTE,466,92,13750,80501518,-1,120.9922,24.8138,1000,19,1,1698949894,1768723504,0
LTE,466,92,13701,81022242,-1,121.0111,24.8418,500,25,1,1698950121,1768723445,0
LTE,466,92,13701,80292622,-1,121.0553,24.9216,1000,9,1,1698950915,1768723445,0
LTE,466,92,13200,80712737,-1,121.2458,25.0312,1000,8,1,1698986683,1782751503,0
LTE,466,92,13200,80712727,-1,121.2494,25.0293,1000,16,1,1698986714,1782751503,0
LTE,466,92,13200,80865549,-1,121.264,25.0877,1000,4,1,1699029085,1774782915,0
LTE,466,92,13200,80951842,-1,121.2704,25.0845,1000,18,1,1699029088,1774782915,0
LTE,466,92,13201,80210712,-1,121.2801,25.0815,935,32,1,1699029120,1774782915,0
LTE,466,92,12300,29303054,-1,121.481,25.0578,1000,13,1,1699030750,1786435202,0
LTE,466,92,11100,55129377,-1,121.4975,25.051,1729,5,1,1699030895,1786435202,0
LTE,466,92,11102,53990710,-1,121.5131,25.0483,1000,22,1,1699031827,1786038483,0
LTE,466,92,11100,54725656,-1,121.5152,25.0338,1000,12,1,1699033501,1768723446,0
LTE,466,92,11900,54681880,-1,121.5267,25.0223,1000,17,1,1699033784,1750959842,0
LTE,466,92,11900,55081742,-1,121.5296,25.0196,1000,7,1,1699033938,1750959842,0
LTE,466,92,11200,62043918,-1,121.5347,25.0146,1000,18,1,1699034087,1786279441,0
LTE,466,92,11200,54926350,-1,121.5371,25.0161,1000,6,1,1699034270,1750959784,0
LTE,466,92,11200,54703916,-1,121.5373,25.0155,1000,7,1,1699034302,1786279441,0
LTE,466,92,11100,54644750,-1,121.5187,25.0322,1000,8,1,1699068989,1774782914,0
LTE,466,92,11100,54367512,-1,121.5151,25.0447,1000,8,1,1699069502,1786038483,0
LTE,466,92,13400,81687311,-1,121.2161,24.945,1000,12,1,1699074914,1750959783,0
LTE,466,92,13701,80205089,-1,121.0009,24.8581,1000,16,1,1699077707,1768723445,0
LTE,466,92,24500,108480063,-1,120.8773,24.6649,1000,19,1,1699079724,1768723441,0
LTE,466,92,24500,105924117,-1,120.7868,24.5092,1000,22,1,1699080986,1750959782,0
LTE,466,92,24600,106708002,-1,120.7185,24.2497,1000,8,1,1699082898,1746739924,0
LTE,466,92,24600,106724908,-1,120.7118,24.2383,1000,12,1,1699082967,1754115605,0
LTE,466,92,24100,105459500,-1,120.7004,24.1792,1000,9,1,1699085700,1746739930,0
LTE,466,92,24100,105459510,-1,120.6998,24.1772,1000,17,1,1699085780,1746739930,0
LTE,466,92,24100,106621454,-1,120.6981,24.1728,1000,22,1,1699085833,1746739929,0
LTE,466,92,24100,105896482,-1,120.6973,24.1697,1000,20,1,1699085918,1754115485,0
LTE,466,92,24100,108441182,-1,120.6991,24.1702,1000,9,1,1699086147,1754115485,0
LTE,466,92,24100,108441162,-1,120.7016,24.17,500,50,1,1699086222,1746739923,0
LTE,466,92,24400,106670351,-1,120.7222,24.1765,500,30,1,1699086844,1740462302,0
LTE,466,92,24100,105441048,-1,120.7152,24.1691,4394,21,1,1699127075,1768723624,0
LTE,466,1,19242,53784589,-1,121.2144,25.0045,1000,11,1,1698957011,1781986982,0
LTE,466,1,19242,54269207,-1,121.2158,25.0063,1000,15,1,1698957121,1783091701,0
LTE,466,1,27313,53890582,-1,121.2139,25.0486,1038,32,1,1698967007,1773716942,0
LTE,466,1,17313,53824279,-1,121.2134,25.0563,1000,24,1,1698967097,1773716942,0
LTE,466,1,17313,53824299,-1,121.2061,25.0601,1000,11,1,1698967187,1773716942,0
LTE,466,92,24400,107972160,-1,120.7225,24.1739,1000,18,1,1700252228,1768723628,0
LTE,466,92,24400,106578712,-1,120.725,24.1714,1000,23,1,1700252368,1768723623,0
LTE,466,92,24400,107972140,-1,120.7241,24.1742,1000,15,1,1700254298,1740462366,0
LTE,466,92,13200,79830286,-1,121.2402,25.0794,1000,11,1,1701461718,1782751504,0
LTE,466,92,13200,80191522,-1,121.2378,25.0739,1000,17,1,1701462128,1786538161,0
LTE,466,92,13201,80729623,-1,121.3803,25.051,1000,3,1,1701480482,1786038483,0
LTE,466,92,13201,80013847,-1,121.3844,25.0492,1000,4,1,1701480508,1786038483,0
LTE,466,92,12000,28664087,-1,121.4214,25.0323,1000,6,1,1701480905,1786038483,0
LTE,466,92,12100,29259544,-1,121.4834,25.0538,1000,4,1,1701481481,1786435202,0
LTE,466,92,12100,30209570,-1,121.4841,25.0522,1000,7,1,1701481492,1786435202,0
LTE,466,92,12100,29314594,-1,121.4854,25.0496,1000,11,1,1701481502,1786435202,0
LTE,466,92,12100,30265869,-1,121.4917,25.0507,1000,4,1,1701481592,1786435202,0
LTE,466,92,11100,55129102,-1,121.5063,25.0491,1597,3,1,1701481950,1754115552,0
LTE,466,92,11100,54680098,-1,121.5129,25.0489,2258,8,1,1701481961,1754115552,0
LTE,466,92,11401,54674978,-1,121.567,25.0361,1000,19,1,1701594092,1774782915,0
LTE,466,92,11401,54686744,-1,121.5671,25.0378,1000,12,1,1701594286,1774782915,0
LTE,466,92,11401,55386126,-1,121.5672,25.0406,1000,5,1,1701594813,1774782915,0
LTE,466,92,11401,54674957,-1,121.5681,25.0362,500,31,1,1701608472,1773716944,0
LTE,466,92,11401,54649633,-1,121.567,25.0367,1000,14,1,1701614871,1773716944,0
LTE,466,92,11401,54453271,-1,121.5683,25.039,1000,12,1,1701614964,1773716944,0
LTE,466,92,11401,54686753,-1,121.5676,25.0387,1000,3,1,1701861164,1773716944,0
LTE,466,92,11102,54688269,-1,121.5083,25.0422,1000,11,1,1701904543,1773716945,0
LTE,466,92,11102,54688279,-1,121.5069,25.0415,1000,16,1,1701904651,1754115547,0
LTE,466,92,11100,57644558,-1,121.5207,25.0474,1000,6,1,1701916412,1754115549,0
LTE,466,92,11100,54680078,-1,121.5192,25.0483,1000,11,1,1701916917,1754115549,0
LTE,466,92,11102,55127061,-1,121.5098,25.0424,1000,4,1,1701921613,1786038483,0
LTE,466,92,11102,54688270,-1,121.5077,25.0422,500,26,1,1701921673,1754115548,0
LTE,466,92,11102,54657826,-1,121.5073,25.0598,1000,12,1,1702005931,1754115551,0
LTE,466,92,11102,54657816,-1,121.5097,25.0586,1000,9,1,1702005941,1754115551,0
LTE,466,92,11102,54043407,-1,121.5119,25.0593,1000,5,1,1702007449,1754115547,0
LTE,466,92,11102,54593314,-1,121.5155,25.0554,1000,3,1,1702009696,1754115547,0
LTE,466,92,11102,55372302,-1,121.5141,25.0554,1000,6,1,1702012863,1754115547,0
LTE,466,97,44190,205842820,-1,120.2835,22.6516,1000,8,1,1702103398,1745681642,0
LTE,466,97,22530,86296566,-1,121.2222,25.0124,1232,33,1,1702111390,1777186567,0
LTE,466,97,22530,86295437,-1,121.2273,25.0255,1000,8,1,1702111400,1745070931,0
LTE,466,97,22600,86566377,-1,121.2506,25.0469,1000,22,1,1702111460,1760183704,0
LTE,466,97,22600,86566387,-1,121.2514,25.0475,680,32,1,1702111460,1759041781,0
LTE,466,97,22600,86545395,-1,121.2689,25.0565,1000,22,1,1702111490,1759041782,0
LTE,466,97,22570,85288172,-1,121.3179,25.0506,1985,3,1,1702111630,1759550522,0
LTE,466,97,22570,85287816,-1,121.3161,25.051,1946,4,1,1702111720,1781622062,0
LTE,466,97,11430,56409224,-1,121.4475,25.0041,1000,9,1,1702111910,1781622062,0
LTE,466,97,11290,56386441,-1,121.4512,25.0039,1000,4,1,1702111930,1781622062,0
LTE,466,97,11290,25647594,-1,121.5135,25.0544,1417,2,1,1702171309,1760183763,0
LTE,466,97,22240,26654498,-1,121.5252,25.0513,1000,3,1,1702187211,1773461523,0
LTE,466,97,22240,26626850,-1,121.5251,25.0504,1000,2,1,1702190407,1773461523,0
LTE,466,97,11270,27681777,-1,121.5072,25.0434,1000,3,1,1702360990,1765539241,0
LTE,466,97,11270,27649001,-1,121.5069,25.0434,1000,2,1,1702361139,1750574401,0
LTE,466,97,11270,27664269,-1,121.5064,25.044,1000,4,1,1702366997,1765539241,0
LTE,466,97,22290,27195630,-1,121.5517,25.0441,1000,5,1,1702573556,1784394841,0
LTE,466,97,22230,85289093,-1,121.3784,25.0659,1000,12,1,1702604272,1775523603,0
LTE,466,97,22570,85271016,-1,121.3711,25.0659,954,25,1,1702604302,1776102484,0
LTE,466,97,22600,85270247,-1,121.3245,25.0519,737,36,1,1702604512,1754445782,0
LTE,466,97,22600,86528387,-1,121.2921,25.0342,1040,22,1,1702604692,1780016943,0
LTE,466,97,22600,86562179,-1,121.2534,25.0281,1000,24,1,1702604902,1754432952,0
LTE,466,97,22530,86561000,-1,121.2475,25.0304,1000,8,1,1702604922,1752416410,0
LTE,466,97,22530,86561001,-1,121.2388,25.0361,804,26,1,1702604942,1771110062,0
LTE,466,92,24000,106524194,-1,120.5602,24.2357,1000,11,1,1704160620,1742603522,0
LTE,466,92,13500,80250904,-1,121.216,24.86,1000,23,1,1705035085,1768723565,0
LTE,466,92,13500,80716046,-1,121.2111,24.8582,1000,17,1,1705035095,1768723565,0
LTE,466,92,13600,80275980,-1,121.1981,24.8205,1221,23,1,1705035215,1768723562,0
LTE,466,92,24500,106790158,-1,120.905,24.7383,1000,22,1,1705036435,1768723442,0
LTE,466,92,24500,105918734,-1,120.7983,24.6179,1087,12,1,1705037015,1768723387,0
LTE,466,92,24500,109097792,-1,120.6668,24.3701,1028,29,1,1705038085,1768723383,0
LTE,466,89,22520,85511655,-1,121.2763,24.9891,1000,23,1,1705195361,1761705602,0
LTE,466,92,11101,54421026,-1,121.5222,25.0688,500,50,1,1705188072,1754115549,0
LTE,466,92,11101,54535704,-1,121.5232,25.0716,1000,16,1,1705192562,1754115549,0
LTE,466,92,11101,54535714,-1,121.5252,25.0749,1000,16,1,1705193020,1754115549,0
LTE,466,92,11100,54310167,-1,121.5302,25.0436,1000,4,1,1705203000,1786110722,0
LTE,466,92,24600,106107928,-1,120.8609,24.1905,1000,20,1,1705637102,1746739989,0
LTE,466,92,24600,108622379,-1,120.8478,24.1908,1000,18,1,1705637341,1746739989,0
LTE,466,92,24600,108692779,-1,120.8457,24.1907,1000,22,1,1705637374,1761840062,0
LTE,466,92,24600,108692789,-1,120.8436,24.1911,1000,15,1,1705637874,1761840062,0
LTE,466,92,24600,106107957,-1,120.8391,24.188,1839,35,1,1705637947,1768723628,0
LTE,466,92,24600,106107947,-1,120.8393,24.1968,500,31,1,1705638029,1761840062,0
LTE,466,92,24600,108692749,-1,120.8389,24.2137,1000,21,1,1705638144,1761840062,0
LTE,466,92,24600,106133824,-1,120.8376,24.2268,720,50,1,1705638321,1740462372,0
LTE,466,92,24600,106904098,-1,120.8234,24.2556,1573,26,1,1705638896,1740462372,0
LTE,466,92,24600,106102798,-1,120.8297,24.2556,1000,12,1,1705638925,1768723505,0
LTE,466,92,24600,106503437,-1,120.7239,24.1889,1064,27,1,1700436889,1746739983,0
LTE,466,92,24400,105871669,-1,120.7532,24.1529,3946,7,1,1700440009,1768723624,0
LTE,466,92,24200,106014519,-1,120.743,24.163,2443,2,1,1700440199,1768723624,0
LTE,466,92,24400,106095640,-1,120.7384,24.1774,500,48,1,1701382688,1740462367,0
LTE,466,92,24400,109433624,-1,120.7336,24.1704,1000,15,1,1701382988,1768723622,0
LTE,466,92,24400,106861838,-1,120.7334,24.167,1000,23,1,1701383018,1768723622,0
LTE,466,92,24400,106861848,-1,120.7372,24.1605,746,31,1,1701383108,1768723623,0
LTE,466,92,24400,106861858,-1,120.7261,24.1592,1095,9,1,1701383158,1768723623,0
LTE,466,92,24400,105397025,-1,120.7414,24.1608,500,25,1,1701383268,1768723623,0
LTE,466,92,24400,105373207,-1,120.7356,24.1509,1550,5,1,1701383418,1768723624,0
LTE,466,92,24400,105469739,-1,120.7333,24.1514,1000,15,1,1701383438,1746739928,0
LTE,466,92,24400,105469975,-1,120.7333,24.1524,1000,3,1,1701383448,1740462367,0
LTE,466,92,24400,105469749,-1,120.733,24.1493,1000,14,1,1701383468,1754115603,0
LTE,466,92,24400,106053675,-1,120.734,24.1497,1000,8,1,1701383508,1754115606,0
LTE,466,92,24400,105373237,-1,120.7336,24.1475,1000,5,1,1701383548,1754115603,0
LTE,466,92,24400,106053695,-1,120.7326,24.1476,1000,15,1,1701383558,1754115606,0
LTE,466,92,24400,105395745,-1,120.7336,24.1464,1000,5,1,1701383578,1740462367,0
LTE,466,92,24400,105395746,-1,120.7339,24.1463,1000,20,1,1701383628,1740462367,0
LTE,466,92,24400,106053646,-1,120.7338,24.1525,3677,19,1,1701383638,1754115603,0
LTE,466,92,24400,106053666,-1,120.7326,24.145,1000,10,1,1701383688,1754115603,0
LTE,466,92,24400,106053656,-1,120.7407,24.1437,1404,3,1,1701383938,1768723624,0
LTE,466,92,24400,106499362,-1,120.7318,24.1404,1000,16,1,1701384508,1740462367,0
LTE,466,92,24400,106075928,-1,120.7376,24.1376,1000,20,1,1701384548,1768723624,0
LTE,466,92,24400,105335832,-1,120.7232,24.132,1000,13,1,1701384738,1740462367,0
LTE,466,92,24400,106499342,-1,120.7323,24.1417,1000,19,1,1701387968,1740462367,0
LTE,466,92,24400,106053685,-1,120.7341,24.1482,1000,21,1,1701388198,1754115603,0
LTE,466,92,24400,105469976,-1,120.7339,24.1509,1000,11,1,1701395638,1754115603,0
LTE,466,92,24400,105397005,-1,120.7436,24.159,1000,8,1,1701396238,1768723623,0
LTE,466,92,24400,106598424,-1,120.7424,24.1603,1000,4,1,1701396258,1746739928,0
LTE,466,92,24600,106134552,-1,120.7929,24.2133,2058,28,1,1701882810,1746739987,0
LTE,466,92,24600,106266381,-1,120.8678,24.2371,5871,9,1,1701883680,1740462363,0
LTE,466,92,24600,106660652,-1,120.8152,24.2786,3375,34,1,1701883700,1768723505,0
LTE,466,92,24600,108693056,-1,120.8179,24.2604,1318,25,1,1701883740,1740462372,0
LTE,466,92,24600,107369792,-1,120.8294,24.2602,664,27,1,1701884180,1746739991,0
LTE,466,92,24600,107369791,-1,120.8293,24.2612,1000,11,1,1701884380,1746739991,0
LTE,466,92,24600,107369742,-1,120.8297,24.2629,1000,17,1,1701885590,1746739991,0
LTE,466,92,24600,107369772,-1,120.8315,24.2595,1000,11,1,1701890650,1746739991,0
LTE,466,92,24600,107369782,-1,120.8324,24.2542,1000,16,1,1701890690,1768723626,0
LTE,466,92,24600,106102808,-1,120.833,24.2544,1000,11,1,1701890770,1768723504,0
LTE,466,92,24600,108035873,-1,120.8338,24.2506,1000,21,1,1701890830,1746739921,0
LTE,466,92,24600,108035853,-1,120.8357,24.2484,500,31,1,1701890910,1768723626,0
LTE,466,92,24600,108035863,-1,120.8344,24.2466,1000,9,1,1701890970,1768723626,0
LTE,466,92,24600,106326039,-1,120.8377,24.2446,1000,22,1,1701890990,1740462361,0
LTE,466,92,24600,105476898,-1,120.8418,24.245,1000,24,1,1701891040,1768723625,0
LTE,466,92,24600,105476917,-1,120.862,24.2389,532,49,1,1701891250,1740462362,0
LTE,466,92,24600,106706465,-1,120.8799,24.235,2172,9,1,1701891920,1740462363,0
LTE,466,92,24600,105476907,-1,120.8687,24.2409,1000,19,1,1701892740,1740462362,0
LTE,466,92,24600,106502935,-1,120.8454,24.2435,1000,8,1,1701893300,1740462361,0
LTE,466,92,24600,111401535,-1,120.843,24.1902,3267,18,1,1701894590,1746739989,0
LTE,466,92,24600,105407295,-1,120.8768,24.183,500,44,1,1701895251,1768723627,0
LTE,466,92,24600,106134079,-1,120.8625,24.1731,1461,19,1,1701899961,1768723628,0
LTE,466,92,24600,108038955,-1,120.84,24.2139,1466,18,1,1701922131,1746739983,0
LTE,466,92,24600,106133803,-1,120.837,24.2298,1000,14,1,1701922481,1761840061,0
LTE,466,92,24600,106497845,-1,120.8271,24.2516,1000,18,1,1701923021,1740462361,0
LTE,466,92,24600,108713259,-1,120.8018,24.2058,1972,36,1,1701925531,1746739988,0
LTE,466,92,24100,106855978,-1,120.7285,24.1847,1000,8,1,1702084172,1746739983,0
LTE,466,92,24500,106957098,-1,120.8958,24.2389,17413,8,1,1702085852,1740462363,0
LTE,466,92,24400,106111787,-1,120.7277,24.1644,4917,12,1,1702087312,1740462303,0
LTE,466,92,24400,109139224,-1,120.7129,24.1634,1000,20,1,1702660333,1746739987,0
LTE,466,92,24100,105412631,-1,120.7077,24.1648,1000,14,1,1702660363,1746739987,0
LTE,466,92,24100,105457728,-1,120.6958,24.1661,1000,13,1,1702660503,1754115484,0
LTE,466,92,24100,106045966,-1,120.6955,24.1709,500,37,1,1702660633,1746739929,0
LTE,466,92,24100,106045986,-1,120.6934,24.1714,500,28,1,1702660733,1746739929,0
LTE,466,92,24100,106031660,-1,120.6865,24.1811,1000,15,1,1702661143,1768723566,0
LTE,466,92,24100,106087006,-1,120.6848,24.1799,1000,23,1,1702661203,1768723566,0
LTE,466,92,24101,107462464,-1,120.6618,24.1893,1000,10,1,1702661633,1768723623,0
LTE,466,92,24101,105524002,-1,120.6579,24.1887,1000,9,1,1702661673,1760143143,0
LTE,466,92,24500,107462720,-1,120.656,24.1921,1000,16,1,1702661793,1768723622,0
LTE,466,92,24500,105409558,-1,120.655,24.1936,1000,11,1,1702661863,1768723622,0
LTE,466,92,24500,105409570,-1,120.6558,24.1945,1000,9,1,1702661883,1768723622,0
LTE,466,92,24500,105409561,-1,120.6545,24.1935,500,27,1,1702661933,1768723622,0
LTE,466,92,24500,105409571,-1,120.6565,24.1949,1000,4,1,1702661923,1768723622,0
LTE,466,92,24950,106601004,-1,120.647,24.1896,1000,6,1,1702661973,1746739926,0
LTE,466,92,24950,106871340,-1,120.6505,24.1928,1000,20,1,1702661983,1768723622,0
LTE,466,92,24950,105472574,-1,120.6414,24.1894,1000,9,1,1702662033,1746739926,0
LTE,466,92,24950,105472586,-1,120.6422,24.1872,1000,5,1,1702662063,1746739926,0
LTE,466,92,24950,106601024,-1,120.6445,24.1851,1000,11,1,1702662243,1746739926,0
LTE,466,92,24950,106871310,-1,120.6447,24.1837,1000,7,1,1702662263,1746739926,0
LTE,466,92,24600,106107916,-1,120.8616,24.189,1280,12,1,1702840731,1746739984,0
LTE,466,92,24400,107972150,-1,120.7256,24.1733,1000,13,1,1703207595,1768723623,0
LTE,466,92,24100,106016822,-1,120.6919,24.1714,1000,13,1,1703527361,1746739929,0
LTE,466,92,24100,106016832,-1,120.6913,24.1708,1000,19,1,1703527381,1746739929,0
LTE,466,92,24100,106888994,-1,120.69,24.1797,1000,20,1,1703529161,1760143143,0
LTE,466,92,24100,106031680,-1,120.6873,24.1846,1000,11,1,1703529401,1760143143,0
LTE,466,92,24100,106090796,-1,120.6852,24.1901,1000,9,1,1703529561,1760143143,0
LTE,466,92,24100,106094902,-1,120.6843,24.1908,1000,12,1,1703529581,1760143143,0
LTE,466,92,24100,106090816,-1,120.684,24.1912,1000,16,1,1703529601,1760143143,0
LTE,466,92,24100,106094912,-1,120.6823,24.1924,1000,11,1,1703529651,1760143143,0
LTE,466,92,24500,106094872,-1,120.6816,24.1949,500,32,1,1703529701,1760143143,0
LTE,466,92,24500,106094862,-1,120.6808,24.1966,500,31,1,1703529761,1760143143,0
LTE,466,92,24100,108657452,-1,120.6867,24.189,1000,9,1,1703541082,1760143143,0
LTE,466,92,24100,106863128,-1,120.6926,24.1691,1000,8,1,1703547802,1746739923,0
LTE,466,92,24100,106859072,-1,120.6934,24.1677,1000,14,1,1703547862,1746739929,0
LTE,466,92,24100,106859052,-1,120.695,24.1661,1000,17,1,1703547892,1754115485,0
LTE,466,92,24100,105896472,-1,120.6962,24.1681,1000,22,1,1703548882,1754115485,0
LTE,466,92,24400,108420887,-1,120.7208,24.1769,1112,28,1,1704502362,1746739930,0
LTE,466,92,24400,108420888,-1,120.721,24.1761,963,30,1,1704502382,1754115605,0
LTE,466,92,24400,108420898,-1,120.7189,24.1798,1000,22,1,1704502572,1746739986,0
LTE,466,92,24400,109437208,-1,120.7281,24.1667,3900,7,1,1704504812,1768723624,0
LTE,466,92,24400,108420928,-1,120.7213,24.182,1000,17,1,1704505512,1746739986,0
LTE,466,92,24400,108420878,-1,120.7212,24.1796,500,46,1,1704509022,1746739986,0
LTE,466,92,24400,108581389,-1,120.7203,24.1918,758,29,1,1704657252,1746739983,0
LTE,466,92,24400,108607808,-1,120.7322,24.1771,500,50,1,1705337798,1746739929,0
LTE,466,92,24400,108607798,-1,120.7358,24.1756,1000,22,1,1705337858,1768723622,0
LTE,466,92,24600,106133813,-1,120.8376,24.2261,1000,22,1,1705344339,1761840061,0
LTE,466,92,24600,108692759,-1,120.8394,24.2073,1000,15,1,1705344509,1761840062,0
LTE,466,92,33240,109061607,-1,120.8946,24.2168,4852,4,1,1705632091,1768723627,0
LTE,466,97,33240,109061607,-1,120.8954,24.2166,4886,6,1,1705632100,1768723627,0
LTE,466,92,24600,106133792,-1,120.8261,24.2213,2153,7,1,1705640457,1746739983,0
LTE,466,92,11800,54663950,-1,121.6043,25.0527,1000,8,1,1704260987,1773716945,0
LTE,466,92,11700,54172942,-1,121.5965,25.0504,2284,17,1,1704263657,1773716945,0
LTE,466,92,11400,55003663,-1,121.55,25.0447,4466,4,1,1704399045,1786110722,0
LTE,466,92,11100,55003177,-1,121.5612,25.0469,3670,3,1,1704399055,1786110721,0
LTE,466,92,11200,55140888,-1,121.543,25.035,4236,4,1,1704499503,1754115551,0
LTE,466,92,11200,55606306,-1,121.5347,25.0134,1000,13,1,1704500010,1754115551,0
LTE,466,92,11200,55606296,-1,121.5355,25.0119,1000,16,1,1704500300,1754115551,0
LTE,466,92,11400,54726414,-1,121.5437,25.0414,1000,4,1,1704572466,1774782915,0
LTE,466,92,11100,54878488,-1,121.5329,25.0403,1000,9,1,1704577509,1773716945,0
LTE,466,92,11401,54674967,-1,121.5667,25.0351,1000,6,1,1705027713,1773716944,0
LTE,466,92,11401,54674977,-1,121.5668,25.0356,1000,16,1,1705028840,1773716944,0
LTE,466,89,11390,28210361,-1,121.5657,25.0405,1000,6,1,1705033139,1760350801,0
LTE,466,89,11290,28207029,-1,121.5654,25.0409,1000,3,1,1705033502,1760350801,0
LTE,466,89,11290,25646261,-1,121.5413,25.0435,2504,2,1,1705034352,1748521502,0
LTE,466,89,11400,25614261,-1,121.5242,25.0458,4243,8,1,1705034385,1748521502,0
LTE,466,89,11400,25618870,-1,121.5174,25.0466,1000,4,1,1705036044,1748521502,0
LTE,466,92,11100,54484747,-1,121.518,25.0482,1000,3,1,1705037800,1750959783,0
LTE,466,89,11400,25651893,-1,121.5107,25.0456,1000,6,1,1705893000,1748521502,0
LTE,466,89,11400,25618614,-1,121.5143,25.0466,1000,4,1,1705895162,1748521502,0
LTE,466,92,11400,55003661,-1,121.5195,25.0456,1325,2,1,1705895986,1786110722,0
LTE,466,89,22580,85515190,-1,121.2792,24.9615,548,30,1,1707417462,1761705602,0
LTE,466,89,22580,85504437,-1,121.2835,24.9311,1000,21,1,1708484910,1761705603,0
LTE,466,89,22580,85765079,-1,121.2816,24.8888,1000,18,1,1709500868,1758341645,0
LTE,466,89,22580,85763952,-1,121.2793,24.8935,1000,14,1,1709500989,1758341645,0
LTE,466,89,22520,84497009,-1,121.2796,24.9868,1000,13,1,1710046769,1758354965,0
LTE,466,89,22520,84497008,-1,121.2811,24.9867,1000,8,1,1710046792,1758341642,0
LTE,466,89,22520,85511535,-1,121.2803,24.9862,1000,13,1,1710046852,1760355363,0
LTE,466,89,22520,84497007,-1,121.2819,24.9868,1000,16,1,1710647965,1762591202,0
LTE,466,89,22520,84494518,-1,121.2798,24.9885,1000,23,1,1710648128,1760527321,0
LTE,466,92,24100,106094892,-1,120.6857,24.1895,1000,3,1,1706054034,1760143143,0
LTE,466,92,24100,106082574,-1,120.7169,24.1683,4839,15,1,1707942300,1768723624,0
LTE,466,92,24100,105524770,-1,120.7076,24.1844,1000,7,1,1707946061,1746739986,0
LTE,466,92,24100,108579894,-1,120.708,24.1703,500,33,1,1708106128,1746739987,0
LTE,466,92,24100,109437248,-1,120.7054,24.1697,500,50,1,1708106218,1746739987,0
LTE,466,92,24100,106043436,-1,120.6883,24.1565,1000,11,1,1708107338,1746739986,0
LTE,466,92,24100,106043456,-1,120.6867,24.1552,1000,18,1,1708107438,1746739992,0
LTE,466,92,24100,105664044,-1,120.6855,24.146,1000,16,1,1708107848,1754115602,0
LTE,466,92,24300,106685258,-1,120.6846,24.1375,1000,9,1,1708109138,1750959782,0
LTE,466,92,24300,105405208,-1,120.672,24.1268,1000,24,1,1708109708,1746739931,0
LTE,466,92,24400,108607766,-1,120.7235,24.1769,1000,15,1,1709144316,1754115605,0
LTE,466,92,24400,108420889,-1,120.7211,24.1764,1000,13,1,1709144446,1740462302,0
LTE,466,92,24400,108581420,-1,120.7218,24.1831,1000,19,1,1709145956,1746739983,0
LTE,466,92,24400,108581440,-1,120.7199,24.1818,500,37,1,1709145976,1746739986,0
LTE,466,92,24100,108441142,-1,120.7019,24.1856,1000,7,1,1709146516,1768723322,0
LTE,466,92,24500,106856758,-1,120.6888,24.2024,1000,14,1,1709147056,1754115605,0
LTE,466,92,24500,106856767,-1,120.6866,24.2071,1000,9,1,1709147176,1754115605,0
LTE,466,92,24500,107383053,-1,120.687,24.2115,1000,15,1,1709147216,1754115605,0
LTE,466,92,24500,106138914,-1,120.6877,24.2155,1000,15,1,1709147356,1768723566,0
LTE,466,92,24600,108679950,-1,120.7081,24.229,1000,23,1,1709148036,1750959782,0
LTE,466,92,24600,106501143,-1,120.7198,24.2032,1055,21,1,1709167769,1746739932,0
LTE,466,92,24400,108607767,-1,120.7226,24.1771,1000,14,1,1709173269,1754115605,0
LTE,466,92,24600,106269473,-1,120.7173,24.2442,1000,6,1,1710794880,1768723622,0
LTE,466,92,24600,106835213,-1,120.7202,24.2445,1000,8,1,1710795010,1768723622,0
LTE,466,92,24600,106269453,-1,120.7191,24.244,1000,21,1,1710795180,1768723622,0
LTE,466,92,24600,106724918,-1,120.7144,24.2369,1000,19,1,1710824937,1750959782,0
LTE,466,92,24600,106691608,-1,120.7298,24.2258,1109,22,1,1710824977,1740462371,0
LTE,466,92,24600,106131982,-1,120.7234,24.2239,1247,20,1,1710825177,1746739983,0
LTE,466,92,24600,108624408,-1,120.7219,24.213,839,50,1,1710825257,1740462371,0
LTE,466,92,24400,108607768,-1,120.7251,24.1769,1000,22,1,1710826157,1746739992,0
LTE,466,92,24400,108607778,-1,120.7255,24.1786,1000,18,1,1710826177,1754115605,0
LTE,466,92,24600,106104107,-1,120.8047,24.2714,2492,19,1,1710964560,1740462370,0
LTE,466,92,24600,106896172,-1,120.8075,24.2658,629,32,1,1710964610,1740462370,0
LTE,466,92,24600,111401496,-1,120.8351,24.1909,3987,15,1,1710969650,1746739988,0
LTE,466,92,24600,108622349,-1,120.8394,24.1878,3693,10,1,1710971930,1746739988,0
LTE,466,92,24101,106872876,-1,120.6787,24.1728,1000,4,1,1711392457,1768723566,0
LTE,466,92,24101,108599330,-1,120.672,24.1705,1000,6,1,1711392897,1746739991,0
LTE,466,92,24101,108599310,-1,120.6726,24.1689,1000,10,1,1711392927,1746739991,0
LTE,466,92,24101,105439010,-1,120.6739,24.1647,1000,7,1,1711393097,1746739991,0
LTE,466,92,24101,106018092,-1,120.6741,24.1635,1000,2,1,1711393137,1746739924,0
LTE,466,92,24101,105904428,-1,120.675,24.1619,1000,13,1,1711393227,1768723504,0
LTE,466,92,24100,106039084,-1,120.683,24.1591,500,25,1,1711399347,1746739992,0
LTE,466,92,24100,106045228,-1,120.6836,24.1597,500,27,1,1711399387,1746739992,0
LTE,466,92,24100,106039083,-1,120.6832,24.159,1000,8,1,1711399447,1746739992,0
LTE,466,92,24100,105873708,-1,120.6855,24.1693,1000,5,1,1711414519,1768723622,0
LTE,466,92,24100,105428022,-1,120.6866,24.1704,1000,9,1,1711414539,1768723622,0
LTE,466,92,24100,105876012,-1,120.7031,24.1834,1000,11,1,1711416529,1768723322,0
LTE,466,92,24600,108642849,-1,120.7188,24.2282,549,36,1,1711473402,1746739982,0
LTE,466,92,24600,106549005,-1,120.7923,24.2019,1793,20,1,1711480627,1746739988,0
LTE,466,92,24600,106690327,-1,120.7913,24.2031,1001,24,1,1711480647,1746739987,0
LTE,466,92,24600,108713269,-1,120.8039,24.1963,1000,11,1,1711480897,1746739988,0
LTE,466,92,24600,111401505,-1,120.8072,24.1937,1000,21,1,1711480927,1746739988,0
LTE,466,92,24600,108622369,-1,120.8166,24.1819,830,50,1,1711481017,1746739988,0
LTE,466,92,24600,108622359,-1,120.8214,24.1779,1000,24,1,1711481167,1746739988,0
LTE,466,92,24600,108622389,-1,120.8215,24.1737,1000,7,1,1711481237,1746739988,0
LTE,466,92,24600,106304063,-1,120.8404,24.1828,1000,18,1,1711481777,1768723628,0
LTE,466,92,24400,108420918,-1,120.7231,24.1793,500,48,1,1711738131,1746739932,0
LTE,466,97,11350,60178666,-1,121.4849,25.0079,1000,7,1,1712381727,1774083121,0
LTE,466,97,11350,60172268,-1,121.4863,25.0072,1000,10,1,1712381759,1774083121,0
LTE,466,97,11350,60178667,-1,121.4877,25.0067,1000,5,1,1712381779,1759550522,0
LTE,466,97,11350,60178564,-1,121.4892,25.0058,1000,10,1,1712381829,1774083121,0
LTE,466,89,22510,78592367,-1,121.0843,24.7681,1000,24,1,1713327100,1754818506,0
LTE,466,89,22270,26882160,-1,121.5687,25.0483,1000,8,1,1713412013,1748481906,0
LTE,466,89,22270,26881135,-1,121.5703,25.0527,1000,10,1,1713412044,1748481906,0
LTE,466,89,22270,26898031,-1,121.5724,25.0574,1000,16,1,1713412054,1760527262,0
LTE,466,92,11402,54466584,-1,121.544,25.0509,1000,15,1,1713659951,1773716946,0
LTE,466,92,11701,55116834,-1,121.5406,25.0628,1000,6,1,1713679373,1768723446,0
LTE,466,89,22520,84490166,-1,121.2873,24.9893,1000,7,1,1713898225,1757935623,0
LTE,466,92,36300,157837355,-1,120.2023,22.9971,1000,8,1,1713754744,1754115545,0
LTE,466,92,36300,156995391,-1,120.2031,22.9966,1000,16,1,1713755226,1754115544,0
LTE,466,92,36300,157837375,-1,120.2014,22.9969,1000,8,1,1713758417,1754115543,0
LTE,466,92,36300,156995362,-1,120.2044,22.9957,1000,10,1,1713759572,1754115545,0
LTE,466,92,36300,157370432,-1,120.2069,22.9906,1000,7,1,1713762908,1754115543,0
LTE,466,92,36100,159276312,-1,120.4184,23.4566,500,26,1,1713934345,1754115488,0
LTE,466,92,36100,156724750,-1,120.4169,23.4544,1000,17,1,1713934441,1754115488,0
LTE,466,92,11100,54354445,-1,121.5317,25.0428,500,29,1,1714972935,1786110721,0
LTE,466,92,11200,55318031,-1,121.5558,25.0148,2254,3,1,1715025783,1786262761,0
LTE,466,92,11200,55318028,-1,121.549,25.0138,2936,5,1,1715025793,1786246502,0
LTE,466,92,11102,55619874,-1,121.4966,25.0383,1000,7,1,1715037813,1754115548,0
LTE,466,92,11102,55658254,-1,121.496,25.0418,1060,6,1,1715037973,1786435202,0
LTE,466,92,11101,54569250,-1,121.5206,25.076,500,28,1,1715048676,1754115550,0
LTE,466,92,24950,109440535,-1,120.6077,24.1106,1000,10,1,1715381323,1750959782,0
LTE,466,5,49313,51273766,-1,121.5069,24.9931,1000,7,1,1715891387,1740653282,0
LTE,466,5,49313,51273746,-1,121.5075,24.9935,1000,10,1,1715891437,1740653282,0
LTE,466,5,49313,51466022,-1,121.5087,24.993,1000,9,1,1715891447,1740653282,0
LTE,466,5,59313,51261222,-1,121.5105,24.9927,1000,20,1,1715891467,1740653283,0
LTE,466,5,59313,51261212,-1,121.5127,24.9924,1000,7,1,1715891547,1740653282,0
LTE,466,5,59313,51261198,-1,121.5123,24.9932,1000,11,1,1715931358,1740653283,0
LTE,466,5,59313,51383071,-1,121.5108,24.9921,1000,12,1,1715932264,1740653283,0
LTE,466,92,24400,106080064,-1,120.6919,24.1017,1746,17,1,1716517376,1740462303,0
LTE,466,92,24400,106327862,-1,120.6853,24.0925,779,29,1,1716517396,1740462369,0
LTE,466,92,24400,105946894,-1,120.69,24.096,905,38,1,1716517406,1740462369,0
LTE,466,92,24400,106541375,-1,120.6956,24.0976,1000,9,1,1716517486,1740462303,0
LTE,466,92,24400,106080063,-1,120.6928,24.1023,1000,14,1,1716517496,1740462303,0
LTE,466,92,24400,106064950,-1,120.6952,24.1073,1000,24,1,1716517526,1740462303,0
LTE,466,92,24400,106111778,-1,120.7002,24.1145,791,29,1,1716517546,1740462303,0
LTE,466,92,24400,106560300,-1,120.6973,24.11,1000,22,1,1716517556,1740462303,0
LTE,466,92,24300,106685227,-1,120.6838,24.1368,1000,11,1,1716518456,1746739927,0
LTE,466,92,11104,54677262,-1,121.523,25.0523,1000,17,1,1716536760,1768723445,0
LTE,466,92,11104,54687266,-1,121.5229,25.0568,1000,9,1,1716537198,1754115549,0
LTE,466,89,22520,84507061,-1,121.2786,24.9937,551,27,1,1716582598,1760527321,0
LTE,466,89,22520,84641647,-1,121.2785,24.9927,1000,7,1,1716582559,1754818501,0
LTE,466,89,22520,84532150,-1,121.2839,24.9959,1000,18,1,1716582608,1748481902,0
LTE,466,89,22520,84532151,-1,121.279,24.9953,500,26,1,1716582618,1760527321,0
LTE,466,89,22520,84535221,-1,121.2854,24.9937,1000,21,1,1716582642,1762591202,0
LTE,466,89,22520,84496616,-1,121.2826,24.9997,1000,15,1,1716582671,1749555844,0
LTE,466,89,22560,78850279,-1,120.9851,24.7572,1000,19,1,1716585701,1754818507,0
LTE,466,92,24300,106685218,-1,120.6866,24.1369,1000,10,1,1716588885,1750959782,0
LTE,466,92,24300,106037782,-1,120.6796,24.138,1000,16,1,1716590959,1754115602,0
LTE,466,92,24300,105665036,-1,120.6768,24.1352,1000,17,1,1716590989,1746739990,0
LTE,466,92,24300,107005268,-1,120.6669,24.142,1000,24,1,1716591389,1746739987,0
LTE,466,92,24300,107272000,-1,120.6627,24.1396,1000,19,1,1716591419,1746740043,0
LTE,466,92,24300,107428140,-1,120.6608,24.14,1000,11,1,1716591429,1746740043,0
LTE,466,92,24300,107428160,-1,120.659,24.1399,1000,10,1,1716591449,1746739931,0
LTE,466,92,24300,106042688,-1,120.6538,24.1405,1520,7,1,1716591569,1746739931,0
LTE,466,92,24300,106040876,-1,120.6544,24.1402,1000,6,1,1716591620,1746739931,0
LTE,466,92,24300,106042689,-1,120.6566,24.1405,1000,10,1,1716591670,1746739931,0
LTE,466,92,24300,106040875,-1,120.6494,24.1407,1082,4,1,1716591810,1746739922,0
LTE,466,92,24300,106040884,-1,120.6523,24.1398,1000,6,1,1716591871,1768723565,0
LTE,466,92,24300,107004705,-1,120.6455,24.1403,1000,13,1,1716592020,1746739922,0
LTE,466,92,24300,107183886,-1,120.6396,24.1418,1000,10,1,1716592110,1746739922,0
LTE,466,92,24950,106018860,-1,120.636,24.1442,1000,10,1,1716592310,1746739931,0
LTE,466,89,22520,84507011,-1,121.2796,24.9957,1000,18,1,1716598723,1749555845,0
LTE,466,89,22520,84497079,-1,121.2796,24.9871,1000,11,1,1716598899,1760527321,0
LTE,466,89,22520,84497078,-1,121.2805,24.9862,1000,7,1,1716598928,1760705341,0
LTE,466,89,22520,84497128,-1,121.2804,24.9864,1000,8,1,1716598953,1761705602,0
LTE,466,89,22520,84497263,-1,121.2815,24.9896,1000,8,1,1716599209,1754818501,0
LTE,466,92,36600,157404440,-1,120.1972,23.066,1000,3,1,1716959608,1752986521,0
LTE,466,5,59313,51621906,-1,121.5157,25.0198,1000,10,1,1717202497,1740653283,0
LTE,466,5,49143,25675531,-1,121.5137,25.0328,1000,3,1,1717202784,1740653283,0
LTE,466,5,49143,39097890,-1,121.5126,25.0368,1000,12,1,1717202824,1740653283,0
LTE,466,5,49313,51285518,-1,121.5043,24.9939,1000,12,1,1717903860,1740653282,0
LTE,466,5,49313,64013090,-1,121.5054,24.9968,1000,17,1,1717903887,1740653283,0
LTE,466,5,49313,51466012,-1,121.5095,24.9933,1000,5,1,1717904336,1740653283,0
LTE,466,5,59313,51397906,-1,121.5111,24.9923,1000,3,1,1717904537,1740653283,0
LTE,466,5,59313,51261215,-1,121.5108,24.9923,1000,11,1,1717904547,1740653283,0
LTE,466,92,13500,80716045,-1,121.2132,24.8589,1000,16,1,1718242302,1768723565,0
LTE,466,92,13500,80716055,-1,121.2078,24.8521,919,26,1,1718242312,1768723561,0
LTE,466,92,13500,80826135,-1,121.2009,24.8243,1000,19,1,1718242442,1768723564,0
LTE,466,92,24500,106940981,-1,120.8423,24.6641,1086,46,1,1718243902,1768723388,0
LTE,466,92,24500,109309503,-1,120.7034,24.3155,542,28,1,1718530242,1768723324,0
LTE,466,92,24500,108684813,-1,120.7142,24.3285,1000,19,1,1718530302,1768723326,0
LTE,466,92,24500,105929269,-1,120.7467,24.3713,717,45,1,1718530492,1768723507,0
LTE,466,92,24500,105929259,-1,120.7501,24.3778,1000,16,1,1718530532,1768723507,0
LTE,466,92,24500,108489495,-1,120.7531,24.384,683,50,1,1718530552,1768723507,0
LTE,466,92,13600,87992087,-1,121.1651,24.7983,1150,11,1,1718573338,1768723563,0
LTE,466,1,29323,51767585,-1,121.414,25.0602,1000,6,1,1711667158,1773716943,0
LTE,466,97,22530,86297988,-1,121.2279,25.0259,803,27,1,1718756825,1776102486,0
LTE,466,97,22530,81988752,-1,121.2183,25.0169,1000,14,1,1718756938,1752416411,0
LTE,466,97,22530,81989868,-1,121.2198,25.0099,1000,11,1,1718757498,1781533687,0
LTE,466,97,22530,81930973,-1,121.2188,25.0105,1000,14,1,1718759698,1748611621,0
LTE,466,97,22530,81978359,-1,121.2204,25.0186,1000,15,1,1718761288,1771110062,0
LTE,466,97,44350,156672979,-1,120.322,23.4623,1000,23,1,1718765398,1761379447,0
LTE,466,92,36100,157718079,-1,120.3913,23.422,1000,13,1,1718834433,1754115546,0
LTE,466,92,36100,159696940,-1,120.3902,23.4202,1000,11,1,1718834443,1754115489,0
LTE,466,92,36100,160050200,-1,120.3974,23.4315,1000,17,1,1718834503,1754115546,0
LTE,466,92,36100,159284247,-1,120.4096,23.4452,1000,18,1,1718834683,1754115546,0
LTE,466,92,36100,159284248,-1,120.4103,23.4462,1000,24,1,1718834703,1754115488,0
LTE,466,92,36100,160267554,-1,120.4293,23.4692,1000,7,1,1718835077,1754115547,0
LTE,466,92,24950,109440555,-1,120.6032,24.1115,1000,7,1,1718843043,1750959782,0
LTE,466,92,24300,106040896,-1,120.6512,24.1395,1282,25,1,1718843954,1768723566,0
LTE,466,92,24300,106042687,-1,120.6544,24.1403,1585,8,1,1718843983,1746739931,0
LTE,466,92,24300,106042686,-1,120.657,24.14,1000,3,1,1718844074,1746739931,0
LTE,466,92,24300,106599734,-1,120.662,24.1408,1000,9,1,1718844194,1746740043,0
LTE,466,92,24300,107271949,-1,120.6623,24.1403,1000,5,1,1718844214,1746739987,0
LTE,466,92,24300,105665057,-1,120.6751,24.1338,1905,17,1,1718844414,1740462304,0
LTE,466,92,24300,105665059,-1,120.6704,24.1339,1467,4,1,1718844504,1754115602,0
LTE,466,92,24300,106023468,-1,120.6751,24.1349,1871,19,1,1718844494,1754115603,0
LTE,466,92,24300,106023467,-1,120.674,24.1349,1765,10,1,1718844534,1740462304,0
LTE,466,92,24300,109986850,-1,120.6812,24.1372,1000,8,1,1718848074,1754115602,0
LTE,466,92,24100,105664024,-1,120.6797,24.1449,1000,6,1,1718848714,1754115484,0
LTE,466,92,24101,108587820,-1,120.668,24.1519,1000,10,1,1718848894,1746740043,0
LTE,466,92,24500,105378368,-1,120.6904,24.25,1000,12,1,1718850314,1746739925,0
LTE,466,92,24600,106690849,-1,120.731,24.3469,1000,14,1,1718850714,1768723381,0
LTE,466,92,13701,80516385,-1,121.0131,24.8135,1000,6,1,1718853154,1782478024,0
LTE,466,92,13701,80346903,-1,121.0919,24.8866,1000,12,1,1718854574,1782751502,0
LTE,466,92,13500,80849677,-1,121.1669,24.9186,1000,5,1,1718854954,1750959783,0
LTE,466,92,13200,80717837,-1,121.2747,25.0192,1000,10,1,1718855674,1782751503,0
LTE,466,92,13202,80235543,-1,121.0971,24.9251,1000,14,1,1718761563,1750959783,0
LTE,466,1,27313,53801229,-1,121.2816,25.0254,1000,8,1,1718855715,1773716942,0
LTE,466,1,27313,53946135,-1,121.2824,25.0265,1000,12,1,1718855725,1773716942,0
LTE,466,1,29381,53777677,-1,121.2915,25.0333,1006,16,1,1718855755,1773716942,0
LTE,466,1,27313,53873943,-1,121.3124,25.0449,1000,11,1,1718855885,1773716942,0
LTE,466,1,29323,51792160,-1,121.395,25.0618,1000,14,1,1718856325,1773716942,0
LTE,466,1,19122,26210071,-1,121.5256,25.075,1000,5,1,1718857425,1773716943,0
LTE,466,1,19122,25879331,-1,121.5271,25.0746,1000,5,1,1718996765,1773716943,0
LTE,466,1,27313,53946144,-1,121.27,25.0242,1000,15,1,1718997865,1786768194,0
LTE,466,1,27313,53990668,-1,121.2548,25.0277,1000,6,1,1718997965,1785558680,0
LTE,466,1,27313,54232844,-1,121.2506,25.0289,1000,12,1,1718997975,1785558680,0
LTE,466,1,27313,54248470,-1,121.2452,25.0316,1000,7,1,1718998005,1785558680,0
LTE,466,1,27313,54248480,-1,121.2424,25.033,1000,7,1,1718998015,1785558680,0
LTE,466,1,27313,53890581,-1,121.2179,25.0483,1199,16,1,1718998125,1770007866,0
LTE,466,1,17313,53888525,-1,121.2403,25.0828,1000,9,1,1718998405,1773716941,0
LTE,466,92,11402,54409496,-1,121.5436,25.0514,1000,8,1,1718996430,1773716946,0
LTE,466,92,13200,81400353,-1,121.2297,25.0732,1000,11,1,1718998270,1786450141,0
LTE,466,92,13200,79695640,-1,121.2378,25.0817,1000,2,1,1718998630,1782751504,0
LTE,466,97,22240,26624501,-1,121.5419,25.0519,1000,5,1,1718996439,1773461524,0
LTE,466,97,22210,28431246,-1,121.5195,25.0769,1000,12,1,1718996799,1775523605,0
LTE,466,97,22210,26393585,-1,121.5107,25.0782,1000,21,1,1718996819,1775523605,0
LTE,466,97,22210,26393587,-1,121.5075,25.0778,1000,19,1,1718996849,1775523605,0
LTE,466,97,22700,61779085,-1,121.5031,25.0775,1000,13,1,1718996859,1775523605,0
LTE,466,97,22700,61736434,-1,121.4992,25.0768,1000,18,1,1718996869,1775523605,0
LTE,466,97,22700,61699727,-1,121.485,25.0736,1000,11,1,1718996929,1775523605,0
LTE,466,97,22700,61699981,-1,121.4817,25.0733,1000,9,1,1718996939,1775523605,0
LTE,466,97,11470,63243506,-1,121.477,25.0738,1000,14,1,1718996949,1775523605,0
LTE,466,97,11470,63243505,-1,121.4725,25.0748,1000,11,1,1718996979,1775523605,0
LTE,466,97,22750,63489421,-1,121.4346,25.0684,1000,10,1,1718997129,1780016945,0
LTE,466,97,22750,63489422,-1,121.4335,25.0682,1000,6,1,1718997139,1780016945,0
LTE,466,97,22230,62209165,-1,121.4266,25.0675,1000,23,1,1718997159,1780016945,0
LTE,466,97,22230,62209001,-1,121.3906,25.0646,1000,11,1,1718997339,1775523604,0
LTE,466,97,22230,62491269,-1,121.3638,25.0651,1000,16,1,1718997459,1775523603,0
LTE,466,92,24100,105876022,-1,120.7015,24.18,1000,11,1,1713647063,1746739930,0
LTE,466,92,24100,105876032,-1,120.7003,24.1814,500,27,1,1713647663,1746739930,0
LTE,466,92,24100,105862198,-1,120.7011,24.1841,1000,7,1,1713658093,1768723322,0
LTE,466,92,24600,106311457,-1,120.9314,24.2454,8019,50,1,1714723864,1740462364,0
LTE,466,92,24400,106052642,-1,120.7112,24.1787,1000,13,1,1714844111,1746739986,0
LTE,466,92,24100,106623776,-1,120.7053,24.165,1000,7,1,1714844452,1746739987,0
LTE,466,92,24100,105664782,-1,120.7005,24.1497,1000,11,1,1714844802,1746740042,0
LTE,466,92,24300,106092332,-1,120.6994,24.1472,1000,13,1,1714844781,1746740042,0
LTE,466,92,24100,105664792,-1,120.699,24.1479,500,26,1,1714844852,1746740042,0
LTE,466,92,24300,106037046,-1,120.7004,24.1392,1000,20,1,1714845022,1746739928,0
LTE,466,92,24300,105962304,-1,120.6928,24.1395,1000,11,1,1714849272,1754115606,0
LTE,466,92,24300,105665058,-1,120.6745,24.1326,500,27,1,1714853112,1746739990,0
LTE,466,92,24100,105454361,-1,120.6843,24.1452,1000,4,1,1714880734,1754115602,0
LTE,466,92,24100,106566669,-1,120.682,24.1461,1000,4,1,1714880784,1754115484,0
LTE,466,92,24100,106035510,-1,120.6832,24.1475,1000,7,1,1714881374,1740462305,0
LTE,466,92,24100,108582690,-1,120.6856,24.1534,1000,19,1,1714881584,1740462305,0
LTE,466,92,24100,106039852,-1,120.6863,24.1548,1000,17,1,1714881684,1746739992,0
LTE,466,92,24100,109981751,-1,120.6924,24.1614,1000,2,1,1714881834,1740462305,0
LTE,466,92,24100,106094092,-1,120.6928,24.1625,1000,5,1,1714881934,1746739924,0
LTE,466,92,24600,106132022,-1,120.714,24.1999,1000,15,1,1715030199,1740462372,0
LTE,466,92,24500,107185422,-1,120.6698,24.2151,1000,10,1,1715031079,1760143142,0
LTE,466,92,24500,107185432,-1,120.6668,24.2164,1000,12,1,1715031239,1760143142,0
LTE,466,92,24500,106162476,-1,120.6505,24.2207,1000,5,1,1715031579,1760143142,0
LTE,466,92,24500,106162496,-1,120.6485,24.221,1000,9,1,1715031619,1746739926,0
LTE,466,92,24950,107419712,-1,120.6473,24.1634,1000,6,1,1715061620,1746739927,0
LTE,466,92,24300,106322476,-1,120.6774,24.1427,1000,8,1,1715062550,1746739991,0
LTE,466,92,24300,105863487,-1,120.6869,24.1406,1000,9,1,1715064000,1746739927,0
LTE,466,92,24100,106565440,-1,120.6942,24.1481,1000,14,1,1715064190,1754115602,0
LTE,466,92,24100,106565420,-1,120.698,24.148,1000,13,1,1715064280,1754115602,0
LTE,466,92,24400,107459341,-1,120.7014,24.1483,1000,5,1,1715064430,1754115602,0
LTE,466,92,24400,107437848,-1,120.7123,24.1533,1000,13,1,1715064720,1754115603,0
LTE,466,92,24300,106565952,-1,120.6903,24.1271,1000,16,1,1715102850,1760143143,0
LTE,466,92,24300,106565941,-1,120.6903,24.1249,1000,9,1,1715102920,1760143143,0
LTE,466,92,24400,107436558,-1,120.6902,24.1233,1000,8,1,1715102940,1760143143,0
LTE,466,92,24400,106073624,-1,120.6862,24.1189,1000,4,1,1715103050,1760143143,0
LTE,466,92,24300,105665048,-1,120.6765,24.1313,1000,14,1,1715103490,1746739930,0
LTE,466,92,24101,107409472,-1,120.6648,24.1426,500,26,1,1715104070,1746740042,0
LTE,466,92,24101,107409462,-1,120.6677,24.1445,1000,11,1,1715105880,1746740042,0
LTE,466,92,24101,107409452,-1,120.6657,24.1458,1000,11,1,1715106020,1746740042,0
LTE,466,92,24300,107005258,-1,120.6711,24.1447,1000,12,1,1715112796,1746739922,0
LTE,466,92,24300,107005278,-1,120.6696,24.1451,1000,19,1,1715112816,1746740042,0
LTE,466,92,24101,106090540,-1,120.6759,24.15,1000,17,1,1715113046,1746739991,0
LTE,466,92,24101,105861686,-1,120.6768,24.1511,1000,17,1,1715113066,1754115603,0
LTE,466,92,24100,106304269,-1,120.6841,24.1542,1000,4,1,1715113386,1746739992,0
LTE,466,92,24100,106043446,-1,120.6877,24.156,1000,9,1,1715114386,1746739992,0
LTE,466,92,24100,105461529,-1,120.6927,24.1621,1000,3,1,1715114576,1740462305,0
LTE,466,92,24100,106045976,-1,120.6946,24.1695,1000,15,1,1715116046,1746739923,0
LTE,466,92,24400,108607758,-1,120.7281,24.1767,516,50,1,1716574632,1746739929,0
LTE,466,92,24400,111993614,-1,120.7368,24.1775,860,27,1,1716574962,1746739929,0
LTE,466,92,24400,105469750,-1,120.7308,24.1481,500,50,1,1716591610,1754115606,0
LTE,466,92,24400,108420897,-1,120.7187,24.1798,1000,11,1,1718042249,1746739930,0
LTE,466,92,24100,106621464,-1,120.6994,24.171,1000,7,1,1718049254,1746739923,0
LTE,466,92,24101,105460770,-1,120.6772,24.1536,1000,13,1,1718050584,1754115603,0
LTE,466,92,24300,106089260,-1,120.6752,24.142,1000,9,1,1718052304,1746739991,0
LTE,466,92,24300,106037804,-1,120.6789,24.1389,1000,8,1,1718052554,1754115602,0
LTE,466,92,24100,105878307,-1,120.6887,24.1582,1000,9,1,1718057322,1740462305,0
LTE,466,92,24100,106039094,-1,120.6831,24.1578,1000,19,1,1718059022,1746739992,0
LTE,466,92,24100,107386156,-1,120.6827,24.1571,1000,15,1,1718059042,1746739986,0
LTE,466,92,24100,106045227,-1,120.6831,24.1592,1000,2,1,1718063262,1746739992,0
LTE,466,92,24300,109986830,-1,120.6811,24.1378,1000,19,1,1718304951,1754115602,0
LTE,466,92,24300,106322475,-1,120.6781,24.1424,1000,3,1,1718306061,1746739991,0
LTE,466,92,24100,105664023,-1,120.6801,24.145,1000,7,1,1718306511,1754115484,0
LTE,466,92,24100,105664034,-1,120.6789,24.144,1000,3,1,1718318064,1740462305,0
LTE,466,92,24100,105878284,-1,120.6897,24.1577,1000,15,1,1718321435,1746739986,0
LTE,466,92,24300,106089024,-1,120.6667,24.1322,1000,16,1,1718386975,1746739931,0
LTE,466,92,24300,108602382,-1,120.665,24.1322,1000,23,1,1718386995,1746739990,0
LTE,466,92,24300,105413686,-1,120.6582,24.1338,1000,16,1,1718387145,1746739990,0
LTE,466,92,24300,106041674,-1,120.6532,24.1355,1000,5,1,1718387345,1746739990,0
LTE,466,92,24300,105408802,-1,120.6647,24.1272,1000,13,1,1718397895,1746739985,0
LTE,466,92,24300,106598926,-1,120.6697,24.1276,1000,5,1,1718400315,1746739931,0
LTE,466,92,24300,106012214,-1,120.6613,24.1329,1000,10,1,1718401295,1746739985,0
LTE,466,92,24300,106012204,-1,120.6617,24.1338,1000,5,1,1718401315,1746739931,0
LTE,466,92,24300,107428150,-1,120.662,24.139,1000,10,1,1718401445,1746740043,0
LTE,466,92,24300,102663949,-1,120.6656,24.1413,1000,18,1,1718402065,1746739987,0
LTE,466,92,24101,108587840,-1,120.6656,24.1512,1000,10,1,1718427666,1746740043,0
LTE,466,92,24101,106020396,-1,120.6699,24.1565,1000,10,1,1718427996,1768723504,0
LTE,466,92,24101,105460780,-1,120.6768,24.1555,1000,8,1,1718428186,1746739991,0
LTE,466,92,24100,106043455,-1,120.6856,24.1549,1000,6,1,1719336861,1746739992,0
LTE,466,92,24101,105414679,-1,120.6674,24.1451,1000,2,1,1719339261,1746740042,0
LTE,466,92,24300,107272009,-1,120.6638,24.1395,1000,5,1,1719346426,1746739927,0
LTE,466,92,24300,105665056,-1,120.6762,24.1327,1000,6,1,1719347166,1746739990,0
LTE,466,92,24300,108433953,-1,120.6793,24.1218,1000,6,1,1719347416,1740462304,0
LTE,466,92,24100,105454351,-1,120.6859,24.1481,1000,6,1,1719376675,1754115484,0
LTE,466,92,24100,106039074,-1,120.6896,24.1549,1000,12,1,1719376845,1754115484,0
LTE,466,92,24600,106667042,-1,120.7838,24.2833,1018,26,1,1721094600,1740462370,0
LTE,466,92,24600,105864768,-1,120.7964,24.2855,2553,22,1,1721094690,1768723505,0
LTE,466,92,24600,105864757,-1,120.8459,24.2688,11128,12,1,1721094860,1740462364,0
LTE,466,92,24600,106326818,-1,120.813,24.2782,2549,42,1,1721094940,1768723505,0
LTE,466,92,24600,106326807,-1,120.815,24.279,1000,22,1,1721094960,1768723505,0
LTE,466,92,24600,106660642,-1,120.8195,24.2797,1906,16,1,1721095000,1768723505,0
LTE,466,92,24600,106118925,-1,120.8028,24.2731,5459,5,1,1721104401,1746739984,0
LTE,466,92,24600,106659095,-1,120.8174,24.2763,1000,16,1,1721107443,1768723505,0
LTE,466,92,24600,105676065,-1,120.8208,24.27,1000,22,1,1721107473,1768723505,0
LTE,466,92,24600,105529142,-1,120.8134,24.2359,8213,13,1,1721108137,1746739989,0
LTE,466,92,24400,108607788,-1,120.734,24.1786,1000,16,1,1721276785,1740462370,0
LTE,466,92,24100,107459854,-1,120.7091,24.1828,1000,14,1,1721282464,1746739986,0
LTE,466,92,24400,106717198,-1,120.7201,24.1649,1000,10,1,1721444904,1740462302,0
LTE,466,92,24400,106717208,-1,120.7186,24.1605,993,33,1,1721444914,1740462302,0
LTE,466,92,24300,106860046,-1,120.7123,24.1459,1000,9,1,1721445004,1746739928,0
LTE,466,92,24400,108598562,-1,120.7118,24.143,1000,13,1,1721445014,1754115603,0
LTE,466,92,24400,105423138,-1,120.7026,24.1161,2609,21,1,1721445144,1740462369,0
LTE,466,92,24400,106839852,-1,120.7015,24.1138,5026,16,1,1721448444,1768723624,0
LTE,466,92,24400,107381311,-1,120.6983,24.1118,1000,15,1,1721453638,1740462303,0
LTE,466,92,24400,106111807,-1,120.704,24.1192,1000,11,1,1721453789,1740462303,0
LTE,466,92,24400,106684696,-1,120.7127,24.1469,1000,19,1,1721453959,1754115603,0
LTE,466,92,25300,134519054,-1,120.5426,24.0958,1000,19,1,1721501399,1750959781,0
LTE,466,92,25300,134519074,-1,120.5411,24.0955,1000,19,1,1721501409,1750959781,0
LTE,466,92,25300,134787638,-1,120.535,24.0923,1000,18,1,1721501439,1750959781,0
LTE,466,92,25300,130994476,-1,120.5294,24.087,1000,18,1,1721501459,1750959781,0
LTE,466,92,24950,105472554,-1,120.6447,24.1933,1000,14,1,1721514767,1746739926,0
LTE,466,92,24600,105238049,-1,120.7087,24.2006,1000,12,1,1721515057,1740462372,0
LTE,466,92,24100,105902912,-1,120.6784,24.1531,1000,22,1,1720372603,1754115483,0
LTE,466,92,24400,105463359,-1,120.7113,24.1517,1000,5,1,1720392341,1754115602,0
LTE,466,92,24400,106029080,-1,120.7052,24.1481,1000,15,1,1720392511,1768723567,0
LTE,466,92,24100,106565419,-1,120.7033,24.1482,1000,4,1,1720392531,1754115602,0
LTE,466,92,24300,106089261,-1,120.6745,24.142,1000,5,1,1720393731,1740462305,0
LTE,466,92,24100,107427390,-1,120.6854,24.1568,1000,3,1,1720402978,1746739992,0
LTE,466,1,39833,184382753,-1,120.3451,22.5278,1581,23,1,1719289487,1785251584,0
LTE,466,1,39833,184397081,-1,120.3504,22.5213,1531,29,1,1719291250,1785251584,0
LTE,466,1,39833,184397069,-1,120.3483,22.5285,1250,3,1,1719291780,1785251584,0
LTE,466,1,39833,184567821,-1,120.3422,22.5283,1000,10,1,1719292630,1785251584,0
LTE,466,1,39833,184567841,-1,120.3394,22.5288,1000,7,1,1719292840,1785251584,0
LTE,466,1,29833,184763189,-1,120.3918,22.6407,1000,6,1,1722030788,1772808601,0
LTE,466,1,29833,184763179,-1,120.3916,22.6406,1000,9,1,1722030808,1772808601,0
LTE,466,1,29843,184509219,-1,120.4147,22.6433,844,42,1,1722030918,1772808601,0
LTE,466,1,19843,186882317,-1,120.4495,22.6621,1000,22,1,1722031238,1772808602,0
LTE,466,1,19843,186999831,-1,120.4564,22.6635,629,35,1,1722031258,1772808602,0
LTE,466,1,19843,186999821,-1,120.4636,22.6654,1000,21,1,1722031288,1772808602,0
LTE,466,1,19843,187014669,-1,120.4753,22.6685,1000,14,1,1722031428,1772808602,0
LTE,466,1,19843,186954007,-1,120.4803,22.6697,1000,10,1,1722031448,1772808602,0
LTE,466,1,19843,186881835,-1,120.482,22.6696,1000,6,1,1722031458,1772808602,0
LTE,466,1,19843,187088161,-1,120.4857,22.6689,1000,12,1,1722031478,1772808602,0
LTE,466,92,24600,106104866,-1,120.8333,24.254,1889,16,1,1722115923,1746739991,0
LTE,466,92,24300,105665294,-1,120.6617,24.1273,1000,17,1,1722282812,1746739985,0
LTE,466,92,24300,106009900,-1,120.6558,24.124,1000,10,1,1722282923,1750959782,0
LTE,466,92,24300,106009920,-1,120.6539,24.1229,1000,23,1,1722282943,1750959782,0
LTE,466,92,24950,102875917,-1,120.6478,24.1191,1000,2,1,1722308677,1750959782,0
LTE,466,92,24100,106094144,-1,120.6882,24.1631,1000,22,1,1722310948,1746739924,0
LTE,466,92,24600,106660650,-1,120.8852,24.2368,7647,17,1,1722374235,1740462363,0
LTE,466,92,24600,106710807,-1,120.8345,24.2609,2194,7,1,1722391549,1746739991,0
LTE,466,89,22520,84497077,-1,121.2811,24.9872,500,27,1,1722401945,1762591202,0
LTE,466,89,22520,84490167,-1,121.286,24.9887,1000,17,1,1722402372,1762591202,0
LTE,466,92,24300,107410464,-1,120.6804,24.1384,1000,4,1,1713481232,1754115602,0
LTE,466,92,24300,108602391,-1,120.6629,24.1276,1000,4,1,1713500709,1750959782,0
LTE,466,92,24300,109212706,-1,120.6459,24.135,1000,10,1,1713501401,1746739931,0
LTE,466,92,24300,105517326,-1,120.6464,24.1359,1000,5,1,1713501492,1746739931,0
LTE,466,92,24300,107004696,-1,120.6464,24.1378,1000,5,1,1713501825,1746739931,0
LTE,466,92,24600,106266391,-1,120.8915,24.2212,1187,21,1,1721630556,1740462363,0
LTE,466,92,24600,108677902,-1,120.7314,24.2584,1000,12,1,1723689792,1746739985,0
LTE,466,92,24600,106126636,-1,120.7291,24.2569,1000,14,1,1723689842,1746739985,0
LTE,466,92,24600,106126646,-1,120.7306,24.2546,1000,8,1,1723689922,1746739985,0
LTE,466,92,24600,106707264,-1,120.7167,24.2381,1000,19,1,1723691282,1746739982,0
LTE,466,92,24600,105382946,-1,120.723,24.2617,500,26,1,1724281558,1746739985,0
LTE,466,92,24600,106126606,-1,120.7204,24.2602,1000,9,1,1724281603,1746739985,0
LTE,466,92,13400,80820750,-1,121.2078,24.9637,1000,14,1,1724321639,1782751502,0
LTE,466,92,13400,81742616,-1,121.2008,24.9585,1000,13,1,1724321669,1782751502,0
LTE,466,92,13500,80253710,-1,121.1945,24.9457,776,34,1,1724321719,1782751502,0
LTE,466,92,13500,80134926,-1,121.1843,24.9327,1000,19,1,1724321819,1782751502,0
LTE,466,92,13500,80813090,-1,121.1777,24.9299,1000,15,1,1724321839,1782751502,0
LTE,466,92,13500,81193496,-1,121.1548,24.9015,1000,15,1,1724322009,1782751502,0
LTE,466,92,24101,105967394,-1,120.6687,24.1516,1000,13,1,1724327290,1746740043,0
LTE,466,92,24300,106037814,-1,120.676,24.1353,1000,9,1,1724337062,1754115602,0
LTE,466,92,24300,106023488,-1,120.6747,24.1348,1000,7,1,1724337152,1754115602,0
LTE,466,92,24100,107407374,-1,120.6918,24.1598,1000,8,1,1724339932,1740462305,0
LTE,466,92,24600,106133823,-1,120.8376,24.2249,1000,5,1,1724625583,1761840061,0
LTE,466,92,24600,103761165,-1,120.869,24.1824,519,31,1,1724626493,1768723626,0
LTE,466,92,25700,132575275,-1,120.8661,24.1812,1000,6,1,1724706861,1746739990,0
LTE,466,92,24600,106129688,-1,120.7217,24.2468,1000,11,1,1725221543,1768723622,0
LTE,466,92,25300,131295019,-1,120.5238,24.0786,1000,10,1,1730191048,1750959781,0
LTE,466,92,25300,106309695,-1,120.5881,24.1176,1000,7,1,1730191338,1750959782,0
LTE,466,92,25300,106309675,-1,120.5965,24.1134,1000,7,1,1730191378,1750959782,0
LTE,466,89,22520,84539830,-1,121.2907,24.9898,1000,6,1,1733798346,1760705341,0
LTE,466,89,22520,84488589,-1,121.2895,24.9872,1000,4,1,1733798680,1758354965,0
LTE,466,89,22520,84485507,-1,121.2853,24.9871,1000,9,1,1733798740,1743679081,0
LTE,466,89,22520,84498575,-1,121.2869,24.9892,1000,10,1,1733798901,1760705341,0
LTE,466,89,22520,84497129,-1,121.2794,24.9869,1000,5,1,1733799029,1743679081,0
LTE,466,89,22520,84494572,-1,121.28,24.9873,1000,8,1,1733799273,1760527321,0
LTE,466,89,22550,84503683,-1,121.2794,24.9864,1000,4,1,1733799347,1758354965,0
LTE,466,89,22520,84506924,-1,121.2783,24.9914,1000,6,1,1735081016,1754818501,0
LTE,466,89,22520,84507021,-1,121.2799,24.9953,1000,10,1,1735081051,1754818501,0
LTE,466,89,22520,84535151,-1,121.2849,24.9979,1000,9,1,1735081121,1748481902,0
LTE,466,97,22530,81968567,-1,121.2043,25.0016,1672,25,1,1735893650,1784978342,0
LTE,466,97,22530,81968566,-1,121.2075,25.004,1269,23,1,1735893480,1784978342,0
LTE,466,97,22530,81968595,-1,121.2064,25.0035,1000,22,1,1735894723,1784978342,0
LTE,466,97,22530,81968565,-1,121.2082,25.0053,1163,43,1,1735894740,1784978342,0
LTE,466,97,22530,81968605,-1,121.2072,25.0039,1000,11,1,1735895040,1752416411,0
LTE,466,97,22530,81934301,-1,121.2102,25.003,1000,16,1,1735895160,1762512781,0
LTE,466,92,24600,106326049,-1,120.8365,24.2473,1000,24,1,1726433062,1768723626,0
LTE,466,92,24300,105877813,-1,120.6738,24.1352,1000,3,1,1729533961,1754115602,0
LTE,466,92,24300,106023487,-1,120.6748,24.1349,1000,3,1,1729540194,1740462304,0
LTE,466,92,24400,105423139,-1,120.71,24.1224,4408,5,1,1729973426,1768723624,0
LTE,466,92,24400,106560299,-1,120.6961,24.1084,1000,7,1,1729973486,1740462303,0
LTE,466,92,24600,106310966,-1,120.8726,24.1705,1743,29,1,1730398661,1768723627,0
LTE,466,92,24600,106102286,-1,120.7178,24.2555,1000,9,1,1730404637,1746739925,0
LTE,466,92,24600,109995839,-1,120.7236,24.2542,1000,4,1,1730406126,1750959782,0
LTE,466,92,13700,81559842,-1,121.0053,24.78,1000,20,1,1730523426,1753255561,0
LTE,466,92,13700,81002510,-1,121.0072,24.7771,1000,5,1,1730523594,1751000101,0
LTE,466,92,24500,108489496,-1,120.7527,24.3836,1000,20,1,1730526195,1768723507,0
LTE,466,92,24600,107423246,-1,120.7235,24.2476,1000,4,1,1732124568,1768723622,0
LTE,466,92,24600,106707982,-1,120.7203,24.249,1000,10,1,1732153485,1746739925,0
LTE,466,92,24600,106101772,-1,120.718,24.2423,1000,6,1,1732155205,1768723622,0
LTE,466,92,24600,106101775,-1,120.7179,24.242,1000,3,1,1732155317,1768723622,0
LTE,466,92,24600,106101272,-1,120.7203,24.2282,1000,23,1,1732683456,1746739982,0
LTE,466,92,24600,106101262,-1,120.7194,24.2358,1000,20,1,1732683706,1746739982,0
LTE,466,92,24600,106132021,-1,120.712,24.2002,1000,6,1,1732741330,1740462372,0
LTE,466,92,24300,105517346,-1,120.6436,24.1354,1000,9,1,1733861764,1746739931,0
LTE,466,92,24950,106543403,-1,120.6385,24.1347,1000,7,1,1733862582,1746739931,0
LTE,466,92,24300,107182369,-1,120.6403,24.135,1000,4,1,1733867362,1746739931,0
LTE,466,92,24300,106606873,-1,120.6465,24.1376,1000,7,1,1733867582,1746739990,0
LTE,466,92,24300,106622499,-1,120.6504,24.1377,1000,3,1,1733867642,1746739931,0
LTE,466,92,24300,106041625,-1,120.6562,24.1346,1000,7,1,1733867732,1746739990,0
LTE,466,92,24300,107428131,-1,120.6577,24.1351,1000,11,1,1733867842,1746739986,0
LTE,466,92,24600,104298510,-1,120.7205,24.2511,1000,6,1,1733939380,1746739924,0
LTE,466,92,11102,54055182,-1,121.5072,25.0393,1000,8,1,1733980369,1754115552,0
LTE,466,92,11102,54688268,-1,121.5082,25.0426,1000,6,1,1733981079,1754115548,0
LTE,466,92,11102,53990718,-1,121.5072,25.0434,1000,5,1,1733982449,1754115547,0
LTE,466,92,11102,54062614,-1,121.509,25.0439,1000,13,1,1734049750,1786302302,0
LTE,466,92,11102,54062604,-1,121.5094,25.0454,1000,8,1,1734049760,1786361641,0
LTE,466,92,11102,55394326,-1,121.5095,25.0457,1000,14,1,1734049770,1786302302,0
LTE,466,92,11102,55394316,-1,121.5106,25.0487,1000,8,1,1734049790,1754115552,0
LTE,466,92,24600,107369771,-1,120.8318,24.2621,1000,3,1,1734290182,1746739990,0
LTE,466,92,24600,109072920,-1,120.7206,24.2844,1207,49,1,1734563947,1768723323,0
LTE,466,92,24101,106608182,-1,120.6594,24.1704,1000,4,1,1734605448,1746739930,0
LTE,466,92,24101,106608172,-1,120.6612,24.172,1000,11,1,1734605458,1760143143,0
LTE,466,92,24400,109450509,-1,120.7178,24.1787,1000,4,1,1734608948,1746739930,0
LTE,466,92,24600,106117174,-1,120.7132,24.251,1000,7,1,1734890931,1768723322,0
LTE,466,92,24600,106117184,-1,120.7105,24.2512,1000,8,1,1734890951,1746739925,0
LTE,466,92,24600,105960216,-1,120.7095,24.2496,1000,19,1,1734890992,1746739985,0
LTE,466,92,24500,106124568,-1,120.7113,24.2552,1000,8,1,1734891071,1746739985,0
LTE,466,92,24600,105382976,-1,120.7186,24.2577,1000,6,1,1734891181,1746739985,0
LTE,466,92,24500,106748982,-1,120.713,24.286,1000,8,1,1734892931,1768723322,0
LTE,466,92,24500,109283853,-1,120.7067,24.2866,1000,10,1,1734893766,1768723322,0
LTE,466,92,24600,106111265,-1,120.7139,24.2861,1000,6,1,1734898167,1768723322,0
LTE,466,92,13700,80441379,-1,121.0021,24.7833,1000,6,1,1736090780,1752025561,0
LTE,466,92,13700,80362786,-1,121.0012,24.7838,1000,11,1,1736102281,1752025561,0
LTE,466,92,13701,80516386,-1,121.0101,24.8172,1453,28,1,1736103471,1782478024,0
LTE,466,92,13750,80307234,-1,120.982,24.8086,1000,8,1,1736287664,1768723504,0
LTE,466,92,13750,80922894,-1,120.9911,24.8136,1000,19,1,1736287794,1768723504,0
LTE,466,97,22530,81989747,-1,121.2203,25.0095,500,26,1,1736487408,1781622064,0
LTE,466,97,22530,82007507,-1,121.219,25.0109,1000,11,1,1736487522,1777820701,0
LTE,466,97,22530,82007477,-1,121.219,25.0121,1000,23,1,1736487613,1784978342,0
LTE,466,97,22530,81930934,-1,121.2166,25.0106,1000,22,1,1736487733,1781622064,0
LTE,466,97,22530,81930933,-1,121.2155,25.0126,1000,19,1,1736487769,1781622064,0
LTE,466,97,22530,81989332,-1,121.217,25.0137,1000,7,1,1736488333,1767430743,0
LTE,466,97,22530,81964215,-1,121.2139,25.0135,1000,10,1,1736488625,1765639867,0
LTE,466,97,22530,81964213,-1,121.2132,25.0141,1000,8,1,1736659816,1763556182,0
LTE,466,97,22530,81948460,-1,121.2109,25.0149,1000,13,1,1736659950,1748159042,0
LTE,466,97,22530,81958071,-1,121.2053,25.0101,522,27,1,1736660550,1748159042,0
LTE,466,97,22530,81968525,-1,121.2069,25.0056,1248,23,1,1736662746,1786854604,0
LTE,466,97,22530,81968596,-1,121.2049,24.9998,1000,18,1,1736664522,1784978342,0
LTE,466,97,22530,81934193,-1,121.2108,25.0018,1000,15,1,1736664873,1762512781,0
LTE,466,97,22530,82007508,-1,121.2167,25.0065,500,25,1,1736665821,1784978341,0
LTE,466,97,22530,82007518,-1,121.2164,25.0068,1000,22,1,1736665866,1775046062,0
LTE,466,97,22530,81927351,-1,121.2229,25.0045,1382,18,1,1736666460,1772369701,0
LTE,466,97,22530,86296565,-1,121.2211,25.0062,1000,12,1,1736666635,1744026662,0
LTE,466,97,22530,81989748,-1,121.2186,25.0095,1000,13,1,1736835677,1781533686,0
LTE,466,97,22530,82007478,-1,121.2161,25.0064,752,29,1,1736835737,1784978342,0
LTE,466,97,22530,81930964,-1,121.2164,25.0098,1000,7,1,1736836275,1781622064,0
LTE,466,97,22530,81977200,-1,121.2064,25.0051,1000,18,1,1736837207,1752416411,0
LTE,466,97,22530,81968607,-1,121.2038,24.9988,1000,9,1,1736838950,1744804201,0
LTE,466,97,22530,81968526,-1,121.2069,25.0011,1000,22,1,1736839161,1777637402,0
LTE,466,97,22530,81957599,-1,121.219,25.0079,1000,10,1,1736840894,1781622064,0
LTE,466,89,22520,84513717,-1,121.3118,24.9902,1000,5,1,1736661689,1757935623,0
LTE,466,89,22520,84513207,-1,121.3114,24.9911,1000,16,1,1736661833,1760355363,0
LTE,466,89,22520,84488845,-1,121.3085,24.9934,1000,8,1,1736662042,1760355363,0
LTE,466,89,22520,84497127,-1,121.2827,24.9875,1000,7,1,1736907276,1762591202,0
LTE,466,89,22520,84485517,-1,121.2851,24.9878,1000,8,1,1736907471,1760705341,0
LTE,466,89,22520,84485558,-1,121.2851,24.9857,1000,6,1,1736907489,1757825701,0
LTE,466,97,22530,81978299,-1,121.2233,25.0214,1000,15,1,1736963912,1771115641,0
LTE,466,97,22530,86298039,-1,121.2235,25.0203,1000,17,1,1736963942,1777186567,0
LTE,466,97,22530,86298038,-1,121.2245,25.0228,1462,16,1,1736963952,1780917484,0
LTE,466,97,22530,86297968,-1,121.2277,25.0259,715,44,1,1736964173,1777697283,0
LTE,466,97,22530,86273165,-1,121.2392,25.0367,1240,24,1,1736964513,1759041781,0
LTE,466,97,22530,86561011,-1,121.2374,25.0335,1000,23,1,1736964523,1776102486,0
LTE,466,97,22530,86560951,-1,121.2388,25.0353,780,25,1,1736964573,1786768277,0
LTE,466,97,22530,86560950,-1,121.2502,25.0294,1000,21,1,1736964633,1777186566,0
LTE,466,97,22600,84486581,-1,121.2735,25.019,1383,46,1,1736964793,1777186566,0
LTE,466,97,22600,86563888,-1,121.2838,25.0274,1000,10,1,1736964813,1786768194,0
LTE,466,97,22600,86528400,-1,121.2929,25.0343,1000,16,1,1736964833,1786768192,0
LTE,466,97,22600,86533559,-1,121.2993,25.0386,1000,14,1,1736964893,1754445781,0
LTE,466,97,22600,86533558,-1,121.3017,25.04,1000,15,1,1736964913,1776102485,0
LTE,466,97,22600,85282998,-1,121.3052,25.0418,758,26,1,1736964933,1776102485,0
LTE,466,97,22600,85282831,-1,121.3109,25.0445,1472,17,1,1736964953,1780016943,0
LTE,466,97,22600,85259703,-1,121.3175,25.047,1000,16,1,1736964983,1776102485,0
LTE,466,97,22600,85259702,-1,121.3232,25.0497,1000,9,1,1736965003,1754445782,0
LTE,466,97,22600,85270257,-1,121.3278,25.0545,1000,8,1,1736965023,1754445782,0
LTE,466,97,22600,85256335,-1,121.3286,25.0555,1000,10,1,1736965033,1754445782,0
LTE,466,97,22600,85256333,-1,121.3323,25.0594,1000,20,1,1736965053,1754445782,0
LTE,466,97,22600,85284533,-1,121.3458,25.065,1000,22,1,1736965113,1754445782,0
LTE,466,97,22230,85259957,-1,121.355,25.0649,1000,13,1,1736965173,1754445782,0
LTE,466,97,22230,62491319,-1,121.3657,25.0647,1000,11,1,1736965213,1754445782,0
LTE,466,97,22230,85289143,-1,121.3833,25.065,1000,23,1,1736965273,1776102484,0
LTE,466,97,22230,62214837,-1,121.3976,25.0591,821,39,1,1736965353,1776102484,0
LTE,466,97,22230,62214838,-1,121.4043,25.0566,1000,20,1,1736965375,1776102484,0
LTE,466,97,22750,63509686,-1,121.4409,25.0691,656,26,1,1736965534,1776102483,0
LTE,466,97,22750,63508151,-1,121.4472,25.0709,601,33,1,1736965574,1775523604,0
LTE,466,97,22750,63508149,-1,121.4506,25.0716,1000,9,1,1736965584,1775523604,0
LTE,466,97,22750,63489719,-1,121.4529,25.0723,1000,10,1,1736965644,1775523605,0
LTE,466,97,22750,63489717,-1,121.4565,25.0735,1000,15,1,1736965694,1775523605,0
LTE,466,97,22750,63494325,-1,121.4602,25.0748,1000,12,1,1736965854,1754445783,0
LTE,466,97,22750,63488438,-1,121.4641,25.0755,1000,8,1,1736965954,1754445783,0
LTE,466,97,11470,63243445,-1,121.4736,25.0744,1000,10,1,1736966108,1754445783,0
LTE,466,97,11470,63243446,-1,121.4773,25.0735,1000,17,1,1736966134,1754445783,0
LTE,466,97,22700,61699767,-1,121.4879,25.0741,1000,22,1,1736966164,1775523605,0
LTE,466,97,22700,61699766,-1,121.494,25.0753,1000,20,1,1736966264,1775523605,0
LTE,466,97,22700,61779127,-1,121.5,25.0768,1000,9,1,1736966284,1754445784,0
LTE,466,97,22700,61779125,-1,121.5044,25.0776,1000,15,1,1736966314,1754445784,0
LTE,466,97,22210,26393457,-1,121.5101,25.0782,1000,10,1,1736966354,1760183711,0
LTE,466,97,22210,26639318,-1,121.5281,25.0732,1000,15,1,1736966494,1780822514,0
LTE,466,97,22210,26896053,-1,121.5586,25.0717,1000,17,1,1736966695,1754445784,0
LTE,466,97,22210,26896054,-1,121.5654,25.07,1000,15,1,1736966715,1754445785,0
LTE,466,97,22270,26886797,-1,121.5677,25.0704,500,25,1,1736966766,1780016946,0
LTE,466,97,22210,26896114,-1,121.5626,25.0706,1000,18,1,1736966806,1775523606,0
LTE,466,97,22270,26886799,-1,121.5656,25.0665,1000,8,1,1736966826,1754445785,0
LTE,466,97,22290,26891702,-1,121.5631,25.0597,1000,4,1,1736967106,1766970182,0
LTE,466,97,22290,26903989,-1,121.5632,25.0582,1000,12,1,1736967126,1766974981,0
LTE,466,97,22290,26888119,-1,121.5608,25.0567,1000,10,1,1736967246,1766970183,0
LTE,466,97,22290,26887793,-1,121.5591,25.0585,1000,3,1,1736967484,1766970182,0
LTE,466,97,22290,26891445,-1,121.5637,25.055,1000,15,1,1736970527,1766974981,0
LTE,466,97,22270,26940341,-1,121.5774,25.0496,1000,11,1,1736983673,1757393041,0
LTE,466,97,11440,60944309,-1,121.4246,24.9917,1000,13,1,1736986667,1768536961,0
LTE,466,97,11440,60944310,-1,121.4232,24.9891,1000,7,1,1736987052,1768536961,0
LTE,466,97,11440,60936118,-1,121.4217,24.9872,1000,8,1,1736987071,1768536961,0
LTE,466,97,11440,60956343,-1,121.4188,24.9856,1000,5,1,1736987094,1768536961,0
LTE,466,97,11310,61195959,-1,121.338,24.9499,1000,16,1,1736987775,1768536963,0
LTE,466,97,11310,61186487,-1,121.337,24.9553,1000,23,1,1736987825,1768536963,0
LTE,466,97,11310,61186486,-1,121.3388,24.9599,1000,18,1,1736987845,1768536963,0
LTE,466,97,11310,61186999,-1,121.3392,24.9681,1000,9,1,1736987907,1768536963,0
LTE,466,97,22570,85284279,-1,121.3262,24.9841,1064,19,1,1736988161,1768536963,0
LTE,466,97,22570,85280625,-1,121.3221,24.9889,1000,16,1,1736988201,1768536963,0
LTE,466,97,22520,84481720,-1,121.3131,24.9888,1000,12,1,1736988267,1768536963,0
LTE,466,97,22520,84506355,-1,121.305,24.9877,1000,6,1,1736988420,1764402423,0
LTE,466,97,22520,84486839,-1,121.2894,24.9804,1000,21,1,1736988460,1777186566,0
LTE,466,97,22520,84531313,-1,121.2876,24.9804,1000,22,1,1736988490,1771110122,0
LTE,466,97,22520,84485559,-1,121.2833,24.9831,795,31,1,1736988510,1777186566,0
LTE,466,97,22550,84508884,-1,121.2733,24.9794,1000,16,1,1736988546,1765252022,0
LTE,466,97,22550,84497879,-1,121.2694,24.9768,1000,6,1,1736988566,1765252022,0
LTE,466,97,22550,84497877,-1,121.2664,24.9757,1000,16,1,1736988586,1765252022,0
LTE,466,97,22550,84497907,-1,121.2654,24.9753,1000,19,1,1736988596,1784953202,0
LTE,466,97,22550,82003894,-1,121.2614,24.9736,1000,9,1,1736988616,1768536964,0
LTE,466,97,22550,82003824,-1,121.2615,24.9739,1000,13,1,1736988636,1784953202,0
LTE,466,97,22550,82002544,-1,121.2559,24.9719,1000,10,1,1736988703,1765252022,0
LTE,466,97,22550,82002614,-1,121.2547,24.9711,1000,17,1,1736988769,1768536964,0
LTE,466,97,22550,81956054,-1,121.2515,24.9696,500,27,1,1736988789,1784953202,0
LTE,466,97,22550,81943733,-1,121.2438,24.9629,1000,16,1,1736988859,1768536964,0
LTE,466,97,22550,81943734,-1,121.2407,24.9605,1000,13,1,1736988889,1768536964,0
LTE,466,97,22550,81943735,-1,121.238,24.9589,1000,10,1,1736988899,1768536964,0
LTE,466,97,22550,81938359,-1,121.2342,24.9569,1000,10,1,1736989002,1768536964,0
LTE,466,97,22550,81931702,-1,121.2254,24.9532,1000,8,1,1736989192,1768536964,0
LTE,466,97,22550,81931703,-1,121.2247,24.9534,1000,12,1,1736989395,1768536964,0
LTE,466,97,22550,81931701,-1,121.2263,24.9543,1000,16,1,1736989496,1768536964,0
LTE,466,97,22550,81922485,-1,121.2272,24.9547,1000,5,1,1736989618,1768536964,0
LTE,466,97,22550,81933494,-1,121.2278,24.9577,1000,12,1,1736989837,1768536964,0
LTE,466,97,22550,81933493,-1,121.228,24.9594,1000,4,1,1736989923,1768536965,0
LTE,466,97,22550,81941941,-1,121.2269,24.9604,1000,8,1,1736989949,1771571102,0
LTE,466,97,22550,81971894,-1,121.2257,24.9626,1000,7,1,1736990097,1768536965,0
LTE,466,97,22550,81971893,-1,121.2256,24.964,1000,6,1,1736990144,1768536965,0
LTE,466,97,22550,82002358,-1,121.225,24.9658,1000,14,1,1736990187,1768536965,0
LTE,466,97,22550,81932213,-1,121.2211,24.9682,500,31,1,1736990307,1768539121,0
LTE,466,97,22550,81974197,-1,121.2208,24.9673,1000,2,1,1736991271,1768539121,0
LTE,466,97,22550,82002359,-1,121.22,24.9713,1000,6,1,1736991518,1768539121,0
LTE,466,97,22550,81968822,-1,121.2175,24.9775,1000,24,1,1736991591,1768539121,0
LTE,466,97,22550,81968821,-1,121.2163,24.9808,1000,5,1,1736991776,1768539121,0
LTE,466,97,22550,81968823,-1,121.2152,24.9823,1000,12,1,1736991823,1768539121,0
LTE,466,97,22550,81938615,-1,121.212,24.9867,1000,19,1,1736991974,1768539122,0
LTE,466,97,22550,81946127,-1,121.2075,24.9903,1000,20,1,1736992139,1768539122,0
LTE,466,97,22550,81946126,-1,121.2052,24.9943,1000,12,1,1736992306,1768539122,0
LTE,466,97,22530,81930935,-1,121.2132,25.0091,500,33,1,1736994981,1784978342,0
LTE,466,97,22530,81989867,-1,121.2198,25.0092,1000,8,1,1736996556,1774079282,0
LTE,466,97,22530,82007527,-1,121.2201,25.0107,1000,13,1,1736996887,1781622064,0
LTE,466,97,22530,81946846,-1,121.2026,25.0002,1000,12,1,1737302696,1775479142,0
LTE,466,97,22550,81995703,-1,121.2235,24.9572,1000,12,1,1737304537,1771571102,0
LTE,466,97,22550,81928374,-1,121.232,24.956,1000,7,1,1737305265,1768536964,0
LTE,466,97,22550,82002674,-1,121.2571,24.9724,1000,10,1,1737305377,1784953202,0
LTE,466,97,22550,84497847,-1,121.2675,24.9759,1000,17,1,1737305559,1784953202,0
LTE,466,97,22520,84485518,-1,121.2851,24.9815,1000,18,1,1737305630,1786768276,0
LTE,466,97,22520,84501173,-1,121.3064,24.9878,1000,4,1,1737305705,1764402423,0
LTE,466,97,22520,84481717,-1,121.3122,24.9886,1000,12,1,1737305821,1768536963,0
LTE,466,97,22520,84512695,-1,121.319,24.9903,1000,6,1,1737305916,1768536963,0
LTE,466,97,22520,84495542,-1,121.3157,24.9895,1000,4,1,1737305906,1768536963,0
LTE,466,97,22710,56577206,-1,121.6525,25.0641,1000,19,1,1737309448,1767261482,0
LTE,466,97,22710,56629173,-1,121.6529,25.0645,1000,3,1,1737309867,1767261481,0
LTE,466,97,22710,56584630,-1,121.6395,25.0599,1000,15,1,1737310717,1767261482,0
LTE,466,97,11430,60253365,-1,121.4717,25.0064,1000,13,1,1737266935,1760183710,0
LTE,466,97,11340,56320694,-1,121.4704,25.0142,1000,9,1,1737267385,1776559981,0
LTE,466,97,11340,56362934,-1,121.4718,25.0153,1000,23,1,1737267425,1781622063,0
LTE,466,97,11270,56324791,-1,121.4806,25.0195,1000,15,1,1737267515,1760183710,0
LTE,466,97,11340,56390071,-1,121.4795,25.0187,1000,4,1,1737267545,1760183710,0
LTE,466,97,11270,56324790,-1,121.4851,25.022,1000,18,1,1737267665,1760183710,0
LTE,466,97,11350,60213173,-1,121.4911,25.0065,2070,17,1,1737267726,1781622063,0
LTE,466,97,11270,27651058,-1,121.4925,25.0259,1000,6,1,1737267765,1752416401,0
LTE,466,97,11270,27657869,-1,121.4937,25.0268,1000,6,1,1737267825,1752416401,0
LTE,466,97,11270,27665038,-1,121.4944,25.0274,1000,4,1,1737267845,1752416401,0
LTE,466,97,11270,27654799,-1,121.4951,25.0281,1000,4,1,1737267875,1752416401,0
LTE,466,97,11270,27657143,-1,121.4987,25.0344,1000,8,1,1737268265,1752416402,0
LTE,466,97,11270,27654327,-1,121.4989,25.0354,1000,16,1,1737268335,1752416402,0
LTE,466,97,11270,27657141,-1,121.499,25.0374,1000,12,1,1737270235,1752416402,0
LTE,466,97,11290,27666357,-1,121.5065,25.0456,2613,3,1,1737272596,1760183763,0
LTE,466,97,11290,27682435,-1,121.5099,25.0506,1957,2,1,1737272756,1760183763,0
LTE,466,97,11290,27666319,-1,121.5099,25.0506,1957,2,1,1737273086,1760183763,0
LTE,466,97,11340,56339383,-1,121.4638,25.0125,1000,9,1,1737273876,1771144382,0
LTE,466,97,11340,56330678,-1,121.4646,25.0116,1000,12,1,1737273888,1771144382,0
LTE,466,97,11340,56338871,-1,121.4638,25.0095,1000,8,1,1737273908,1771144382,0
LTE,466,97,22530,81977526,-1,121.2149,25.0129,1000,12,1,1737691442,1781622062,0
LTE,466,97,22530,81978297,-1,121.217,25.0152,1000,14,1,1737691462,1781622062,0
LTE,466,97,11400,25614261,-1,121.5187,25.0473,1000,4,1,1737693074,1780822514,0
LTE,466,89,22520,84506991,-1,121.2795,24.9956,1000,19,1,1737841503,1760527321,0
LTE,466,89,22520,84493681,-1,121.2837,24.9993,1000,18,1,1737841583,1760527321,0
LTE,466,89,22520,84536789,-1,121.2848,24.9978,1000,12,1,1737841593,1754818501,0
LTE,466,89,22520,84496496,-1,121.2836,24.9991,1000,9,1,1737841603,1754818501,0
LTE,466,89,22600,84486531,-1,121.2775,25.0146,1000,23,1,1737841663,1748066822,0
LTE,466,89,22600,84485232,-1,121.2787,25.0225,1000,18,1,1737841723,1748066822,0
LTE,466,89,22600,84485231,-1,121.2818,25.0258,1000,13,1,1737841743,1748066822,0
LTE,466,89,22600,86528370,-1,121.2879,25.0309,1000,19,1,1737841763,1748066822,0
LTE,466,89,22600,86528477,-1,121.299,25.0383,1000,9,1,1737841823,1748066822,0
LTE,466,89,22600,85283038,-1,121.3043,25.0415,1000,17,1,1737841843,1749555844,0
LTE,466,89,22600,85256335,-1,121.3226,25.0515,1746,26,1,1737841863,1749555844,0
LTE,466,89,22600,85258472,-1,121.3115,25.0448,1000,17,1,1737841883,1760527265,0
LTE,466,89,22600,85258471,-1,121.3143,25.0459,1000,20,1,1737841893,1760527265,0
LTE,466,89,22600,85259751,-1,121.3201,25.0482,681,26,1,1737841913,1760527265,0
LTE,466,89,22600,85256325,-1,121.3274,25.0544,1000,16,1,1737841943,1748481902,0
LTE,466,89,22230,85260007,-1,121.3533,25.0654,1000,19,1,1737842063,1760527265,0
LTE,466,89,22570,85271016,-1,121.3742,25.0658,1000,9,1,1737842133,1748481903,0
LTE,466,89,22230,85289073,-1,121.3819,25.0651,1000,13,1,1737842153,1749555843,0
LTE,466,89,22230,62209393,-1,121.3824,25.0648,1000,15,1,1737842173,1760527264,0
LTE,466,89,22230,62209391,-1,121.3861,25.065,1000,20,1,1737842185,1760527264,0
LTE,466,89,22230,85289071,-1,121.3902,25.0644,623,28,1,1737842195,1760527264,0
LTE,466,89,22230,62208881,-1,121.3926,25.0631,1000,18,1,1737842205,1760527264,0
LTE,466,89,22230,62214767,-1,121.3978,25.0588,1000,23,1,1737842230,1760527264,0
LTE,466,89,22230,62214768,-1,121.4046,25.056,1000,18,1,1737842260,1748481903,0
LTE,466,89,22230,62208368,-1,121.4087,25.0573,513,26,1,1737842280,1748481904,0
LTE,466,89,22230,62208625,-1,121.4111,25.0589,687,28,1,1737842320,1760527264,0
LTE,466,89,22230,62208624,-1,121.4157,25.0618,1000,14,1,1737842350,1760527264,0
LTE,466,89,22230,62210927,-1,121.4217,25.0653,1000,8,1,1737842400,1748481904,0
LTE,466,89,22230,62209165,-1,121.427,25.0678,1000,17,1,1737842430,1760527264,0
LTE,466,89,22750,62226573,-1,121.431,25.0683,1000,13,1,1737842440,1760527264,0
LTE,466,89,22750,63489422,-1,121.4336,25.0685,1000,12,1,1737842450,1760527264,0
LTE,466,89,22750,63506674,-1,121.4374,25.0688,1000,18,1,1737842461,1760527264,0
LTE,466,89,22750,63489779,-1,121.4526,25.0731,1000,8,1,1737842520,1760527263,0
LTE,466,89,22750,63489777,-1,121.455,25.0738,1000,10,1,1737842530,1760527263,0
LTE,466,89,22750,63488498,-1,121.4608,25.0753,1000,16,1,1737842541,1760527263,0
LTE,466,89,11470,61719693,-1,121.4588,25.0749,1000,13,1,1737842550,1760527263,0
LTE,466,89,22750,63489135,-1,121.4674,25.0758,1000,20,1,1737842570,1749555842,0
LTE,466,89,11470,63243375,-1,121.4738,25.0747,714,28,1,1737842590,1749555842,0
LTE,466,89,22210,26636913,-1,121.526,25.0752,1000,10,1,1737861926,1749555841,0
LTE,466,89,22210,28474324,-1,121.5233,25.0762,1000,12,1,1737861945,1749555842,0
LTE,466,89,22210,28431216,-1,121.5194,25.0773,1000,17,1,1737861957,1760527263,0
LTE,466,89,22210,26377327,-1,121.5149,25.0781,1000,14,1,1737861977,1749555842,0
LTE,466,89,22210,26393455,-1,121.5097,25.0783,1000,21,1,1737861996,1749555842,0
LTE,466,89,22210,26393457,-1,121.5051,25.0777,1000,9,1,1737862028,1748481905,0
LTE,466,89,22700,61736304,-1,121.4987,25.077,1000,15,1,1737862046,1749555842,0
LTE,466,89,22700,61736305,-1,121.4948,25.0762,1000,10,1,1737862057,1749555842,0
LTE,466,89,22700,61699696,-1,121.4919,25.0754,1000,11,1,1737862067,1749555842,0
LTE,466,89,22700,61699697,-1,121.4858,25.074,1000,16,1,1737862097,1749555842,0
LTE,466,89,22700,61700021,-1,121.4813,25.0735,1000,10,1,1737862108,1760527263,0
LTE,466,89,11470,63243446,-1,121.4773,25.0737,1000,18,1,1737862121,1748481904,0
LTE,466,89,11470,63243445,-1,121.4727,25.075,1000,17,1,1737862159,1760527263,0
LTE,466,89,22750,63502005,-1,121.4694,25.0756,1000,15,1,1737862192,1760527263,0
LTE,466,89,22750,63489165,-1,121.4657,25.0761,1000,12,1,1737862202,1760527263,0
LTE,466,89,22750,63489238,-1,121.4588,25.0749,1000,10,1,1737862256,1749555842,0
LTE,466,89,22750,63488488,-1,121.4627,25.0755,1000,10,1,1737862276,1748481904,0
LTE,466,89,22750,63508179,-1,121.4483,25.0718,1000,10,1,1737862446,1749555842,0
LTE,466,89,22750,63509686,-1,121.442,25.0698,1000,19,1,1737862484,1748481904,0
LTE,466,89,22750,63508151,-1,121.448,25.0713,1000,21,1,1737862504,1748481904,0
LTE,466,89,22750,63509688,-1,121.4388,25.0692,1000,3,1,1737862555,1748481904,0
LTE,466,89,22750,63489462,-1,121.4324,25.0682,1000,10,1,1737862685,1748481904,0
LTE,466,89,22230,62209205,-1,121.424,25.0664,1000,9,1,1737862736,1748481904,0
LTE,466,89,22230,62210998,-1,121.4206,25.0648,1000,12,1,1737862756,1749555843,0
LTE,466,89,22230,62222264,-1,121.4173,25.0629,1000,11,1,1737862775,1760527264,0
LTE,466,89,22230,62208879,-1,121.3941,25.0623,1000,16,1,1737862914,1760527264,0
LTE,466,89,22570,85297619,-1,121.378,25.0657,1000,18,1,1737863044,1760527264,0
LTE,466,89,22230,62474609,-1,121.3642,25.0651,1000,10,1,1737863124,1760527265,0
LTE,466,89,22230,85259887,-1,121.3526,25.0654,500,25,1,1737863164,1749555843,0
LTE,466,89,22600,86528880,-1,121.3473,25.0656,1000,16,1,1737863184,1760527265,0
LTE,466,89,22600,86528881,-1,121.3441,25.0653,1000,22,1,1737863204,1760527265,0
LTE,466,89,22600,85284463,-1,121.3403,25.0646,1000,19,1,1737863224,1760527265,0
LTE,466,89,22600,85270247,-1,121.3256,25.0523,1000,19,1,1737863290,1748481902,0
LTE,466,89,22600,85282851,-1,121.3079,25.0433,1000,10,1,1737863375,1760527265,0
LTE,466,89,22600,86528387,-1,121.297,25.0371,1000,6,1,1737863425,1748066822,0
LTE,466,89,22600,86528390,-1,121.2907,25.0329,1000,18,1,1737863465,1748066822,0
LTE,466,89,22520,84496626,-1,121.2833,24.9995,1000,8,1,1737863751,1749129601,0
LTE,466,89,22520,84532149,-1,121.2798,24.996,1000,11,1,1737863790,1760527321,0
LTE,466,89,22520,84494567,-1,121.279,24.992,1000,6,1,1737863860,1749555844,0
LTE,466,89,22520,84485509,-1,121.2842,24.9868,1000,5,1,1737864311,1743679081,0
LTE,466,97,22530,81958031,-1,121.2038,25.0087,1000,5,1,1737948695,1786768280,0
LTE,466,97,22530,81958069,-1,121.2066,25.011,1000,7,1,1737949064,1748159042,0
LTE,466,97,22530,81958070,-1,121.2086,25.0078,1000,10,1,1737949089,1763130181,0
LTE,466,97,22530,81930895,-1,121.2108,25.0109,1000,12,1,1737949278,1775481662,0
LTE,466,97,22530,82007517,-1,121.2179,25.0095,1000,12,1,1737949549,1757072642,0
LTE,466,97,22530,81989587,-1,121.2135,25.0182,1000,11,1,1737949881,1748159042,0
LTE,466,97,22530,81989588,-1,121.2136,25.0186,1000,15,1,1737949973,1748159042,0
LTE,466,97,22530,81988722,-1,121.2184,25.017,1000,13,1,1737950489,1777697283,0
LTE,466,97,22530,81989746,-1,121.2191,25.0146,1000,24,1,1737950833,1777697283,0
LTE,466,97,22530,86296536,-1,121.222,25.0107,1000,17,1,1738189674,1777186567,0
LTE,466,97,22530,86296546,-1,121.2204,25.0095,1000,4,1,1738189902,1751381642,0
LTE,466,97,22600,86536590,-1,121.2624,25.0273,1000,18,1,1738192165,1745070930,0
LTE,466,97,22600,86550515,-1,121.2685,25.0248,620,25,1,1738192193,1777697282,0
LTE,466,97,22600,84486641,-1,121.2737,25.0188,1003,22,1,1738192203,1786768194,0
LTE,466,97,22600,84486583,-1,121.2799,25.01,1000,21,1,1738192264,1777186566,0
LTE,466,97,22520,84532150,-1,121.2831,24.9973,850,28,1,1738192322,1777186566,0
LTE,466,97,22520,84497333,-1,121.2819,24.9868,1000,17,1,1738192342,1776091384,0
LTE,466,97,22520,84497077,-1,121.2819,24.9874,753,25,1,1738192362,1780016942,0
LTE,466,97,22580,85511153,-1,121.2896,24.9776,803,33,1,1738192408,1774079234,0
LTE,466,97,22580,85534805,-1,121.2974,24.9756,1358,26,1,1738192459,1777186565,0
LTE,466,97,22580,85512630,-1,121.3096,24.973,1000,10,1,1738192478,1772355483,0
LTE,466,97,22580,85509773,-1,121.3117,24.972,1161,14,1,1738192528,1771110130,0
LTE,466,97,22580,85510129,-1,121.3247,24.9528,1000,11,1,1738192584,1772355484,0
LTE,466,97,22580,85510130,-1,121.3244,24.949,1000,16,1,1738192606,1760183706,0
LTE,466,97,22580,85525173,-1,121.3247,24.9508,500,30,1,1738192692,1777186565,0
LTE,466,97,22580,85525174,-1,121.3244,24.9465,1000,17,1,1738192753,1777186565,0
LTE,466,97,22580,85525124,-1,121.3242,24.9447,1000,20,1,1738192841,1773480724,0
LTE,466,97,22580,85525104,-1,121.3248,24.9421,1000,23,1,1738192926,1773480725,0
LTE,466,97,11310,61192669,-1,121.3303,24.9396,1000,19,1,1738193246,1752416409,0
LTE,466,97,11310,61192630,-1,121.3385,24.9374,951,31,1,1738193266,1777186565,0
LTE,466,97,11310,61193861,-1,121.3446,24.9355,745,28,1,1738193286,1771110123,0
LTE,466,97,11310,60693205,-1,121.3552,24.9361,1000,23,1,1738193326,1776091386,0
LTE,466,97,11310,60693431,-1,121.3678,24.9457,791,27,1,1738193406,1777186564,0
LTE,466,97,11310,60938481,-1,121.3737,24.9491,1000,14,1,1738193416,1776091386,0
LTE,466,97,11310,60948466,-1,121.3812,24.9512,1000,13,1,1738193436,1776091386,0
LTE,466,97,11310,60934583,-1,121.3872,24.9514,1116,21,1,1738193466,1777186564,0
LTE,466,97,11310,60934582,-1,121.3975,24.9512,1293,31,1,1738193507,1777186564,0
LTE,466,97,11220,60442550,-1,121.4191,24.9549,870,29,1,1738193597,1777186564,0
LTE,466,97,11220,60417975,-1,121.425,24.9586,862,25,1,1738193617,1777186563,0
LTE,466,97,11220,60451571,-1,121.4454,24.9717,1000,18,1,1738193819,1751284562,0
LTE,466,97,11220,60417014,-1,121.4429,24.9681,1000,8,1,1738193829,1751284562,0
LTE,466,97,11220,60451511,-1,121.4455,24.971,940,36,1,1738193860,1777186563,0
LTE,466,97,11220,60451510,-1,121.454,24.975,1143,41,1,1738193926,1777186563,0
LTE,466,97,11220,60450280,-1,121.4656,24.9786,1015,30,1,1738194050,1773480726,0
LTE,466,97,11220,60450290,-1,121.4647,24.9773,591,27,1,1738194085,1766966165,0
LTE,466,97,11220,60418189,-1,121.4705,24.9815,1000,12,1,1738194171,1766966165,0
LTE,466,97,11350,60161975,-1,121.4841,25.0006,1000,17,1,1738194392,1776102482,0
LTE,466,97,11430,60181943,-1,121.4717,25.0016,1000,8,1,1738195385,1771539423,0
LTE,466,97,11430,60181941,-1,121.4711,25.0015,1000,10,1,1738195409,1771539423,0
LTE,466,97,11430,60181873,-1,121.4711,25.001,1000,6,1,1738195711,1771539423,0
LTE,466,97,11430,60181903,-1,121.4717,25.001,1000,4,1,1738195748,1760183709,0
LTE,466,97,11430,60199725,-1,121.4725,25.0005,1000,5,1,1738196248,1760183709,0
LTE,466,97,11430,60182709,-1,121.4722,25.0011,1000,13,1,1738196282,1771539423,0
LTE,466,97,11340,56320695,-1,121.4688,25.0128,1000,13,1,1738196619,1760183710,0
LTE,466,97,11340,56331446,-1,121.468,25.0158,1000,18,1,1738196692,1781622063,0
LTE,466,97,11340,56414903,-1,121.4701,25.016,1000,17,1,1738196784,1781622063,0
LTE,466,97,11340,56414902,-1,121.4726,25.0197,1000,8,1,1738196804,1768523521,0
LTE,466,97,11340,56335542,-1,121.4708,25.0188,1000,8,1,1738196867,1776102482,0
LTE,466,97,11340,56348343,-1,121.4762,25.0222,1000,16,1,1738196903,1768523522,0
LTE,466,97,11340,56348341,-1,121.4774,25.0231,1000,12,1,1738196923,1768523522,0
LTE,466,97,11270,27650794,-1,121.4967,25.0317,1000,4,1,1738227796,1752416402,0
LTE,466,97,11270,27650997,-1,121.4872,25.0267,1000,13,1,1738227929,1752416405,0
LTE,466,97,11340,56362935,-1,121.4712,25.0186,1000,10,1,1738228050,1776102482,0
LTE,466,97,11430,60181893,-1,121.4714,25.0009,1000,5,1,1738228582,1771539423,0
LTE,466,97,11430,60229045,-1,121.4709,25.0009,1000,6,1,1738228647,1771539423,0
LTE,466,97,11430,60227203,-1,121.4711,25.0003,1000,4,1,1738229335,1771539423,0
LTE,466,97,11350,60255157,-1,121.4707,25.0004,1000,4,1,1738229318,1771539423,0
LTE,466,97,11430,60250550,-1,121.4756,25.0002,1000,18,1,1738229482,1771539423,0
LTE,466,97,11350,60198583,-1,121.4852,24.9988,1000,10,1,1738229660,1776102482,0
LTE,466,97,11350,60173238,-1,121.4854,24.996,542,34,1,1738229685,1776102482,0
LTE,466,97,11350,60173239,-1,121.4837,24.9897,659,31,1,1738229696,1777186563,0
LTE,466,97,11220,60447721,-1,121.4751,24.9853,641,33,1,1738229756,1773480727,0
LTE,466,97,11220,60451560,-1,121.4528,24.975,1000,10,1,1738229886,1745070909,0
LTE,466,97,11220,60451561,-1,121.4455,24.972,1000,17,1,1738229889,1745070912,0
LTE,466,97,11220,60427190,-1,121.4323,24.9607,785,25,1,1738229979,1774079231,0
LTE,466,97,11220,60419364,-1,121.4024,24.9507,630,32,1,1738230090,1774079232,0
LTE,466,97,11310,60934426,-1,121.3843,24.9518,1000,22,1,1738230161,1751284563,0
LTE,466,97,11310,60693359,-1,121.3698,24.9473,1000,23,1,1738230211,1777186564,0
LTE,466,97,11310,60693173,-1,121.3604,24.9398,1036,47,1,1738230271,1777186565,0
LTE,466,97,11310,61193970,-1,121.3432,24.9358,1000,20,1,1738230332,1774079233,0
LTE,466,97,11310,61193971,-1,121.3415,24.9364,1000,9,1,1738230352,1751284563,0
LTE,466,97,11310,61189558,-1,121.3257,24.9418,1000,7,1,1738230412,1771110130,0
LTE,466,97,22580,85517031,-1,121.3053,24.9741,1000,12,1,1738230602,1745070923,0
LTE,466,97,22580,85510799,-1,121.2994,24.9749,1000,21,1,1738230642,1760183706,0
LTE,466,97,22520,84494517,-1,121.2825,24.9922,1000,24,1,1738230743,1777186566,0
LTE,466,97,22600,84485363,-1,121.2639,25.0274,1000,14,1,1738230922,1752416410,0
LTE,466,97,22600,86556341,-1,121.2529,25.0285,696,31,1,1738230962,1777186566,0
LTE,466,97,22530,86287347,-1,121.2236,25.0171,1014,9,1,1738231320,1773480722,0
LTE,466,97,22530,86287346,-1,121.2215,25.0119,1000,11,1,1738231433,1777186567,0
LTE,466,97,11220,60437360,-1,121.4711,24.9823,500,31,1,1738398475,1777186563,0
LTE,466,97,11220,60427957,-1,121.4402,24.9654,1000,21,1,1738398640,1777186563,0
LTE,466,97,11220,60422327,-1,121.4219,24.9573,677,27,1,1738398720,1777186564,0
LTE,466,97,11310,60693229,-1,121.3529,24.9355,1000,14,1,1738399064,1772355542,0
LTE,466,97,11310,61193860,-1,121.3474,24.935,1000,14,1,1738399089,1766966163,0
LTE,466,97,22580,85525103,-1,121.3249,24.9521,1000,15,1,1738399209,1765639865,0
LTE,466,97,22580,85519285,-1,121.3236,24.9633,610,25,1,1738399259,1772355550,0
LTE,466,97,22580,85511154,-1,121.2976,24.9753,1000,22,1,1738399390,1773480724,0
LTE,466,97,22520,84497589,-1,121.291,24.9768,764,26,1,1738399410,1777186566,0
LTE,466,97,22520,84496626,-1,121.2832,25.0015,1000,17,1,1738399534,1777697282,0
LTE,466,97,22520,84496627,-1,121.2816,25.0073,1000,20,1,1738399546,1786768276,0
LTE,466,97,22530,86287217,-1,121.2243,25.0184,1000,16,1,1738400081,1776091382,0
LTE,466,97,22530,81948639,-1,121.2215,25.0132,1000,6,1,1738821993,1743679081,0
LTE,466,97,22530,86297969,-1,121.2232,25.0212,664,29,1,1738822803,1777697283,0
LTE,466,97,22530,86291637,-1,121.2169,25.0237,1000,11,1,1738823055,1748159042,0
LTE,466,97,22530,86283957,-1,121.2213,25.0209,1000,8,1,1738823461,1772355552,0
LTE,466,97,22530,81989597,-1,121.2151,25.0215,1000,5,1,1738823688,1748159042,0
LTE,466,97,22530,81968606,-1,121.2052,25.002,1000,7,1,1738825553,1777186567,0
LTE,466,89,22520,84496617,-1,121.2826,25.0054,1000,10,1,1738972643,1748066822,0
LTE,466,89,22600,84486533,-1,121.2807,25.0096,1000,8,1,1738972654,1748066822,0
LTE,466,89,22530,86298038,-1,121.2258,25.024,1000,9,1,1738973219,1748066824,0
LTE,466,97,22530,81930974,-1,121.2186,25.0091,1000,12,1,1739061169,1772369702,0
LTE,466,97,11340,56331448,-1,121.4655,25.0155,1000,23,1,1739062922,1781622064,0
LTE,466,97,11340,56396471,-1,121.4649,25.0152,1000,6,1,1739063185,1768523521,0
LTE,466,97,11340,56396469,-1,121.465,25.0186,1000,9,1,1739063398,1768532461,0
LTE,466,97,11340,56323766,-1,121.4663,25.0202,1000,11,1,1739063426,1768532461,0
LTE,466,97,11340,56323765,-1,121.466,25.0203,1000,8,1,1739063468,1768532461,0
LTE,466,97,11340,56337335,-1,121.4673,25.0218,1000,12,1,1739063526,1768532461,0
LTE,466,97,11340,56337333,-1,121.4681,25.0239,1000,10,1,1739063555,1776102482,0
LTE,466,97,11340,56321462,-1,121.4696,25.0259,1000,14,1,1739063594,1768532461,0
LTE,466,97,11340,56321461,-1,121.4713,25.0286,1000,12,1,1739063657,1768532461,0
LTE,466,97,11270,56359350,-1,121.4722,25.0298,1000,9,1,1739063774,1768532461,0
LTE,466,97,11340,56351415,-1,121.4732,25.0291,1000,3,1,1739078093,1768523522,0
LTE,466,97,11340,56337334,-1,121.4687,25.0234,1000,6,1,1739078376,1776102482,0
LTE,466,97,11340,56329910,-1,121.4641,25.0176,1000,3,1,1739078557,1768532461,0
LTE,466,97,11340,56336821,-1,121.4643,25.0153,1000,9,1,1739078854,1781622062,0
LTE,466,97,11290,56347573,-1,121.4639,25.0144,1000,5,1,1739078972,1771144382,0
LTE,466,97,22530,81964214,-1,121.212,25.0117,1000,22,1,1739081355,1781622064,0
LTE,466,97,11430,60181645,-1,121.4727,25.0013,1000,9,1,1737764495,1760183709,0
LTE,466,1,19242,54050573,-1,121.2176,25.0064,1000,3,1,1739477828,1781986982,0
LTE,466,92,24400,105332012,-1,120.7201,24.1704,1000,5,1,1736356682,1754115604,0
LTE,466,92,24400,105412160,-1,120.7189,24.1621,1000,4,1,1736356832,1740462302,0
LTE,466,92,24400,105514253,-1,120.7161,24.1532,1000,10,1,1736356922,1754115602,0
LTE,466,92,24400,102717208,-1,120.7214,24.1492,1000,10,1,1736357092,1740462302,0
LTE,466,92,24400,106063148,-1,120.7195,24.1494,1000,8,1,1736357112,1740462302,0
LTE,466,92,24400,105463309,-1,120.721,24.1498,1000,5,1,1736358532,1740462302,0
LTE,466,92,24400,105397056,-1,120.7248,24.1514,1000,17,1,1736360852,1768723621,0
LTE,466,92,24400,105469719,-1,120.7222,24.1457,1000,6,1,1736360872,1740462302,0
LTE,466,92,24400,106053184,-1,120.7214,24.1431,1000,6,1,1736360892,1740462302,0
LTE,466,92,24400,106289461,-1,120.7206,24.1404,1000,6,1,1736360982,1740462302,0
LTE,466,92,24400,106053174,-1,120.7188,24.1377,1000,8,1,1736361002,1740462302,0
LTE,466,92,24400,106075948,-1,120.7161,24.1351,1000,7,1,1736361052,1740462302,0
LTE,466,92,24400,106075968,-1,120.7166,24.1323,1000,5,1,1736361202,1740462302,0
LTE,466,92,24400,106271009,-1,120.7171,24.1309,1000,3,1,1736361242,1740462302,0
LTE,466,92,24400,106270999,-1,120.7176,24.1295,1000,4,1,1736361262,1740462370,0
LTE,466,92,24400,106054188,-1,120.7165,24.1271,1000,10,1,1736361282,1740462370,0
LTE,466,92,24400,106054208,-1,120.7147,24.1258,1000,8,1,1736361342,1740462370,0
LTE,466,92,24400,106054198,-1,120.7151,24.1244,1000,8,1,1736361422,1740462369,0
LTE,466,92,24400,107460651,-1,120.7088,24.121,1000,5,1,1736361492,1740462303,0
LTE,466,92,24400,106111758,-1,120.7265,24.13,2207,4,1,1736361512,1768723624,0
LTE,466,92,24400,107460661,-1,120.7072,24.1187,1000,4,1,1736361522,1740462303,0
LTE,466,92,24400,105435189,-1,120.7061,24.1171,1000,4,1,1736361542,1740462303,0
LTE,466,92,24400,107381291,-1,120.7034,24.112,1000,6,1,1736361602,1740462303,0
LTE,466,92,24400,105375757,-1,120.7021,24.111,1000,3,1,1736361652,1740462303,0
LTE,466,92,24400,106541376,-1,120.6987,24.0944,1000,3,1,1736362512,1740462303,0
LTE,466,92,24400,106541365,-1,120.7017,24.0935,1000,2,1,1736362602,1740462303,0
LTE,466,92,24400,106541355,-1,120.7028,24.0933,1000,3,1,1736362612,1740462303,0
LTE,466,92,24400,107442712,-1,120.7024,24.0873,1000,5,1,1736362812,1740462303,0
LTE,466,92,24400,105946934,-1,120.6996,24.0842,1041,15,1,1736362922,1740462368,0
LTE,466,92,24400,105946944,-1,120.7005,24.0798,903,26,1,1736362952,1740462368,0
LTE,466,92,24400,105946924,-1,120.6958,24.0878,1000,8,1,1736367162,1740462368,0
LTE,466,92,24400,105428554,-1,120.6942,24.0897,1000,7,1,1736367212,1740462369,0
LTE,466,92,24400,105428555,-1,120.6938,24.09,1000,2,1,1736367302,1740462304,0
LTE,466,92,24400,105946915,-1,120.6932,24.0905,1000,2,1,1736367332,1740462304,0
LTE,466,92,24400,105946914,-1,120.6923,24.0912,1000,6,1,1736367342,1740462368,0
LTE,466,92,24400,106069046,-1,120.6903,24.0928,1000,6,1,1736367362,1740462369,0
LTE,466,92,24400,106327861,-1,120.6839,24.0974,1000,7,1,1736367592,1740462369,0
LTE,466,92,24400,106071094,-1,120.6811,24.1055,1000,6,1,1736367752,1740462304,0
LTE,466,92,24400,106071104,-1,120.6804,24.108,1000,5,1,1736367912,1740462304,0
LTE,466,92,24300,106056491,-1,120.6794,24.1237,1000,3,1,1736368372,1740462304,0
LTE,466,92,24300,105665047,-1,120.6766,24.1315,1000,5,1,1736368482,1746739930,0
LTE,466,92,24300,106602795,-1,120.6772,24.1308,1000,3,1,1736368502,1740462304,0
LTE,466,92,24300,106023477,-1,120.6757,24.1346,1000,8,1,1736368822,1754115602,0
LTE,466,92,24101,105967392,-1,120.6692,24.1501,1000,2,1,1736375505,1746740043,0
LTE,466,92,24101,106306326,-1,120.6697,24.1484,1000,3,1,1736375565,1740462305,0
LTE,466,92,24300,106322487,-1,120.6758,24.1417,1000,7,1,1736375835,1746739991,0
LTE,466,92,24300,106322497,-1,120.6746,24.143,1000,2,1,1736376075,1740462305,0
LTE,466,92,24300,106322496,-1,120.6753,24.1432,1000,5,1,1736376135,1740462305,0
LTE,466,92,24300,106028557,-1,120.675,24.1435,1000,2,1,1736376155,1740462305,0
LTE,466,92,24300,106322457,-1,120.6782,24.1428,1000,3,1,1736378265,1740462305,0
LTE,466,92,24300,106322467,-1,120.6788,24.1428,1000,2,1,1736379395,1740462305,0
LTE,466,92,24100,107880217,-1,120.6847,24.1511,1000,3,1,1736380575,1740462305,0
LTE,466,92,24100,106578979,-1,120.685,24.1519,1000,2,1,1736380585,1740462305,0
LTE,466,92,24100,109981750,-1,120.6918,24.1619,1000,8,1,1736380835,1754115484,0
LTE,466,92,24600,105476887,-1,120.8419,24.2449,1000,5,1,1736447780,1740462361,0
LTE,466,92,24600,106132287,-1,120.8484,24.2409,1000,7,1,1736447840,1740462361,0
LTE,466,92,24600,106132278,-1,120.8508,24.2397,1000,5,1,1736447870,1740462362,0
LTE,466,92,24600,106132277,-1,120.8553,24.2366,1000,16,1,1736447900,1740462362,0
LTE,466,92,24600,106132236,-1,120.8755,24.2394,1000,3,1,1736448150,1740462362,0
LTE,466,92,24600,106132238,-1,120.8783,24.2333,1000,20,1,1736448180,1740462362,0
LTE,466,92,24600,106132247,-1,120.8793,24.2224,917,26,1,1736448300,1740462362,0
LTE,466,92,24600,106704417,-1,120.8844,24.2177,1000,13,1,1736448440,1740462362,0
LTE,466,92,24600,106704397,-1,120.8918,24.2228,3916,25,1,1736448540,1740462363,0
LTE,466,92,24600,106805527,-1,120.8967,24.2294,1000,2,1,1736448990,1740462363,0
LTE,466,92,24600,106706486,-1,120.9044,24.2374,1162,10,1,1736449000,1740462363,0
LTE,466,92,24600,106706445,-1,120.909,24.241,1000,22,1,1736449120,1740462363,0
UMTS,466,92,10454,29791661,158,120.9205,24.245,1000,4,1,1736449640,1740462363,0
LTE,466,92,24500,106865197,-1,120.9412,24.242,1055,15,1,1736450110,1740462364,0
LTE,466,92,24600,106311437,-1,120.9441,24.2411,719,26,1,1736450180,1740462364,0
LTE,466,92,24600,106273825,-1,120.9643,24.2322,1553,22,1,1736450540,1740462364,0
UMTS,466,92,10512,33554536,321,120.9588,24.2332,1000,2,1,1736450660,1740462364,0
LTE,466,92,24600,106273815,-1,120.9727,24.2277,1000,17,1,1736450960,1740462364,0
LTE,466,92,24600,106273805,-1,120.9795,24.2321,1000,12,1,1736451150,1740462364,0
LTE,466,92,24600,106117409,-1,120.9789,24.2373,1000,9,1,1736451230,1740462365,0
LTE,466,92,24600,106311713,-1,120.9835,24.2483,2071,45,1,1736451250,1740462365,0
LTE,466,92,24600,106117399,-1,120.9879,24.2554,1799,14,1,1736451410,1740462365,0
LTE,466,92,24600,106725655,-1,120.9796,24.2456,1000,24,1,1736451450,1740462365,0
UMTS,466,92,10454,29753917,197,120.989,24.2542,1148,12,1,1736451830,1740462365,0
LTE,466,92,36200,158030092,-1,120.9884,24.2547,1000,3,1,1736452000,1740462365,0
UMTS,466,92,10454,29754007,437,120.9923,24.2601,1000,7,1,1736452100,1740462365,0
LTE,466,92,24600,106690593,-1,120.9972,24.2647,1000,13,1,1736452150,1740462365,0
LTE,466,92,24600,106690583,-1,121.0041,24.2646,1000,14,1,1736452300,1740462365,0
LTE,466,92,24600,106117398,-1,121.008,24.2613,1000,10,1,1736452420,1740462365,0
LTE,466,97,33241,108548483,-1,121.0095,24.2592,1000,2,1,1736452490,1740462365,0
LTE,466,92,33241,108548483,-1,121.0096,24.2584,1000,3,1,1736452500,1740462365,0
LTE,466,92,24600,127170573,-1,121.0091,24.257,1000,5,1,1736452510,1740462365,0
LTE,466,92,24600,106117389,-1,121.0119,24.2575,1000,16,1,1736452530,1740462366,0
LTE,466,92,24600,106060833,-1,121.0133,24.2588,1000,2,1,1736452690,1740462365,0
LTE,466,92,24600,105659425,-1,121.0211,24.2671,1125,34,1,1736452720,1740462366,0
LTE,466,1,29630,138334991,-1,121.02,24.2679,1000,5,1,1736452910,1740462366,0
UMTS,466,92,10419,27460055,420,121.0295,24.2697,1000,10,1,1736453060,1740462366,0
LTE,466,92,24600,105659405,-1,121.0329,24.2711,1000,8,1,1736453130,1740462366,0
LTE,466,92,24600,106107159,-1,121.0289,24.2783,1000,24,1,1736453190,1740462367,0
LTE,466,92,24600,106658583,-1,121.0264,24.2798,1000,10,1,1736453350,1740462366,0
LTE,466,92,24600,106658573,-1,121.0264,24.2817,1000,6,1,1736461513,1740462366,0
LTE,466,92,24600,106658593,-1,121.0265,24.2812,1000,5,1,1736462542,1740462366,0
UMTS,466,92,10454,29754006,429,121.0274,24.2833,1000,2,1,1736466442,1740462366,0
LTE,466,92,24400,106271040,-1,120.7147,24.1273,1000,4,1,1736700708,1740462367,0
LTE,466,92,24400,105527054,-1,120.7374,24.1338,2324,8,1,1736702408,1768723624,0
LTE,466,92,24400,106054168,-1,120.7201,24.1188,1000,13,1,1736702428,1740462369,0
LTE,466,92,24400,106060046,-1,120.7204,24.1147,1000,2,1,1736702508,1740462369,0
LTE,466,92,24400,105527064,-1,120.7213,24.1138,1000,6,1,1736702588,1740462369,0
LTE,466,92,24400,106060342,-1,120.7233,24.1117,1000,7,1,1736702628,1740462369,0
LTE,466,92,24400,106060322,-1,120.7239,24.1098,1000,11,1,1736702658,1740462369,0
LTE,466,92,24400,106904876,-1,120.7235,24.1051,1000,4,1,1736702758,1740462369,0
LTE,466,92,24400,105426957,-1,120.7219,24.1022,1000,5,1,1736702798,1740462369,0
LTE,466,92,24400,105426967,-1,120.7204,24.0996,1000,7,1,1736702818,1740462369,0
LTE,466,92,24400,105423167,-1,120.7187,24.0969,1000,6,1,1736702898,1740462369,0
LTE,466,92,24400,105429518,-1,120.7176,24.096,1000,5,1,1736702918,1740462369,0
LTE,466,92,24400,109999640,-1,120.7141,24.0952,1000,5,1,1736703018,1740462369,0
LTE,466,92,24400,105423127,-1,120.7119,24.0922,1000,3,1,1736703098,1740462368,0
LTE,466,92,24400,107442752,-1,120.7111,24.0912,1000,4,1,1736703108,1740462368,0
LTE,466,92,24400,105527606,-1,120.7087,24.0846,1000,4,1,1736703258,1740462368,0
LTE,466,92,24400,107456781,-1,120.709,24.0826,1000,5,1,1736703288,1740462368,0
LTE,466,92,24400,107456791,-1,120.7092,24.0788,1000,5,1,1736703328,1740462368,0
LTE,466,92,24400,106284323,-1,120.7093,24.0789,1000,2,1,1736703338,1740462368,0
LTE,466,92,24400,108621582,-1,120.7055,24.0776,1000,14,1,1736703598,1740462368,0
LTE,466,92,24400,107456801,-1,120.7031,24.0778,1000,2,1,1736704748,1740462368,0
LTE,466,92,24400,108621581,-1,120.703,24.078,1000,3,1,1736704758,1740462368,0
LTE,466,92,24400,105431084,-1,120.7027,24.0779,1000,2,1,1736704858,1740462368,0
LTE,466,92,24400,107283233,-1,120.6823,24.0961,1000,7,1,1736712149,1740462369,0
LTE,466,92,24400,107442732,-1,120.7035,24.0959,1000,8,1,1736714339,1740462369,0
LTE,466,92,24400,107442742,-1,120.7081,24.0949,1000,10,1,1736714399,1740462369,0
LTE,466,92,24400,106066968,-1,120.7198,24.0984,1000,2,1,1736714839,1740462369,0
LTE,466,92,24400,105431852,-1,120.7224,24.1127,1000,2,1,1736715159,1740462369,0
LTE,466,92,24400,106060066,-1,120.7188,24.1166,1000,5,1,1736715309,1740462369,0
LTE,466,92,24600,108827415,-1,120.7843,24.2746,1000,2,1,1737086757,1740462370,0
LTE,466,92,24600,108827406,-1,120.7805,24.2744,1000,11,1,1737086777,1740462370,0
LTE,466,92,24600,108827426,-1,120.7759,24.2746,1000,9,1,1737086867,1746739984,0
LTE,466,92,25501,105685794,-1,120.7519,24.254,1390,6,1,1737087687,1740462371,0
LTE,466,92,25501,105685804,-1,120.7484,24.2481,1000,4,1,1737087727,1740462371,0
LTE,466,92,25501,105685814,-1,120.7334,24.2333,1000,11,1,1737087817,1740462371,0
LTE,466,92,24600,106098456,-1,120.7171,24.2125,1000,10,1,1737087957,1740462371,0
LTE,466,92,24600,105688108,-1,120.7073,24.2007,1000,7,1,1737088347,1740462372,0
LTE,466,92,24600,105688106,-1,120.7069,24.2008,1000,2,1,1737088397,1740462372,0
LTE,466,92,24600,105473588,-1,120.7066,24.2004,1000,2,1,1737088447,1740462372,0
LTE,466,5,49313,51734556,-1,121.505,24.9997,1000,2,1,1720762046,1740653282,0
LTE,466,5,49313,51213074,-1,121.5062,24.9996,1000,3,1,1720761904,1740653282,0
LTE,466,5,49313,51301646,-1,121.5032,24.9997,1000,9,1,1720762136,1740653283,0
LTE,466,5,49313,51301656,-1,121.5043,24.999,1000,8,1,1720762198,1740653283,0
LTE,466,5,49313,51301653,-1,121.5039,24.9992,1000,2,1,1720762338,1740653283,0
LTE,466,5,49313,51301660,-1,121.5029,24.9991,1000,7,1,1720762453,1740653283,0
LTE,466,5,49313,51301650,-1,121.5031,24.9995,1000,4,1,1720763793,1740653283,0
LTE,466,5,49313,51301670,-1,121.5021,24.998,1000,8,1,1720763883,1740653282,0
LTE,466,5,49313,51781158,-1,121.5021,24.997,1000,2,1,1720764103,1740653282,0
LTE,466,5,49313,51301666,-1,121.5023,24.9971,1000,12,1,1720764163,1740653283,0
LTE,466,5,49313,51781148,-1,121.5031,24.996,1000,4,1,1720764253,1740653282,0
LTE,466,5,49313,51781138,-1,121.5051,24.9959,1000,3,1,1720764403,1740653282,0
LTE,466,5,49313,51213094,-1,121.5057,24.9956,1000,2,1,1720764577,1740653282,0
LTE,466,5,49313,64013080,-1,121.5072,24.9952,1000,6,1,1720764677,1740653283,0
LTE,466,5,49313,51273739,-1,121.5072,24.9943,1000,5,1,1720764757,1740653282,0
LTE,466,5,49313,51465995,-1,121.5077,24.9946,1000,4,1,1720765027,1740653283,0
LTE,466,5,59313,51383078,-1,121.5112,24.9921,1000,3,1,1720765563,1740653283,0
LTE,466,5,49313,51466002,-1,121.5086,24.9943,1000,7,1,1721283260,1740653283,0
LTE,466,5,59143,38530594,-1,121.5096,25.043,1000,7,1,1740618288,1740653283,0
LTE,466,5,19143,25899807,-1,121.5095,25.0428,1000,1,1,1740627832,1740627832,0
LTE,466,5,59143,26291733,-1,121.5093,25.043,1000,2,1,1740627926,1740653283,0
LTE,466,5,59143,26291740,-1,121.509,25.043,1000,1,1,1740627958,1740627958,0
LTE,466,5,59143,26273810,-1,121.5087,25.0426,1000,2,1,1740628001,1740653283,0
LTE,466,5,19143,26050578,-1,121.5083,25.0426,1000,1,1,1740628101,1740628101,0
LTE,466,5,19143,25669926,-1,121.5078,25.041,1000,3,1,1740628111,1740653283,0
LTE,466,5,19143,25678886,-1,121.5075,25.0394,1000,2,1,1740628121,1740653283,0
LTE,466,5,59143,25616924,-1,121.507,25.0382,1000,2,1,1740628131,1740653283,0
LTE,466,5,59143,25617446,-1,121.5068,25.0377,1000,1,1,1740628141,1740628141,0
LTE,466,5,59143,25616146,-1,121.5072,25.0372,1000,2,1,1740628161,1740653283,0
LTE,466,5,59143,25617426,-1,121.5091,25.0362,1000,4,1,1740628171,1740653283,0
LTE,466,5,59143,25614354,-1,121.5105,25.0357,1000,1,1,1740628221,1740628221,0
LTE,466,5,59143,25614364,-1,121.5116,25.0353,1000,3,1,1740628231,1740653283,0
LTE,466,5,59143,25614357,-1,121.5133,25.0336,1000,2,1,1740628271,1740653283,0
LTE,466,5,49143,25675538,-1,121.5137,25.0327,1000,1,1,1740628291,1740628291,0
LTE,466,5,49143,25675558,-1,121.5153,25.0304,1000,2,1,1740628342,1740653283,0
LTE,466,5,49143,25753631,-1,121.5154,25.0296,1000,2,1,1740628351,1740653283,0
LTE,466,5,49142,38471438,-1,121.5155,25.0283,1000,5,1,1740628371,1740653283,0
LTE,466,5,49142,38471448,-1,121.5164,25.0252,1000,7,1,1740628441,1740653283,0
LTE,466,5,49142,26188828,-1,121.5157,25.0211,1000,2,1,1740628601,1740653283,0
LTE,466,5,59313,51621916,-1,121.516,25.0166,1000,3,1,1740628641,1740653283,0
LTE,466,5,59313,51666706,-1,121.5161,25.0161,1000,1,1,1740628651,1740628651,0
LTE,466,5,59313,51289894,-1,121.516,25.0158,1000,2,1,1740628661,1740653283,0
LTE,466,5,59313,51289884,-1,121.5158,25.015,1000,2,1,1740628671,1740653283,0
LTE,466,5,59313,51460882,-1,121.5155,25.0142,1000,2,1,1740628691,1740653283,0
LTE,466,5,59313,51460892,-1,121.5152,25.0128,1000,3,1,1740628831,1740653283,0
LTE,466,5,59313,51277330,-1,121.515,25.0123,1000,2,1,1740628851,1740653283,0
LTE,466,5,59313,51261218,-1,121.5105,24.9929,1000,9,1,1740629884,1740653283,0
LTE,466,5,49313,51464735,-1,121.508,24.9943,1000,5,1,1740631840,1740653283,0
LTE,466,97,22550,81979317,-1,121.2192,25.0077,1000,3,1,1740649615,1740937681,0
LTE,466,97,22530,81957598,-1,121.2188,25.0074,1000,8,1,1740649818,1757595001,0
LTE,466,97,22530,81957507,-1,121.2217,25.0062,1000,2,1,1740917538,1740937681,0
LTE,466,97,22600,86559109,-1,121.219,25.0086,1000,2,1,1740650031,1745040661,0
LTE,466,97,22530,81934211,-1,121.2151,25.0046,1000,16,1,1741411683,1784978341,0
LTE,466,97,22530,82007479,-1,121.2136,25.0064,1000,23,1,1741418830,1784978342,0
LTE,466,97,22530,86296556,-1,121.2219,25.0102,1000,22,1,1742188799,1776102486,0
LTE,466,97,22530,86296535,-1,121.2229,25.007,1000,4,1,1742188959,1772369701,0
LTE,466,97,22530,86296555,-1,121.223,25.0067,1000,4,1,1742189378,1752386042,0
LTE,466,97,22530,82007529,-1,121.212,25.0058,1000,10,1,1742191993,1766583122,0
LTE,466,97,22530,82007528,-1,121.2158,25.0057,1000,20,1,1742192139,1771110061,0
LTE,466,97,22560,76822761,0,120.9867,24.7806,1000,1,1,1743029085,1743029085,0
LTE,466,97,22560,76822711,0,120.9867,24.7806,1000,1,1,1743029374,1743029374,0
LTE,466,97,22560,76822640,0,120.9865,24.7806,1000,1,1,1743041026,1743041026,0
LTE,466,97,44360,207623665,-1,120.3324,22.7478,1000,1,1,1743353281,1743353281,0
LTE,466,92,37900,182825741,-1,120.277,22.6744,1000,1,1,1743387887,1743387887,0
LTE,466,89,22520,84494582,-1,121.281,24.987,1000,10,1,1743658831,1760355363,0
LTE,466,89,22520,84498665,-1,121.2866,24.989,1000,8,1,1743658934,1762591202,0
LTE,466,89,22520,84485557,-1,121.2858,24.9857,1000,2,1,1743659070,1743679081,0
LTE,466,97,22530,81989599,-1,121.2178,25.014,1000,1,1,1743659228,1743659228,0
LTE,466,89,22520,84481782,-1,121.3141,24.9889,1000,2,1,1743747850,1760355362,0
LTE,466,89,22520,84481720,-1,121.3143,24.9892,1000,22,1,1743747645,1760355363,0
LTE,466,89,22520,84506353,-1,121.3079,24.9876,1000,5,1,1743748539,1743784682,0
LTE,466,89,22520,84506355,-1,121.3059,24.9874,1000,5,1,1743748562,1748339221,0
LTE,466,89,22520,84501133,-1,121.3035,24.9871,1000,3,1,1743748572,1743784682,0
LTE,466,89,22520,84501135,-1,121.3013,24.9865,1000,4,1,1743748582,1743784682,0
LTE,466,89,22520,84486799,-1,121.2993,24.9859,1000,4,1,1743748592,1743784682,0
LTE,466,89,22520,84481167,-1,121.2941,24.9847,1000,11,1,1743748602,1743784682,0
LTE,466,89,22520,84531341,-1,121.2892,24.9839,1000,4,1,1743748632,1743784682,0
LTE,466,89,22520,85526148,-1,121.2842,24.9833,1000,9,1,1743748642,1743784682,0
LTE,466,89,22520,84485508,-1,121.2837,24.9832,1000,4,1,1743748652,1743784682,0
LTE,466,89,22520,85526149,-1,121.2797,24.9821,1000,8,1,1743748672,1761705602,0
LTE,466,89,22550,85507303,-1,121.2789,24.9776,1000,19,1,1743748683,1761705602,0
LTE,466,89,22550,85507306,-1,121.2742,24.9799,1000,4,1,1743748692,1743784682,0
LTE,466,89,22550,84508905,-1,121.2718,24.9781,1000,4,1,1743748702,1743784682,0
LTE,466,89,22550,84497899,-1,121.2698,24.9767,1000,6,1,1743748713,1743784682,0
LTE,466,89,22550,84497897,-1,121.2667,24.9752,1000,8,1,1743748722,1743784682,0
LTE,466,89,22550,82003843,-1,121.2632,24.9741,1000,4,1,1743748742,1743784742,0
LTE,466,89,22550,82003844,-1,121.2614,24.9735,1000,4,1,1743748752,1743784742,0
LTE,466,89,22550,81961703,-1,121.2592,24.9729,1000,5,1,1743748762,1743784742,0
LTE,466,89,22550,82002664,-1,121.2553,24.9715,1000,6,1,1743748772,1743784742,0
LTE,466,89,22550,81929950,-1,121.2528,24.9702,1000,5,1,1743748792,1743784742,0
LTE,466,89,22550,81956054,-1,121.2508,24.9686,1000,6,1,1743748802,1743784742,0
LTE,466,89,22550,81994707,-1,121.2489,24.967,1000,6,1,1743748812,1743784742,0
LTE,466,89,22550,81994709,-1,121.246,24.9646,1000,11,1,1743748822,1743784742,0
LTE,466,89,22580,81931887,-1,121.243,24.9623,1000,5,1,1743748842,1743784742,0
LTE,466,89,22550,81943693,-1,121.2411,24.9609,1000,4,1,1743748852,1743784742,0
LTE,466,89,22550,81943796,-1,121.2393,24.9598,1000,4,1,1743748862,1743784742,0
LTE,466,89,22550,81943735,-1,121.2379,24.959,1000,2,1,1743748872,1743784742,0
LTE,466,89,22550,81938407,-1,121.2377,24.9589,1000,1,1,1743748882,1743748882,0
LTE,466,89,22550,81928424,-1,121.2312,24.9556,1000,4,1,1743748917,1743784742,0
LTE,466,89,22550,81931495,-1,121.2292,24.9549,1000,6,1,1743748932,1743784742,0
LTE,466,89,22550,81922535,-1,121.2277,24.9541,1000,2,1,1743748953,1743784742,0
LTE,466,89,22550,81931751,-1,121.2267,24.9536,1000,4,1,1743748962,1743784742,0
LTE,466,89,22550,81931752,-1,121.2257,24.9534,1000,1,1,1743748982,1743748982,0
LTE,466,89,22550,81931702,-1,121.2261,24.9535,1000,1,1,1743749045,1743749045,0
LTE,466,89,22550,82954728,-1,121.2229,24.9521,1000,7,1,1743749253,1743784742,0
LTE,466,89,22550,82954729,-1,121.2193,24.9489,1000,4,1,1743749289,1743784742,0
LTE,466,89,22550,82947047,-1,121.2161,24.945,1000,10,1,1743749306,1743784742,0
LTE,466,89,22550,82946536,-1,121.2125,24.9412,1000,6,1,1743749337,1743784742,0
LTE,466,89,22550,82946537,-1,121.2101,24.9388,1000,5,1,1743749352,1743784742,0
LTE,466,89,22550,82947048,-1,121.2082,24.9366,1000,5,1,1743749365,1743784742,0
LTE,466,89,22540,82944879,-1,121.2059,24.9342,1000,6,1,1743749376,1743784742,0
LTE,466,89,22540,82976624,-1,121.2024,24.9322,1000,7,1,1743749392,1743784742,0
LTE,466,89,22540,82976623,-1,121.1993,24.9309,1000,4,1,1743749409,1743784742,0
LTE,466,89,22540,82976625,-1,121.1954,24.929,1000,9,1,1743749420,1743784742,0
LTE,466,89,22540,82978672,-1,121.19,24.9261,1000,7,1,1743749444,1743784742,0
LTE,466,89,22540,83456623,-1,121.187,24.9233,1000,6,1,1743749464,1743784742,0
LTE,466,89,22540,83456625,-1,121.1846,24.9208,1000,7,1,1743749479,1743784742,0
LTE,466,89,22540,83473520,-1,121.1823,24.9183,1000,6,1,1743749496,1743784743,0
LTE,466,89,22540,83473521,-1,121.1804,24.9164,1000,5,1,1743749511,1743784801,0
LTE,466,89,22540,83487700,-1,121.1788,24.915,1000,3,1,1743749524,1743784801,0
LTE,466,89,22540,83487720,-1,121.175,24.9137,1000,11,1,1743749535,1743784801,0
LTE,466,89,22540,83475431,-1,121.1703,24.9134,1000,6,1,1743749565,1743784801,0
LTE,466,89,22540,83488746,-1,121.1663,24.9136,1000,5,1,1743749585,1743784801,0
LTE,466,89,22540,83471029,-1,121.1639,24.9137,1000,5,1,1743749597,1743784801,0
LTE,466,89,22540,83485571,-1,121.1603,24.9137,1000,4,1,1743749609,1743784801,0
LTE,466,89,22540,83459048,-1,121.1555,24.9139,1000,12,1,1743749622,1743784801,0
LTE,466,89,22540,83459049,-1,121.1497,24.9141,1000,5,1,1743749660,1743784801,0
LTE,466,89,22540,83473384,-1,121.1473,24.9142,1000,2,1,1743749684,1743784801,0
LTE,466,89,22540,83473265,-1,121.1467,24.9145,1000,1,1,1743749751,1743749751,0
LTE,466,89,22540,83460789,-1,121.1466,24.9142,1000,1,1,1743749773,1743749773,0
LTE,466,89,22540,83473383,-1,121.1458,24.9143,1000,2,1,1743749866,1743784801,0
LTE,466,89,22540,83485316,-1,121.1433,24.9149,1000,6,1,1743749886,1743784801,0
LTE,466,89,22540,83483791,-1,121.1392,24.9169,1000,5,1,1743749916,1743784801,0
LTE,466,89,22540,83465840,-1,121.1349,24.9185,1000,10,1,1743749936,1743784801,0
LTE,466,89,22540,83463536,-1,121.1296,24.9203,1000,8,1,1743749966,1743784801,0
LTE,466,89,22540,83463537,-1,121.122,24.9222,1000,15,1,1743749986,1743784802,0
LTE,466,89,22540,83487188,-1,121.1217,24.9223,1000,4,1,1743750006,1743784801,0
LTE,466,89,22540,83470056,-1,121.1127,24.9241,1000,11,1,1743750036,1743784801,0
LTE,466,89,22540,83470057,-1,121.1079,24.9261,1000,5,1,1743750063,1743784802,0
LTE,466,89,22540,83472772,-1,121.1056,24.9273,1000,4,1,1743750075,1743784802,0
LTE,466,89,22540,83462797,-1,121.0999,24.93,1000,16,1,1743750086,1743784802,0
LTE,466,89,22540,83462799,-1,121.0928,24.9334,1000,9,1,1743750133,1743784802,0
LTE,466,89,22540,83457001,-1,121.0887,24.9347,1000,5,1,1743750161,1743784802,0
LTE,466,89,22540,83456881,-1,121.0859,24.9347,1000,5,1,1743750173,1743784802,0
LTE,466,89,22540,83456880,-1,121.0832,24.9342,1000,5,1,1743750183,1743784802,0
LTE,466,89,22540,83486320,-1,121.0802,24.9336,1000,6,1,1743750195,1743784802,0
LTE,466,89,22540,83456879,-1,121.0769,24.933,1000,6,1,1743750209,1743784802,0
LTE,466,89,22540,83474162,-1,121.0741,24.9325,1000,4,1,1743750225,1743784802,0
LTE,466,89,22540,83456999,-1,121.0718,24.932,1000,5,1,1743750236,1743784802,0
LTE,466,89,22540,83474032,-1,121.0682,24.9313,1000,5,1,1743750246,1743784802,0
LTE,466,89,22540,83474033,-1,121.0659,24.9309,1000,2,1,1743750270,1743784802,0
LTE,466,89,22540,83480687,-1,121.0646,24.9305,1000,3,1,1743750280,1743784802,0
LTE,466,89,22540,77572081,-1,121.0632,24.93,1000,2,1,1743750307,1743784802,0
LTE,466,89,22540,83468911,-1,121.0614,24.929,1000,3,1,1743750319,1743784802,0
LTE,466,89,22540,83480689,-1,121.0598,24.9276,1000,5,1,1743750335,1743784802,0
LTE,466,89,22540,77571951,-1,121.059,24.9269,1000,3,1,1743750366,1743784802,0
LTE,466,89,22590,77581679,-1,121.0581,24.9257,1000,2,1,1743750432,1743784802,0
LTE,466,89,22590,77581680,-1,121.0527,24.9178,1000,9,1,1743750563,1743784802,0
LTE,466,89,22540,77574255,-1,121.0504,24.9142,1000,3,1,1743750612,1743784802,0
LTE,466,89,22540,77574511,-1,121.0482,24.9105,1000,9,1,1743750622,1743784802,0
LTE,466,89,22540,77574257,-1,121.0476,24.9094,1000,3,1,1743750642,1743784802,0
LTE,466,89,22540,77574513,-1,121.0458,24.9063,1000,5,1,1743750662,1743784802,0
LTE,466,89,22540,77572749,-1,121.0442,24.9037,1000,5,1,1743750682,1743784862,0
LTE,466,89,22540,77572750,-1,121.0435,24.9026,1000,1,1,1743750722,1743750722,0
LTE,466,89,22540,77571213,-1,121.0434,24.9024,1000,1,1,1743750781,1743750781,0
LTE,466,89,22540,77571254,-1,121.0422,24.9004,1000,6,1,1743750787,1743784862,0
LTE,466,89,22540,77572790,-1,121.0423,24.9004,1000,1,1,1743750844,1743750844,0
LTE,466,89,22540,77571306,-1,121.0395,24.897,1000,5,1,1743750867,1743784862,0
LTE,466,89,22540,77583728,-1,121.0343,24.8942,1000,11,1,1743750887,1743784862,0
LTE,466,89,22540,77583729,-1,121.0296,24.8923,1000,5,1,1743750921,1743784862,0
LTE,466,89,22590,77579631,-1,121.0268,24.8913,1000,5,1,1743750933,1743784862,0
LTE,466,89,22590,77570792,-1,121.0217,24.8892,1000,9,1,1743750944,1743784862,0
LTE,466,89,22590,77579753,-1,121.018,24.8869,1000,6,1,1743750974,1743784862,0
LTE,466,89,22590,77825647,-1,121.0151,24.8846,1000,10,1,1743750984,1743784862,0
LTE,466,89,22590,77825648,-1,121.0121,24.8821,1000,6,1,1743751004,1743784862,0
LTE,466,89,22590,77830512,-1,121.0101,24.8804,1000,6,1,1743751014,1743784862,0
LTE,466,89,22590,77825679,-1,121.0083,24.8788,1000,6,1,1743751024,1743784862,0
LTE,466,89,22590,77570281,-1,121.0063,24.8772,1000,6,1,1743751034,1743784862,0
LTE,466,89,22590,77587311,-1,121.0043,24.8756,1000,6,1,1743751044,1743784862,0
LTE,466,89,22590,77579149,-1,121.0025,24.8742,1000,5,1,1743751054,1743784862,0
LTE,466,89,22590,77579150,-1,121.0006,24.8726,1000,5,1,1743751064,1743784862,0
LTE,466,89,22590,77579151,-1,120.9994,24.8717,1000,2,1,1743751074,1743784862,0
LTE,466,89,22590,77825267,-1,120.9976,24.8701,1000,3,1,1743751084,1743784862,0
LTE,466,89,22590,77826348,-1,120.9951,24.8681,1000,4,1,1743751104,1743784862,0
LTE,466,89,22590,77826446,-1,120.9941,24.8673,1000,2,1,1743751114,1743784862,0
LTE,466,89,22590,77826447,-1,120.9928,24.8644,1000,8,1,1743751124,1743784862,0
LTE,466,89,22590,77582370,-1,120.9936,24.8619,1000,4,1,1743751154,1743784862,0
LTE,466,89,22590,77582350,-1,120.9968,24.86,1000,6,1,1743751174,1743784862,0
LTE,466,89,22590,77329775,-1,121.0004,24.8581,1000,8,1,1743751194,1743784862,0
LTE,466,89,22590,77342831,-1,121.004,24.8564,1000,5,1,1743751215,1743784862,0
LTE,466,89,22590,77321327,-1,121.0078,24.8548,1000,8,1,1743751234,1743784862,0
LTE,466,89,22590,77321328,-1,121.012,24.8518,1000,10,1,1743751254,1743784862,0
LTE,466,89,22590,77568388,-1,121.0136,24.8475,1000,6,1,1743751285,1743784862,0
LTE,466,89,22590,77325700,-1,121.0126,24.8439,1000,7,1,1743751304,1743784863,0
LTE,466,89,22590,77325699,-1,121.0112,24.8418,1000,2,1,1743751334,1743784863,0
LTE,466,89,22590,77331234,-1,121.0104,24.8405,1000,2,1,1743751344,1743784862,0
LTE,466,89,22590,77331085,-1,121.0099,24.8398,1000,1,1,1743751464,1743751464,0
LTE,466,89,22590,77313677,-1,121.007,24.8362,1000,1,1,1743751502,1743751502,0
LTE,466,89,22590,77313679,-1,121.0059,24.8348,1000,3,1,1743751504,1743784863,0
LTE,466,89,22590,77326323,-1,121.0044,24.8327,1000,4,1,1743751524,1743784863,0
LTE,466,89,22590,77325289,-1,121.0031,24.831,1000,3,1,1743751534,1743784863,0
LTE,466,89,22590,77338499,-1,121.0019,24.8291,1000,5,1,1743751544,1743784863,0
LTE,466,89,22590,77334915,-1,121.0008,24.8271,1000,3,1,1743751554,1743784863,0
LTE,466,89,22590,77339061,-1,120.9999,24.825,1000,5,1,1743751564,1743784863,0
LTE,466,89,22590,76804976,-1,120.9976,24.8194,1000,14,1,1743751574,1743784863,0
LTE,466,89,22590,76845423,-1,120.9943,24.8152,1000,2,1,1743751614,1743784863,0
LTE,466,89,22590,76817264,-1,120.9922,24.8137,1000,4,1,1743751624,1743784863,0
LTE,466,89,22590,76817265,-1,120.9903,24.8123,1000,4,1,1743751634,1743784863,0
LTE,466,89,22560,76854384,-1,120.9885,24.811,1000,4,1,1743751644,1743784863,0
LTE,466,89,22560,76854385,-1,120.9863,24.8099,1000,4,1,1743751655,1743784863,0
LTE,466,89,22560,76832625,-1,120.9846,24.809,1000,3,1,1743751664,1743784863,0
LTE,466,89,22560,76882388,-1,120.9838,24.8086,1000,1,1,1743751684,1743751684,0
LTE,466,89,22560,76866160,-1,120.9838,24.8086,1000,1,1,1743751694,1743751694,0
LTE,466,89,22560,76874095,-1,120.9728,24.8021,1000,1,1,1743751773,1743751773,0
LTE,466,89,22560,76806256,-1,120.9719,24.8017,1000,3,1,1743751774,1743784863,0
LTE,466,89,22560,76818800,-1,120.9713,24.8015,1000,2,1,1743751830,1743784865,0
LTE,466,89,22560,76818801,-1,120.9683,24.7995,1000,1,1,1743752069,1743752069,0
LTE,466,89,22560,76812912,-1,120.9678,24.7992,1000,2,1,1743752074,1743784865,0
LTE,466,89,22560,76814191,-1,120.9632,24.7966,1000,2,1,1743752119,1743784865,0
LTE,466,89,22560,76814193,-1,120.962,24.7963,1000,4,1,1743752124,1743784865,0
LTE,466,89,22560,76851057,-1,120.9611,24.7962,1000,1,1,1743752144,1743752144,0
LTE,466,89,22560,76832389,-1,120.9552,24.7964,1000,3,1,1743752166,1743784865,0
LTE,466,89,22560,76802948,-1,120.9534,24.7964,1000,4,1,1743752174,1743784865,0
LTE,466,89,22560,76802949,-1,120.9512,24.796,1000,4,1,1743752184,1743784865,0
LTE,466,89,22560,76820611,-1,120.9491,24.7951,1000,4,1,1743752194,1743784865,0
LTE,466,89,22560,76820613,-1,120.9468,24.7941,1000,4,1,1743752205,1743784865,0
LTE,466,89,22560,76877799,-1,120.9419,24.7921,1000,8,1,1743752214,1743784865,0
LTE,466,89,22560,76802180,-1,120.9419,24.7919,1000,8,1,1743752224,1743784865,0
LTE,466,89,22560,76877801,-1,120.9356,24.79,1000,8,1,1743752254,1743784865,0
LTE,466,89,22560,76804075,-1,120.9298,24.788,1000,11,1,1743752274,1743784865,0
LTE,466,89,22560,76804073,-1,120.9233,24.7854,1000,10,1,1743752304,1743784865,0
LTE,466,89,22560,76804023,-1,120.9198,24.7823,1000,5,1,1743752334,1743784865,0
LTE,466,89,22560,76828135,-1,120.9192,24.7797,1000,4,1,1743752344,1743784865,0
LTE,466,89,22560,76828136,-1,120.9187,24.7769,1000,7,1,1743752354,1743784868,0
LTE,466,89,22560,76828017,-1,120.9184,24.7752,1000,1,1,1743752374,1743752374,0
LTE,466,89,22560,76867183,-1,120.9172,24.7699,1000,5,1,1743752387,1743784869,0
LTE,466,89,22560,76833904,-1,120.9136,24.7618,1000,15,1,1743752414,1743784869,0
LTE,466,89,22560,76867185,-1,120.9112,24.7568,1000,4,1,1743752454,1743784869,0
LTE,466,89,22560,76835598,-1,120.9102,24.7546,1000,5,1,1743752464,1743784869,0
LTE,466,89,22560,76835972,-1,120.9085,24.7514,1000,8,1,1743752474,1743784869,0
LTE,466,89,22560,76835953,-1,120.907,24.7485,1000,4,1,1743752494,1743784869,0
LTE,466,89,22560,76835697,-1,120.9033,24.7439,1000,12,1,1743752504,1743784869,0
LTE,466,89,22560,76843120,-1,120.8983,24.7403,1000,6,1,1743752544,1743784869,0
LTE,466,89,22560,76843121,-1,120.891,24.7371,1000,15,1,1743752554,1743784869,0
LTE,466,89,22560,76841071,-1,120.8836,24.7332,1000,11,1,1743752606,1743784869,0
LTE,466,89,22560,76841072,-1,120.8776,24.729,1000,20,1,1743752625,1743784870,0
LTE,466,89,33390,89767023,-1,120.8716,24.7229,1000,9,1,1743752675,1743784870,0
LTE,466,89,33390,89766255,-1,120.869,24.7186,1000,4,1,1743752705,1743784870,0
LTE,466,89,33390,89610883,-1,120.8686,24.7142,1000,11,1,1743752715,1743784870,0
LTE,466,89,33390,89610884,-1,120.8697,24.71,1000,4,1,1743752745,1743784870,0
LTE,466,89,33390,89767279,-1,120.8716,24.7069,1000,9,1,1743752755,1743784870,0
LTE,466,89,33390,89604975,-1,120.8725,24.7034,1000,14,1,1743752775,1754818508,0
LTE,466,89,33390,89616751,-1,120.8771,24.7006,1000,6,1,1743752795,1743784870,0
LTE,466,89,33390,89600756,-1,120.8793,24.698,1000,4,1,1743752815,1743784870,0
LTE,466,89,33390,89600655,-1,120.8808,24.6955,1000,5,1,1743752835,1743784870,0
LTE,466,89,33390,89614262,-1,120.881,24.6926,1000,3,1,1743752867,1743784870,0
LTE,466,89,33390,89614212,-1,120.8809,24.6913,1000,3,1,1743752879,1743784870,0
LTE,466,89,33390,89605843,-1,120.8807,24.689,1000,8,1,1743752889,1743784870,0
LTE,466,89,33390,89609486,-1,120.8808,24.6852,1000,1,1,1743753036,1743753036,0
LTE,466,89,33390,89601256,-1,120.8801,24.6801,1000,4,1,1743753074,1743784870,0
LTE,466,89,33390,89609191,-1,120.88,24.6779,1000,6,1,1743753089,1743784870,0
LTE,466,89,33390,89609193,-1,120.8799,24.6759,1000,3,1,1743753109,1743784870,0
LTE,466,89,33390,89609348,-1,120.8792,24.6738,1000,7,1,1743753119,1743784870,0
LTE,466,89,33390,89766767,-1,120.8774,24.6707,1000,6,1,1743753139,1743784870,0
LTE,466,89,33390,89607792,-1,120.8751,24.6673,1000,8,1,1743753159,1743784870,0
LTE,466,89,33390,89607912,-1,120.8698,24.6614,1000,16,1,1743753179,1743784921,0
LTE,466,89,33390,92422100,-1,120.8602,24.6573,1000,13,1,1743753239,1743784921,0
LTE,466,89,33390,92422101,-1,120.8488,24.6571,1000,14,1,1743753289,1743784921,0
LTE,466,89,33390,89613169,-1,120.8443,24.659,1008,27,1,1743753299,1754818509,0
LTE,466,89,33390,89613189,-1,120.8414,24.6619,1000,3,1,1743753379,1743784921,0
LTE,466,89,33390,91303535,-1,120.8364,24.6636,1000,11,1,1743753399,1743784921,0
LTE,466,89,33390,89606277,-1,120.8313,24.6652,1000,4,1,1743753439,1743784921,0
LTE,466,89,33390,91144047,-1,120.8227,24.6633,1000,17,1,1743753449,1743784922,0
LTE,466,89,33390,91140463,-1,120.8138,24.6587,1000,11,1,1743753509,1743784922,0
LTE,466,89,33390,91140465,-1,120.811,24.6565,1000,5,1,1743753529,1743784922,0
LTE,466,89,33390,91141999,-1,120.808,24.653,1000,9,1,1743753539,1743784922,0
LTE,466,89,33390,91142019,-1,120.8081,24.6533,1000,4,1,1743753549,1743784922,0
LTE,466,89,33390,91139183,-1,120.8044,24.6473,1000,11,1,1743753569,1743784922,0
LTE,466,89,33390,91139185,-1,120.8008,24.6415,1000,11,1,1743753599,1743784922,0
LTE,466,89,33230,91139441,-1,120.7964,24.6344,1000,12,1,1743753629,1743784922,0
LTE,466,89,33230,91142511,-1,120.7938,24.6297,1000,5,1,1743753669,1743784922,0
LTE,466,89,33230,91143025,-1,120.7931,24.6275,1000,4,1,1743753679,1743784922,0
LTE,466,89,33230,91143045,-1,120.7925,24.6258,1000,3,1,1743753689,1743784922,0
LTE,466,89,33230,91137767,-1,120.7907,24.6214,1000,9,1,1743753699,1743784922,0
LTE,466,89,33230,91139049,-1,120.7897,24.62,1000,8,1,1743753709,1743784922,0
LTE,466,89,33230,91144680,-1,120.7897,24.6195,1000,3,1,1743753749,1743784922,0
LTE,466,89,33230,91139048,-1,120.7855,24.6141,1000,4,1,1743753975,1743784922,0
LTE,466,89,33230,91144917,-1,120.7843,24.6126,1000,4,1,1743753999,1743784922,0
LTE,466,89,33230,91144916,-1,120.7817,24.6095,1000,9,1,1743754009,1743784922,0
LTE,466,89,33230,91136467,-1,120.7782,24.6069,1000,5,1,1743754039,1743784922,0
LTE,466,89,33230,91144681,-1,120.7752,24.6059,1000,7,1,1743754049,1743784922,0
LTE,466,89,33230,91140721,-1,120.7724,24.6061,1000,4,1,1743754069,1743784922,0
LTE,466,89,33230,91140841,-1,120.7663,24.6086,1000,16,1,1743754079,1743784922,0
LTE,466,89,33230,91143792,-1,120.7585,24.612,1000,5,1,1743754139,1743784922,0
LTE,466,89,33230,91143793,-1,120.755,24.6118,1000,10,1,1743754149,1743784924,0
LTE,466,89,33230,91140051,-1,120.7498,24.6098,1000,13,1,1743754169,1743784924,0
LTE,466,89,33230,91140053,-1,120.7393,24.606,1000,24,1,1743754199,1743784924,0
LTE,466,89,33230,91142377,-1,120.7306,24.6048,1000,4,1,1743754269,1743784924,0
LTE,466,89,33230,91141251,-1,120.7252,24.6004,1000,21,1,1743754279,1743784924,0
LTE,466,89,33230,91141252,-1,120.72,24.5953,1000,4,1,1743754339,1743784924,0
LTE,466,89,33230,91141232,-1,120.718,24.5918,1000,10,1,1743754349,1743784924,0
LTE,466,89,33230,91141134,-1,120.7157,24.5873,1000,8,1,1743754379,1743784924,0
LTE,466,89,33230,91141135,-1,120.7126,24.5791,1000,12,1,1743754399,1743784924,0
LTE,466,89,33230,91407315,-1,120.7118,24.5726,1000,5,1,1743754459,1743784924,0
LTE,466,89,33230,91398255,-1,120.7107,24.5691,1000,9,1,1743754479,1743784925,0
LTE,466,89,33230,91395283,-1,120.7091,24.5667,1000,2,1,1743754529,1743784924,0
LTE,466,89,33230,91395285,-1,120.7069,24.5632,1000,14,1,1743754539,1743784925,0
LTE,466,89,33230,91396463,-1,120.7038,24.5583,1000,7,1,1743754919,1743784925,0
LTE,466,89,33230,91396465,-1,120.7013,24.5547,1000,6,1,1743754939,1743784925,0
LTE,466,89,33230,91396464,-1,120.6995,24.5522,1000,6,1,1743754959,1743784925,0
LTE,466,89,33230,91395951,-1,120.6975,24.5491,1000,8,1,1743754969,1743784925,0
LTE,466,89,33230,91395952,-1,120.6967,24.5457,1000,4,1,1743754989,1743784981,0
LTE,466,89,33230,91399950,-1,120.6958,24.5412,1000,10,1,1743754999,1743784981,0
LTE,466,89,33230,91399951,-1,120.6947,24.5369,1000,5,1,1743755029,1743784981,0
LTE,466,89,33230,91400047,-1,120.6936,24.5334,1000,6,1,1743755039,1743784982,0
LTE,466,89,33230,91400049,-1,120.6923,24.5279,1000,14,1,1743755059,1743784982,0
LTE,466,89,33230,91396719,-1,120.6909,24.5143,1000,7,1,1743755122,1743784982,0
LTE,466,89,33230,91559535,-1,120.691,24.5147,1000,3,1,1743755129,1743784982,0
LTE,466,89,33230,91394537,-1,120.6791,24.4928,1000,1,1,1743755405,1743755405,0
LTE,466,89,33230,91394417,-1,120.6777,24.491,1000,2,1,1743755505,1743784982,0
LTE,466,89,33230,91400916,-1,120.6766,24.4897,1000,3,1,1743755519,1743784982,0
LTE,466,89,33230,91400305,-1,120.6745,24.4865,1000,5,1,1743755539,1743784982,0
LTE,466,89,33230,91400917,-1,120.6705,24.4819,1000,10,1,1743755559,1743784982,0
LTE,466,89,33230,91392623,-1,120.6698,24.4812,1000,5,1,1743755579,1743784982,0
LTE,466,89,33230,91392745,-1,120.6665,24.477,1000,7,1,1743755599,1743784982,0
LTE,466,89,33230,91392625,-1,120.6642,24.4741,1000,5,1,1743755619,1743784982,0
LTE,466,89,33230,91396995,-1,120.6628,24.4709,1000,7,1,1743755629,1743784982,0
LTE,466,89,33230,91396996,-1,120.6619,24.4661,1000,9,1,1743755649,1743784982,0
LTE,466,89,33230,91651203,-1,120.6604,24.4598,1000,14,1,1743755669,1743784982,0
LTE,466,89,33230,91651213,-1,120.6596,24.4567,1000,11,1,1743755689,1743784982,0
LTE,466,89,33230,91651205,-1,120.6576,24.4535,1000,1,1,1743755719,1743755719,0
LTE,466,89,33230,91648623,-1,120.6519,24.4451,1000,3,1,1743755780,1743784982,0
LTE,466,89,33230,91648624,-1,120.6515,24.4444,1000,1,1,1743755799,1743755799,0
LTE,466,89,33230,91648879,-1,120.651,24.4436,1000,1,1,1743755830,1743755830,0
LTE,466,89,33230,91648694,-1,120.6506,24.4426,1000,2,1,1743755849,1743784982,0
LTE,466,89,33230,91648911,-1,120.649,24.4372,1000,3,1,1743755979,1743784982,0
LTE,466,89,33230,91655400,-1,120.649,24.4359,1000,3,1,1743755989,1743784982,0
LTE,466,89,33230,91649257,-1,120.65,24.4323,1000,9,1,1743755999,1743784982,0
LTE,466,89,33230,91651047,-1,120.6517,24.4267,1000,16,1,1743756019,1743784982,0
LTE,466,89,33230,91651048,-1,120.6535,24.4209,1000,11,1,1743756049,1743784984,0
LTE,466,89,33230,91650928,-1,120.6546,24.4173,1000,6,1,1743756069,1743784984,0
LTE,466,89,33230,91651618,-1,120.6556,24.4138,1000,11,1,1743756079,1743784984,0
LTE,466,89,33410,111872644,-1,120.6574,24.4084,1000,15,1,1743756099,1743784984,0
LTE,466,89,33410,111876495,-1,120.6591,24.4027,1000,11,1,1743756129,1743784984,0
LTE,466,89,33410,111875828,-1,120.6601,24.3993,1000,6,1,1743756149,1743784984,0
LTE,466,89,33410,111875726,-1,120.6612,24.3957,1000,10,1,1743756159,1743784984,0
LTE,466,89,33230,91650290,-1,120.6625,24.3907,1000,8,1,1743756179,1743784985,0
LTE,466,89,33410,111874261,-1,120.6624,24.387,1000,6,1,1743756201,1743784985,0
LTE,466,89,33410,111876484,-1,120.6602,24.3845,1000,5,1,1743756217,1743784985,0
LTE,466,89,33410,111874691,-1,120.6572,24.3813,1000,9,1,1743756230,1743784985,0
LTE,466,89,33410,111874692,-1,120.6536,24.3769,1000,9,1,1743756260,1743784985,0
LTE,466,89,33410,111874693,-1,120.6512,24.3743,1000,4,1,1743756300,1743784985,0
LTE,466,89,33410,111876975,-1,120.6474,24.37,1000,8,1,1743756310,1743784985,0
LTE,466,89,33410,112131439,-1,120.6471,24.3696,1000,7,1,1743756330,1743784985,0
LTE,466,89,33410,111874830,-1,120.6409,24.3625,1000,10,1,1743756360,1743784985,0
LTE,466,89,33410,111874831,-1,120.6366,24.3567,1000,11,1,1743756400,1743784985,0
LTE,466,89,33410,111879279,-1,120.6329,24.3524,1000,6,1,1743756430,1743784985,0
LTE,466,89,33410,111877488,-1,120.6329,24.3525,1000,3,1,1743756440,1743784985,0
LTE,466,89,33410,111873903,-1,120.6304,24.3493,1000,5,1,1743756460,1743784985,0
LTE,466,89,33410,111880047,-1,120.6289,24.3471,1000,4,1,1743756490,1743784987,0
LTE,466,89,33410,111880048,-1,120.6284,24.3463,1000,1,1,1743756510,1743756510,0
LTE,466,89,33410,111872467,-1,120.6277,24.3455,1000,1,1,1743756520,1743756520,0
LTE,466,89,33410,111872468,-1,120.6274,24.3452,1000,2,1,1743756540,1743784987,0
LTE,466,89,33410,111879213,-1,120.6274,24.3448,1000,1,1,1743756571,1743756571,0
LTE,466,89,33410,111879411,-1,120.6273,24.3448,1000,1,1,1743756581,1743756581,0
LTE,466,89,33410,111872398,-1,120.627,24.3447,1000,2,1,1743756594,1743784987,0
LTE,466,89,33410,111872438,-1,120.6269,24.3446,1000,2,1,1743756870,1743784987,0
LTE,466,89,33410,111872397,-1,120.6269,24.3446,1000,1,1,1743757064,1743757064,0
LTE,466,89,33410,111872437,-1,120.6262,24.3448,1000,4,1,1743757094,1743784987,0
LTE,466,89,33410,111873768,-1,120.6242,24.3453,1000,2,1,1743757394,1743784987,0
LTE,466,89,33410,111873748,-1,120.6245,24.3452,1000,3,1,1743757404,1743784987,0
LTE,466,89,33410,111873718,-1,120.6243,24.3453,1000,4,1,1743757444,1743784987,0
LTE,466,89,33410,111873678,-1,120.624,24.3454,1000,3,1,1743757504,1743784987,0
LTE,466,89,33410,111888339,-1,120.6234,24.3457,1000,4,1,1743757704,1743784987,0
LTE,466,89,33410,111888270,-1,120.6233,24.3457,1000,5,1,1743757774,1743784987,0
LTE,466,89,33410,111873679,-1,120.6233,24.3457,1000,4,1,1743757844,1743784987,0
LTE,466,89,33410,111873719,-1,120.6232,24.3456,1000,2,1,1743757884,1743784987,0
LTE,466,89,33410,111888260,-1,120.6232,24.3457,1000,5,1,1743758084,1743784987,0
LTE,466,89,33410,111873769,-1,120.6232,24.3457,1000,1,1,1743758703,1743758703,0
LTE,466,89,33410,111873749,-1,120.623,24.3456,1000,1,1,1743759143,1743759143,0
LTE,466,89,33410,111875284,-1,120.6229,24.3458,1000,2,1,1743759163,1743784987,0
LTE,466,89,33410,111875214,-1,120.6226,24.3461,1000,1,1,1743759213,1743759213,0
LTE,466,89,33410,111875254,-1,120.622,24.3463,1000,3,1,1743759253,1743784987,0
LTE,466,89,33410,111875255,-1,120.6198,24.3462,1000,5,1,1743759463,1743784987,0
LTE,466,89,33410,111876278,-1,120.62,24.3452,1000,1,1,1743759968,1743759968,0
LTE,466,89,33410,111879044,-1,120.6204,24.3449,1000,3,1,1743759980,1743784987,0
LTE,466,89,33410,111875205,-1,120.6207,24.3448,1000,2,1,1743760002,1743784987,0
LTE,466,89,33410,111876227,-1,120.621,24.3445,1000,2,1,1743760054,1743784990,0
LTE,466,89,33410,111876228,-1,120.6217,24.344,1000,3,1,1743760117,1743784990,0
LTE,466,89,33410,111876229,-1,120.6208,24.3427,1000,5,1,1743760239,1743784990,0
LTE,466,89,33410,111876279,-1,120.6202,24.3417,1000,2,1,1743760435,1743784990,0
LTE,466,89,33410,111886518,-1,120.6198,24.3413,1000,3,1,1743760564,1743784990,0
LTE,466,89,33410,111873205,-1,120.6188,24.3398,1000,7,1,1743760574,1743784990,0
LTE,466,89,33410,111886468,-1,120.6195,24.3409,1000,3,1,1743760598,1743784990,0
LTE,466,89,33410,111873255,-1,120.6191,24.3404,1000,3,1,1743760673,1743784990,0
LTE,466,89,33410,111873235,-1,120.619,24.3401,1000,1,1,1743760737,1743760737,0
LTE,466,89,33410,111873208,-1,120.6165,24.3364,1000,7,1,1743760945,1743784990,0
LTE,466,89,33410,111873257,-1,120.6162,24.3359,1000,2,1,1743761139,1743784990,0
LTE,466,89,33410,111873167,-1,120.6149,24.3342,1000,4,1,1743761159,1743784990,0
LTE,466,89,33410,111873237,-1,120.6156,24.3351,1000,3,1,1743761229,1743784990,0
LTE,466,89,33410,111873268,-1,120.614,24.3331,1000,7,1,1743761399,1743784990,0
LTE,466,89,33410,112130338,-1,120.6129,24.3319,1000,3,1,1743761658,1743784990,0
LTE,466,89,33410,111878533,-1,120.6124,24.3313,1000,2,1,1743761773,1743784990,0
LTE,466,89,33410,111881703,-1,120.6106,24.3295,1000,8,1,1743761837,1743784990,0
LTE,466,89,33410,111881713,-1,120.61,24.3288,1000,5,1,1743762051,1743784990,0
LTE,466,89,33410,111881714,-1,120.6088,24.3275,1000,1,1,1743762362,1743762362,0
LTE,466,89,33410,111881684,-1,120.6086,24.3271,1000,3,1,1743762372,1743784990,0
LTE,466,89,33410,111887471,-1,120.6084,24.3268,1000,2,1,1743762435,1743784990,0
LTE,466,89,33410,111887541,-1,120.6081,24.3265,1000,3,1,1743762478,1743784990,0
LTE,466,89,33410,111881654,-1,120.6083,24.3267,1000,1,1,1743762488,1743762488,0
LTE,466,89,33410,111887491,-1,120.6078,24.3259,1000,1,1,1743762588,1743762588,0
LTE,466,89,33410,111887493,-1,120.6078,24.3257,1000,1,1,1743762608,1743762608,0
LTE,466,89,33410,111887472,-1,120.6072,24.3235,1000,9,1,1743762658,1743784993,0
LTE,466,89,33410,111628303,-1,120.6068,24.3221,1000,6,1,1743763111,1743784993,0
LTE,466,89,33410,111887492,-1,120.6066,24.3214,1000,3,1,1743763121,1743784993,0
LTE,466,97,33410,111887472,-1,120.6069,24.3226,1000,1,1,1743763301,1743763301,0
LTE,466,97,33410,111628303,-1,120.6069,24.3225,1000,1,1,1743763341,1743763341,0
LTE,466,1,39531,131134013,-1,120.6067,24.3221,1000,1,1,1743763451,1743763451,0
LTE,466,1,39531,131134014,-1,120.6065,24.3214,1000,4,1,1743763474,1743784993,0
LTE,466,1,39531,130697231,-1,120.6065,24.3213,1000,1,1,1743763845,1743763845,0
LTE,466,89,33410,111616723,-1,120.6064,24.3206,1000,1,1,1743764109,1743764109,0
LTE,466,89,33410,111887502,-1,120.6064,24.3206,1000,1,1,1743764149,1743764149,0
LTE,466,89,33410,111616743,-1,120.6058,24.3186,1000,2,1,1743764259,1743784993,0
LTE,466,89,33410,112130547,-1,120.6063,24.3202,1000,1,1,1743764279,1743764279,0
LTE,466,89,33410,112130537,-1,120.6061,24.3196,1000,4,1,1743764289,1743784993,0
LTE,466,89,33410,111616653,-1,120.6048,24.3154,1000,8,1,1743764469,1743785705,0
LTE,466,89,33410,111616655,-1,120.603,24.3098,1000,6,1,1743765329,1743785705,0
LTE,466,89,33410,111616745,-1,120.6033,24.3107,1000,3,1,1743765339,1743785705,0
LTE,466,89,33410,111616725,-1,120.6027,24.3091,1000,2,1,1743765530,1743785705,0
LTE,466,89,33410,111624590,-1,120.5963,24.3014,1000,1,1,1743767373,1743767373,0
LTE,466,89,33410,111618535,-1,120.5992,24.2936,1000,21,1,1743767394,1754818564,0
LTE,466,89,33410,111621863,-1,120.595,24.3003,1000,5,1,1743767404,1743789181,0
LTE,466,89,33410,111621743,-1,120.5944,24.2997,1000,6,1,1743767434,1743789181,0
LTE,466,89,33410,111624580,-1,120.5948,24.3001,1000,2,1,1743767504,1743789181,0
LTE,466,89,33410,111620976,-1,120.5937,24.299,1000,7,1,1743767524,1743789181,0
LTE,466,89,33410,111618515,-1,120.5941,24.2994,1000,3,1,1743767544,1743789181,0
LTE,466,89,33410,111620996,-1,120.591,24.2963,1000,8,1,1743768054,1743789181,0
LTE,466,89,33410,111621046,-1,120.5895,24.2946,1000,2,1,1743768492,1743789181,0
LTE,466,89,33410,111620975,-1,120.5888,24.2936,1000,4,1,1743768569,1743789181,0
LTE,466,89,33410,111621045,-1,120.5883,24.293,1000,1,1,1743768691,1743768691,0
LTE,466,89,33410,111621047,-1,120.5881,24.2927,1000,2,1,1743768714,1743789181,0
LTE,466,89,33410,111618289,-1,120.5875,24.2915,1000,4,1,1743768794,1743789181,0
LTE,466,89,33410,111618259,-1,120.5863,24.2895,1000,6,1,1743769339,1743790921,0
LTE,466,89,33410,111618260,-1,120.5847,24.2867,1000,5,1,1743769819,1743790921,0
LTE,466,89,33410,111618293,-1,120.5839,24.2851,1000,3,1,1743770009,1743790921,0
LTE,466,89,33410,111618290,-1,120.584,24.2854,1000,6,1,1743770019,1743790921,0
LTE,466,89,33410,111631090,-1,120.5831,24.2839,1000,1,1,1743770339,1743770339,0
LTE,466,89,33410,111631089,-1,120.583,24.2835,1000,2,1,1743770359,1743790921,0
LTE,466,89,33410,111631079,-1,120.583,24.2836,1000,2,1,1743770369,1743790921,0
LTE,466,89,33410,111631080,-1,120.5821,24.2823,1000,2,1,1743770409,1743790921,0
LTE,466,89,33410,111631060,-1,120.5809,24.2808,1000,10,1,1743770509,1743793801,0
LTE,466,89,33410,111618003,-1,120.5788,24.278,1000,6,1,1743771138,1743793801,0
LTE,466,89,33410,111616467,-1,120.5776,24.2762,1000,10,1,1743771308,1743793801,0
LTE,466,89,33410,111618004,-1,120.5771,24.2756,1000,2,1,1743771588,1743793801,0
LTE,466,89,33410,111616437,-1,120.577,24.2738,1000,11,1,1743771748,1743793801,0
LTE,466,89,33410,111616397,-1,120.5771,24.2748,1000,1,1,1743771888,1743771888,0
LTE,466,89,33410,111616477,-1,120.5771,24.2748,1000,1,1,1743772160,1743772160,0
LTE,466,89,33410,111616438,-1,120.5756,24.2699,1000,5,1,1743773149,1743793801,0
LTE,466,89,33410,111630005,-1,120.5745,24.267,1000,4,1,1743773511,1743793801,0
LTE,466,89,33410,111616398,-1,120.5748,24.2678,1000,3,1,1743773559,1743793801,0
LTE,466,89,33410,111630045,-1,120.5743,24.2665,1000,4,1,1743773686,1743793801,0
LTE,466,89,33410,111630006,-1,120.5734,24.2643,1000,7,1,1743773907,1743796261,0
LTE,466,89,33410,111620277,-1,120.5722,24.2616,1000,8,1,1743774313,1743796261,0
LTE,466,89,33410,111620278,-1,120.5697,24.2573,1000,7,1,1743774670,1743796261,0
LTE,466,89,33200,110866307,-1,120.5687,24.2555,1000,1,1,1743775186,1743775186,0
LTE,466,89,33200,110851303,-1,120.5686,24.2552,1000,1,1,1743775216,1743775216,0
LTE,466,89,33410,111620328,-1,120.5685,24.2549,1000,1,1,1743775315,1743775315,0
LTE,466,89,33200,110860844,-1,120.5683,24.2547,1000,2,1,1743775327,1743796261,0
LTE,466,89,33200,110860845,-1,120.5673,24.2529,1000,8,1,1743775446,1743796261,0
LTE,466,89,33200,110851214,-1,120.5659,24.2506,1000,9,1,1743775776,1743798661,0
LTE,466,89,33200,110851304,-1,120.5643,24.2485,1000,6,1,1743776082,1743798661,0
LTE,466,89,33200,110857459,-1,120.5634,24.2476,1000,5,1,1743776253,1743798661,0
LTE,466,89,33200,110857349,-1,120.5633,24.2476,1000,7,1,1743776344,1743798661,0
LTE,466,89,33200,111370472,-1,120.5634,24.2476,1000,2,1,1743776748,1743798661,0
LTE,466,89,33200,110849514,-1,120.5636,24.2476,1000,1,1,1743776775,1743776775,0
LTE,466,89,33200,110850283,-1,120.5629,24.2472,1000,2,1,1743776887,1743798661,0
LTE,466,89,33200,111371506,-1,120.5626,24.2467,1000,1,1,1743776977,1743776977,0
LTE,466,89,33200,110849524,-1,120.5617,24.2441,1000,3,1,1743777087,1743798661,0
LTE,466,89,33200,110853932,-1,120.5619,24.2448,1000,6,1,1743777137,1743798662,0
LTE,466,89,33200,110849391,-1,120.5611,24.2421,1000,3,1,1743777517,1743798661,0
LTE,466,89,33200,110864055,-1,120.5607,24.2413,1000,3,1,1743777697,1743798662,0
LTE,466,89,33200,110849412,-1,120.5604,24.2402,1000,3,1,1743777917,1743798662,0
LTE,466,89,33200,110848487,-1,120.5605,24.2385,1000,4,1,1743778037,1743798662,0
LTE,466,89,33200,110864054,-1,120.5601,24.2393,1000,1,1,1743778087,1743778087,0
LTE,466,89,33200,110848367,-1,120.5606,24.2383,1000,3,1,1743778167,1743798662,0
LTE,466,89,33200,110860215,-1,120.5607,24.2363,1000,8,1,1743778257,1743800882,0
LTE,466,89,33200,110848488,-1,120.5607,24.2371,1000,2,1,1743778497,1743798662,0
LTE,466,89,33200,110848368,-1,120.5607,24.2367,1000,2,1,1743778551,1743800881,0
LTE,466,89,33200,110848398,-1,120.5607,24.2365,1000,3,1,1743778933,1743800881,0
LTE,466,89,33200,110860175,-1,120.5605,24.2351,1000,3,1,1743779105,1743800881,0
LTE,466,89,33200,110860143,-1,120.5627,24.2333,1000,3,1,1743779332,1743800882,0
LTE,466,89,33200,110860255,-1,120.5605,24.2342,1000,2,1,1743779362,1743800882,0
LTE,466,89,33200,110860265,-1,120.5605,24.2341,1000,2,1,1743779422,1743800882,0
LTE,466,89,33200,110860173,-1,120.5624,24.2334,1000,3,1,1743779522,1743800882,0
LTE,466,89,33200,110860213,-1,120.5624,24.2334,1000,7,1,1743779562,1743800882,0
LTE,466,89,33200,110860264,-1,120.5624,24.2335,1000,4,1,1743779742,1743800882,0
LTE,466,89,33200,110860263,-1,120.5615,24.2337,1000,5,1,1743779772,1743800882,0
LTE,466,89,33200,110860174,-1,120.5637,24.2329,1000,1,1,1743780275,1743780275,0
LTE,466,89,33200,111012995,-1,120.5653,24.2324,1000,3,1,1743780392,1743800882,0
LTE,466,89,33200,110859395,-1,120.5659,24.2313,1000,3,1,1743780474,1743800882,0
LTE,466,89,33200,110859375,-1,120.5659,24.2314,1000,2,1,1743780509,1743800882,0
LTE,466,89,33200,110859445,-1,120.5666,24.2297,1000,4,1,1743780629,1743804662,0
LTE,466,89,33200,110859405,-1,120.5663,24.2304,1000,1,1,1743780659,1743780659,0
LTE,466,89,33200,110859406,-1,120.5669,24.2288,1000,4,1,1743780789,1743804662,0
LTE,466,89,33200,110859446,-1,120.5668,24.2292,1000,3,1,1743780799,1743804662,0
LTE,466,89,33200,110859396,-1,120.5668,24.2291,1000,3,1,1743780818,1743804662,0
LTE,466,89,33200,110859376,-1,120.567,24.2287,1000,7,1,1743780829,1743804662,0
LTE,466,89,33200,110861937,-1,120.5677,24.2268,1000,3,1,1743781373,1743804662,0
LTE,466,89,33200,110862006,-1,120.5685,24.2241,1000,7,1,1743781513,1743804662,0
LTE,466,89,33200,110862007,-1,120.568,24.2259,1000,1,1,1743781989,1743781989,0
LTE,466,89,33200,110853559,-1,120.5683,24.2252,1000,3,1,1743782001,1743804662,0
LTE,466,89,33200,110853519,-1,120.5684,24.225,1000,2,1,1743782109,1743804662,0
LTE,466,89,33200,110854581,-1,120.5686,24.2231,1000,1,1,1743782356,1743782356,0
LTE,466,89,33200,110861956,-1,120.5686,24.2228,1000,1,1,1743782406,1743782406,0
LTE,466,89,33200,110853508,-1,120.5687,24.2226,1000,5,1,1743782416,1743804662,0
LTE,466,89,33200,110858473,-1,120.5689,24.2219,1000,3,1,1743782436,1743804662,0
LTE,466,89,33200,111108327,-1,120.5771,24.2051,2130,22,1,1743782506,1754818565,0
LTE,466,89,33200,110853765,-1,120.5691,24.2212,1000,5,1,1743782596,1743804662,0
LTE,466,89,33200,110853488,-1,120.5687,24.2226,1000,3,1,1743782696,1743804662,0
LTE,466,89,33200,110862262,-1,120.5687,24.2225,1000,1,1,1743782998,1743782998,0
LTE,466,89,33200,110853518,-1,120.5687,24.2221,1000,1,1,1743783034,1743783034,0
LTE,466,89,33200,110854888,-1,120.5698,24.2191,1000,9,1,1743783144,1743804662,0
LTE,466,89,33200,110854690,-1,120.5693,24.2207,1000,1,1,1743783174,1743783174,0
LTE,466,89,33200,110854691,-1,120.5694,24.2202,1000,2,1,1743783204,1743804662,0
LTE,466,89,33200,110859753,-1,120.5707,24.2164,1000,5,1,1743783542,1743804662,0
LTE,466,89,33200,110854838,-1,120.5705,24.2168,1000,1,1,1743783685,1743783685,0
LTE,466,89,33200,110860725,-1,120.5707,24.2168,1000,1,1,1743783699,1743783699,0
LTE,466,89,33200,110853815,-1,120.5708,24.2165,1000,1,1,1743783751,1743783751,0
LTE,466,89,33200,110859752,-1,120.5703,24.2128,1000,5,1,1743783907,1743804662,0
LTE,466,89,33200,110859632,-1,120.5705,24.2139,1000,5,1,1743783961,1743804662,0
LTE,466,89,33200,110867823,-1,120.5695,24.2109,1000,6,1,1743784190,1743806581,0
LTE,466,89,33200,110862211,-1,120.5701,24.2119,1000,2,1,1743784264,1743804662,0
LTE,466,89,33200,110854531,-1,120.5701,24.212,1000,1,1,1743784284,1743784284,0
LTE,466,89,33200,110870147,-1,120.5666,24.209,1000,10,1,1743784354,1743806581,0
LTE,466,89,33200,110867853,-1,120.5696,24.2108,1000,4,1,1743784374,1743806581,0
LTE,466,89,33200,110867893,-1,120.5694,24.2105,1000,5,1,1743784404,1743806581,0
LTE,466,89,33200,110870127,-1,120.5664,24.2083,1000,9,1,1743785037,1743806581,0
LTE,466,89,33200,110867895,-1,120.5674,24.2089,1000,4,1,1743785107,1743806581,0
LTE,466,89,33200,110867825,-1,120.5682,24.2091,1000,1,1,1743785197,1743785197,0
LTE,466,89,33200,110864685,-1,120.5652,24.2079,1000,5,1,1743785437,1743806581,0
LTE,466,89,33200,110866929,-1,120.5615,24.2089,1000,8,1,1743785829,1743810241,0
LTE,466,89,33200,111361980,-1,120.5632,24.2073,1000,1,1,1743785993,1743785993,0
LTE,466,89,33200,110868712,-1,120.5628,24.2076,1000,2,1,1743786023,1743806581,0
LTE,466,89,33200,110870148,-1,120.5595,24.2103,1000,4,1,1743786073,1743806581,0
LTE,466,89,33200,110866919,-1,120.5598,24.21,1000,10,1,1743786093,1743806581,0
LTE,466,89,33200,110869380,-1,120.5545,24.2131,1000,15,1,1743786123,1743810241,0
LTE,466,89,33200,110866931,-1,120.5613,24.2089,1000,2,1,1743786183,1743806581,0
LTE,466,89,33200,110866899,-1,120.5588,24.2108,1000,5,1,1743786303,1743806581,0
LTE,466,89,33200,110869470,-1,120.5555,24.2135,1000,2,1,1743787008,1743810241,0
LTE,466,89,33200,110869360,-1,120.554,24.2142,1000,13,1,1743787055,1743810241,0
LTE,466,89,33200,110869390,-1,120.5544,24.2137,1000,6,1,1743787215,1743810241,0
LTE,466,89,33200,110869430,-1,120.5531,24.2139,1000,4,1,1743787598,1743810241,0
LTE,466,89,33200,111116656,-1,120.5514,24.2128,1000,4,1,1743788196,1743810241,0
LTE,466,89,33200,111116676,-1,120.5509,24.2114,1000,12,1,1743788229,1743810241,0
LTE,466,89,33200,111116675,-1,120.5513,24.2127,1000,1,1,1743788311,1743788311,0
LTE,466,89,33200,110856836,-1,120.5514,24.2127,1000,1,1,1743788331,1743788331,0
LTE,466,89,33200,111114462,-1,120.5514,24.2126,1000,1,1,1743788902,1743788902,0
LTE,466,89,33200,111116677,-1,120.5485,24.2046,1000,6,1,1743789408,1743810241,0
LTE,466,89,33200,111116657,-1,120.5488,24.206,1000,16,1,1743789458,1743810241,0
LTE,466,89,33200,111116655,-1,120.5497,24.2089,1000,1,1,1743789468,1743789468,0
LTE,466,89,33200,111109863,-1,120.5476,24.2015,1000,5,1,1743790146,1743810241,0
LTE,466,89,33200,111109875,-1,120.5468,24.1989,1000,7,1,1743790387,1743812401,0
LTE,466,89,33200,111106957,-1,120.5464,24.1958,1000,12,1,1743790554,1743812401,0
LTE,466,89,33200,111109873,-1,120.5471,24.1999,1000,3,1,1743790809,1743812401,0
LTE,466,89,33200,111106959,-1,120.5459,24.1922,1000,5,1,1743791580,1743812401,0
LTE,466,89,33200,111106958,-1,120.5456,24.1868,1000,10,1,1743791760,1743816661,0
LTE,466,89,33200,111106445,-1,120.5456,24.1866,1000,7,1,1743792090,1743816661,0
LTE,466,89,33200,111110649,-1,120.5454,24.1847,1000,2,1,1743792889,1743816661,0
LTE,466,89,33200,111106447,-1,120.5453,24.1827,1000,8,1,1743792949,1743816661,0
LTE,466,89,33200,111110541,-1,120.5454,24.1831,1000,1,1,1743793069,1743793069,0
LTE,466,89,33200,111109005,-1,120.5445,24.1783,1000,14,1,1743793259,1743816661,0
LTE,466,89,33200,111109007,-1,120.5449,24.1801,1000,1,1,1743793379,1743793379,0
LTE,466,89,33200,111109108,-1,120.5437,24.1752,1000,3,1,1743793829,1743816661,0
LTE,466,89,33200,111109006,-1,120.5426,24.17,1000,22,1,1743793939,1743816661,0
LTE,466,89,33200,110598285,-1,120.543,24.1617,1000,3,1,1743795676,1743816661,0
LTE,466,89,33200,110595971,-1,120.5427,24.164,1000,2,1,1743795746,1743816661,0
LTE,466,89,33200,110596021,-1,120.5429,24.163,1000,2,1,1743795806,1743816661,0
LTE,466,89,33200,110593461,-1,120.5429,24.163,1000,4,1,1743795816,1743816661,0
LTE,466,89,33200,110593464,-1,120.5435,24.1599,1000,12,1,1743795946,1743816662,0
LTE,466,89,33200,110597508,-1,120.5439,24.1566,1000,5,1,1743796520,1743816661,0
LTE,466,89,33200,110598275,-1,120.5439,24.1562,1000,3,1,1743796625,1743816661,0
LTE,466,92,36300,157004588,-1,120.198,23.0654,1000,1,1,1743821990,1743821990,0
LTE,466,89,33200,110593003,-1,120.5479,24.1432,1000,1,1,1743802170,1743802170,0
LTE,466,89,33200,110593013,-1,120.5483,24.1423,1000,4,1,1743802526,1743823082,0
LTE,466,89,33200,110593933,-1,120.5493,24.1404,1000,5,1,1743802679,1743828542,0
LTE,466,89,33200,110593717,-1,120.552,24.1365,1000,20,1,1743802901,1743828542,0
LTE,466,89,33200,110593719,-1,120.5545,24.1313,1000,6,1,1743804884,1743828542,0
LTE,466,89,33200,110593769,-1,120.5549,24.1298,1000,4,1,1743805161,1743828542,0
LTE,466,89,33200,110593779,-1,120.5547,24.1299,1000,2,1,1743805401,1743828542,0
LTE,466,89,33380,110759279,-1,120.5554,24.1289,1000,6,1,1743805575,1743828542,0
LTE,466,89,33380,110594673,-1,120.5558,24.1279,1000,3,1,1743806598,1743828542,0
LTE,466,89,33380,110594703,-1,120.5569,24.1275,1000,3,1,1743806706,1743828542,0
LTE,466,89,33380,110594743,-1,120.56,24.1257,1000,14,1,1743806789,1743828542,0
LTE,466,89,33380,110594742,-1,120.5649,24.1231,1000,10,1,1743807629,1743828542,0
LTE,466,89,33380,110594692,-1,120.5672,24.122,1000,2,1,1743808022,1743828542,0
LTE,466,89,33380,110592437,-1,120.5717,24.1107,1363,35,1,1743808067,1754818566,0
LTE,466,89,33380,110594702,-1,120.5674,24.1218,1000,5,1,1743808083,1743828542,0
LTE,466,89,33380,110596584,-1,120.5674,24.1215,1000,1,1,1743808220,1743808220,0
LTE,466,89,33380,110594672,-1,120.5676,24.1215,1000,3,1,1743808242,1743828542,0
LTE,466,89,33380,110596564,-1,120.5675,24.1215,1000,1,1,1743808260,1743808260,0
LTE,466,89,33380,110592397,-1,120.5734,24.1198,1000,12,1,1743810447,1743837307,0
LTE,466,89,33380,110592477,-1,120.5742,24.1195,1000,2,1,1743810802,1743837307,0
LTE,466,89,33380,110592501,-1,120.5746,24.1195,1000,2,1,1743811381,1743837307,0
LTE,466,89,33380,110592478,-1,120.5756,24.1191,1000,2,1,1743811491,1743837307,0
LTE,466,89,33380,110592398,-1,120.5776,24.1181,1000,7,1,1743811638,1743837307,0
LTE,466,89,33380,110597233,-1,120.5777,24.115,1000,10,1,1743812007,1743837307,0
LTE,466,89,33380,110592438,-1,120.5771,24.1157,1000,1,1,1743812231,1743812231,0
LTE,466,89,33380,105986997,-1,120.5807,24.1123,1000,12,1,1743812274,1743837307,0
LTE,466,89,33380,105986927,-1,120.5807,24.1102,1000,5,1,1743812586,1743837362,0
LTE,466,89,33380,105986957,-1,120.5812,24.1084,1000,17,1,1743812687,1743837362,0
LTE,466,89,33380,105987047,-1,120.5796,24.1123,1000,3,1,1743812746,1743837307,0
LTE,466,89,33380,105986998,-1,120.5835,24.1128,1000,5,1,1743813349,1743837307,0
LTE,466,89,33380,105987048,-1,120.5835,24.1128,1000,2,1,1743813399,1743837307,0
LTE,466,89,33380,105986958,-1,120.5838,24.1128,1000,4,1,1743813429,1743837307,0
LTE,466,89,33380,105986928,-1,120.5839,24.1128,1000,1,1,1743813946,1743813946,0
LTE,466,89,33380,105987000,-1,120.5831,24.1097,1000,5,1,1743814336,1743837362,0
LTE,466,89,33380,105987060,-1,120.5838,24.112,1000,3,1,1743814396,1743837307,0
LTE,466,89,33380,105986959,-1,120.5833,24.1102,1000,4,1,1743814546,1743837307,0
LTE,466,89,33380,105986929,-1,120.5821,24.107,1000,1,1,1743815037,1743815037,0
LTE,466,89,33270,128001780,-1,120.5817,24.1058,1000,2,1,1743815157,1743837362,0
LTE,466,89,33270,128009459,-1,120.5815,24.1053,1000,2,1,1743815200,1743837362,0
LTE,466,89,33270,128029315,-1,120.5809,24.1035,1000,1,1,1743815430,1743815430,0
LTE,466,89,33270,128015491,-1,120.5806,24.1015,582,26,1,1743815440,1754818566,0
LTE,466,89,33270,128018821,-1,120.5807,24.1029,1000,1,1,1743815500,1743815500,0
LTE,466,89,33270,128015471,-1,120.5794,24.1008,1000,7,1,1743815570,1743837362,0
LTE,466,89,33270,128003972,-1,120.5777,24.0994,1000,1,1,1743815964,1743815964,0
LTE,466,89,33270,128003048,-1,120.5766,24.099,1000,5,1,1743815995,1743837362,0
LTE,466,89,33270,128033570,-1,120.5772,24.0992,1000,1,1,1743816005,1743816005,0
LTE,466,89,33270,128003049,-1,120.575,24.0985,1000,3,1,1743816168,1743837362,0
LTE,466,89,33270,128003059,-1,120.5746,24.0984,1000,3,1,1743816300,1743837362,0
LTE,466,89,33270,128002929,-1,120.5745,24.0984,1000,1,1,1743816506,1743816506,0
LTE,466,89,33270,128003058,-1,120.5746,24.0985,1000,1,1,1743817345,1743817345,0
LTE,466,89,33270,128004022,-1,120.5685,24.0938,1000,4,1,1743819361,1743840721,0
LTE,466,89,33270,128003982,-1,120.5682,24.0931,1000,1,1,1743819584,1743819584,0
LTE,466,89,33270,128003983,-1,120.5682,24.0931,1000,1,1,1743819604,1743819604,0
LTE,466,89,33270,128007153,-1,120.5668,24.0909,1000,7,1,1743819657,1743840721,0
LTE,466,89,33270,128007155,-1,120.566,24.0899,1000,8,1,1743819677,1743840721,0
LTE,466,89,33270,128018062,-1,120.5678,24.0926,1000,1,1,1743819887,1743819887,0
LTE,466,89,33270,128007154,-1,120.5623,24.0876,1000,9,1,1743820515,1743844981,0
LTE,466,89,33270,128008589,-1,120.5599,24.0868,1000,4,1,1743821263,1743844981,0
LTE,466,89,33270,128008629,-1,120.558,24.086,1000,5,1,1743821473,1743844982,0
LTE,466,89,33270,128008631,-1,120.5552,24.0851,1000,9,1,1743822215,1743844981,0
LTE,466,89,33270,128021902,-1,120.5519,24.0844,1000,11,1,1743822540,1743844982,0
LTE,466,89,33270,128035628,-1,120.5518,24.0844,1000,1,1,1743822813,1743822813,0
LTE,466,89,33270,128036750,-1,120.5483,24.084,1000,9,1,1743822975,1743844982,0
LTE,466,89,33270,128036751,-1,120.5446,24.0831,1000,8,1,1743823422,1743844982,0
LTE,466,89,33270,128007351,-1,120.5426,24.0826,1000,2,1,1743823802,1743844982,0
LTE,466,89,33270,128016005,-1,120.5426,24.0826,1000,1,1,1743823822,1743823822,0
LTE,466,89,33270,128026736,-1,120.5414,24.0824,1000,5,1,1743824115,1743844982,0
LTE,466,89,33270,128036721,-1,120.5425,24.0826,1000,1,1,1743824134,1743824134,0
LTE,466,89,33270,128000993,-1,120.5398,24.0818,1000,3,1,1743824323,1743844982,0
LTE,466,89,33270,128000953,-1,120.5392,24.0816,1000,2,1,1743824469,1743844982,0
LTE,466,89,33270,128001013,-1,120.5393,24.0815,1000,2,1,1743824482,1743844982,0
LTE,466,89,33270,128000952,-1,120.5392,24.0814,1000,1,1,1743824544,1743824544,0
LTE,466,89,33270,128000910,-1,120.5397,24.0808,1000,3,1,1743824585,1743844982,0
LTE,466,89,33270,128000950,-1,120.5403,24.0796,1000,5,1,1743824690,1743844982,0
LTE,466,89,33270,128008373,-1,120.5405,24.0788,1000,3,1,1743824832,1743844982,0
LTE,466,89,33270,128027317,-1,120.5336,24.0541,1000,2,1,1743864000,1743887701,0
LTE,466,89,33270,128027319,-1,120.5332,24.0513,1000,12,1,1743864070,1743887701,0
LTE,466,89,33270,128768643,-1,120.5332,24.0466,1000,10,1,1743864717,1743887701,0
LTE,466,89,33270,128768645,-1,120.534,24.0436,1000,4,1,1743865340,1743887701,0
LTE,466,89,33270,128768655,-1,120.5352,24.0384,1000,12,1,1743865497,1743887701,0
LTE,466,89,33270,128770447,-1,120.5365,24.034,1000,1,1,1743866583,1743866583,0
LTE,466,89,33260,128769677,-1,120.5366,24.0337,1000,1,1,1743866613,1743866613,0
LTE,466,89,33270,128772022,-1,120.5369,24.0328,1000,4,1,1743866679,1743887701,0
LTE,466,89,33270,128774671,-1,120.5375,24.031,1000,6,1,1743866865,1743887701,0
LTE,466,89,33260,128769747,-1,120.5384,24.0279,1000,9,1,1743867128,1743887701,0
LTE,466,89,33260,128769748,-1,120.539,24.0261,1000,1,1,1743867508,1743867508,0
LTE,466,89,33260,128769718,-1,120.5393,24.0256,1000,2,1,1743867561,1743887701,0
LTE,466,89,33210,165890526,-1,120.4407,23.767,1000,4,1,1743951620,1743978781,0
LTE,466,89,33210,165890536,-1,120.4374,23.7618,1000,5,1,1743951670,1743978782,0
LTE,466,89,33210,165890280,-1,120.4413,23.7678,1000,5,1,1743951680,1743978781,0
LTE,466,89,33210,165890160,-1,120.4413,23.7677,1000,5,1,1743951780,1743978781,0
LTE,466,89,33210,165888726,-1,120.4396,23.7651,1000,4,1,1743951830,1743978781,0
LTE,466,89,33210,165890416,-1,120.4409,23.767,1000,4,1,1743952299,1743978781,0
LTE,466,89,33210,165888646,-1,120.4377,23.7621,1000,13,1,1743952449,1743978782,0
LTE,466,89,33210,165889768,-1,120.4345,23.7572,1000,12,1,1743953259,1743978782,0
LTE,466,89,33210,165889678,-1,120.4292,23.7511,1601,32,1,1743953389,1743981362,0
LTE,466,89,33210,166145135,-1,120.4376,23.7619,1000,6,1,1743953419,1743978781,0
LTE,466,89,33210,165889648,-1,120.4375,23.7617,1000,4,1,1743953479,1743978781,0
LTE,466,89,33210,166145156,-1,120.4334,23.7554,1000,5,1,1743954116,1743978782,0
LTE,466,89,33210,166145136,-1,120.4333,23.7552,1000,3,1,1743954361,1743978782,0
LTE,466,89,33210,165889677,-1,120.4227,23.7451,1000,1,1,1743960665,1743960665,0
LTE,466,89,33210,165889679,-1,120.4212,23.7399,1000,11,1,1743960692,1743983581,0
LTE,466,89,33210,161800885,-1,120.4216,23.741,1000,4,1,1743961044,1743981362,0
LTE,466,89,33210,161800845,-1,120.4206,23.7379,1000,1,1,1743962252,1743962252,0
LTE,466,89,33210,161797363,-1,120.42,23.7378,1000,2,1,1743962292,1743983581,0
LTE,466,89,33210,161800846,-1,120.4199,23.7294,1000,10,1,1743962302,1743984242,0
LTE,466,89,33210,161800886,-1,120.4198,23.7323,1000,10,1,1743962362,1743984241,0
LTE,466,89,33210,161800816,-1,120.4199,23.7262,1000,1,1,1743964384,1743964384,0
LTE,466,89,33210,161802352,-1,120.4155,23.7146,1000,12,1,1743966520,1743987902,0
LTE,466,89,33210,161802353,-1,120.4147,23.7142,1000,15,1,1743967082,1743987902,0
LTE,466,89,33210,161793238,-1,120.4135,23.7138,1000,1,1,1743967604,1743967604,0
LTE,466,89,33210,161793137,-1,120.4099,23.7121,1000,1,1,1743968013,1743968013,0
LTE,466,89,44350,159488695,-1,120.3521,23.6144,1000,2,1,1744094140,1744118224,0
LTE,466,89,33210,167681257,-1,120.351,23.6188,1000,8,1,1744094152,1744118224,0
LTE,466,89,33210,167681137,-1,120.3511,23.6185,1000,6,1,1744094070,1744118224,0
LTE,466,89,33210,167680744,-1,120.351,23.6203,1000,3,1,1744094217,1744118224,0
LTE,466,89,33210,167681267,-1,120.3509,23.6181,1000,8,1,1744094263,1744118224,0
LTE,466,89,33210,167681011,-1,120.351,23.6231,1000,12,1,1744094367,1744118224,0
LTE,466,89,33210,167680881,-1,120.351,23.624,1000,4,1,1744094451,1744118224,0
LTE,466,89,33210,167680754,-1,120.3504,23.622,1000,5,1,1744095201,1744118224,0
LTE,466,89,33210,167680743,-1,120.3506,23.6231,1000,1,1,1744095467,1744095467,0
LTE,466,89,33210,167680724,-1,120.3506,23.6231,1000,1,1,1744096075,1744096075,0
LTE,466,89,33210,167681265,-1,120.3511,23.6269,1000,11,1,1744096494,1744118224,0
LTE,466,89,33210,167681255,-1,120.3512,23.6288,1000,9,1,1744096551,1744118224,0
LTE,466,89,33210,167681135,-1,120.3513,23.6324,1000,10,1,1744096782,1744118224,0
LTE,466,89,33210,167681001,-1,120.3513,23.6313,1000,2,1,1744097319,1744118224,0
LTE,466,89,33210,167681925,-1,120.3513,23.633,1000,1,1,1744097620,1744097620,0
LTE,466,89,33210,167681000,-1,120.3516,23.6352,1000,7,1,1744097686,1744118224,0
LTE,466,89,33210,167681256,-1,120.3514,23.6353,1000,1,1,1744097875,1744097875,0
LTE,466,89,33210,167681010,-1,120.3538,23.6374,1000,5,1,1744097896,1748066822,0
LTE,466,89,33210,167680880,-1,120.3552,23.6382,1000,8,1,1744097951,1748066822,0
LTE,466,97,22530,81994482,-1,121.2071,25.0036,1348,4,1,1744010145,1777820701,0
LTE,466,97,22550,81952397,-1,121.206,24.992,2803,6,1,1744783845,1771571102,0
LTE,466,97,22530,86303414,-1,121.2359,25.078,1000,2,1,1744786391,1744808344,0
LTE,466,97,11460,59145397,-1,121.5416,24.9869,1000,7,1,1745046524,1776102481,0
LTE,466,97,11460,59145399,-1,121.5395,24.9878,1000,12,1,1745046659,1777186562,0
LTE,466,97,11320,29739661,-1,121.5419,24.9884,1000,1,1,1745046699,1745046699,0
LTE,466,97,11460,59144438,-1,121.5428,24.9899,1000,5,1,1745046749,1745070903,0
LTE,466,97,11320,29724558,-1,121.5433,24.9917,1000,5,1,1745046809,1771110126,0
LTE,466,97,11320,29701302,-1,121.5428,24.992,1000,10,1,1745046829,1770438242,0
LTE,466,97,11320,29701301,-1,121.5429,24.9921,1000,16,1,1745047019,1780917487,0
LTE,466,97,11320,29735811,-1,121.5425,24.99,1000,4,1,1745047176,1752416342,0
LTE,466,97,11320,29735901,-1,121.5427,24.9898,1000,6,1,1745047190,1774079229,0
LTE,466,97,11460,59144428,-1,121.5415,24.9884,1000,4,1,1745047339,1765639862,0
LTE,466,97,11320,29739741,-1,121.541,24.9878,1000,4,1,1745047399,1752416407,0
LTE,466,97,11460,59136694,-1,121.5353,24.9877,1000,17,1,1745047549,1777186562,0
LTE,466,97,11460,59137973,-1,121.5342,24.9894,1000,12,1,1745047569,1777186562,0
LTE,466,97,11460,59197060,-1,121.5335,24.9918,1000,1,1,1745047749,1745047749,0
LTE,466,97,11420,60243432,-1,121.5336,24.9915,1000,1,1,1745047710,1745047710,0
LTE,466,97,11460,59136747,-1,121.5324,24.9909,1000,3,1,1745047760,1745070903,0
LTE,466,97,11460,59136736,-1,121.5302,24.9885,1000,10,1,1745047779,1745070903,0
LTE,466,97,11460,59186101,-1,121.5285,24.9881,598,25,1,1745047809,1780917487,0
LTE,466,97,11460,59186103,-1,121.5262,24.9843,578,26,1,1745047829,1780917487,0
LTE,466,97,11460,59159683,-1,121.5236,24.9775,1000,6,1,1745047880,1745070906,0
LTE,466,97,11460,59153551,-1,121.5269,24.9737,1000,9,1,1745047930,1777186562,0
LTE,466,97,11460,59153550,-1,121.5264,24.9709,1000,16,1,1745047969,1777186562,0
LTE,466,97,11460,59153590,-1,121.5245,24.9711,1000,19,1,1745047989,1777186562,0
LTE,466,97,11350,60178921,-1,121.4968,24.9816,1000,13,1,1745048190,1776091387,0
LTE,466,97,11350,60167667,-1,121.4838,24.9895,1000,4,1,1745048266,1745070909,0
LTE,466,97,11350,60173199,-1,121.4801,24.9887,1000,8,1,1745048276,1752416407,0
LTE,466,97,11220,60416991,-1,121.4456,24.9718,1000,10,1,1745048459,1773480726,0
LTE,466,97,11220,60436701,-1,121.4444,24.9702,1000,23,1,1745048468,1776091387,0
LTE,466,97,11220,60427997,-1,121.44,24.9648,1000,17,1,1745048489,1752386103,0
LTE,466,97,11220,60427229,-1,121.4379,24.963,1000,14,1,1745048509,1776091387,0
LTE,466,97,11220,60427230,-1,121.4342,24.9612,1000,7,1,1745048529,1752386103,0
LTE,466,97,11220,60418014,-1,121.427,24.9595,1000,11,1,1745048541,1745070913,0
LTE,466,97,11220,60418035,-1,121.426,24.959,1000,15,1,1745048561,1760183708,0
LTE,466,97,11220,60442509,-1,121.4213,24.9569,1000,17,1,1745048581,1760183708,0
LTE,466,97,11220,60419470,-1,121.4163,24.9531,1000,17,1,1745048602,1772355543,0
LTE,466,97,11220,60419471,-1,121.406,24.9505,1000,10,1,1745048642,1745070916,0
LTE,466,97,11220,60419374,-1,121.4084,24.9504,1000,14,1,1745048662,1772355542,0
LTE,466,97,11310,60934542,-1,121.3989,24.9512,1000,11,1,1745048672,1745070916,0
LTE,466,97,11310,60678798,-1,121.3766,24.9505,1000,6,1,1745048763,1745070916,0
LTE,466,97,11310,60678838,-1,121.3751,24.9496,840,31,1,1745048773,1774079232,0
LTE,466,97,11310,60693429,-1,121.3718,24.9482,748,32,1,1745048793,1773480725,0
LTE,466,97,11310,60693223,-1,121.365,24.9435,713,26,1,1745048813,1766966164,0
LTE,466,97,11310,60694503,-1,121.362,24.9407,530,30,1,1745048863,1771110123,0
LTE,466,97,11310,60694504,-1,121.3593,24.9385,721,30,1,1745048873,1772355542,0
LTE,466,97,11310,61192680,-1,121.3374,24.9379,1000,8,1,1745048954,1745070920,0
LTE,466,97,22580,85509813,-1,121.3145,24.971,909,39,1,1745049164,1777186565,0
LTE,466,97,22580,85517032,-1,121.3113,24.9726,1000,11,1,1745049194,1772355483,0
LTE,466,97,22520,84497629,-1,121.292,24.9764,1000,7,1,1745049264,1745070926,0
LTE,466,97,22550,85514718,-1,121.2869,24.9789,1000,5,1,1745049284,1745070926,0
LTE,466,97,22520,84494582,-1,121.2831,24.9842,873,25,1,1745049334,1786768276,0
LTE,466,97,22520,84507061,-1,121.282,24.9971,1000,16,1,1745049384,1772355551,0
LTE,466,97,22600,86540786,-1,121.2566,25.0277,1000,6,1,1745049555,1752416410,0
LTE,466,97,22530,86561010,-1,121.2522,25.0283,1000,6,1,1745049575,1745070930,0
LTE,466,97,22530,86560981,-1,121.2393,25.0346,3441,27,1,1745049645,1780917484,0
LTE,466,97,22530,86279389,-1,121.2292,25.0275,1000,6,1,1745049731,1745070931,0
LTE,466,97,22530,86273166,-1,121.2276,25.0258,1000,10,1,1745049761,1765639867,0
LTE,466,97,22530,86284018,-1,121.2227,25.0214,1000,2,1,1745049801,1745070931,0
LTE,466,97,22530,81977199,-1,121.2051,25.0046,1000,3,1,1745050405,1752416411,0
LTE,466,92,11900,54089240,-1,121.5302,25.021,1000,6,1,1740959291,1745173442,0
LTE,466,92,11900,56923938,-1,121.5307,25.0214,1000,2,1,1740959403,1745173442,0
LTE,466,97,44190,206621296,-1,120.3187,22.6401,1000,3,1,1745655391,1745655422,0
LTE,466,97,44190,206621297,-1,120.3168,22.6403,1000,1,1,1745655391,1745655391,0
LTE,466,97,44190,206594516,-1,120.3152,22.6404,1000,3,1,1745655391,1745655422,0
LTE,466,97,44190,206594517,-1,120.3127,22.6406,1000,3,1,1745655391,1745655422,0
LTE,466,97,44190,206601910,-1,120.3094,22.6408,1000,2,1,1745655391,1745655422,0
LTE,466,97,44190,206601911,-1,120.3065,22.641,1000,3,1,1745655391,1745655422,0
LTE,466,97,44190,206641846,-1,120.304,22.6412,1000,3,1,1745655391,1745655422,0
LTE,466,97,44190,206595767,-1,120.303,22.6416,1000,2,1,1745655391,1745655422,0
LTE,466,97,44190,206603762,-1,120.3032,22.6449,1000,2,1,1745655391,1745655422,0
LTE,466,97,44190,206603763,-1,120.303,22.6434,1000,1,1,1745655391,1745655391,0
LTE,466,97,44190,206603761,-1,120.3031,22.6448,1000,2,1,1745655391,1745655422,0
LTE,466,97,44190,206625011,-1,120.3033,22.6463,1000,1,1,1745655391,1745655391,0
LTE,466,97,44190,206601614,-1,120.3034,22.6489,1000,2,1,1745655391,1745655422,0
LTE,466,97,44190,206601716,-1,120.3036,22.6506,1000,1,1,1745655391,1745655391,0
LTE,466,97,44190,205825522,-1,120.3037,22.6531,1000,4,1,1745655391,1745655422,0
LTE,466,97,44190,205825523,-1,120.3036,22.6553,1000,2,1,1745655391,1745655422,0
LTE,466,97,44190,205830070,-1,120.3033,22.6579,1000,5,1,1745655391,1745655422,0
LTE,466,97,44190,205830069,-1,120.3032,22.6594,1000,2,1,1745655391,1745655422,0
LTE,466,97,44190,208160181,-1,120.3034,22.6656,1000,4,1,1745655391,1745655422,0
LTE,466,97,44190,208160111,-1,120.3033,22.6628,1000,3,1,1745655391,1745655422,0
LTE,466,97,44190,205843470,-1,120.3033,22.666,1000,2,1,1745655391,1745670541,0
LTE,466,97,44290,208133303,-1,120.3034,22.6654,1000,2,1,1745655391,1745655422,0
LTE,466,97,44290,208156855,-1,120.3033,22.6694,1000,5,1,1745655391,1745655422,0
LTE,466,97,44290,208156815,-1,120.3035,22.6702,1000,1,1,1745655391,1745655391,0
LTE,466,97,44290,208156854,-1,120.3034,22.6703,1000,1,1,1745655391,1745655391,0
LTE,466,97,44290,208147895,-1,120.3033,22.6687,1000,2,1,1745655391,1745655422,0
LTE,466,97,44290,208147894,-1,120.3033,22.6682,1000,1,1,1745655391,1745655391,0
LTE,466,97,44290,208156895,-1,120.3032,22.6683,1000,5,1,1745660175,1745660221,0
LTE,466,97,44290,208147855,-1,120.3024,22.6679,1000,1,1,1745660175,1745660175,0
LTE,466,97,44290,208141353,-1,120.3022,22.6687,1000,1,1,1745660175,1745660175,0
LTE,466,97,44290,208141355,-1,120.3022,22.6683,1000,1,1,1745660175,1745660175,0
LTE,466,97,44290,208156785,-1,120.3029,22.6682,1000,9,1,1745668463,1745670541,0
LTE,466,97,44290,208156374,-1,120.3022,22.6686,1000,2,1,1745668463,1745668501,0
LTE,466,97,44290,208141325,-1,120.3024,22.6683,1000,1,1,1745668463,1745668463,0
LTE,466,97,44290,208147845,-1,120.3038,22.6684,1000,5,1,1745670488,1745670541,0
LTE,466,97,44190,208153987,-1,120.3051,22.6587,1000,2,1,1745670488,1745670541,0
LTE,466,97,44190,208153989,-1,120.3052,22.6575,1000,1,1,1745670488,1745670488,0
LTE,466,97,44190,205840259,-1,120.2891,22.6513,1000,6,1,1745670488,1745681642,0
LTE,466,97,44190,205840261,-1,120.2871,22.6514,1000,4,1,1745670488,1745681642,0
LTE,466,97,44190,205825058,-1,120.2852,22.652,1000,4,1,1745670488,1745681642,0
LTE,466,92,37300,182410795,-1,120.3193,22.6401,1000,2,1,1745664268,1745677141,0
LTE,466,92,37300,182410815,-1,120.317,22.6403,1000,2,1,1745664283,1745677141,0
LTE,466,92,37301,182256653,-1,120.3115,22.6407,1000,2,1,1745664430,1745677141,0
LTE,466,92,37301,182256673,-1,120.3093,22.641,1000,3,1,1745664447,1745677141,0
LTE,466,92,37301,182256683,-1,120.3085,22.6409,1000,1,1,1745664534,1745664534,0
LTE,466,92,37301,183636297,-1,120.3054,22.6411,1000,6,1,1745664540,1745677141,0
LTE,466,92,37301,183885837,-1,120.303,22.6422,1000,1,1,1745664636,1745664636,0
LTE,466,92,37301,182811967,-1,120.3029,22.6425,1000,1,1,1745664646,1745664646,0
LTE,466,92,37301,182811947,-1,120.303,22.6435,1000,2,1,1745664680,1745677141,0
LTE,466,92,37300,183635243,-1,120.3035,22.6503,1000,2,1,1745664725,1745677141,0
LTE,466,92,37300,183697195,-1,120.3027,22.6544,1000,3,1,1745664790,1745677141,0
LTE,466,92,37300,183697205,-1,120.3008,22.6544,1000,5,1,1745664812,1745677141,0
LTE,466,92,37300,182659115,-1,120.3002,22.6554,1000,2,1,1745664915,1745677141,0
LTE,466,92,37300,183697215,-1,120.3012,22.6557,1000,3,1,1745666719,1745677141,0
LTE,466,97,44190,206641639,-1,120.292,22.6426,1000,6,1,1745681600,1745681642,0
LTE,466,97,44190,206641640,-1,120.2957,22.6417,1000,1,1,1745681600,1745681600,0
LTE,466,97,44190,206641895,-1,120.3001,22.6414,1000,1,1,1745681600,1745681600,0
LTE,466,97,44190,206594537,-1,120.3121,22.6406,1000,4,1,1745681600,1745681642,0
LTE,466,97,44190,206594536,-1,120.3149,22.6403,1000,4,1,1745681600,1745681642,0
LTE,466,97,44400,205318129,-1,120.3201,22.6395,1000,2,1,1745681600,1745681642,0
LTE,466,97,44400,205318069,-1,120.3203,22.6394,1000,1,1,1745681600,1745681600,0
LTE,466,97,22530,81957559,-1,121.219,25.0085,1000,20,1,1746077302,1784978342,0
LTE,466,97,22530,81934261,-1,121.2142,25.0043,500,25,1,1746077579,1784978341,0
UMTS,466,92,54528,209735437,0,120.0064,26.2232,1000,1,1,1746109945,1746109945,0
LTE,466,97,22530,81989306,-1,121.2155,25.0118,1000,14,1,1746080526,1781622062,0
LTE,466,97,22530,81988794,-1,121.2173,25.0131,570,25,1,1746080630,1781622062,0
LTE,466,97,22530,81989305,-1,121.2197,25.0112,1000,21,1,1746081926,1784978342,0
LTE,466,97,22530,81934321,-1,121.2131,25.0032,1000,13,1,1746339633,1777637402,0
LTE,466,92,24300,106040895,-1,120.6518,24.1397,1000,3,1,1741570698,1768723566,0
LTE,466,92,24950,106683149,-1,120.6365,24.1487,1000,1,1,1741571568,1741571568,0
LTE,466,92,24300,106081324,-1,120.6409,24.1483,1000,7,1,1741574252,1746739922,0
LTE,466,92,24300,106081325,-1,120.6421,24.1473,1000,5,1,1741574352,1746739922,0
LTE,466,92,24300,106081344,-1,120.6407,24.1477,1000,6,1,1741574632,1746739922,0
LTE,466,92,24300,106081343,-1,120.6407,24.1473,1000,1,1,1741575948,1741575948,0
LTE,466,92,24300,106042176,-1,120.6445,24.1469,1000,5,1,1741576008,1746739922,0
LTE,466,92,24300,106042127,-1,120.6485,24.1469,1000,4,1,1741576158,1746739923,0
LTE,466,92,24300,105879103,-1,120.6503,24.1469,1000,3,1,1741576208,1746739923,0
LTE,466,92,24300,105958434,-1,120.6531,24.1468,1000,3,1,1741576308,1746739923,0
LTE,466,92,24300,105456939,-1,120.6594,24.1468,1000,5,1,1741576588,1746739923,0
LTE,466,92,24300,105456940,-1,120.6612,24.1468,1000,2,1,1741576638,1746739923,0
LTE,466,92,24101,105867277,-1,120.6617,24.147,1000,4,1,1741576728,1746740043,0
LTE,466,92,24100,106863118,-1,120.6923,24.1699,1000,3,1,1741628615,1746739923,0
LTE,466,92,24100,106859071,-1,120.6946,24.1691,1000,1,1,1741647579,1741647579,0
LTE,466,92,24100,108456462,-1,120.6993,24.1706,1000,1,1,1741711547,1741711547,0
LTE,466,92,24300,105880087,-1,120.6594,24.1335,1000,1,1,1741746689,1741746689,0
LTE,466,92,24300,106012224,-1,120.6592,24.1337,1000,1,1,1741746739,1741746739,0
LTE,466,92,24300,107428128,-1,120.6572,24.1353,1000,1,1,1741748210,1741748210,0
LTE,466,92,24300,105413696,-1,120.6575,24.1344,1000,11,1,1741748270,1746739990,0
LTE,466,92,24300,106042678,-1,120.6575,24.1392,1000,4,1,1741749040,1746739923,0
LTE,466,92,24300,106042677,-1,120.6574,24.1397,1000,1,1,1741749130,1741749130,0
LTE,466,92,24101,105326636,-1,120.6576,24.1537,1000,5,1,1741749600,1746739924,0
LTE,466,92,24101,105454870,-1,120.6596,24.1568,1000,2,1,1741749780,1746739924,0
LTE,466,92,24101,106041898,-1,120.6603,24.1579,1000,3,1,1741749810,1746739924,0
LTE,466,92,24101,105454860,-1,120.6606,24.1584,1000,1,1,1741749830,1741749830,0
LTE,466,92,24101,105454882,-1,120.6614,24.1596,1000,6,1,1741749850,1746739924,0
LTE,466,92,24101,106018102,-1,120.6709,24.1628,1000,7,1,1741750070,1768723504,0
LTE,466,92,24101,106018100,-1,120.6698,24.1628,1000,3,1,1741750100,1746739924,0
LTE,466,92,24101,105904436,-1,120.6741,24.1629,1000,1,1,1741750220,1741750220,0
LTE,466,92,24101,109981730,-1,120.6776,24.1632,1000,5,1,1741750330,1746739924,0
LTE,466,92,24101,109981720,-1,120.6795,24.1632,1000,2,1,1741750350,1746739924,0
LTE,466,92,24100,106045206,-1,120.6811,24.1631,1000,4,1,1741750400,1746739924,0
LTE,466,92,24101,109981719,-1,120.6806,24.1632,1000,1,1,1741750460,1741750460,0
LTE,466,92,24100,106045236,-1,120.682,24.1631,1000,1,1,1741750490,1741750490,0
LTE,466,92,24100,106045238,-1,120.6832,24.1631,1000,3,1,1741750500,1746739924,0
LTE,466,92,24100,109981749,-1,120.6917,24.1624,1000,2,1,1741751450,1746739924,0
LTE,466,92,24600,105689398,-1,120.714,24.2445,1000,5,1,1741896667,1746739985,0
LTE,466,92,24600,106269228,-1,120.712,24.2461,1000,12,1,1741896674,1746739985,0
LTE,466,92,24600,105960206,-1,120.7091,24.2523,1000,4,1,1741896864,1746739925,0
LTE,466,92,24600,106123052,-1,120.7036,24.2485,1000,12,1,1741899309,1746739982,0
LTE,466,92,24600,106123072,-1,120.7032,24.2495,1000,13,1,1741899319,1746739982,0
LTE,466,92,24500,106279438,-1,120.7004,24.2493,1000,6,1,1741899339,1746739925,0
LTE,466,92,24500,106279458,-1,120.6977,24.2488,1000,4,1,1741899449,1746739925,0
LTE,466,92,24500,106140184,-1,120.6853,24.2467,1000,5,1,1741899609,1746739925,0
LTE,466,92,24500,106140194,-1,120.6823,24.2461,1000,7,1,1741899629,1746739925,0
LTE,466,92,24500,106526999,-1,120.6802,24.2448,1000,2,1,1741899699,1746739925,0
LTE,466,92,24500,106663437,-1,120.6786,24.2437,1000,6,1,1741899759,1746739925,0
LTE,466,92,24500,106663457,-1,120.677,24.2425,1000,3,1,1741899789,1746739925,0
LTE,466,92,24500,106688811,-1,120.6757,24.2417,1000,4,1,1741899799,1746739925,0
LTE,466,92,24500,106688831,-1,120.6738,24.2404,1000,4,1,1741899809,1746739925,0
LTE,466,92,24500,105573133,-1,120.6717,24.2389,1000,4,1,1741899829,1746739925,0
LTE,466,92,24500,105573153,-1,120.6692,24.2373,1000,7,1,1741899849,1746739925,0
LTE,466,92,24500,106131490,-1,120.6656,24.2348,1000,10,1,1741899919,1746739925,0
LTE,466,92,24500,106131520,-1,120.6632,24.2332,1000,2,1,1741899959,1746739925,0
LTE,466,92,24500,106532632,-1,120.6595,24.2316,1000,11,1,1741899999,1746739925,0
LTE,466,92,24500,106128949,-1,120.6554,24.2301,1000,4,1,1741900069,1746739926,0
LTE,466,92,24500,106128950,-1,120.6529,24.2287,1000,8,1,1741900139,1746739926,0
LTE,466,92,24500,105475126,-1,120.6499,24.2269,1000,7,1,1741900189,1746739926,0
LTE,466,92,24500,105431566,-1,120.6485,24.2257,1000,2,1,1741900239,1746739926,0
LTE,466,92,24500,105431586,-1,120.648,24.2252,1000,2,1,1741900259,1746739926,0
LTE,466,92,24500,106676544,-1,120.6504,24.2178,1000,15,1,1741901179,1760143142,0
LTE,466,92,24500,106542636,-1,120.6456,24.2113,1000,9,1,1741901329,1746739926,0
LTE,466,92,24500,106542646,-1,120.6442,24.2072,1000,9,1,1741901369,1746739926,0
LTE,466,92,24950,105897259,-1,120.6445,24.2039,1000,5,1,1741901459,1746739926,0
LTE,466,92,24950,106600000,-1,120.6435,24.2004,1000,8,1,1741901539,1746739926,0
LTE,466,92,24950,104305934,-1,120.6446,24.194,1000,4,1,1741901779,1746739926,0
LTE,466,92,24950,105472556,-1,120.6452,24.1927,1000,2,1,1741901819,1746739926,0
LTE,466,92,24950,105472584,-1,120.6405,24.1876,1000,1,1,1741901909,1741901909,0
LTE,466,92,24950,106561058,-1,120.6408,24.1873,1000,2,1,1741901919,1746739926,0
LTE,466,92,24950,106871308,-1,120.6442,24.187,1000,2,1,1741901959,1746739926,0
LTE,466,92,24950,106051855,-1,120.6449,24.1826,1000,1,1,1741902079,1741902079,0
LTE,466,92,24950,105899288,-1,120.6448,24.179,1000,6,1,1741902729,1746739926,0
LTE,466,92,24950,105899287,-1,120.6442,24.1788,1000,1,1,1741903529,1741903529,0
LTE,466,92,24950,108604214,-1,120.6422,24.1777,1000,5,1,1741903709,1746739926,0
LTE,466,92,24950,106030646,-1,120.6381,24.1744,1000,6,1,1741903849,1746739926,0
LTE,466,92,24950,106030636,-1,120.6376,24.1752,1000,2,1,1741903869,1746739926,0
LTE,466,92,24950,106029593,-1,120.6411,24.1673,1000,5,1,1741904209,1746739927,0
LTE,466,92,24950,107426339,-1,120.6429,24.1661,1000,2,1,1741904299,1746739927,0
LTE,466,92,24950,106042166,-1,120.6424,24.1623,1000,3,1,1741904419,1746739927,0
LTE,466,92,24101,105893469,-1,120.6434,24.1618,1000,2,1,1741904429,1746739927,0
LTE,466,92,24101,105413920,-1,120.6438,24.1615,1000,1,1,1741904449,1741904449,0
LTE,466,92,24101,105893470,-1,120.6438,24.1613,1000,2,1,1741904469,1746739927,0
LTE,466,92,24101,105968202,-1,120.6471,24.1614,1000,3,1,1741907460,1746739927,0
LTE,466,92,24101,105893400,-1,120.646,24.1623,1000,2,1,1741907500,1746739927,0
LTE,466,92,24101,105893409,-1,120.6468,24.1618,1000,3,1,1741908920,1746739927,0
LTE,466,92,24101,105968201,-1,120.6469,24.1617,1000,4,1,1741909180,1746739927,0
LTE,466,92,24950,107419711,-1,120.6473,24.1612,1000,1,1,1741909430,1741909430,0
LTE,466,92,24950,107419710,-1,120.6475,24.1614,1000,1,1,1741909410,1741909410,0
LTE,466,92,24101,105968182,-1,120.648,24.1601,1000,16,1,1741909690,1746739927,0
LTE,466,92,24101,105880384,-1,120.6489,24.16,1000,5,1,1741909760,1746739986,0
LTE,466,92,24101,105880383,-1,120.6492,24.1599,1000,3,1,1741910060,1746739986,0
LTE,466,92,24300,105863467,-1,120.6892,24.141,1000,4,1,1741921957,1746739927,0
LTE,466,92,24300,103480590,-1,120.6952,24.1417,1000,3,1,1741922277,1746739927,0
LTE,466,92,24300,105962282,-1,120.6973,24.1392,1000,6,1,1741922317,1746739927,0
LTE,466,92,24300,105874741,-1,120.7055,24.1386,1000,10,1,1741922527,1768723567,0
LTE,466,92,24300,106088204,-1,120.7061,24.1435,1000,2,1,1741922717,1746739928,0
LTE,466,92,24300,106088236,-1,120.706,24.1437,1000,6,1,1741922777,1768723567,0
LTE,466,92,24300,105664545,-1,120.7091,24.1446,1000,2,1,1741922917,1746739928,0
LTE,466,92,24400,107437878,-1,120.7192,24.1555,1000,8,1,1741923567,1754115602,0
LTE,466,92,24400,105418028,-1,120.7275,24.1565,500,34,1,1741923707,1754115604,0
LTE,466,92,24400,105418009,-1,120.7242,24.1575,1000,2,1,1741923717,1746739928,0
LTE,466,92,24400,105470015,-1,120.7243,24.1576,1000,5,1,1741923727,1754115601,0
LTE,466,92,24400,105965327,-1,120.7248,24.1583,1000,1,1,1741923747,1741923747,0
LTE,466,92,24400,105965326,-1,120.7249,24.1603,1000,11,1,1741923767,1754115604,0
LTE,466,92,24400,107459618,-1,120.7271,24.1604,1000,14,1,1741923847,1768723623,0
LTE,466,92,24400,105469760,-1,120.7285,24.1496,1000,13,1,1741924147,1754115604,0
LTE,466,92,24400,105397046,-1,120.7291,24.1492,1881,16,1,1741924187,1768723624,0
LTE,466,92,24400,105469740,-1,120.7315,24.1504,1000,16,1,1741924267,1754115604,0
LTE,466,92,24400,108655640,-1,120.7394,24.1773,1000,12,1,1741925637,1768723622,0
LTE,466,92,24400,108655630,-1,120.7398,24.1787,1000,8,1,1741925657,1768723622,0
LTE,466,92,24400,105965356,-1,120.7226,24.1767,1000,24,1,1741926007,1754115605,0
LTE,466,92,24400,105965355,-1,120.7227,24.1773,1000,3,1,1741926267,1754115605,0
LTE,466,92,24100,107419446,-1,120.6906,24.1671,1000,4,1,1742172203,1746739929,0
LTE,466,92,24100,106859032,-1,120.6881,24.167,1000,5,1,1742172253,1746739929,0
LTE,466,92,24100,105873718,-1,120.686,24.1671,1000,5,1,1742172273,1746739929,0
LTE,466,92,24100,105427980,-1,120.6814,24.1672,1000,2,1,1742172373,1746739929,0
LTE,466,92,24100,105427982,-1,120.6799,24.1672,1000,4,1,1742172393,1746739929,0
LTE,466,92,24101,106020662,-1,120.6781,24.1672,1000,4,1,1742172443,1746739929,0
LTE,466,92,24101,105439000,-1,120.6764,24.1671,1000,2,1,1742172473,1746739929,0
LTE,466,92,24101,105438990,-1,120.6747,24.1671,1000,4,1,1742172523,1746739929,0
LTE,466,92,24101,104722189,-1,120.6635,24.1662,1000,2,1,1742172853,1746739929,0
LTE,466,92,24101,105454901,-1,120.6629,24.1658,1000,2,1,1742172873,1746739929,0
LTE,466,92,24101,105454911,-1,120.6621,24.1657,1000,2,1,1742172893,1746739929,0
LTE,466,92,24101,106048780,-1,120.6605,24.1683,1000,5,1,1742172953,1746739930,0
LTE,466,92,24101,106048790,-1,120.6607,24.1679,1000,5,1,1742172973,1746739930,0
LTE,466,92,24101,106608180,-1,120.6589,24.1708,1000,3,1,1742173043,1746739930,0
LTE,466,92,24101,106608181,-1,120.657,24.1701,1000,6,1,1742173093,1746739930,0
LTE,466,92,24300,106602815,-1,120.6754,24.1317,1000,2,1,1742233070,1746739930,0
LTE,466,92,24300,106977815,-1,120.6734,24.1305,1000,4,1,1742233480,1746739930,0
LTE,466,92,24100,106045996,-1,120.6996,24.1806,1000,2,1,1742253969,1746739930,0
LTE,466,92,24100,105883661,-1,120.6833,24.1795,1000,2,1,1742318382,1746739930,0
LTE,466,92,24101,106048802,-1,120.6591,24.1711,1000,1,1,1742325451,1742325451,0
LTE,466,92,24101,106048782,-1,120.6603,24.1686,1000,2,1,1742325531,1746739930,0
LTE,466,92,24101,106027574,-1,120.662,24.164,1000,8,1,1742325711,1746739930,0
LTE,466,92,24101,106043958,-1,120.6654,24.1595,1000,3,1,1742325981,1746739930,0
LTE,466,92,24101,106043968,-1,120.6637,24.1573,1000,8,1,1742326011,1746739930,0
LTE,466,92,24101,106041910,-1,120.6617,24.1537,1000,3,1,1742326221,1746739930,0
LTE,466,92,24101,106854680,-1,120.6617,24.1522,1000,3,1,1742326241,1746739930,0
LTE,466,92,24101,106031936,-1,120.6626,24.151,1000,5,1,1742326281,1746740043,0
LTE,466,92,24300,105456931,-1,120.6572,24.1488,1000,7,1,1742327287,1746739931,0
LTE,466,92,24300,105456921,-1,120.6572,24.1457,1000,4,1,1742327637,1746739931,0
LTE,466,92,24300,106040857,-1,120.6572,24.1433,1000,6,1,1742327677,1746739931,0
LTE,466,92,24300,108602410,-1,120.6585,24.1399,1000,1,1,1742329157,1742329157,0
LTE,466,92,24300,107428108,-1,120.6586,24.1399,1000,1,1,1742329177,1742329177,0
LTE,466,92,24300,107428111,-1,120.659,24.1385,1000,3,1,1742329217,1746739985,0
LTE,466,92,24300,107428151,-1,120.6593,24.1394,1000,1,1,1742329257,1742329257,0
LTE,466,92,24300,107004686,-1,120.6489,24.1379,1000,3,1,1742501230,1746739931,0
LTE,466,92,24300,107004726,-1,120.6481,24.1372,1000,7,1,1742501520,1746739931,0
LTE,466,92,24300,107004725,-1,120.648,24.1372,1000,1,1,1742501700,1742501700,0
LTE,466,92,24300,104062478,-1,120.648,24.1372,1000,1,1,1742501760,1742501760,0
LTE,466,92,24950,106081294,-1,120.6376,24.1383,1000,6,1,1742503830,1746739931,0
LTE,466,92,24950,105859372,-1,120.6384,24.1404,1000,3,1,1742503940,1746739931,0
LTE,466,92,24950,127163150,-1,120.6356,24.1498,1000,2,1,1742504230,1746739931,0
LTE,466,92,24950,107183700,-1,120.6353,24.1514,1000,5,1,1742504270,1746739932,0
LTE,466,92,24950,105707584,-1,120.6349,24.1529,1000,2,1,1742504320,1746739932,0
LTE,466,92,24950,105707564,-1,120.6348,24.154,1000,4,1,1742504350,1746739932,0
LTE,466,92,24950,105967640,-1,120.6323,24.1548,1000,10,1,1742508845,1746739932,0
LTE,466,92,24950,106895660,-1,120.6303,24.1522,1000,6,1,1742508905,1746739932,0
LTE,466,92,24950,106091071,-1,120.6288,24.1536,1000,5,1,1742508945,1746739932,0
LTE,466,92,24950,106895640,-1,120.6297,24.1552,1000,5,1,1742508975,1746739932,0
LTE,466,92,24600,105882647,-1,120.7077,24.2372,1000,10,1,1742678791,1746739982,0
LTE,466,92,24500,106138638,-1,120.7033,24.2377,1000,10,1,1742678831,1754115605,0
LTE,466,92,24500,106124578,-1,120.7088,24.2595,1000,5,1,1742679191,1746739982,0
LTE,466,92,24600,106107691,-1,120.7106,24.2616,1000,11,1,1742679281,1746739982,0
LTE,466,92,24500,105378317,-1,120.7094,24.2656,1000,9,1,1742679341,1746739982,0
LTE,466,92,24500,106127628,-1,120.7077,24.2682,1000,3,1,1742679451,1746739982,0
LTE,466,92,24600,106107690,-1,120.7079,24.2683,1000,1,1,1742679491,1742679491,0
LTE,466,92,24500,106056716,-1,120.7077,24.2683,1000,1,1,1742684753,1742684753,0
LTE,466,92,24500,105713215,-1,120.7074,24.2684,1000,1,1,1742684793,1742684793,0
LTE,466,92,24600,106691904,-1,120.7113,24.2625,1000,3,1,1742687604,1746739982,0
LTE,466,92,24600,106123022,-1,120.7057,24.2527,1000,6,1,1742687764,1746739982,0
LTE,466,92,24600,106123051,-1,120.7031,24.2471,1000,1,1,1742691918,1742691918,0
LTE,466,92,24600,106061336,-1,120.7036,24.24,1000,10,1,1742692659,1754115605,0
LTE,466,92,24600,106724928,-1,120.7096,24.2392,1000,7,1,1742692778,1754115605,0
LTE,466,92,24400,108581399,-1,120.7224,24.1884,1000,2,1,1742693388,1746739983,0
LTE,466,92,24600,106124045,-1,120.8408,24.2207,1000,2,1,1742759283,1746739983,0
LTE,466,92,24600,108827425,-1,120.7768,24.2764,1000,7,1,1743037403,1746739984,0
LTE,466,92,24600,108827405,-1,120.7771,24.2759,1000,1,1,1743037423,1743037423,0
LTE,466,92,24600,106283061,-1,120.7738,24.2772,1000,9,1,1743037533,1746739984,0
LTE,466,92,24600,106283051,-1,120.7765,24.2766,1000,2,1,1743037543,1746739984,0
LTE,466,92,24600,105864766,-1,120.7763,24.2767,1000,1,1,1743037643,1743037643,0
LTE,466,92,24600,108827424,-1,120.7765,24.2768,1000,1,1,1743037733,1743037733,0
LTE,466,92,24600,106283060,-1,120.7764,24.2766,1000,1,1,1743037773,1743037773,0
LTE,466,92,24600,106283071,-1,120.7692,24.2783,1000,9,1,1743038243,1746739984,0
LTE,466,92,24600,106283072,-1,120.7668,24.2783,1000,4,1,1743038283,1746739984,0
LTE,466,92,24500,106124567,-1,120.7107,24.2552,1000,1,1,1743040631,1743040631,0
LTE,466,92,24300,105665295,-1,120.6628,24.1263,1000,2,1,1743375055,1746739985,0
LTE,466,92,24300,106012223,-1,120.6595,24.1333,1000,3,1,1743375265,1746739985,0
LTE,466,92,24300,108600610,-1,120.6557,24.1358,1000,1,1,1743375985,1743375985,0
LTE,466,92,24300,106012195,-1,120.6589,24.1365,1000,1,1,1743376735,1743376735,0
LTE,466,92,24100,107459874,-1,120.7077,24.1847,1000,8,1,1744064559,1746739986,0
LTE,466,92,24600,105439552,-1,120.707,24.1894,1000,2,1,1744064669,1746739986,0
LTE,466,92,24101,105880364,-1,120.6497,24.1597,1000,1,1,1744075046,1744075046,0
LTE,466,92,24101,105880374,-1,120.6507,24.1592,1000,6,1,1744075076,1746739986,0
LTE,466,92,24101,105880385,-1,120.6504,24.1594,1000,1,1,1744075146,1744075146,0
LTE,466,92,24101,105880373,-1,120.6505,24.1594,1000,1,1,1744075166,1744075166,0
LTE,466,92,24101,107458582,-1,120.6516,24.1589,1000,2,1,1744075636,1746739986,0
LTE,466,92,24101,107458572,-1,120.6516,24.159,1000,1,1,1744075656,1744075656,0
LTE,466,92,24101,106041123,-1,120.6543,24.1562,1000,5,1,1744076506,1746739986,0
LTE,466,92,24101,105878573,-1,120.6543,24.1568,1000,1,1,1744078036,1744078036,0
LTE,466,92,24100,106043435,-1,120.689,24.1571,1000,2,1,1744086932,1746739986,0
LTE,466,92,24100,105457707,-1,120.6983,24.165,1000,3,1,1744088686,1746739987,0
LTE,466,92,24100,111166220,-1,120.7006,24.1649,1000,5,1,1744088806,1746739987,0
LTE,466,92,24100,108590860,-1,120.703,24.1649,1000,5,1,1744088826,1746739987,0
LTE,466,92,24100,108579864,-1,120.7084,24.1673,1000,6,1,1744089096,1746739987,0
LTE,466,92,24400,105965376,-1,120.7225,24.1729,1000,7,1,1744301033,1768723628,0
LTE,466,92,24400,105965366,-1,120.7228,24.1748,1000,7,1,1744301053,1768723628,0
LTE,466,92,24300,107271989,-1,120.6636,24.1414,1000,3,1,1744321712,1746739987,0
LTE,466,92,24300,105327384,-1,120.6634,24.1411,1000,9,1,1744321792,1746739987,0
LTE,466,92,24600,106549015,-1,120.7916,24.1996,1000,9,1,1744573813,1746739987,0
LTE,466,92,24600,106137366,-1,120.8222,24.1743,1000,2,1,1744574463,1746739988,0
LTE,466,92,24600,106304043,-1,120.8404,24.1852,1000,8,1,1744575073,1768723628,0
LTE,466,92,24600,105529111,-1,120.8709,24.1826,1000,3,1,1744647518,1746739989,0
LTE,466,92,24300,107004697,-1,120.6468,24.1373,1000,1,1,1745185259,1745185259,0
LTE,466,92,24300,109212745,-1,120.6501,24.1366,1000,4,1,1745185399,1746739990,0
LTE,466,92,24300,106041654,-1,120.6516,24.1361,1000,3,1,1745185419,1746739990,0
LTE,466,92,24300,106012213,-1,120.6609,24.1327,1000,1,1,1745185679,1745185679,0
LTE,466,92,24300,106023476,-1,120.6757,24.1345,1000,1,1,1745191637,1745191637,0
LTE,466,92,24300,106322485,-1,120.6759,24.1416,1000,2,1,1745199138,1746739990,0
LTE,466,92,24300,106322484,-1,120.6762,24.1418,1000,2,1,1745199148,1746739991,0
LTE,466,92,24300,106322474,-1,120.6766,24.1417,1000,1,1,1745199438,1745199438,0
LTE,466,92,24500,107367990,-1,120.6577,24.1957,1000,8,1,1745272284,1768723622,0
LTE,466,92,24500,105891872,-1,120.6592,24.1937,1000,5,1,1745272304,1746739991,0
LTE,466,92,24101,105524051,-1,120.6623,24.1886,1000,3,1,1745272364,1746739991,0
LTE,466,92,24101,105524041,-1,120.6633,24.1868,1000,6,1,1745272454,1746739991,0
LTE,466,92,24101,106578249,-1,120.6646,24.1845,1000,7,1,1745272474,1746739991,0
LTE,466,92,24101,106094399,-1,120.6658,24.1826,1000,2,1,1745272504,1746739991,0
LTE,466,92,24101,106094389,-1,120.6663,24.1816,1000,2,1,1745272524,1746739991,0
LTE,466,92,24100,107427391,-1,120.686,24.1564,1000,3,1,1745464623,1746739992,0
LTE,466,92,24100,106043445,-1,120.687,24.1559,1000,1,1,1745464803,1745464803,0
LTE,466,92,24400,109139223,-1,120.7128,24.1644,1000,2,1,1746379482,1746740041,0
LTE,466,92,24400,109139213,-1,120.7142,24.164,1000,4,1,1746379492,1746740041,0
LTE,466,92,24400,106058283,-1,120.7131,24.1593,1000,1,1,1746379652,1746379652,0
LTE,466,92,24400,106058284,-1,120.7126,24.1578,1000,6,1,1746379672,1746740042,0
LTE,466,92,24400,104141837,-1,120.7116,24.1538,1000,2,1,1746379822,1746740042,0
LTE,466,92,24400,106684705,-1,120.7107,24.1506,1000,3,1,1746379922,1746740042,0
LTE,466,92,24100,105664802,-1,120.6975,24.1482,1000,1,1,1746380812,1746380812,0
LTE,466,92,24100,106565430,-1,120.6972,24.147,1000,2,1,1746381392,1746740042,0
LTE,466,92,24100,106092302,-1,120.6957,24.1447,1000,8,1,1746381472,1760143142,0
LTE,466,92,24300,105962303,-1,120.6957,24.1422,1000,1,1,1746381532,1746381532,0
LTE,466,92,24300,105863469,-1,120.6929,24.1402,1000,1,1,1746381592,1746381592,0
LTE,466,92,24300,105863489,-1,120.686,24.1394,1000,3,1,1746381912,1746740042,0
LTE,466,92,24101,105414689,-1,120.6688,24.1463,1000,5,1,1746388462,1746740042,0
LTE,466,92,24300,107428149,-1,120.6628,24.1383,1000,1,1,1746398912,1746398912,0
LTE,466,92,24300,106012175,-1,120.6617,24.1395,1000,1,1,1746401195,1746401195,0
LTE,466,92,24300,106599733,-1,120.6616,24.144,1000,4,1,1746401859,1746740043,0
LTE,466,92,24300,106599723,-1,120.6616,24.1459,1000,4,1,1746401899,1746740043,0
LTE,466,92,24101,106031926,-1,120.6638,24.1509,1000,1,1,1746402069,1746402069,0
LTE,466,92,24101,105967395,-1,120.6686,24.1509,1000,2,1,1746402279,1746740043,0
LTE,466,92,24101,105331746,-1,120.6683,24.1541,1000,4,1,1746403419,1768723504,0
LTE,466,92,24101,105331736,-1,120.6698,24.1532,1000,6,1,1746404773,1746740043,0
LTE,466,92,24101,105331726,-1,120.671,24.155,1000,11,1,1746405063,1746740043,0
LTE,466,92,24101,105331725,-1,120.6712,24.1551,1000,1,1,1746406878,1746406878,0
LTE,466,92,24101,106105634,-1,120.6717,24.1581,1000,12,1,1746407518,1754115603,0
LTE,466,92,24101,105416245,-1,120.6705,24.161,1000,4,1,1746407588,1746740043,0
LTE,466,92,24101,105416205,-1,120.6705,24.1621,1000,2,1,1746407608,1746740043,0
LTE,466,92,24101,106018101,-1,120.6719,24.1629,1000,6,1,1746407698,1746740043,0
LTE,466,92,24101,105904437,-1,120.6741,24.1629,1000,1,1,1746407798,1746407798,0
LTE,466,92,24101,109981729,-1,120.6744,24.1634,1000,3,1,1746407808,1746740043,0
LTE,466,92,24101,106018091,-1,120.6741,24.1648,1000,2,1,1746407898,1746740043,0
LTE,466,92,24101,105439009,-1,120.6736,24.1661,1000,2,1,1746407918,1746740043,0
LTE,466,92,24101,108599309,-1,120.6727,24.169,1000,5,1,1746407958,1746740043,0
LTE,466,92,24101,126380301,-1,120.6722,24.1706,1000,2,1,1746408088,1746740043,0
LTE,466,92,24101,108599329,-1,120.6719,24.1718,1000,4,1,1746408108,1746740043,0
LTE,466,97,22530,82007538,-1,121.2162,25.0063,1000,15,1,1746343355,1777795982,0
LTE,466,97,22530,81957619,-1,121.2192,25.0082,1000,8,1,1746343425,1781622064,0
LTE,466,97,22530,82007537,-1,121.2214,25.0126,1000,12,1,1746343519,1784978342,0
LTE,466,97,22530,81934322,-1,121.216,25.0051,1000,5,1,1746771683,1748159041,0
LTE,466,97,22530,81934262,-1,121.2144,25.0037,1000,7,1,1746771842,1772369701,0
LTE,466,92,11401,62385941,0,121.5642,25.0294,1000,4,1,1747550077,1747570083,0
LTE,466,92,11401,62385943,0,121.5641,25.0295,1000,1,1,1747550456,1747550456,0
LTE,466,92,11401,54418203,0,121.5565,25.0431,1000,1,1,1747551481,1747551481,0
LTE,466,89,33210,167681905,-1,120.3579,23.6401,1000,2,1,1744098730,1748066822,0
LTE,466,89,22520,84507062,-1,121.2767,24.9923,1000,4,1,1748043812,1748066822,0
LTE,466,89,22520,84507012,-1,121.2772,24.9915,1000,1,1,1748043784,1748043784,0
LTE,466,89,22520,84493801,-1,121.2851,25.0004,1000,17,1,1748044009,1749555844,0
LTE,466,89,22520,84536807,-1,121.2797,25.0112,1000,4,1,1748044108,1748066822,0
LTE,466,89,22600,86533611,-1,121.2981,25.0366,1000,1,1,1748044332,1748044332,0
LTE,466,89,22600,86533621,-1,121.2972,25.0386,1000,7,1,1748044448,1760527265,0
LTE,466,89,22600,86532493,-1,121.2965,25.0399,1000,2,1,1748044487,1748066822,0
LTE,466,89,22600,86532533,-1,121.2961,25.0407,1000,5,1,1748044523,1749555844,0
LTE,466,89,22600,86532534,-1,121.2948,25.0429,1000,3,1,1748044535,1748066823,0
LTE,466,89,22600,86541966,-1,121.2939,25.0446,1000,2,1,1748044556,1748066823,0
LTE,466,89,22600,86534543,-1,121.2935,25.0453,1000,2,1,1748044567,1748066822,0
LTE,466,89,22600,86530447,-1,121.2926,25.0468,1000,5,1,1748044577,1748066823,0
LTE,466,89,22600,86559885,-1,121.2919,25.0479,1000,2,1,1748044603,1748066823,0
LTE,466,89,22600,86529206,-1,121.2915,25.0486,1000,2,1,1748044644,1748066823,0
LTE,466,89,22600,86532022,-1,121.2898,25.0506,1000,5,1,1748044681,1748066823,0
LTE,466,89,22600,86529205,-1,121.291,25.0496,1000,3,1,1748044691,1748066823,0
LTE,466,89,22600,86531952,-1,121.2883,25.0517,1000,1,1,1748044742,1748044742,0
LTE,466,89,22600,86531953,-1,121.2882,25.0518,1000,1,1,1748044755,1748044755,0
LTE,466,89,22600,86532021,-1,121.2878,25.052,1000,2,1,1748044815,1748066823,0
LTE,466,89,22600,86528744,-1,121.2863,25.0529,1000,5,1,1748044830,1748066823,0
LTE,466,89,22600,86531973,-1,121.2843,25.0539,1000,4,1,1748044847,1748066823,0
LTE,466,89,22600,86532740,-1,121.2824,25.0551,1000,3,1,1748044864,1748066823,0
LTE,466,89,22600,86529669,-1,121.2808,25.0562,1000,4,1,1748044882,1748066823,0
LTE,466,89,22600,86529667,-1,121.279,25.0572,1000,5,1,1748044896,1748066823,0
LTE,466,89,22600,86529717,-1,121.2776,25.0578,1000,5,1,1748044947,1748066823,0
LTE,466,89,22600,86530025,-1,121.2782,25.0586,1000,2,1,1748045007,1748066823,0
LTE,466,89,22600,86530024,-1,121.2785,25.059,1000,4,1,1748045017,1748066823,0
LTE,466,89,22600,86552863,-1,121.2776,25.0584,1000,3,1,1748045237,1748066823,0
LTE,466,89,22600,86555829,-1,121.2765,25.0583,1000,1,1,1748045327,1748045327,0
LTE,466,89,22600,86555889,-1,121.2756,25.0583,1000,3,1,1748045441,1748066823,0
LTE,466,89,22600,86530036,-1,121.2741,25.0581,1000,4,1,1748045452,1748066823,0
LTE,466,89,22600,86566641,-1,121.2713,25.0574,1000,6,1,1748045465,1748066823,0
LTE,466,89,22600,86566643,-1,121.2681,25.0564,1000,6,1,1748045484,1748066823,0
LTE,466,89,22600,86545263,-1,121.2653,25.0553,1000,5,1,1748045575,1748066823,0
LTE,466,89,22600,86546545,-1,121.2632,25.0545,1000,4,1,1748045587,1748066823,0
LTE,466,89,22600,86540588,-1,121.2612,25.0536,1000,5,1,1748045597,1748066823,0
LTE,466,89,22600,86540578,-1,121.2585,25.0522,1000,5,1,1748045607,1748066823,0
LTE,466,89,22600,86566375,-1,121.2543,25.0495,1000,17,1,1748045617,1748066823,0
LTE,466,89,22600,86566376,-1,121.2506,25.0469,1000,8,1,1748045727,1748066823,0
LTE,466,89,22600,86566377,-1,121.2466,25.0436,1000,11,1,1748045757,1748066823,0
LTE,466,89,22530,86544515,-1,121.2438,25.041,1000,5,1,1748045787,1748066823,0
LTE,466,89,22530,86544516,-1,121.2417,25.0391,1000,3,1,1748045917,1748066823,0
LTE,466,89,22530,86273255,-1,121.2379,25.0356,1000,10,1,1748045937,1748066824,0
LTE,466,89,22530,86297988,-1,121.2286,25.0257,1000,14,1,1748045987,1748066824,0
LTE,466,89,22530,86279299,-1,121.231,25.0291,1000,6,1,1748045997,1748066823,0
LTE,466,89,22530,86298097,-1,121.2261,25.0243,1000,1,1,1748046102,1748046102,0
LTE,466,89,22530,86298098,-1,121.226,25.0226,1000,4,1,1748046129,1748066824,0
LTE,466,89,22530,86283908,-1,121.2262,25.0209,1000,2,1,1748046324,1748066824,0
LTE,466,89,22530,86287237,-1,121.2277,25.0206,1000,1,1,1748046354,1748046354,0
LTE,466,89,22530,86282984,-1,121.2298,25.0197,1000,7,1,1748046368,1748066824,0
LTE,466,89,22530,86282933,-1,121.2306,25.0197,1000,3,1,1748046437,1748066824,0
LTE,466,89,22530,86287235,-1,121.2323,25.016,1000,8,1,1748046535,1748066824,0
LTE,466,89,22530,86296197,-1,121.2342,25.0094,1000,7,1,1748046607,1761367861,0
LTE,466,89,22530,86296177,-1,121.2348,25.0079,1000,11,1,1748046623,1761367861,0
LTE,466,89,22550,81935847,-1,121.235,25.0087,1000,3,1,1748046652,1748066824,0
LTE,466,89,22530,86287236,-1,121.2353,25.0076,1000,2,1,1748046668,1748066824,0
LTE,466,89,22530,86296564,-1,121.2335,25.0067,1000,3,1,1748046703,1748066824,0
LTE,466,89,22530,81962167,-1,121.2327,25.0069,1000,1,1,1748046801,1748046801,0
LTE,466,89,22530,81962216,-1,121.2327,25.0069,1000,1,1,1748046862,1748046862,0
LTE,466,97,22530,81957618,-1,121.2179,25.0066,1000,13,1,1748136818,1766583122,0
LTE,466,97,22530,81946805,-1,121.2016,25.0032,1000,4,1,1748137461,1748159042,0
LTE,466,97,22530,81974966,-1,121.2015,25.0049,1000,3,1,1748137513,1748159042,0
LTE,466,97,22530,82007663,-1,121.2118,25.0162,1000,3,1,1748138087,1748159042,0
LTE,466,97,22530,81957815,-1,121.2151,25.0199,1000,3,1,1748138187,1748159042,0
LTE,466,97,22530,86295478,-1,121.219,25.025,1000,4,1,1748138317,1748159042,0
LTE,466,97,22530,86295477,-1,121.2202,25.0242,1000,3,1,1748138367,1748159042,0
LTE,466,97,22530,86295479,-1,121.2281,25.0271,1000,14,1,1748138427,1771115641,0
LTE,466,97,22530,81948597,-1,121.2218,25.0143,1000,15,1,1748138867,1776102486,0
LTE,466,97,22530,81989341,-1,121.217,25.0137,1000,2,1,1748140117,1772109126,0
LTE,466,97,22530,81989304,-1,121.2183,25.0139,1000,13,1,1748140256,1780822513,0
LTE,466,89,22520,84513718,-1,121.3103,24.9854,1000,6,1,1748317834,1749129602,0
LTE,466,89,22520,84530061,-1,121.3064,24.985,1000,3,1,1748317740,1748339221,0
LTE,466,89,22520,84507380,-1,121.3072,24.9862,1000,5,1,1748317978,1748339221,0
LTE,466,89,22520,84518286,-1,121.3071,24.9887,1000,2,1,1748318035,1748339221,0
LTE,466,89,22520,84489398,-1,121.3056,24.9919,1000,7,1,1748318053,1759403764,0
LTE,466,89,22520,84513719,-1,121.3054,24.9896,1000,6,1,1748318145,1748339221,0
LTE,466,1,19381,53768470,-1,121.3016,24.9915,1000,2,1,1748318345,1748339221,0
LTE,466,1,19381,53768461,-1,121.2998,24.9918,1000,5,1,1748318369,1748339221,0
LTE,466,1,19381,53768481,-1,121.2972,24.9913,1000,6,1,1748318412,1748339221,0
LTE,466,1,49381,53776919,-1,121.295,24.9911,1000,4,1,1748318532,1748339221,0
LTE,466,1,49381,53776929,-1,121.2935,24.9912,1000,3,1,1748318577,1748339221,0
LTE,466,1,49381,54100247,-1,121.2908,24.9908,1000,5,1,1748318602,1748339221,0
LTE,466,1,49381,54100237,-1,121.2864,24.989,1000,8,1,1748318767,1748339221,0
LTE,466,1,49381,54172183,-1,121.2837,24.9876,1000,2,1,1748319076,1748339221,0
LTE,466,1,49381,53873697,-1,121.2826,24.9872,1000,3,1,1748319095,1748339221,0
LTE,466,1,49381,54030861,-1,121.2812,24.9864,1000,3,1,1748319141,1748339221,0
LTE,466,1,49381,53762337,-1,121.28,24.987,1000,3,1,1748319160,1748339221,0
LTE,466,1,49381,53762336,-1,121.2793,24.9871,1000,1,1,1748319235,1748319235,0
LTE,466,92,13700,80362767,-1,121.0024,24.7819,1000,10,1,1748322620,1753255561,0
LTE,466,92,13700,79819288,-1,121.0071,24.7804,1000,9,1,1748322750,1753255561,0
LTE,466,92,13700,80900366,-1,121.0094,24.7788,1000,21,1,1748323220,1752025561,0
LTE,466,92,13700,80900367,-1,121.0105,24.7781,1000,6,1,1748323670,1751606041,0
LTE,466,92,13700,80900364,-1,121.0089,24.7785,1000,14,1,1748328913,1752575221,0
LTE,466,92,13700,80273435,-1,121.009,24.7781,1000,1,1,1748370574,1748370574,0
LTE,466,92,13700,79819281,-1,121.009,24.7781,1000,1,1,1748370592,1748370592,0
LTE,466,92,13700,81002511,-1,121.0091,24.778,1000,3,1,1748370770,1748395502,0
LTE,466,92,13700,81002508,-1,121.0087,24.7779,1000,4,1,1748371115,1752575221,0
LTE,466,92,13700,80362763,-1,121.0017,24.7824,1000,2,1,1748375573,1752025561,0
UMTS,466,92,64128,29337101,0,121.3909,25.1503,1000,1,1,1748359952,1748359952,0
LTE,466,89,22520,84494519,-1,121.2798,24.9903,1000,20,1,1748454822,1760527321,0
LTE,466,89,22520,84535171,-1,121.2831,24.9986,1000,3,1,1748455286,1748481902,0
LTE,466,89,22520,84493679,-1,121.2884,25.0033,1000,2,1,1748455415,1748481902,0
LTE,466,89,22520,84507761,-1,121.2902,25.0051,1000,1,1,1748455510,1748455510,0
LTE,466,89,22520,84536819,-1,121.2898,25.0048,1000,8,1,1748455577,1760527321,0
LTE,466,89,22520,84494980,-1,121.2914,25.0063,1000,16,1,1748455625,1760527321,0
LTE,466,89,22520,84511108,-1,121.2938,25.0079,1000,3,1,1748455640,1748481902,0
LTE,466,89,22520,84536808,-1,121.2942,25.0083,1000,1,1,1748455659,1748455659,0
LTE,466,89,22520,84539113,-1,121.2947,25.0087,1000,2,1,1748455669,1748481902,0
LTE,466,89,22520,84539063,-1,121.2943,25.0086,1000,4,1,1748455761,1760527321,0
LTE,466,89,22520,84539061,-1,121.2963,25.0101,1000,12,1,1748455776,1760527321,0
LTE,466,89,22520,84492726,-1,121.2982,25.0114,1000,7,1,1748455839,1760527321,0
LTE,466,89,22520,84494262,-1,121.3001,25.0126,1000,4,1,1748455967,1748481902,0
LTE,466,89,22520,84496359,-1,121.2995,25.0142,1000,10,1,1748456027,1760527266,0
LTE,466,89,22520,84496309,-1,121.2992,25.0147,1000,1,1,1748456045,1748456045,0
LTE,466,89,22520,84493032,-1,121.2992,25.0149,1000,1,1,1748456059,1748456059,0
LTE,466,89,22520,84534504,-1,121.2989,25.0157,1000,1,1,1748456100,1748456100,0
LTE,466,89,22520,84534454,-1,121.2986,25.0161,1000,5,1,1748456138,1749555844,0
LTE,466,89,22520,84534494,-1,121.2988,25.0158,1000,1,1,1748456164,1748456164,0
LTE,466,89,22520,84492982,-1,121.2984,25.0173,1000,19,1,1748456219,1760527266,0
LTE,466,89,22520,84534514,-1,121.2991,25.0184,1000,1,1,1748456262,1748456262,0
LTE,466,89,22520,84498063,-1,121.3,25.0188,1000,6,1,1748456276,1749555844,0
LTE,466,89,22520,84534453,-1,121.3006,25.019,1000,1,1,1748456329,1748456329,0
LTE,466,89,22520,84498153,-1,121.3015,25.0193,1000,3,1,1748456340,1748481902,0
LTE,466,89,22520,84482181,-1,121.3024,25.0198,1000,3,1,1748456367,1749555844,0
LTE,466,89,22520,84482283,-1,121.3025,25.0227,1000,6,1,1748456392,1749555844,0
LTE,466,89,22520,84498151,-1,121.3026,25.0198,1000,1,1,1748456414,1748456414,0
LTE,466,89,22520,84482293,-1,121.3029,25.0225,1000,13,1,1748456439,1760527266,0
LTE,466,89,22520,84482230,-1,121.3032,25.02,1000,3,1,1748456459,1748481902,0
LTE,466,89,22520,84482231,-1,121.3028,25.0204,1000,11,1,1748456497,1760527266,0
LTE,466,89,22520,84514445,-1,121.3023,25.0241,1000,5,1,1748456584,1748481902,0
LTE,466,89,22520,84493870,-1,121.3014,25.0259,1000,15,1,1748456614,1760527266,0
LTE,466,89,22520,84521399,-1,121.3012,25.0263,1000,4,1,1748456636,1749555844,0
LTE,466,89,22520,84493869,-1,121.3009,25.0285,1000,7,1,1748456728,1749555844,0
LTE,466,89,22600,84482447,-1,121.3006,25.0319,1000,3,1,1748456793,1748481902,0
LTE,466,89,22520,84493839,-1,121.3008,25.0332,1000,3,1,1748456813,1748481902,0
LTE,466,89,22600,84483183,-1,121.3012,25.0339,1000,1,1,1748456829,1748456829,0
LTE,466,89,22600,84483213,-1,121.3003,25.0336,1000,15,1,1748456891,1760527265,0
LTE,466,89,22600,86528397,-1,121.3004,25.0375,1000,12,1,1748456938,1760527265,0
LTE,466,89,22600,86533558,-1,121.3045,25.0413,1000,5,1,1748456982,1748481902,0
LTE,466,89,22600,85282998,-1,121.3069,25.0425,1000,7,1,1748456998,1748481902,0
LTE,466,89,22600,85282861,-1,121.3107,25.0443,1000,18,1,1748457016,1749555844,0
LTE,466,89,22600,85256333,-1,121.3313,25.0591,1000,23,1,1748457260,1760527265,0
LTE,466,89,22600,85284495,-1,121.3383,25.0636,1000,7,1,1748457390,1748481903,0
LTE,466,89,22600,85284533,-1,121.3404,25.0643,1000,21,1,1748457432,1760527265,0
LTE,466,89,22230,85260017,-1,121.3574,25.0649,1000,7,1,1748457511,1748481903,0
LTE,466,89,22230,62485489,-1,121.3622,25.0648,1000,9,1,1748457528,1748481903,0
LTE,466,89,22230,62491279,-1,121.3663,25.0649,1000,5,1,1748457551,1748481903,0
LTE,466,89,22230,62474638,-1,121.369,25.0651,1000,5,1,1748457564,1748481903,0
LTE,466,89,22570,85271025,-1,121.3696,25.0653,1000,11,1,1748457574,1749555843,0
LTE,466,89,22230,62474637,-1,121.3736,25.0656,1000,2,1,1748457594,1748481903,0
LTE,466,89,22570,85271026,-1,121.3744,25.0657,1000,3,1,1748457604,1748481903,0
LTE,466,89,22570,85297649,-1,121.3848,25.0647,1000,15,1,1748457737,1748481903,0
LTE,466,89,22230,85289103,-1,121.3843,25.0645,1000,4,1,1748457785,1748481903,0
LTE,466,89,22230,62208880,-1,121.3922,25.0639,1000,7,1,1748457899,1760527264,0
LTE,466,89,22230,62222262,-1,121.421,25.0647,1000,1,1,1748458091,1748458091,0
LTE,466,89,22230,62211061,-1,121.4197,25.0644,1000,9,1,1748458116,1760527264,0
LTE,466,89,22230,62226319,-1,121.4222,25.0654,1000,1,1,1748458129,1748458129,0
LTE,466,89,22230,62209166,-1,121.4227,25.0661,1000,13,1,1748458142,1760527264,0
LTE,466,89,22230,62210958,-1,121.4243,25.0665,1000,3,1,1748458185,1748481904,0
LTE,466,89,22750,62214541,-1,121.4287,25.068,1000,4,1,1748458341,1748481904,0
LTE,466,89,22750,62226575,-1,121.4279,25.0681,1000,9,1,1748458352,1760527264,0
LTE,466,89,22750,62226613,-1,121.4312,25.068,1000,3,1,1748458433,1748481904,0
LTE,466,89,22750,63489461,-1,121.435,25.0683,1000,3,1,1748458573,1748481904,0
LTE,466,89,22750,63509687,-1,121.4358,25.0683,1000,2,1,1748458628,1748481904,0
LTE,466,89,22750,63489421,-1,121.4344,25.0686,1000,4,1,1748458654,1760527264,0
LTE,466,89,22750,63495094,-1,121.4371,25.0685,1000,1,1,1748458688,1748458688,0
LTE,466,89,22750,63506831,-1,121.4412,25.0692,1000,3,1,1748458806,1748481904,0
LTE,466,89,22750,63489719,-1,121.4541,25.073,1000,4,1,1748459095,1748481904,0
LTE,466,89,22750,63489717,-1,121.4571,25.074,1000,8,1,1748459113,1748481904,0
LTE,466,89,22750,63489258,-1,121.4603,25.0749,1000,5,1,1748459144,1748481904,0
LTE,466,89,22750,63489255,-1,121.4681,25.0754,1000,7,1,1748459197,1748481904,0
LTE,466,89,22700,61700023,-1,121.4809,25.0733,1000,7,1,1748459291,1760527263,0
LTE,466,89,22700,61762741,-1,121.4836,25.0735,1000,8,1,1748459316,1760527263,0
LTE,466,89,22700,61699767,-1,121.4883,25.0744,1000,23,1,1748459326,1760527263,0
LTE,466,89,22700,61699766,-1,121.4939,25.0752,1000,5,1,1748459385,1748481904,0
LTE,466,89,22700,61696397,-1,121.4962,25.076,1000,8,1,1748459405,1760527263,0
LTE,466,89,22700,61736434,-1,121.4985,25.077,1000,10,1,1748459425,1760527263,0
LTE,466,89,22700,61779085,-1,121.5016,25.0775,1000,12,1,1748459437,1760527263,0
LTE,466,89,11270,61734797,-1,121.5055,25.0779,1000,14,1,1748459457,1760527263,0
LTE,466,89,22210,26377439,-1,121.5151,25.0775,1000,9,1,1748459513,1748481905,0
LTE,466,89,22210,26377437,-1,121.5179,25.0771,1000,4,1,1748459537,1748481905,0
LTE,466,89,22210,28416950,-1,121.5205,25.0765,1000,8,1,1748459547,1748481905,0
LTE,466,89,22210,28474323,-1,121.5227,25.0762,1000,15,1,1748459568,1760527263,0
LTE,466,89,22210,26639215,-1,121.5279,25.074,1000,8,1,1748459586,1748481905,0
LTE,466,89,22210,26661517,-1,121.5302,25.0741,1000,11,1,1748459607,1760527263,0
LTE,466,89,22210,26661518,-1,121.5367,25.0728,1000,11,1,1748459623,1748481905,0
LTE,466,89,22210,26633073,-1,121.5405,25.0728,1000,9,1,1748459644,1749555842,0
LTE,466,89,22210,26698608,-1,121.545,25.0723,1000,6,1,1748459667,1748481905,0
LTE,466,89,22210,26883560,-1,121.5481,25.0722,1000,7,1,1748459682,1748481905,0
LTE,466,89,22210,26630878,-1,121.5516,25.0722,1000,8,1,1748459700,1748481905,0
LTE,466,89,22210,26630798,-1,121.555,25.0723,1000,7,1,1748459721,1748481905,0
LTE,466,89,22210,26896113,-1,121.5584,25.072,1000,7,1,1748459737,1748481905,0
LTE,466,89,22210,26896054,-1,121.5622,25.0711,1000,7,1,1748459756,1748481905,0
LTE,466,89,22210,26895984,-1,121.5655,25.0709,1000,6,1,1748459776,1748481905,0
LTE,466,89,22270,26886767,-1,121.5682,25.0709,1000,5,1,1748459793,1748481905,0
LTE,466,89,22270,26886797,-1,121.567,25.0712,1000,17,1,1748459849,1760527262,0
LTE,466,89,22740,29252495,-1,121.5698,25.0711,1000,6,1,1748459859,1760527262,0
LTE,466,89,22740,29238199,-1,121.5728,25.0711,1000,9,1,1748459893,1760527262,0
LTE,466,89,22740,29252494,-1,121.5733,25.069,1000,7,1,1748459942,1748481905,0
LTE,466,89,22740,29186229,-1,121.573,25.0698,1000,1,1,1748459978,1748459978,0
LTE,466,89,22740,29270966,-1,121.5748,25.0694,1000,2,1,1748460008,1748481905,0
LTE,466,89,22740,29270965,-1,121.5743,25.0716,1000,7,1,1748460062,1748481905,0
LTE,466,89,22740,29196216,-1,121.5747,25.0716,1000,1,1,1748460105,1748460105,0
LTE,466,89,22740,29230775,-1,121.5732,25.0728,1000,19,1,1748460199,1760527262,0
LTE,466,89,22740,29185718,-1,121.5725,25.0741,1000,13,1,1748460215,1760527262,0
LTE,466,89,22740,29185719,-1,121.5718,25.0761,1000,3,1,1748460273,1748481905,0
LTE,466,89,22740,29242038,-1,121.5731,25.0769,1000,4,1,1748460311,1760527262,0
LTE,466,89,22740,29230773,-1,121.5736,25.0769,1000,6,1,1748460322,1760527262,0
LTE,466,89,22740,29230774,-1,121.5748,25.0764,1000,6,1,1748460490,1760527262,0
LTE,466,89,22740,29259191,-1,121.5744,25.0756,1000,7,1,1748460511,1760527262,0
LTE,466,89,22740,29245653,-1,121.5725,25.0671,1000,13,1,1748460950,1760527262,0
LTE,466,89,22270,29262959,-1,121.5724,25.0646,1000,9,1,1748460973,1760527262,0
LTE,466,89,22270,29262960,-1,121.5726,25.0622,1000,4,1,1748460993,1748481906,0
LTE,466,89,22270,29195887,-1,121.5729,25.0607,1000,3,1,1748461003,1748481906,0
LTE,466,89,22270,29203823,-1,121.5728,25.0578,1000,12,1,1748461013,1760527262,0
LTE,466,89,22270,26885488,-1,121.57,25.0507,1000,1,1,1748461323,1748461323,0
LTE,466,89,22270,26882262,-1,121.5685,25.0479,1000,6,1,1748461333,1748481906,0
LTE,466,89,22270,26882282,-1,121.5689,25.0487,1000,6,1,1748461353,1760527262,0
LTE,466,89,22270,26890482,-1,121.568,25.0471,1000,2,1,1748461383,1748481906,0
LTE,466,89,22270,26882232,-1,121.5686,25.0481,1000,5,1,1748461423,1760527262,0
LTE,466,89,11390,28214030,-1,121.5661,25.0443,1000,3,1,1748461553,1748481906,0
LTE,466,89,11390,28214031,-1,121.5656,25.043,1000,2,1,1748461572,1748481906,0
LTE,466,89,11390,28170935,-1,121.5654,25.0425,1000,2,1,1748461589,1748481906,0
LTE,466,89,11390,28170975,-1,121.5653,25.0425,1000,1,1,1748461608,1748461608,0
LTE,466,89,11390,28170894,-1,121.5654,25.0425,1000,1,1,1748461628,1748461628,0
LTE,466,89,11390,28170934,-1,121.5653,25.0425,1000,1,1,1748461724,1748461724,0
LTE,466,89,11390,28210362,-1,121.5647,25.0415,1000,6,1,1748461744,1760350801,0
LTE,466,89,11390,28165558,-1,121.5644,25.0406,1000,5,1,1748461764,1760350801,0
LTE,466,89,11390,28211385,-1,121.5639,25.0396,1000,1,1,1748462003,1748462003,0
LTE,466,89,11270,27686787,-1,121.5078,25.0426,1000,1,1,1748499153,1748499153,0
LTE,466,89,11270,27686837,-1,121.5081,25.0424,1000,3,1,1748499165,1748521502,0
LTE,466,89,11270,27686838,-1,121.5088,25.0423,1000,2,1,1748499278,1748521502,0
LTE,466,89,11400,27648437,-1,121.5099,25.043,1000,2,1,1748499307,1748521502,0
LTE,466,89,11400,25633206,-1,121.5101,25.0432,1000,2,1,1748499317,1748521502,0
LTE,466,89,11400,25606327,-1,121.5105,25.0422,1000,4,1,1748499352,1748521502,0
LTE,466,89,11400,25604278,-1,121.5095,25.0422,1000,1,1,1748499329,1748499329,0
LTE,466,89,11400,25606326,-1,121.5108,25.0421,1000,1,1,1748499434,1748499434,0
LTE,466,89,11400,25606325,-1,121.5108,25.0431,1000,4,1,1748499474,1748521502,0
LTE,466,89,11400,25651894,-1,121.5106,25.0435,1000,2,1,1748499494,1748521502,0
LTE,466,89,11400,25662134,-1,121.5107,25.044,1000,1,1,1748499584,1748499584,0
LTE,466,89,11400,25610678,-1,121.5108,25.0459,1000,7,1,1748499776,1748521502,0
LTE,466,89,11400,25651853,-1,121.5106,25.0461,1000,1,1,1748499841,1748499841,0
LTE,466,89,11400,25651843,-1,121.5106,25.0461,1000,1,1,1748499958,1748499958,0
LTE,466,89,11400,25610677,-1,121.5128,25.0459,1000,4,1,1748500453,1748521502,0
LTE,466,89,11400,25609141,-1,121.5132,25.0459,1000,1,1,1748500513,1748500513,0
LTE,466,89,11400,25628853,-1,121.5141,25.046,1000,3,1,1748500553,1748521502,0
LTE,466,89,11400,25609142,-1,121.5139,25.0459,1000,1,1,1748500563,1748500563,0
LTE,466,89,11400,25618664,-1,121.5159,25.0463,1000,1,1,1748500725,1748500725,0
LTE,466,89,11400,25650151,-1,121.516,25.0463,1000,1,1,1748500740,1748500740,0
LTE,466,89,11400,25618900,-1,121.5166,25.0462,1000,1,1,1748500775,1748500775,0
LTE,466,89,11400,25618930,-1,121.5166,25.0462,1000,2,1,1748500755,1748521502,0
LTE,466,89,11290,25620407,-1,121.5166,25.0461,1000,1,1,1748500991,1748500991,0
LTE,466,89,11290,25629622,-1,121.5166,25.0461,1000,1,1,1748501005,1748501005,0
LTE,466,89,11290,25622453,-1,121.5166,25.0461,1000,1,1,1748501099,1748501099,0
LTE,466,89,11290,25622454,-1,121.5166,25.0461,1000,1,1,1748501144,1748501144,0
LTE,466,92,13700,80362769,-1,121.0018,24.7824,1000,3,1,1748926821,1753255561,0
LTE,466,92,13700,81559830,-1,121.0073,24.78,1000,23,1,1748927348,1752575221,0
LTE,466,92,13700,81002513,-1,121.0072,24.7794,1000,2,1,1748927518,1750988281,0
UMTS,466,92,54528,30293291,0,121.5386,25.2757,1000,1,1,1748999949,1748999949,0
LTE,466,89,22520,84536809,-1,121.2883,25.0036,1000,12,1,1749104346,1760527321,0
LTE,466,89,22520,84493811,-1,121.2841,24.9998,1000,7,1,1749104455,1760527321,0
LTE,466,89,22520,84497295,-1,121.2843,24.9879,1000,7,1,1749104865,1760705341,0
LTE,466,89,22520,84498664,-1,121.2892,24.9901,1000,3,1,1749104965,1762591202,0
LTE,466,89,22520,84498574,-1,121.2907,24.9907,1000,10,1,1749104975,1760355363,0
LTE,466,89,22520,84488335,-1,121.295,24.991,1000,5,1,1749105045,1749129601,0
LTE,466,89,22520,84488374,-1,121.2957,24.9911,1000,14,1,1749105075,1763907001,0
LTE,466,89,22520,84482999,-1,121.2974,24.9914,500,32,1,1749105085,1763907001,0
LTE,466,89,22520,84482997,-1,121.2998,24.992,1000,15,1,1749105105,1763907001,0
LTE,466,89,22520,84482998,-1,121.3013,24.9921,1000,15,1,1749105115,1763907001,0
LTE,466,89,22520,84487299,-1,121.3047,24.9923,1000,4,1,1749105135,1749129601,0
LTE,466,89,22520,84513769,-1,121.3056,24.9924,1000,1,1,1749105155,1749105155,0
LTE,466,89,22520,84487349,-1,121.3037,24.9921,1000,11,1,1749105235,1760355363,0
LTE,466,89,22520,84488887,-1,121.3065,24.9926,1000,16,1,1749105264,1760355363,0
LTE,466,89,22520,84490351,-1,121.3091,24.9924,1000,2,1,1749105319,1749129601,0
LTE,466,89,22520,84488816,-1,121.3094,24.9915,1000,2,1,1749105329,1749129601,0
LTE,466,89,22520,84513137,-1,121.3111,24.9911,1000,5,1,1749105339,1760355363,0
LTE,466,89,22520,84490353,-1,121.3099,24.9899,1000,4,1,1749105359,1749129602,0
LTE,466,89,22520,84481648,-1,121.3108,24.9877,1000,5,1,1749105382,1749129601,0
LTE,466,89,22520,84511855,-1,121.3111,24.9865,1000,2,1,1749105397,1749129601,0
LTE,466,89,22520,84511986,-1,121.3109,24.9862,1000,1,1,1749105417,1749105417,0
LTE,466,89,22520,84511985,-1,121.3109,24.9857,1000,3,1,1749105441,1749129601,0
LTE,466,89,22520,84484789,-1,121.3137,24.9868,1000,5,1,1749105550,1749129601,0
LTE,466,89,22520,84481717,-1,121.3139,24.9897,1000,7,1,1749106073,1760437741,0
LTE,466,89,22520,84513206,-1,121.3127,24.9912,1000,10,1,1749106198,1760355363,0
LTE,466,89,22520,84490274,-1,121.311,24.9912,1000,1,1,1749106500,1749106500,0
LTE,466,89,22520,84513167,-1,121.3115,24.9909,1000,5,1,1749106952,1757935623,0
LTE,466,89,22520,84481718,-1,121.3118,24.9902,1000,2,1,1749108833,1749129602,0
LTE,466,89,22520,84490482,-1,121.3121,24.9903,1000,5,1,1749108927,1757935623,0
LTE,466,89,22520,84516852,-1,121.3125,24.9902,1000,1,1,1749108937,1749108937,0
LTE,466,89,22520,84490483,-1,121.3125,24.9902,1000,1,1,1749108973,1749108973,0
LTE,466,89,22520,84513677,-1,121.3118,24.9901,1000,1,1,1749109401,1749109401,0
LTE,466,89,22520,84535734,-1,121.3129,24.9931,1000,5,1,1749109562,1760355363,0
LTE,466,89,22520,84535733,-1,121.3129,24.9944,1000,7,1,1749109691,1760355363,0
LTE,466,89,22520,84505782,-1,121.3124,24.9952,1000,3,1,1749109737,1760355363,0
LTE,466,89,22520,84480694,-1,121.3113,24.9947,1000,7,1,1749109747,1760355363,0
LTE,466,89,22210,26633193,-1,121.5356,25.0733,1000,6,1,1749532531,1760527263,0
LTE,466,89,22290,26674819,-1,121.5357,25.0733,1000,1,1,1749532541,1749532541,0
LTE,466,89,22210,26661608,-1,121.5337,25.0735,1000,8,1,1749532551,1760527263,0
LTE,466,89,22210,26661607,-1,121.53,25.0741,1000,15,1,1749532571,1760527263,0
LTE,466,89,22210,26637023,-1,121.5297,25.0741,1000,5,1,1749532581,1749555842,0
LTE,466,89,22210,28432753,-1,121.5182,25.0777,1000,4,1,1749532661,1749555842,0
LTE,466,89,22210,28431729,-1,121.506,25.0783,1000,7,1,1749532721,1749555842,0
LTE,466,89,11270,61779311,-1,121.503,25.078,1000,4,1,1749532741,1749555842,0
LTE,466,89,22700,61699951,-1,121.4818,25.0736,1000,5,1,1749532831,1749555842,0
LTE,466,89,22700,61699953,-1,121.4791,25.0737,1000,4,1,1749532841,1749555842,0
LTE,466,89,22700,61703791,-1,121.4769,25.0741,1000,4,1,1749532851,1749555842,0
LTE,466,89,11470,63243376,-1,121.4749,25.0746,1000,4,1,1749532861,1749555842,0
LTE,466,89,22750,63258480,-1,121.4619,25.0758,1000,11,1,1749532911,1749555842,0
LTE,466,89,22750,63488368,-1,121.4534,25.0734,1000,8,1,1749532951,1749555842,0
LTE,466,89,22750,63489649,-1,121.4502,25.0725,1000,2,1,1749532971,1749555842,0
LTE,466,89,22750,63506819,-1,121.443,25.0703,1000,8,1,1749533001,1749555842,0
LTE,466,89,22750,63506664,-1,121.4378,25.0691,1000,9,1,1749533021,1749555843,0
LTE,466,89,22750,63509736,-1,121.4383,25.0691,1000,3,1,1749533031,1749555842,0
LTE,466,89,22750,63489411,-1,121.4344,25.0686,1000,3,1,1749533061,1749555842,0
LTE,466,89,22750,63489412,-1,121.4314,25.0685,1000,9,1,1749533071,1749555843,0
LTE,466,89,22750,62214531,-1,121.4266,25.068,1000,9,1,1749533101,1749555843,0
LTE,466,89,22230,62209255,-1,121.4239,25.0671,1000,3,1,1749533131,1749555843,0
LTE,466,89,22230,62209206,-1,121.4225,25.0662,1000,3,1,1749533181,1749555843,0
LTE,466,89,22230,62222212,-1,121.4179,25.0634,1000,4,1,1749533211,1749555843,0
LTE,466,89,22230,62210947,-1,121.4161,25.0624,1000,4,1,1749533221,1749555843,0
LTE,466,89,22230,62208644,-1,121.4133,25.0607,1000,8,1,1749533231,1749555843,0
LTE,466,89,22230,62208645,-1,121.4108,25.0589,1000,4,1,1749533251,1749555843,0
LTE,466,89,22230,62208388,-1,121.4055,25.0562,1000,16,1,1749533261,1760527264,0
LTE,466,89,22230,62208437,-1,121.4029,25.0557,1000,4,1,1749533291,1749555843,0
LTE,466,89,22230,62214838,-1,121.3997,25.0568,1000,8,1,1749533301,1749555843,0
LTE,466,89,22230,62214887,-1,121.3969,25.0594,1000,9,1,1749533321,1760527264,0
LTE,466,89,22570,85297621,-1,121.3733,25.0658,1000,18,1,1749533561,1760527264,0
LTE,466,89,22230,62474639,-1,121.3642,25.0651,1000,7,1,1749533611,1749555843,0
LTE,466,89,22570,85253517,-1,121.3591,25.065,1000,8,1,1749533631,1749555843,0
LTE,466,89,22600,85284535,-1,121.3346,25.0618,1000,14,1,1749533721,1760527265,0
LTE,466,89,22600,85270257,-1,121.3215,25.049,1000,16,1,1749533801,1760527265,0
LTE,466,89,22600,85270258,-1,121.3177,25.0472,1000,6,1,1749533821,1749555844,0
LTE,466,89,22600,85282928,-1,121.3043,25.0416,1000,19,1,1749533891,1760527265,0
LTE,466,89,22600,85256157,-1,121.2992,25.0394,1000,6,1,1749533931,1749555844,0
LTE,466,89,22600,86533599,-1,121.2976,25.0393,1000,1,1,1749533951,1749533951,0
LTE,466,89,22600,86532573,-1,121.2974,25.0392,1000,1,1,1749533961,1749533961,0
LTE,466,89,22600,86533559,-1,121.2972,25.0387,1000,2,1,1749534061,1749555844,0
LTE,466,89,22600,86552502,-1,121.2981,25.0369,1000,4,1,1749534071,1749555844,0
LTE,466,89,22600,84482446,-1,121.3004,25.0303,1000,4,1,1749534141,1749555844,0
LTE,466,89,22600,84482487,-1,121.3007,25.0282,1000,9,1,1749534191,1760527266,0
LTE,466,89,22520,84521359,-1,121.3012,25.0264,1000,1,1,1749534261,1749534261,0
LTE,466,89,22520,84482269,-1,121.3035,25.0211,1000,3,1,1749534441,1749555844,0
LTE,466,89,22520,84492844,-1,121.299,25.0149,1000,2,1,1749534861,1749555844,0
LTE,466,89,22520,84496269,-1,121.2996,25.0138,1000,3,1,1749534871,1749555844,0
LTE,466,89,22520,84494322,-1,121.3,25.0129,1000,1,1,1749534931,1749534931,0
LTE,466,89,22520,84492686,-1,121.2991,25.0119,1000,5,1,1749534991,1749555844,0
LTE,466,89,22520,84492685,-1,121.2971,25.0108,1000,3,1,1749535071,1749555844,0
LTE,466,89,22520,84539121,-1,121.2962,25.0101,1000,2,1,1749535091,1749555844,0
LTE,466,89,22520,84534965,-1,121.2944,25.0087,1000,3,1,1749535221,1749555844,0
LTE,466,89,22520,84494979,-1,121.293,25.0076,1000,8,1,1749535231,1760527321,0
LTE,466,89,22520,84494981,-1,121.293,25.0075,1000,3,1,1749535241,1760527321,0
LTE,466,89,22520,84507781,-1,121.2896,25.0049,1000,3,1,1749535381,1749555844,0
LTE,466,89,22520,84493799,-1,121.2878,25.0032,1000,7,1,1749535431,1760527321,0
UMTS,466,1,14864,53871647,0,121.2458,25.0872,1000,1,1,1749575281,1749575281,0
UMTS,466,1,14864,54024223,0,121.2557,25.102,1000,1,1,1749578569,1749578569,0
UMTS,466,1,14864,54024203,0,121.2611,25.0976,1000,1,1,1749579513,1749579513,0
UMTS,466,1,13728,54133535,0,121.1282,25.0446,1000,1,1,1749695367,1749695367,0
UMTS,466,1,13728,54133515,0,121.1336,25.0579,1000,1,1,1749698959,1749698959,0
UMTS,466,92,14624,81052961,0,121.1228,25.0551,1000,1,1,1749699926,1749699926,0
UMTS,466,92,14624,81529111,0,121.1262,25.0544,1000,1,1,1749712286,1749712286,0
UMTS,466,92,14624,81529101,0,121.1262,25.0586,1000,1,1,1749763350,1749763350,0
LTE,466,97,22530,81948599,-1,121.2217,25.0133,1000,13,1,1749881665,1776102486,0
LTE,466,97,22530,81934263,-1,121.2099,25.0019,500,33,1,1750406829,1784978342,0
LTE,466,97,11270,27655665,-1,121.5027,25.0446,1000,1,1,1750574342,1750574342,0
LTE,466,97,11270,27656119,-1,121.5036,25.0443,1000,3,1,1750574342,1750574401,0
LTE,466,97,11270,27650487,-1,121.5048,25.044,1000,3,1,1750574342,1750574401,0
LTE,466,97,11270,27664615,-1,121.5054,25.0437,1000,1,1,1750574342,1750574342,0
LTE,466,97,11400,27649463,-1,121.5068,25.0435,1000,5,1,1750574342,1765539241,0
LTE,466,97,11270,27686837,-1,121.5076,25.0428,1000,5,1,1750574342,1765539241,0
LTE,466,97,11290,25647541,-1,121.5083,25.0425,1000,2,1,1750574342,1750574401,0
LTE,466,97,11290,25623989,-1,121.5235,25.0448,1000,1,1,1750574342,1750574342,0
LTE,466,97,11290,25623990,-1,121.5252,25.0445,1000,2,1,1750574342,1750574401,0
LTE,466,97,11400,25603510,-1,121.5256,25.0444,1000,4,1,1750574342,1750574401,0
LTE,466,97,11240,25600437,-1,121.5267,25.0433,1000,4,1,1750574342,1750574401,0
LTE,466,92,13700,81559820,-1,121.0048,24.7811,1000,8,1,1750881861,1753255561,0
LTE,466,92,13700,80899855,-1,121.0036,24.7815,1000,4,1,1750881871,1752575221,0
LTE,466,92,25700,132612908,-1,120.5094,24.0822,1000,10,1,1750506451,1750959782,0
LTE,466,92,25700,131354136,-1,120.5143,24.0808,1000,7,1,1750515759,1750959781,0
LTE,466,92,25300,132350999,-1,120.5212,24.0817,1000,4,1,1750515894,1750959781,0
LTE,466,92,25300,131329294,-1,120.5303,24.0828,1000,5,1,1750516020,1750959781,0
LTE,466,92,25300,130994486,-1,120.5319,24.086,1000,8,1,1750516030,1750959781,0
LTE,466,92,25300,134787598,-1,120.5384,24.0928,1000,3,1,1750516270,1750959781,0
LTE,466,92,25300,134519073,-1,120.5421,24.0943,1000,1,1,1750516325,1750516325,0
LTE,466,92,25300,134519072,-1,120.5424,24.0942,1000,2,1,1750516421,1750959781,0
LTE,466,92,25300,131955756,-1,120.5353,24.0904,1000,2,1,1750517333,1750959781,0
LTE,466,92,25300,131329304,-1,120.5299,24.0787,1000,3,1,1750517443,1750959781,0
LTE,466,92,25300,131768590,-1,120.532,24.0759,1000,6,1,1750517523,1750959782,0
LTE,466,92,25300,132225590,-1,120.5302,24.0767,1000,2,1,1750517614,1750959782,0
LTE,466,92,25300,131295009,-1,120.5305,24.0766,1000,2,1,1750519007,1750959781,0
LTE,466,92,25300,132225589,-1,120.5293,24.0769,1000,1,1,1750519022,1750519022,0
LTE,466,92,25300,132225599,-1,120.5271,24.0776,1000,4,1,1750519032,1750959781,0
LTE,466,92,25700,132429325,-1,120.5123,24.0815,1000,4,1,1750519237,1750959782,0
LTE,466,92,25700,132612907,-1,120.5096,24.0818,1000,2,1,1750519272,1750959781,0
LTE,466,92,25300,132225600,-1,120.5269,24.0775,1000,4,1,1750587810,1750959782,0
LTE,466,92,25300,132057376,-1,120.5369,24.0768,1000,1,1,1750588186,1750588186,0
LTE,466,92,25300,131278872,-1,120.5384,24.08,1000,3,1,1750588246,1750959782,0
LTE,466,92,25300,131278882,-1,120.5386,24.0817,1000,2,1,1750588276,1750959782,0
LTE,466,92,25300,131278880,-1,120.539,24.0821,1000,3,1,1750588286,1750959782,0
LTE,466,92,25300,131227158,-1,120.54,24.0848,1000,2,1,1750588967,1750959782,0
LTE,466,92,25300,131769612,-1,120.5428,24.0871,1000,3,1,1750588987,1750959782,0
LTE,466,92,25300,131769664,-1,120.546,24.0882,1000,1,1,1750589007,1750589007,0
LTE,466,92,25300,131769665,-1,120.5478,24.0888,1000,1,1,1750589017,1750589017,0
LTE,466,92,25300,131338302,-1,120.5508,24.09,1000,2,1,1750589027,1750959782,0
LTE,466,92,25300,131338282,-1,120.5543,24.0913,1000,1,1,1750589042,1750589042,0
LTE,466,92,25300,132351254,-1,120.5565,24.0922,1000,1,1,1750589047,1750589047,0
LTE,466,92,25300,130986262,-1,120.5588,24.093,1000,1,1,1750589058,1750589058,0
LTE,466,92,25300,132049460,-1,120.5633,24.0947,1000,3,1,1750589068,1750959782,0
LTE,466,92,25300,108628258,-1,120.578,24.1097,1000,1,1,1750589163,1750589163,0
LTE,466,92,24950,108628524,-1,120.6149,24.1098,1000,1,1,1750589323,1750589323,0
LTE,466,92,25501,106070798,-1,120.6283,24.1087,1000,1,1,1750589368,1750589368,0
LTE,466,92,25501,105336098,-1,120.6345,24.1106,1000,1,1,1750589388,1750589388,0
LTE,466,92,24950,109941517,-1,120.6403,24.1143,1000,1,1,1750589413,1750589413,0
LTE,466,92,24300,105576471,-1,120.6454,24.1176,1000,1,1,1750589433,1750589433,0
LTE,466,92,24300,105665314,-1,120.6585,24.1256,1000,1,1,1750589483,1750589483,0
LTE,466,92,24300,106602767,-1,120.6796,24.1343,1000,2,1,1750589563,1750959782,0
LTE,466,92,24100,106554154,-1,120.7148,24.1454,3099,3,1,1750589874,1768723624,0
LTE,466,92,24100,106565418,-1,120.6977,24.1492,1000,1,1,1750589884,1750589884,0
LTE,466,92,24100,106030870,-1,120.6981,24.1512,1000,1,1,1750589889,1750589889,0
LTE,466,92,24100,106030880,-1,120.6985,24.1543,1000,2,1,1750589899,1750959782,0
LTE,466,92,24100,108590871,-1,120.6991,24.1578,1000,1,1,1750589914,1750589914,0
LTE,466,92,24100,106876213,-1,120.6993,24.16,1000,1,1,1750589924,1750589924,0
LTE,466,92,24100,111166231,-1,120.6995,24.1625,1000,1,1,1750589929,1750589929,0
LTE,466,92,24100,106047531,-1,120.7027,24.1853,1000,1,1,1750590004,1750590004,0
LTE,466,92,24100,105782295,-1,120.703,24.1879,1000,1,1,1750590009,1750590009,0
LTE,466,92,24600,105688117,-1,120.7037,24.1943,1000,2,1,1750590029,1750959782,0
LTE,466,92,24600,105688105,-1,120.7041,24.1979,1000,1,1,1750590044,1750590044,0
LTE,466,92,24600,105473597,-1,120.7044,24.2004,1000,1,1,1750590049,1750590049,0
LTE,466,92,24600,108679751,-1,120.7047,24.2029,1000,1,1,1750590059,1750590059,0
LTE,466,92,24600,106528052,-1,120.7273,24.26,1000,1,1,1750590275,1750590275,0
LTE,466,92,24600,105433898,-1,120.7325,24.2991,1000,2,1,1750590420,1750959782,0
LTE,466,92,24600,106831371,-1,120.7346,24.3124,1000,1,1,1750590475,1750590475,0
LTE,466,92,24600,106125631,-1,120.744,24.3369,1000,2,1,1750590556,1750959782,0
LTE,466,92,24600,106690829,-1,120.7547,24.335,1512,18,1,1750590566,1768723506,0
LTE,466,92,24500,106354997,-1,120.7433,24.3473,1000,8,1,1750590591,1768723507,0
LTE,466,92,24500,105919776,-1,120.7496,24.3525,1000,1,1,1750590621,1750590621,0
LTE,466,92,24500,106933269,-1,120.7503,24.355,1000,1,1,1750590631,1750590631,0
LTE,466,92,24500,105996576,-1,120.7741,24.429,1000,2,1,1750590886,1750959782,0
LTE,466,92,24500,107403542,-1,120.7744,24.4375,1000,2,1,1750590926,1750959782,0
LTE,466,92,24500,107403532,-1,120.7748,24.4413,1000,1,1,1750590941,1750590941,0
LTE,466,92,24500,108471072,-1,120.7767,24.45,1000,4,1,1750590957,1750959782,0
LTE,466,92,24500,108471052,-1,120.7796,24.4572,1000,2,1,1750590992,1750959782,0
LTE,466,92,24500,108471102,-1,120.7825,24.463,1000,1,1,1750591012,1750591012,0
LTE,466,92,24500,108471082,-1,120.7833,24.4668,1000,2,1,1750591022,1750959782,0
LTE,466,92,24500,108490528,-1,120.7861,24.4877,1000,1,1,1750591092,1750591092,0
LTE,466,92,24500,105735957,-1,120.7875,24.5144,1000,3,1,1750591262,1750959782,0
LTE,466,92,24500,105916428,-1,120.8138,24.5561,1000,1,1,1750591463,1750591463,0
LTE,466,92,24500,107403040,-1,120.88,24.678,1000,8,1,1750591989,1768723441,0
LTE,466,92,24500,107239210,-1,120.8802,24.6808,1000,8,1,1750591994,1768723441,0
LTE,466,92,24500,106787862,-1,120.8803,24.6834,1000,8,1,1750592014,1768723441,0
LTE,466,92,24500,105924623,-1,120.8805,24.685,1000,2,1,1750592034,1750959782,0
LTE,466,92,24500,106779919,-1,120.8807,24.688,1000,3,1,1750592044,1750959782,0
LTE,466,92,24500,108480309,-1,120.8809,24.6913,1000,1,1,1750592069,1750592069,0
LTE,466,92,24500,105921589,-1,120.881,24.6939,1000,5,1,1750592074,1768723441,0
LTE,466,92,24500,105921599,-1,120.88,24.6969,1000,2,1,1750592094,1750959782,0
LTE,466,92,24500,105972011,-1,120.8757,24.702,1000,1,1,1750592124,1750592124,0
LTE,466,92,13750,80923937,-1,120.9344,24.7897,1000,2,1,1750592575,1750959782,0
LTE,466,92,13750,80923917,-1,120.9376,24.7907,1000,1,1,1750592590,1750592590,0
LTE,466,92,13750,80898849,-1,120.9663,24.7981,1000,1,1,1750592710,1750592710,0
LTE,466,92,13750,82923041,-1,120.9717,24.8015,1000,2,1,1750592750,1750959782,0
LTE,466,92,13701,80205093,-1,120.9976,24.8597,1000,1,1,1750593196,1750593196,0
LTE,466,92,13701,80288012,-1,121.0445,24.9044,1000,1,1,1750593487,1750593487,0
LTE,466,92,13202,80722701,-1,121.0745,24.9324,1000,2,1,1750593632,1750959783,0
LTE,466,92,13202,80409121,-1,121.0804,24.9338,1000,1,1,1750593657,1750593657,0
LTE,466,92,13202,80407073,-1,121.0839,24.9342,1000,2,1,1750593662,1750959783,0
LTE,466,92,13202,80701749,-1,121.118,24.9229,1000,2,1,1750593792,1750959783,0
LTE,466,92,13500,80728609,-1,121.1249,24.9215,1000,3,1,1750593807,1750959783,0
LTE,466,92,13500,81681421,-1,121.1255,24.9214,1000,1,1,1750593822,1750593822,0
LTE,466,92,13500,80728599,-1,121.1311,24.9197,1000,2,1,1750593842,1750959783,0
LTE,466,92,13500,80674337,-1,121.1397,24.9167,1000,2,1,1750593872,1750959783,0
LTE,466,92,13500,80674317,-1,121.1427,24.9152,1000,1,1,1750593887,1750593887,0
LTE,466,92,13500,80779546,-1,121.148,24.9143,1000,2,1,1750593907,1750959783,0
LTE,466,92,13500,80576013,-1,121.1535,24.9138,1000,1,1,1750593927,1750593927,0
LTE,466,92,13500,80845857,-1,121.1626,24.9135,1000,1,1,1750593963,1750593963,0
LTE,466,92,13500,80738337,-1,121.1751,24.9136,1000,3,1,1750593993,1750959783,0
LTE,466,92,13500,80738317,-1,121.1795,24.9156,1000,1,1,1750594018,1750594018,0
LTE,466,92,13500,80674593,-1,121.1907,24.9264,1000,1,1,1750594073,1750594073,0
LTE,466,92,13500,85829133,-1,121.1928,24.9274,1000,1,1,1750594083,1750594083,0
LTE,466,92,13500,80667670,-1,121.2051,24.9338,1000,2,1,1750594123,1750959783,0
LTE,466,92,13500,80715542,-1,121.2075,24.9353,1000,1,1,1750594138,1750594138,0
LTE,466,92,13400,80254233,-1,121.211,24.9395,1000,4,1,1750594148,1750959783,0
LTE,466,92,13400,80254223,-1,121.2143,24.9426,1000,1,1,1750594178,1750594178,0
LTE,466,92,13400,81687331,-1,121.2156,24.944,1000,1,1,1750594188,1750594188,0
LTE,466,92,13400,80779030,-1,121.2253,24.9532,1000,3,1,1750594248,1760144886,0
LTE,466,92,13400,80778774,-1,121.2582,24.9727,1000,1,1,1750594403,1750594403,0
LTE,466,92,13300,80212251,-1,121.2798,24.9825,1000,1,1,1750594484,1750594484,0
LTE,466,92,13300,80879905,-1,121.2867,24.9837,1000,1,1,1750594509,1750594509,0
LTE,466,92,13300,80783395,-1,121.2974,24.9853,1000,1,1,1750594549,1750594549,0
LTE,466,92,13100,80204835,-1,121.3021,24.9866,1000,2,1,1750594564,1750959783,0
LTE,466,92,13100,80204815,-1,121.3046,24.9872,1000,1,1,1750594579,1750594579,0
LTE,466,92,13100,80844313,-1,121.2994,24.9858,1000,1,1,1750594554,1750594554,0
LTE,466,92,13100,80790307,-1,121.3062,24.9875,1000,1,1,1750594584,1750594584,0
LTE,466,92,13100,81668889,-1,121.3101,24.9881,1000,2,1,1750594604,1750959783,0
LTE,466,92,13100,81514019,-1,121.312,24.9884,1000,1,1,1750594619,1750594619,0
LTE,466,92,13100,81756173,-1,121.3206,24.9901,1000,1,1,1750594674,1750594674,0
LTE,466,92,13100,28504857,-1,121.3324,24.9767,1000,1,1,1750594769,1750594769,0
LTE,466,92,13300,28552995,-1,121.338,24.9713,1000,1,1,1750594809,1750594809,0
LTE,466,92,13300,28552985,-1,121.3401,24.9689,1000,1,1,1750594824,1750594824,0
LTE,466,92,13300,29478166,-1,121.3385,24.9581,1000,2,1,1750594884,1750959783,0
LTE,466,92,13300,29478176,-1,121.3364,24.9547,1000,3,1,1750594910,1750959783,0
LTE,466,92,13300,29606421,-1,121.336,24.9511,1000,2,1,1750594925,1750959783,0
LTE,466,92,13300,30488098,-1,121.3435,24.9488,1000,3,1,1750594965,1750959783,0
LTE,466,92,13300,28505378,-1,121.3611,24.9564,1000,1,1,1750595075,1750595075,0
LTE,466,92,13300,28505368,-1,121.3625,24.9559,1000,1,1,1750595085,1750595085,0
LTE,466,92,13300,30243854,-1,121.367,24.9562,1000,1,1,1750595110,1750595110,0
LTE,466,92,12700,29694233,-1,121.3805,24.9645,1000,1,1,1750595170,1750595170,0
LTE,466,92,12700,29293327,-1,121.3871,24.9689,1000,3,1,1750595220,1750959783,0
LTE,466,92,12700,28673561,-1,121.3894,24.9703,1000,2,1,1750595245,1750959783,0
LTE,466,92,12700,28644643,-1,121.3915,24.9723,1000,1,1,1750595270,1750595270,0
LTE,466,92,12700,29251876,-1,121.4159,24.9842,1000,2,1,1750595406,1750959783,0
LTE,466,92,12700,28672272,-1,121.424,24.9903,1000,1,1,1750595461,1750595461,0
LTE,466,92,11104,54456096,-1,121.5207,25.0527,1000,3,1,1750600998,1768723445,0
LTE,466,92,11900,54697742,-1,121.5279,25.0217,1000,3,1,1750602596,1750959842,0
LTE,466,92,11900,54363419,-1,121.5273,25.0216,1000,4,1,1750602796,1750959785,0
LTE,466,92,11900,54606092,-1,121.5279,25.0211,1000,12,1,1750602886,1750959843,0
LTE,466,92,11900,54363404,-1,121.5282,25.0218,1000,5,1,1750602926,1750959842,0
LTE,466,92,11200,56923662,-1,121.5328,25.0169,1000,6,1,1750648571,1750959784,0
LTE,466,92,11200,54613016,-1,121.5389,25.018,1000,11,1,1750648821,1786279441,0
LTE,466,92,11200,54613014,-1,121.5396,25.0176,1000,11,1,1750649022,1750959843,0
LTE,466,92,11200,54703945,-1,121.5383,25.0175,1000,8,1,1750655016,1750959843,0
LTE,466,92,11200,54926348,-1,121.5383,25.0164,1000,4,1,1750659378,1786246502,0
LTE,466,92,11200,54613013,-1,121.5414,25.0159,1000,6,1,1750661522,1786246502,0
LTE,466,92,11200,54703915,-1,121.5378,25.0153,1000,9,1,1750661572,1786184101,0
LTE,466,92,11200,54926351,-1,121.5384,25.0178,1000,1,1,1750663185,1750663185,0
LTE,466,92,11200,54613024,-1,121.5392,25.0193,1000,4,1,1750670151,1750959843,0
LTE,466,92,11200,54613027,-1,121.5389,25.0194,1000,1,1,1750670246,1750670246,0
LTE,466,92,11200,54613017,-1,121.5389,25.0186,1000,3,1,1750670281,1750959784,0
LTE,466,92,11200,54926347,-1,121.5379,25.0166,1000,8,1,1750670873,1750959843,0
LTE,466,92,11200,56923661,-1,121.5331,25.0166,1000,14,1,1750682755,1750959843,0
LTE,466,92,11200,54670093,-1,121.5327,25.0168,1000,1,1,1750682800,1750682800,0
LTE,466,92,11900,56931852,-1,121.5319,25.0171,1000,5,1,1750682830,1754115551,0
LTE,466,92,11200,54370848,-1,121.5318,25.0174,1000,6,1,1750683251,1750959843,0
LTE,466,92,11900,62383895,-1,121.5314,25.0178,1000,1,1,1750684153,1750684153,0
LTE,466,92,11900,54606093,-1,121.5284,25.0208,1000,6,1,1750684518,1750959843,0
LTE,466,92,11900,54681879,-1,121.5265,25.0222,1000,15,1,1750684573,1750959843,0
LTE,466,92,11200,54652945,-1,121.5475,25.0179,1000,8,1,1750748862,1750959842,0
LTE,466,92,11200,54452773,-1,121.5472,25.0182,1000,2,1,1750748872,1750959784,0
LTE,466,92,11200,54652955,-1,121.546,25.0184,1000,3,1,1750748989,1750959784,0
LTE,466,92,11200,54552091,-1,121.5468,25.0186,1000,1,1,1750748948,1750748948,0
LTE,466,92,11200,64813083,-1,121.545,25.0176,1000,12,1,1750749069,1750959843,0
LTE,466,92,11200,54314779,-1,121.5464,25.0186,1000,1,1,1750752104,1750752104,0
LTE,466,92,11200,55508261,-1,121.5484,25.0176,1000,2,1,1750752170,1750959842,0
LTE,466,92,11200,54652965,-1,121.5473,25.0159,1000,8,1,1750752210,1750959784,0
LTE,466,92,11200,64813093,-1,121.5424,25.0174,1000,7,1,1750752432,1750959784,0
LTE,466,92,11200,54613019,-1,121.5399,25.0169,1000,2,1,1750752512,1750959784,0
LTE,466,92,11200,54370833,-1,121.5386,25.0174,1000,1,1,1750752563,1750752563,0
LTE,466,92,11200,55329303,-1,121.5401,25.0199,1000,5,1,1750768322,1750959842,0
LTE,466,92,11200,54573109,-1,121.5414,25.0208,1000,3,1,1750768413,1750959842,0
LTE,466,92,11200,55329293,-1,121.543,25.021,1000,7,1,1750768463,1750959842,0
LTE,466,92,11200,54079511,-1,121.5428,25.0284,1000,3,1,1750769281,1750959785,0
LTE,466,92,11200,54079509,-1,121.5424,25.0285,1000,3,1,1750771258,1750959785,0
LTE,466,92,11200,55345189,-1,121.5434,25.0265,1000,3,1,1750776326,1750959785,0
LTE,466,92,11200,54314769,-1,121.5435,25.0251,1000,4,1,1750776629,1750959785,0
LTE,466,92,11200,55345179,-1,121.5427,25.0248,1000,1,1,1750776806,1750776806,0
LTE,466,92,11200,54314789,-1,121.5418,25.0249,1000,3,1,1750776821,1750959785,0
LTE,466,92,11200,54687781,-1,121.5402,25.0252,1000,4,1,1750776866,1750959785,0
LTE,466,92,11200,54689061,-1,121.5387,25.0254,1000,1,1,1750776947,1750776947,0
LTE,466,92,11900,54154267,-1,121.538,25.0251,1000,4,1,1750776931,1750959785,0
LTE,466,92,11400,54956315,-1,121.5373,25.0252,1000,1,1,1750777098,1750777098,0
LTE,466,92,11900,54319633,-1,121.5373,25.0248,1000,1,1,1750777133,1750777133,0
LTE,466,92,11200,54687765,-1,121.5373,25.0238,1000,1,1,1750777163,1750777163,0
LTE,466,92,11900,54089237,-1,121.5324,25.0225,1000,1,1,1750777436,1750777436,0
LTE,466,92,11900,54089243,-1,121.5316,25.0221,1000,3,1,1750777451,1750959785,0
LTE,466,92,11900,56923941,-1,121.5307,25.0213,1000,2,1,1750777541,1750959785,0
LTE,466,92,11900,54363409,-1,121.5289,25.0219,1000,7,1,1750777602,1750959785,0
LTE,466,92,11900,54681883,-1,121.5271,25.0218,1000,1,1,1750777779,1750777779,0
LTE,466,92,11900,54681878,-1,121.5271,25.0219,1000,2,1,1750821352,1750959843,0
LTE,466,92,11900,55081740,-1,121.5296,25.0196,1000,3,1,1750821690,1750959843,0
LTE,466,92,11200,55513417,-1,121.5321,25.0171,1000,2,1,1750821781,1750959785,0
LTE,466,92,11200,56923669,-1,121.5362,25.0155,1000,8,1,1750822114,1750959842,0
LTE,466,92,11200,54613026,-1,121.5399,25.0202,1000,4,1,1750822695,1750959842,0
LTE,466,92,11200,65754136,-1,121.5413,25.0206,1000,2,1,1750822760,1750959842,0
LTE,466,92,11200,54573080,-1,121.5457,25.0182,1000,3,1,1750823305,1750959843,0
LTE,466,92,11200,64813080,-1,121.545,25.0176,1000,12,1,1750823325,1750959843,0
LTE,466,92,11200,54652952,-1,121.5461,25.0185,1000,4,1,1750823426,1750959843,0
LTE,466,92,11200,54652941,-1,121.5477,25.0178,1000,4,1,1750823532,1750959843,0
LTE,466,92,11200,54652939,-1,121.5473,25.0175,1000,2,1,1750857637,1750959842,0
LTE,466,92,11200,54652951,-1,121.5464,25.0187,1000,2,1,1750857799,1750959842,0
LTE,466,92,11200,64813079,-1,121.5452,25.0177,1000,4,1,1750857895,1750959842,0
LTE,466,92,11200,64813089,-1,121.5431,25.0176,1000,4,1,1750858238,1750959842,0
LTE,466,92,11200,64813087,-1,121.5391,25.016,1000,1,1,1750858400,1750858400,0
LTE,466,92,11200,56923660,-1,121.533,25.0167,1000,9,1,1750858761,1750959843,0
LTE,466,92,11900,56931855,-1,121.5316,25.0172,1000,1,1,1750859951,1750859951,0
LTE,466,92,11200,54652961,-1,121.5469,25.016,1000,5,1,1750928522,1750959843,0
LTE,466,92,11200,54870038,-1,121.5456,25.0165,1000,1,1,1750928613,1750928613,0
LTE,466,92,11200,64813078,-1,121.5448,25.0171,1000,2,1,1750928643,1750959843,0
LTE,466,92,11200,64813088,-1,121.5432,25.0177,1000,5,1,1750928820,1750959843,0
LTE,466,92,11200,54613004,-1,121.542,25.0173,1000,1,1,1750928866,1750928866,0
LTE,466,92,11200,54870028,-1,121.5408,25.0168,1000,1,1,1750928901,1750928901,0
LTE,466,92,11200,55329302,-1,121.5389,25.0189,1000,2,1,1750929007,1750959843,0
LTE,466,92,11200,54613029,-1,121.5388,25.0194,1000,1,1,1750929113,1750929113,0
LTE,466,92,11200,56923659,-1,121.5383,25.0178,1000,1,1,1750929406,1750929406,0
LTE,466,92,11200,58073357,-1,121.5367,25.0154,1000,6,1,1750939336,1786184101,0
LTE,466,92,11200,56923671,-1,121.5346,25.0148,1000,5,1,1750940655,1786170901,0
LTE,466,92,11200,55373605,-1,121.5357,25.0135,1000,4,1,1750940736,1750959843,0
LTE,466,92,11200,55373603,-1,121.5364,25.0126,1000,1,1,1750940822,1750940822,0
LTE,466,92,11200,55318041,-1,121.5367,25.0123,1000,3,1,1750940842,1750959843,0
LTE,466,92,11200,55606287,-1,121.5364,25.0131,1000,2,1,1750942084,1750959843,0
LTE,466,92,11200,62043917,-1,121.5355,25.0145,1000,4,1,1750942124,1786184101,0
LTE,466,92,11200,59823915,-1,121.5354,25.0137,1000,4,1,1750942109,1754115551,0
LTE,466,92,11200,56923670,-1,121.534,25.0153,1000,1,1,1750942180,1750942180,0
LTE,466,92,11900,56931853,-1,121.5321,25.0172,1000,1,1,1750942423,1750942423,0
LTE,466,92,11900,54592801,-1,121.5253,25.0236,1000,2,1,1750951978,1750959843,0
LTE,466,92,13700,79819289,-1,121.0069,24.7806,1000,2,1,1750968164,1753255561,0
LTE,466,92,13700,81559825,-1,121.0054,24.7811,1000,2,1,1750968244,1750988281,0
LTE,466,92,13700,81559843,-1,121.005,24.7811,1000,6,1,1750968264,1753255561,0
LTE,466,92,13700,81559823,-1,121.0044,24.7813,1000,4,1,1750968274,1752575221,0
LTE,466,92,13700,80273442,-1,121.0137,24.7771,1000,8,1,1750979955,1751606041,0
LTE,466,92,13700,80273433,-1,121.0133,24.7769,1000,5,1,1750979965,1751606041,0
LTE,466,92,13700,80273443,-1,121.0138,24.7773,1000,5,1,1750979975,1751000102,0
LTE,466,92,13700,79819279,-1,121.0094,24.7795,1000,2,1,1750980055,1751000102,0
LTE,466,92,13700,81559841,-1,121.0049,24.7808,1000,9,1,1750980165,1753255561,0
LTE,466,97,22530,81989331,-1,121.2179,25.0121,1000,3,1,1750839757,1777697283,0
LTE,466,97,11320,29701154,-1,121.5431,24.9923,1000,6,1,1751149542,1772355546,0
LTE,466,97,11320,29701303,-1,121.5414,24.993,1000,12,1,1751149562,1780917487,0
LTE,466,97,11240,29719664,-1,121.539,24.9939,1000,2,1,1751149712,1751187721,0
LTE,466,97,11240,29721969,-1,121.5364,24.9977,1000,11,1,1751149772,1752416342,0
LTE,466,97,11240,29721967,-1,121.5356,24.999,1000,6,1,1751149802,1752416342,0
LTE,466,97,11240,29737839,-1,121.5351,25.0044,1000,5,1,1751149842,1752416342,0
LTE,466,97,11240,25654740,-1,121.5284,25.0118,1000,9,1,1751149902,1752416342,0
LTE,466,97,11240,25654741,-1,121.5275,25.0131,1000,9,1,1751149912,1752416342,0
LTE,466,97,11240,25654771,-1,121.5263,25.0148,1000,20,1,1751149932,1752416406,0
LTE,466,97,11240,25617550,-1,121.5229,25.0193,1000,19,1,1751149982,1752416406,0
LTE,466,97,11400,25609870,-1,121.5195,25.021,1000,11,1,1751150122,1752416406,0
LTE,466,97,11400,25650318,-1,121.5152,25.0232,1000,19,1,1751150142,1752416406,0
LTE,466,97,11400,25610226,-1,121.5136,25.0241,1000,2,1,1751150172,1751187722,0
LTE,466,97,11400,27692243,-1,121.5123,25.024,1000,4,1,1751150182,1751187722,0
LTE,466,97,11400,27692263,-1,121.5098,25.0232,1000,6,1,1751150282,1751187722,0
LTE,466,97,11400,27692265,-1,121.5078,25.0224,1000,3,1,1751150352,1751187722,0
LTE,466,97,11400,27692264,-1,121.5061,25.0212,1000,7,1,1751150362,1751187722,0
LTE,466,97,11400,27656374,-1,121.5021,25.0188,1000,18,1,1751150412,1752416342,0
LTE,466,97,11400,27667934,-1,121.5016,25.02,1000,3,1,1751150442,1751187722,0
LTE,466,97,11400,27667933,-1,121.502,25.0209,1000,3,1,1751150482,1751187722,0
LTE,466,97,11400,27667893,-1,121.5021,25.021,1000,1,1,1751150492,1751150492,0
LTE,466,97,11400,27692469,-1,121.5023,25.0212,1000,1,1,1751150502,1751150502,0
LTE,466,97,11400,27692244,-1,121.5039,25.0201,1000,2,1,1751150552,1751187722,0
LTE,466,97,11400,27656375,-1,121.4988,25.0169,1000,10,1,1751150652,1752416342,0
LTE,466,97,11270,27652023,-1,121.4941,25.0175,1000,4,1,1751150692,1751187722,0
LTE,466,97,11270,27652021,-1,121.4929,25.0197,1000,9,1,1751150702,1751187722,0
LTE,466,97,11270,27687301,-1,121.4915,25.0227,1000,5,1,1751150732,1751187722,0
LTE,466,97,11270,27650999,-1,121.4908,25.0246,1000,9,1,1751150752,1760183710,0
LTE,466,97,11270,27691447,-1,121.4892,25.0277,1000,8,1,1751150792,1760183710,0
LTE,466,97,11270,27691448,-1,121.4886,25.029,1000,10,1,1751150802,1752416405,0
LTE,466,97,11270,27655095,-1,121.4887,25.0318,1000,19,1,1751150812,1760183710,0
LTE,466,97,11270,27650191,-1,121.4924,25.037,1000,4,1,1751150862,1751187723,0
LTE,466,97,11270,27692765,-1,121.4937,25.0376,1000,4,1,1751150872,1751187723,0
LTE,466,97,11270,27692725,-1,121.496,25.0392,1000,21,1,1751150882,1752416405,0
LTE,466,97,11270,27686328,-1,121.4977,25.04,1000,10,1,1751150902,1752416405,0
LTE,466,97,11270,27660981,-1,121.4999,25.0423,1000,8,1,1751150922,1752416405,0
LTE,466,97,11270,27660982,-1,121.5003,25.0427,1000,9,1,1751150932,1752416405,0
LTE,466,97,11270,27648695,-1,121.501,25.0444,1000,8,1,1751150942,1752416405,0
LTE,466,97,11270,27648693,-1,121.5018,25.0452,1000,10,1,1751150952,1752416405,0
LTE,466,97,11270,27653303,-1,121.5037,25.0467,1000,11,1,1751150962,1760183711,0
LTE,466,97,11270,27653301,-1,121.5056,25.0487,1000,12,1,1751150982,1760183711,0
LTE,466,97,11270,27679343,-1,121.5069,25.0516,1000,8,1,1751151002,1751187723,0
LTE,466,97,22240,26371439,-1,121.5074,25.0538,1000,4,1,1751151022,1751187723,0
LTE,466,97,22240,26372023,-1,121.5082,25.0566,1000,16,1,1751151052,1760183711,0
LTE,466,97,22240,26372022,-1,121.5082,25.0566,1000,1,1,1751151072,1751151072,0
LTE,466,97,22240,26372021,-1,121.5085,25.0598,1000,24,1,1751151092,1760183711,0
LTE,466,97,22240,26370282,-1,121.5088,25.0655,1000,3,1,1751151152,1751187723,0
LTE,466,97,22240,26369255,-1,121.5092,25.0696,1000,11,1,1751151162,1752416402,0
LTE,466,97,22210,26393476,-1,121.5094,25.0762,1000,4,1,1751151282,1752416402,0
LTE,466,97,22210,26393477,-1,121.5086,25.0785,1000,11,1,1751151362,1752416402,0
LTE,466,97,22210,26393475,-1,121.5092,25.0793,1000,11,1,1751151392,1780016945,0
LTE,466,97,22730,28418527,-1,121.506,25.0853,1000,2,1,1751151472,1751187723,0
LTE,466,97,22730,28418447,-1,121.5061,25.0847,1000,12,1,1751151502,1752416404,0
LTE,466,97,22730,28418445,-1,121.504,25.0878,1000,9,1,1751151512,1752416404,0
LTE,466,97,22730,28435087,-1,121.5022,25.0895,1000,13,1,1751151542,1752416404,0
LTE,466,97,22730,28706850,-1,121.4989,25.1121,1000,13,1,1751151792,1780822516,0
LTE,466,97,22730,28687503,-1,121.5048,25.1163,1000,3,1,1751151982,1751187724,0
LTE,466,97,22730,28677108,-1,121.502,25.1175,1000,9,1,1751152042,1760183712,0
LTE,466,97,22730,28672399,-1,121.5011,25.1188,1000,15,1,1751152102,1760183712,0
LTE,466,97,22730,28672439,-1,121.5002,25.1198,1000,7,1,1751152142,1780822516,0
LTE,466,97,22730,28672437,-1,121.4983,25.1219,1000,6,1,1751152152,1780822516,0
LTE,466,97,22730,28708341,-1,121.4994,25.1231,1000,2,1,1751152172,1751187724,0
LTE,466,97,22730,28683762,-1,121.4993,25.1238,1000,8,1,1751152212,1752416403,0
LTE,466,97,22730,28708340,-1,121.4975,25.1286,1000,13,1,1751152222,1760183713,0
LTE,466,97,22730,28672655,-1,121.4972,25.1301,1000,5,1,1751152262,1751187724,0
LTE,466,97,22730,28708207,-1,121.4971,25.1294,1000,8,1,1751152312,1760183762,0
LTE,466,97,22730,28708330,-1,121.4983,25.1258,1000,7,1,1751152362,1752416404,0
LTE,466,97,22730,28675726,-1,121.4966,25.1313,1000,1,1,1751152677,1751152677,0
LTE,466,97,22730,28674447,-1,121.4972,25.1316,1000,1,1,1751152749,1751152749,0
LTE,466,97,22730,28678326,-1,121.4967,25.1324,1059,22,1,1751152791,1760183762,0
LTE,466,97,22730,28672693,-1,121.4988,25.1317,1000,6,1,1751152962,1760183762,0
LTE,466,97,22730,28709815,-1,121.4996,25.1301,1000,10,1,1751153005,1760183762,0
LTE,466,97,22730,28672653,-1,121.4991,25.1305,1000,1,1,1751157863,1751157863,0
LTE,466,97,22730,28708278,-1,121.5004,25.125,1000,10,1,1751158809,1780822516,0
LTE,466,97,22730,28708279,-1,121.4974,25.1248,1190,24,1,1751159018,1780822516,0
LTE,466,97,22730,28708339,-1,121.4977,25.1236,1000,7,1,1751159269,1760183761,0
LTE,466,97,22730,28672735,-1,121.4969,25.1286,1000,10,1,1751160176,1752416404,0
LTE,466,97,22730,28672479,-1,121.4976,25.1263,1000,10,1,1751160384,1780822515,0
LTE,466,97,22730,28672397,-1,121.4951,25.1227,1000,1,1,1751161149,1751161149,0
LTE,466,97,22730,28708329,-1,121.4955,25.1229,1000,5,1,1751163967,1760183761,0
LTE,466,97,11460,59173007,-1,121.5237,24.9721,1000,11,1,1751183145,1752416407,0
LTE,466,97,11460,59138998,-1,121.5173,24.976,1000,21,1,1751183195,1777186562,0
LTE,466,97,11350,60178909,-1,121.4982,24.9807,1000,2,1,1751183285,1751284561,0
LTE,466,97,11220,60437359,-1,121.4735,24.9841,500,25,1,1751183415,1774079231,0
LTE,466,97,11220,60451570,-1,121.4506,24.9746,1000,10,1,1751183515,1751284562,0
LTE,466,97,11220,60428017,-1,121.438,24.963,1000,16,1,1751183593,1751284562,0
LTE,466,97,11220,60427189,-1,121.4365,24.9625,1000,18,1,1751183623,1777186563,0
LTE,466,97,11220,60422367,-1,121.4221,24.9578,1000,4,1,1751183724,1751284562,0
LTE,466,97,11220,60442592,-1,121.4204,24.9565,1000,4,1,1751183744,1751284562,0
LTE,466,97,11220,60442501,-1,121.419,24.9551,1000,4,1,1751183782,1751284562,0
LTE,466,97,11220,60455458,-1,121.418,24.9539,1000,4,1,1751183793,1751284562,0
LTE,466,97,11310,60948446,-1,121.3791,24.9511,1000,10,1,1751183993,1751284563,0
LTE,466,97,11310,60694514,-1,121.3565,24.9371,1000,22,1,1751184106,1777186564,0
LTE,466,97,11310,60693239,-1,121.3509,24.9355,966,34,1,1751184126,1777186565,0
LTE,466,97,11310,61184301,-1,121.3369,24.938,1000,15,1,1751184166,1765639865,0
LTE,466,97,11310,61188598,-1,121.3351,24.9386,1000,8,1,1751184187,1751284563,0
LTE,466,97,11310,61188495,-1,121.3288,24.9401,1000,9,1,1751184216,1765639865,0
LTE,466,97,22580,85517021,-1,121.306,24.974,1000,6,1,1751184419,1751284622,0
LTE,466,97,22520,84494581,-1,121.2824,24.9927,1000,5,1,1751184559,1752416410,0
LTE,466,97,22520,84497293,-1,121.2825,24.9933,1000,19,1,1751184569,1752416410,0
LTE,466,97,22520,84496566,-1,121.283,25.0011,901,31,1,1751184589,1777186566,0
LTE,466,97,22600,86556381,-1,121.2538,25.0279,1000,6,1,1751184781,1751284623,0
LTE,466,97,22530,86560980,-1,121.2479,25.0303,1000,23,1,1751184804,1777697282,0
LTE,466,97,22530,86298098,-1,121.2273,25.0253,1000,14,1,1751184964,1773480722,0
LTE,466,97,22530,86287327,-1,121.2238,25.0177,1000,6,1,1751185283,1774079282,0
LTE,466,97,22530,81948658,-1,121.2231,25.0157,1000,17,1,1751185346,1773480722,0
LTE,466,97,22530,81934323,-1,121.2103,25.0027,1000,18,1,1751266849,1784978342,0
LTE,466,92,13700,80441381,-1,121.0017,24.7823,1000,2,1,1751586177,1752025561,0
UMTS,466,92,54528,80289293,0,121.1478,24.624,1000,1,1,1751538914,1751538914,0
LTE,466,1,49650,133260575,-1,120.4837,24.1466,1000,11,1,1751845875,1751897222,0
LTE,466,92,13700,80362776,-1,120.9997,24.7831,1000,6,1,1752004903,1752025561,0
LTE,466,92,13700,80441376,-1,121.0018,24.7823,1000,2,1,1752091823,1752111781,0
LTE,466,92,13700,81556748,-1,121.0014,24.7822,1000,1,1,1752091853,1752091853,0
UMTS,466,92,8592,182255935,0,120.3123,22.5402,1000,1,1,1752039783,1752039783,0
UMTS,466,92,8592,182255915,0,120.3195,22.5421,1000,1,1,1752041166,1752041166,0
LTE,466,97,22530,86279646,-1,121.219,25.0084,1000,3,1,1751961836,1772109126,0
LTE,466,97,22530,82007509,-1,121.2111,25.0058,1000,13,1,1752099843,1772355552,0
LTE,466,97,22550,81983087,-1,121.2089,25.0031,1000,1,1,1752106254,1752106254,0
LTE,466,97,22530,82007519,-1,121.2125,25.009,1000,9,1,1752117391,1772170382,0
LTE,466,97,22530,81948638,-1,121.2231,25.0157,1000,3,1,1752363891,1752386042,0
LTE,466,97,22530,81948598,-1,121.2226,25.0135,1000,14,1,1752363912,1774079282,0
LTE,466,97,22530,86298099,-1,121.2238,25.0208,1000,22,1,1752364035,1773480722,0
LTE,466,97,22520,84496567,-1,121.2815,25.0071,950,32,1,1752364479,1777186566,0
LTE,466,97,22580,85534902,-1,121.2957,24.9754,1000,7,1,1752364639,1752386101,0
LTE,466,97,22580,85509341,-1,121.3171,24.9698,1000,11,1,1752364709,1752386102,0
LTE,466,97,22580,85525123,-1,121.3245,24.9495,1000,5,1,1752364820,1752386102,0
LTE,466,97,11310,60693215,-1,121.3558,24.9362,1000,8,1,1752364991,1752386102,0
LTE,466,97,11310,60693471,-1,121.3694,24.9468,1000,16,1,1752365051,1752386102,0
LTE,466,97,11310,60934623,-1,121.3938,24.9514,1000,4,1,1752365202,1752386103,0
LTE,466,97,11310,60934622,-1,121.4003,24.9508,1000,8,1,1752365260,1752386103,0
LTE,466,97,11220,60419342,-1,121.4049,24.9506,793,28,1,1752365302,1777186564,0
LTE,466,97,11220,60442482,-1,121.422,24.9576,1000,12,1,1752365384,1771110124,0
LTE,466,97,11220,60417974,-1,121.4279,24.9595,740,25,1,1752365424,1777186563,0
LTE,466,97,11220,60451551,-1,121.4476,24.9735,1000,8,1,1752365504,1752386103,0
LTE,466,97,11220,60451550,-1,121.4542,24.9749,1000,22,1,1752365524,1773480727,0
LTE,466,97,11220,60424374,-1,121.4615,24.9764,822,31,1,1752365574,1777186563,0
LTE,466,97,11220,60456680,-1,121.4717,24.9825,1000,2,1,1752365614,1752386104,0
LTE,466,97,11350,60167666,-1,121.4943,24.9826,1573,28,1,1752365734,1772355545,0
LTE,466,97,11460,59142837,-1,121.4909,24.9863,1000,1,1,1752366202,1752366202,0
LTE,466,97,11460,59192808,-1,121.4909,24.9863,1000,1,1,1752366222,1752366222,0
LTE,466,97,11460,59192758,-1,121.5378,24.9767,4847,6,1,1752366212,1780917488,0
LTE,466,97,11460,59196855,-1,121.5427,24.9845,1000,7,1,1752366380,1780917487,0
LTE,466,97,11460,59144374,-1,121.5437,24.9822,1000,9,1,1752366469,1780917487,0
LTE,466,97,11320,29735812,-1,121.5422,24.9893,1000,4,1,1752366629,1752416406,0
LTE,466,97,11320,29738371,-1,121.5433,24.9909,1000,8,1,1752366689,1774079229,0
LTE,466,97,11320,29724528,-1,121.5429,24.992,1000,1,1,1752366829,1752366829,0
LTE,466,97,11320,29701342,-1,121.5429,24.992,1000,3,1,1752367331,1752416342,0
LTE,466,97,11320,29738422,-1,121.5428,24.9903,1000,18,1,1752367481,1777186562,0
LTE,466,97,11240,25642963,-1,121.5264,25.0146,1000,3,1,1752367931,1752416342,0
LTE,466,97,11240,25642964,-1,121.5258,25.0155,1000,3,1,1752367941,1752416342,0
LTE,466,97,11240,25762671,-1,121.525,25.0168,1000,4,1,1752367951,1752416342,0
LTE,466,97,11400,25649078,-1,121.5127,25.0242,1000,1,1,1752368191,1752368191,0
LTE,466,97,11400,25610167,-1,121.5119,25.0239,1000,3,1,1752368271,1752416342,0
LTE,466,97,11400,27692273,-1,121.5102,25.0232,1000,13,1,1752368281,1752416406,0
LTE,466,97,11400,27692275,-1,121.508,25.0224,1000,4,1,1752368301,1752416342,0
LTE,466,97,11400,27692274,-1,121.5064,25.0212,1000,9,1,1752368311,1752416406,0
LTE,466,97,11400,27656334,-1,121.5033,25.0194,1000,8,1,1752368341,1752416405,0
LTE,466,97,11270,27657615,-1,121.4968,25.0164,1000,10,1,1752368481,1752416405,0
LTE,466,97,11270,27651983,-1,121.4946,25.0172,1000,10,1,1752368551,1752416405,0
LTE,466,97,11270,27651981,-1,121.4927,25.02,1000,15,1,1752368571,1752416405,0
LTE,466,97,11270,27687411,-1,121.4914,25.023,1000,7,1,1752368611,1752416405,0
LTE,466,97,11270,27687410,-1,121.4921,25.0248,1000,3,1,1752368641,1752416342,0
LTE,466,97,11270,27650998,-1,121.4931,25.026,1000,7,1,1752368681,1760183710,0
LTE,466,97,11270,27657860,-1,121.4941,25.0265,1000,4,1,1752368721,1760183710,0
LTE,466,97,11270,56324844,-1,121.4871,25.023,1000,10,1,1752368901,1752416343,0
LTE,466,97,11340,56362727,-1,121.4855,25.0224,1000,4,1,1752368931,1752416343,0
LTE,466,97,11270,56369590,-1,121.4847,25.022,1000,3,1,1752369041,1752416343,0
LTE,466,97,11270,27654839,-1,121.4954,25.0284,1000,3,1,1752369191,1752416401,0
LTE,466,97,11270,27654837,-1,121.4959,25.0291,1000,2,1,1752369231,1752416401,0
LTE,466,97,11270,27657184,-1,121.4978,25.0328,1000,1,1,1752369301,1752369301,0
LTE,466,97,11270,27686325,-1,121.4999,25.0401,1000,3,1,1752369591,1752416402,0
LTE,466,97,11270,27648694,-1,121.5009,25.044,1000,2,1,1752369701,1752416402,0
LTE,466,97,11270,27679465,-1,121.5059,25.0489,1000,7,1,1752369841,1752416405,0
LTE,466,97,11270,26373303,-1,121.5068,25.0506,1000,4,1,1752369871,1752416402,0
LTE,466,97,11270,26373301,-1,121.507,25.0516,1000,8,1,1752369931,1752416405,0
LTE,466,97,11270,26373261,-1,121.5075,25.0534,1000,3,1,1752370011,1752416402,0
LTE,466,97,22240,26371469,-1,121.5077,25.0542,1000,2,1,1752370021,1752416402,0
LTE,466,97,22240,26371983,-1,121.5079,25.0555,1000,5,1,1752370031,1752416402,0
LTE,466,97,22240,26370231,-1,121.5087,25.0628,1000,3,1,1752370101,1752416402,0
LTE,466,97,22240,26370230,-1,121.5088,25.0639,1000,4,1,1752370111,1752416402,0
LTE,466,97,22240,26369207,-1,121.5089,25.0659,1000,7,1,1752370121,1752416402,0
LTE,466,97,22240,26369205,-1,121.5091,25.0679,1000,5,1,1752370151,1760183711,0
LTE,466,97,22210,28431650,-1,121.5078,25.0816,1000,4,1,1752370451,1752416402,0
LTE,466,97,22210,28417002,-1,121.5074,25.0827,1000,3,1,1752370461,1752416402,0
LTE,466,97,22730,28435127,-1,121.5017,25.0902,1000,3,1,1752370611,1760183711,0
LTE,466,97,22730,28445406,-1,121.5004,25.0915,1000,4,1,1752370761,1752416402,0
LTE,466,97,22730,28734166,-1,121.4991,25.104,1000,4,1,1752370871,1752416403,0
LTE,466,97,22730,28706831,-1,121.4987,25.1078,1000,19,1,1752370881,1780822516,0
LTE,466,97,22730,28706830,-1,121.4985,25.111,1000,8,1,1752370921,1780822516,0
LTE,466,97,22730,28672470,-1,121.5,25.1168,1000,14,1,1752370951,1780822515,0
LTE,466,97,22730,28672695,-1,121.4971,25.129,1000,19,1,1752371061,1760183762,0
LTE,466,97,22730,28678286,-1,121.4968,25.1332,1000,6,1,1752371161,1760183713,0
LTE,466,97,22730,28678325,-1,121.4974,25.1362,1000,10,1,1752371301,1752416403,0
LTE,466,97,22730,28674485,-1,121.4986,25.137,1000,3,1,1752371321,1752416403,0
LTE,466,97,22730,28708277,-1,121.4984,25.1262,1000,11,1,1752372209,1780822516,0
LTE,466,97,22730,28708319,-1,121.496,25.1234,1000,4,1,1752376201,1752416403,0
LTE,466,97,22730,28674487,-1,121.4968,25.1335,1000,11,1,1752388094,1760183713,0
LTE,466,97,22730,28678327,-1,121.4948,25.1355,1000,6,1,1752388429,1752416404,0
LTE,466,97,22730,28678366,-1,121.4955,25.1325,1000,2,1,1752389604,1752416404,0
LTE,466,97,22730,28672489,-1,121.4995,25.1191,1000,19,1,1752389944,1780822516,0
LTE,466,97,22730,28672490,-1,121.5,25.117,1000,10,1,1752390104,1780822516,0
LTE,466,97,22730,28677098,-1,121.499,25.1132,1000,6,1,1752390154,1780822516,0
LTE,466,97,22730,28706851,-1,121.4987,25.1072,1000,11,1,1752390184,1752416404,0
LTE,466,97,22730,28424669,-1,121.4989,25.1044,1000,4,1,1752390214,1752416404,0
LTE,466,97,22730,28416653,-1,121.499,25.1003,1000,24,1,1752390224,1780822515,0
LTE,466,97,22730,28416655,-1,121.4972,25.0953,1000,3,1,1752390274,1752416404,0
LTE,466,97,22730,28445325,-1,121.4977,25.094,1000,4,1,1752390284,1752416404,0
LTE,466,97,22730,28445326,-1,121.4994,25.0922,1000,7,1,1752390304,1752416404,0
LTE,466,97,22210,28417012,-1,121.5074,25.0819,1000,4,1,1752390564,1752416404,0
LTE,466,97,22210,26377101,-1,121.509,25.0727,1000,8,1,1752390624,1752416405,0
LTE,466,97,22210,26373774,-1,121.5092,25.0703,1000,3,1,1752390654,1752416405,0
LTE,466,97,22240,26378167,-1,121.5091,25.069,1000,2,1,1752390674,1752416405,0
LTE,466,97,22240,26369245,-1,121.5089,25.0673,1000,5,1,1752390684,1752416405,0
LTE,466,97,22240,26369267,-1,121.5088,25.0655,1000,9,1,1752390704,1760183711,0
LTE,466,97,22240,26370292,-1,121.5087,25.0646,1000,7,1,1752390714,1760183711,0
LTE,466,97,22240,26370191,-1,121.5085,25.062,1000,4,1,1752390734,1752416405,0
LTE,466,97,22240,26371981,-1,121.5083,25.0598,1000,3,1,1752390744,1752416405,0
LTE,466,97,11270,27692727,-1,121.492,25.0367,1000,7,1,1752391074,1760183711,0
LTE,466,97,11270,27650231,-1,121.4901,25.0349,1000,16,1,1752391084,1760183710,0
LTE,466,97,11270,27657614,-1,121.4989,25.0167,1000,3,1,1752391284,1752416405,0
LTE,466,97,11400,27656335,-1,121.5006,25.0177,1000,4,1,1752391294,1752416405,0
LTE,466,97,11240,25654770,-1,121.5297,25.0104,1000,4,1,1752391594,1752416406,0
LTE,466,97,11240,25604021,-1,121.5333,25.0077,1000,4,1,1752391624,1752416406,0
LTE,466,97,11240,29857973,-1,121.5338,25.0066,1000,3,1,1752391634,1752416406,0
LTE,466,97,11240,29714051,-1,121.535,25.0039,1000,5,1,1752391644,1752416406,0
LTE,466,97,11240,29714053,-1,121.5353,25.0009,1000,6,1,1752391674,1752416406,0
LTE,466,97,11240,29707189,-1,121.5358,24.9969,1000,7,1,1752391704,1752416406,0
LTE,466,97,11320,29705398,-1,121.5405,24.992,1000,7,1,1752391864,1752416406,0
LTE,466,97,11320,29750159,-1,121.5398,24.9895,1000,8,1,1752391898,1752416406,0
LTE,466,97,11460,59145358,-1,121.5401,24.9865,1000,5,1,1752391925,1752416406,0
LTE,466,97,11460,59140852,-1,121.5409,24.9844,1000,4,1,1752391945,1752416406,0
LTE,466,97,11460,59140790,-1,121.5415,24.9825,1000,17,1,1752391965,1752416406,0
LTE,466,97,11460,59142325,-1,121.5421,24.9799,1000,6,1,1752392076,1752416406,0
LTE,466,97,11460,59142327,-1,121.5424,24.979,1000,1,1,1752392096,1752392096,0
LTE,466,97,11460,59144373,-1,121.5424,24.9859,1000,21,1,1752392206,1780917487,0
LTE,466,97,11460,59145398,-1,121.541,24.9873,1000,11,1,1752392216,1776091388,0
LTE,466,97,11320,29750157,-1,121.5402,24.9909,1000,1,1,1752392266,1752392266,0
LTE,466,97,11460,59145359,-1,121.5397,24.987,1000,15,1,1752392887,1772109062,0
LTE,466,97,11460,59136693,-1,121.5339,24.9903,1000,13,1,1752393086,1776102481,0
LTE,466,97,11460,59186161,-1,121.5307,24.9891,1000,6,1,1752393196,1765639862,0
LTE,466,97,11460,59150328,-1,121.5232,24.9818,1000,5,1,1752393291,1752416407,0
LTE,466,97,11460,59139060,-1,121.5231,24.9788,1000,8,1,1752393311,1752416407,0
LTE,466,97,11460,59139000,-1,121.5224,24.9767,792,26,1,1752393331,1777186562,0
LTE,466,97,11460,59138958,-1,121.5181,24.9762,1000,17,1,1752393446,1776102482,0
LTE,466,97,11420,60238834,-1,121.5063,24.9781,1000,2,1,1752393526,1752416407,0
LTE,466,97,11350,60176782,-1,121.476,24.9862,1000,7,1,1752393687,1752416407,0
LTE,466,97,11220,60437480,-1,121.4709,24.9821,1000,4,1,1752393727,1752416407,0
LTE,466,97,11220,60419439,-1,121.4138,24.9511,1000,12,1,1752394101,1771539424,0
LTE,466,97,11310,61193950,-1,121.3454,24.9353,1000,6,1,1752394435,1752416409,0
LTE,466,97,11310,61193951,-1,121.3421,24.9362,1000,3,1,1752394455,1752416409,0
LTE,466,97,11310,61192670,-1,121.3382,24.9375,1000,9,1,1752394465,1752416409,0
LTE,466,97,11310,61192629,-1,121.3252,24.9417,500,25,1,1752394535,1777186565,0
LTE,466,97,22580,85510109,-1,121.3251,24.956,1000,17,1,1752394597,1772355484,0
LTE,466,97,22580,85512631,-1,121.3073,24.9736,1000,17,1,1752394741,1773480724,0
LTE,466,97,22580,85525431,-1,121.2956,24.9756,1000,24,1,1752394771,1777186565,0
LTE,466,97,22520,84535173,-1,121.285,24.9804,1000,5,1,1752394812,1752416409,0
LTE,466,97,22520,84494580,-1,121.282,24.9897,1000,7,1,1752394862,1780016942,0
LTE,466,97,22600,84486643,-1,121.2789,25.0118,1000,23,1,1752394962,1777697282,0
LTE,466,97,22530,86298097,-1,121.2286,25.0269,1000,15,1,1752395265,1765639867,0
LTE,466,97,22530,81988792,-1,121.2185,25.0168,1000,18,1,1752395438,1771110061,0
LTE,466,92,36600,157404438,-1,120.1969,23.0663,1000,1,1,1752909965,1752909965,0
LTE,466,97,22530,82007539,-1,121.2124,25.0068,1000,7,1,1752991869,1777820701,0
LTE,466,92,13700,81559833,-1,121.007,24.7806,1000,1,1,1753226901,1753226901,0
LTE,466,92,13700,81559840,-1,121.005,24.7801,1000,7,1,1753227051,1753255561,0
LTE,466,92,24100,105902892,-1,120.6801,24.1552,1000,4,1,1748194984,1754115483,0
LTE,466,92,24101,106020425,-1,120.6774,24.1535,1000,3,1,1748196274,1754115483,0
LTE,466,92,24100,106306348,-1,120.6824,24.1486,1000,1,1,1750040589,1750040589,0
LTE,466,92,24100,106306346,-1,120.6823,24.1488,1000,2,1,1750040608,1754115484,0
LTE,466,92,24100,106306347,-1,120.6823,24.1487,1000,5,1,1750040618,1754115484,0
LTE,466,92,24100,106035519,-1,120.6824,24.1489,1000,4,1,1750040638,1754115484,0
LTE,466,92,24100,106035518,-1,120.6822,24.1489,1000,1,1,1750041708,1750041708,0
LTE,466,92,24100,105664062,-1,120.6822,24.1489,1000,1,1,1750041958,1750041958,0
LTE,466,92,24100,105664022,-1,120.6822,24.1489,1000,1,1,1750042098,1750042098,0
LTE,466,92,24100,106535469,-1,120.6851,24.1495,1000,1,1,1750055070,1750055070,0
LTE,466,92,24100,106535468,-1,120.6851,24.1494,1000,1,1,1750055089,1750055089,0
LTE,466,92,24100,106535466,-1,120.685,24.1491,1000,2,1,1750055109,1754115484,0
LTE,466,92,24100,106035471,-1,120.6849,24.1488,1000,2,1,1750055160,1754115484,0
LTE,466,92,24100,106035468,-1,120.685,24.1489,1000,3,1,1750055140,1754115484,0
LTE,466,92,24100,106035530,-1,120.6852,24.1484,1000,6,1,1750055340,1754115484,0
LTE,466,92,24100,106035531,-1,120.686,24.1482,1000,1,1,1750055750,1750055750,0
LTE,466,92,24100,106535477,-1,120.6858,24.1485,1000,1,1,1750056250,1750056250,0
LTE,466,92,25501,131967522,-1,120.5818,23.8915,1000,1,1,1750114210,1750114210,0
LTE,466,92,25501,132627745,-1,120.5822,23.8895,1000,4,1,1750114214,1754115485,0
LTE,466,92,25501,131967807,-1,120.5826,23.8873,1000,5,1,1750114224,1754115485,0
LTE,466,92,25501,131165197,-1,120.5835,23.8835,1000,11,1,1750114234,1754115485,0
LTE,466,92,25501,131165207,-1,120.5845,23.8796,1000,6,1,1750114254,1754115485,0
LTE,466,92,25501,131165217,-1,120.5852,23.8769,1000,6,1,1750114264,1754115485,0
LTE,466,92,25501,131165227,-1,120.5858,23.8742,1000,6,1,1750114274,1754115485,0
LTE,466,92,25501,131165237,-1,120.5869,23.8702,1000,11,1,1750114284,1754115485,0
LTE,466,92,25501,132621837,-1,120.5882,23.8665,1000,6,1,1750114304,1754115485,0
LTE,466,92,25501,132593431,-1,120.589,23.8646,1000,5,1,1750114314,1754115485,0
LTE,466,92,25501,132621867,-1,120.5898,23.8627,1000,4,1,1750114324,1754115485,0
LTE,466,92,25501,132621877,-1,120.5909,23.86,1000,8,1,1750114334,1754115485,0
LTE,466,92,25501,131120653,-1,120.5926,23.856,1000,6,1,1750114354,1754115485,0
LTE,466,92,25501,132615713,-1,120.5937,23.8534,1000,4,1,1750114374,1754115485,0
LTE,466,92,25501,132615703,-1,120.5946,23.851,1000,6,1,1750114384,1754115485,0
LTE,466,92,25501,131120693,-1,120.5967,23.8459,1000,5,1,1750114404,1754115485,0
LTE,466,92,25501,131120703,-1,120.5977,23.8434,1000,6,1,1750114414,1754115485,0
LTE,466,92,25501,131433240,-1,120.6006,23.8363,1000,15,1,1750114424,1754115486,0
LTE,466,92,25501,131433259,-1,120.6042,23.8287,1000,11,1,1750114464,1754115486,0
LTE,466,92,25501,131433269,-1,120.6068,23.8251,1000,6,1,1750114484,1754115486,0
LTE,466,92,25501,131242273,-1,120.6085,23.8228,1000,6,1,1750114494,1754115486,0
LTE,466,92,25501,131242283,-1,120.6112,23.8192,1000,11,1,1750114504,1754115486,0
LTE,466,92,25501,131958571,-1,120.6141,23.8162,1000,6,1,1750114524,1754115486,0
LTE,466,92,25501,131958581,-1,120.617,23.8142,1000,7,1,1750114534,1754115486,0
LTE,466,92,25501,131807778,-1,120.6222,23.8107,1000,7,1,1750114554,1754115486,0
LTE,466,92,25501,131807807,-1,120.6301,23.8047,1000,6,1,1750114594,1754115486,0
LTE,466,92,25501,132189217,-1,120.632,23.8027,1000,6,1,1750114604,1754115486,0
LTE,466,92,25501,132189196,-1,120.6345,23.7999,1000,11,1,1750114614,1754115486,0
LTE,466,92,25501,131807796,-1,120.6371,23.797,1000,6,1,1750114634,1754115486,0
LTE,466,92,25501,131963916,-1,120.6397,23.7937,1000,10,1,1750114644,1754115486,0
LTE,466,92,25100,131232830,-1,120.6384,23.7789,1000,22,1,1750114684,1754115487,0
LTE,466,92,25100,132080447,-1,120.6352,23.7718,1000,6,1,1750114734,1754115487,0
LTE,466,92,25501,131392555,-1,120.6335,23.7706,1000,3,1,1750114744,1754115487,0
LTE,466,92,36200,160472874,-1,120.4366,23.5732,1000,11,1,1750115746,1754115487,0
LTE,466,92,36100,158291734,-1,120.4361,23.5717,1000,6,1,1750115768,1754115487,0
LTE,466,92,36200,157091626,-1,120.4346,23.5659,1000,6,1,1750115788,1754115487,0
LTE,466,92,36200,157091636,-1,120.4338,23.563,1000,6,1,1750115798,1754115487,0
LTE,466,92,36200,157477162,-1,120.4325,23.5585,1000,11,1,1750115808,1754115487,0
LTE,466,92,36200,157477184,-1,120.4313,23.554,1000,6,1,1750115828,1754115487,0
LTE,466,92,36200,157496374,-1,120.4297,23.5483,1000,6,1,1750115848,1754115487,0
LTE,466,92,36200,157496373,-1,120.4289,23.5454,1000,6,1,1750115858,1754115487,0
LTE,466,92,36200,157540643,-1,120.4296,23.5353,1000,11,1,1750115888,1754115487,0
LTE,466,92,36100,157912363,-1,120.4344,23.5274,1000,7,1,1750115918,1754115488,0
LTE,466,92,36100,157912373,-1,120.4384,23.521,1000,6,1,1750115948,1754115487,0
LTE,466,92,36100,157362731,-1,120.44,23.5185,1000,6,1,1750115958,1754115488,0
LTE,466,92,36100,157362751,-1,120.4416,23.5159,1000,6,1,1750115968,1754115488,0
LTE,466,92,36100,157362741,-1,120.4432,23.5133,1000,6,1,1750115978,1754115488,0
LTE,466,92,36100,156702783,-1,120.4464,23.5081,1000,6,1,1750115998,1754115488,0
LTE,466,92,36100,157248063,-1,120.447,23.5068,1000,1,1,1750116018,1750116018,0
LTE,466,92,36100,157248064,-1,120.447,23.5068,1000,1,1,1750116028,1750116028,0
LTE,466,92,36100,157248054,-1,120.447,23.5068,1000,1,1,1750116038,1750116038,0
LTE,466,92,36100,157250102,-1,120.447,23.5068,1000,1,1,1750116048,1750116048,0
LTE,466,92,36100,157904192,-1,120.447,23.5068,1000,1,1,1750116058,1750116058,0
LTE,466,92,36100,157904181,-1,120.447,23.5068,1000,1,1,1750116068,1750116068,0
LTE,466,92,36100,157484813,-1,120.447,23.5068,1000,1,1,1750116088,1750116088,0
LTE,466,92,36100,156707904,-1,120.4425,23.4812,1000,1,1,1750116143,1750116143,0
LTE,466,92,36100,156707852,-1,120.447,23.5068,1000,1,1,1750116108,1750116108,0
LTE,466,92,36100,156706604,-1,120.4399,23.4782,1000,6,1,1750116169,1754115488,0
LTE,466,92,36100,156706603,-1,120.4408,23.4796,1000,3,1,1750116198,1754115488,0
LTE,466,92,36100,160463886,-1,120.4378,23.4759,1000,4,1,1750116308,1754115488,0
LTE,466,92,36100,160268578,-1,120.433,23.4705,1000,5,1,1750116338,1754115488,0
LTE,466,92,36100,160268568,-1,120.4311,23.4686,1000,6,1,1750116348,1754115488,0
LTE,466,92,36100,160267553,-1,120.4292,23.4665,1000,6,1,1750116358,1754115488,0
LTE,466,92,36100,160267544,-1,120.4268,23.4637,1000,13,1,1750116368,1754115547,0
LTE,466,92,36100,159276302,-1,120.4227,23.4591,1000,11,1,1750116388,1754115488,0
LTE,466,92,36100,159284257,-1,120.4147,23.4505,1000,17,1,1750116438,1754115546,0
LTE,466,92,36100,153877773,-1,120.4001,23.4343,1000,12,1,1750116518,1754115546,0
LTE,466,92,36100,160050199,-1,120.3967,23.4305,1000,6,1,1750116528,1754115489,0
LTE,466,92,36100,160050219,-1,120.396,23.4296,1000,12,1,1750116538,1754115546,0
LTE,466,92,36100,159696909,-1,120.3945,23.4273,1000,10,1,1750116548,1754115546,0
LTE,466,92,36100,157712664,-1,120.388,23.4162,1000,6,1,1750116588,1754115489,0
LTE,466,92,36100,157712674,-1,120.3871,23.414,1000,6,1,1750116598,1754115489,0
LTE,466,92,36100,153878030,-1,120.3866,23.4116,1000,6,1,1750116608,1754115489,0
LTE,466,92,36100,158213676,-1,120.3855,23.403,1000,17,1,1750116618,1754115489,0
LTE,466,92,36100,158213675,-1,120.3861,23.4048,1000,7,1,1750116628,1754115489,0
LTE,466,92,36100,158213685,-1,120.3822,23.396,1000,6,1,1750116668,1754115489,0
LTE,466,92,36400,157857560,-1,120.3762,23.3891,1000,6,1,1750116698,1754115489,0
LTE,466,92,36400,157116716,-1,120.3736,23.3855,1000,9,1,1750116708,1754115489,0
LTE,466,92,36400,157116726,-1,120.3689,23.379,1000,16,1,1750116728,1754115490,0
LTE,466,92,36600,157900576,-1,120.3642,23.3724,1000,7,1,1750116758,1754115490,0
LTE,466,92,36400,157763854,-1,120.3616,23.3682,1000,6,1,1750116778,1754115490,0
LTE,466,92,36400,157763864,-1,120.3588,23.3636,1000,5,1,1750116798,1754115490,0
LTE,466,92,36400,157385486,-1,120.3565,23.3599,1000,11,1,1750116808,1754115490,0
LTE,466,92,36400,160297003,-1,120.3468,23.3442,1017,22,1,1750116848,1754115490,0
LTE,466,92,36400,160296993,-1,120.3356,23.3263,1000,11,1,1750116938,1754115490,0
LTE,466,92,36400,160429099,-1,120.3323,23.321,1000,11,1,1750116958,1754115490,0
LTE,466,92,36400,160429078,-1,120.3294,23.3162,1000,8,1,1750116978,1754115491,0
LTE,466,92,36400,157796621,-1,120.3276,23.3134,1000,6,1,1750116998,1754115490,0
LTE,466,92,36400,160421675,-1,120.3259,23.3106,1000,11,1,1750117008,1754115491,0
LTE,466,92,36400,160421645,-1,120.3239,23.3073,1000,8,1,1750117028,1754115491,0
LTE,466,92,36400,160421646,-1,120.3221,23.304,1000,2,1,1750117048,1754115491,0
LTE,466,92,36400,160421666,-1,120.3212,23.3023,1000,2,1,1750117058,1754115491,0
LTE,466,92,36400,160207157,-1,120.321,23.2998,1000,3,1,1750117068,1754115491,0
LTE,466,92,36400,157855040,-1,120.3222,23.2953,1000,5,1,1750117088,1754115491,0
LTE,466,92,36400,157855039,-1,120.3229,23.2902,1000,6,1,1750117108,1754115491,0
LTE,466,92,36400,157855030,-1,120.3228,23.2829,1000,16,1,1750117128,1754115491,0
LTE,466,92,36400,160242968,-1,120.3227,23.274,1000,11,1,1750117168,1754115491,0
LTE,466,92,36400,160242988,-1,120.3227,23.2677,1000,7,1,1750117188,1754115491,0
LTE,466,92,36400,160242987,-1,120.3226,23.2619,1000,11,1,1750117208,1754115491,0
LTE,466,92,36400,157394720,-1,120.3224,23.2559,1000,11,1,1750117228,1754115491,0
LTE,466,92,36400,157873432,-1,120.322,23.2514,1000,6,1,1750117248,1754115491,0
LTE,466,92,36400,157872674,-1,120.3217,23.2484,1000,6,1,1750117258,1754115491,0
LTE,466,92,36400,160433933,-1,120.3215,23.2454,1000,6,1,1750117268,1754115491,0
LTE,466,92,36400,160433943,-1,120.321,23.2398,1000,11,1,1750117278,1754115491,0
LTE,466,92,36400,159963149,-1,120.3204,23.2334,1000,4,1,1750117308,1754115491,0
LTE,466,92,36400,159963160,-1,120.3201,23.2294,1000,11,1,1750117318,1754115491,0
LTE,466,92,36400,159963170,-1,120.3196,23.2233,1000,11,1,1750117338,1754115541,0
LTE,466,92,36400,157860376,-1,120.3188,23.2136,1000,21,1,1750117358,1754115541,0
LTE,466,92,36400,160428588,-1,120.3186,23.203,1000,11,1,1750117408,1754115542,0
LTE,466,92,36400,160339775,-1,120.3189,23.1989,1000,3,1,1750117428,1754115542,0
LTE,466,92,36400,160428567,-1,120.3192,23.1965,1000,6,1,1750117438,1754115542,0
LTE,466,92,36400,157760279,-1,120.32,23.188,1000,13,1,1750117448,1754115542,0
LTE,466,92,36400,160334103,-1,120.3201,23.1873,1000,11,1,1750117468,1754115542,0
LTE,466,92,36400,157113868,-1,120.321,23.1769,1000,7,1,1750117508,1754115542,0
LTE,466,92,36400,157113870,-1,120.3213,23.1729,1000,6,1,1750117528,1754115542,0
LTE,466,92,36400,157113880,-1,120.3208,23.1701,1000,6,1,1750117538,1754115542,0
LTE,466,92,36400,160418346,-1,120.3199,23.1674,1000,6,1,1750117548,1754115542,0
LTE,466,92,36400,157897002,-1,120.3185,23.1633,1000,11,1,1750117558,1754115542,0
LTE,466,92,36400,157674026,-1,120.3164,23.1579,1000,10,1,1750117578,1754115542,0
LTE,466,92,36400,157674047,-1,120.3143,23.1538,1000,6,1,1750117598,1754115542,0
LTE,466,92,36400,157673997,-1,120.3123,23.1499,1000,11,1,1750117608,1754115542,0
LTE,466,92,36400,157673998,-1,120.3108,23.147,1000,2,1,1750117628,1754115542,0
LTE,466,92,36300,156995381,-1,120.2037,22.9965,1000,10,1,1750119874,1754115544,0
LTE,466,92,36300,157751596,-1,120.1997,22.9963,1000,2,1,1750137699,1754115542,0
LTE,466,92,36300,157407768,-1,120.2015,22.9973,1000,2,1,1750139529,1754115543,0
LTE,466,92,36300,157837354,-1,120.2022,22.997,1000,1,1,1750144159,1750144159,0
LTE,466,92,19792,181941516,-1,120.2037,22.9961,1000,1,1,1750144549,1750144549,0
LTE,466,92,36300,157370390,-1,120.2059,22.9913,1000,1,1,1750197988,1750197988,0
LTE,466,92,36300,156995351,-1,120.2058,22.9915,1000,1,1,1750198008,1750198008,0
LTE,466,92,36300,157767705,-1,120.2056,22.9918,1000,1,1,1750198048,1750198048,0
LTE,466,92,36300,156995360,-1,120.204,22.9964,1000,1,1,1750198908,1750198908,0
LTE,466,92,36300,157772310,-1,120.2006,22.9975,1000,3,1,1750220490,1754115544,0
LTE,466,92,36300,156768821,-1,120.1955,22.999,1000,3,1,1750220630,1754115544,0
LTE,466,92,36300,156765719,-1,120.1941,22.9995,1000,3,1,1750220650,1754115544,0
LTE,466,92,36300,156765729,-1,120.193,22.9998,1000,1,1,1750220670,1750220670,0
LTE,466,92,36300,159796237,-1,120.1907,23.0013,1000,1,1,1750220800,1750220800,0
LTE,466,92,36300,159796238,-1,120.1906,23.0039,1000,23,1,1750220820,1754115544,0
LTE,466,92,36300,157751861,-1,120.1906,23.004,1000,5,1,1750220920,1754115544,0
LTE,466,92,36300,157751871,-1,120.1912,23.0046,1000,3,1,1750220940,1754115544,0
LTE,466,92,36300,156999202,-1,120.1911,23.0046,1000,4,1,1750221030,1754115544,0
LTE,466,92,36300,157751832,-1,120.1924,23.0039,1000,7,1,1750221200,1754115544,0
LTE,466,92,36300,157751842,-1,120.1905,23.0039,1000,4,1,1750221270,1754115544,0
LTE,466,92,36300,157751860,-1,120.1908,23.0035,1000,3,1,1750221350,1754115544,0
LTE,466,92,36300,157751823,-1,120.1906,23.0047,1000,1,1,1750223710,1750223710,0
LTE,466,92,36300,156999192,-1,120.1935,23.0043,1000,1,1,1750229581,1750229581,0
LTE,466,92,36300,157116183,-1,120.1943,23.0031,1000,3,1,1750230401,1754115545,0
LTE,466,92,36300,157750798,-1,120.2091,22.9948,1000,2,1,1750281802,1754115545,0
LTE,466,92,36300,157750838,-1,120.2112,22.9946,1000,5,1,1750281852,1754115545,0
LTE,466,92,36300,157750828,-1,120.2134,22.9957,1000,7,1,1750281932,1754115545,0
LTE,466,92,36300,156772150,-1,120.2141,22.9967,1000,5,1,1750281982,1754115545,0
LTE,466,92,36300,156772120,-1,120.2149,22.9967,1000,2,1,1750282022,1754115545,0
LTE,466,92,36300,156772160,-1,120.2148,22.9967,1000,1,1,1750282102,1750282102,0
LTE,466,92,36300,157750826,-1,120.2134,22.9961,1000,3,1,1750282370,1754115545,0
LTE,466,92,36300,156772148,-1,120.2136,22.9961,1000,1,1,1750282452,1750282452,0
LTE,466,92,36300,157777204,-1,120.2128,22.9963,1000,2,1,1750282672,1754115545,0
LTE,466,92,36402,157758988,-1,120.264,23.0473,1000,7,1,1750289904,1754115545,0
LTE,466,92,36400,156764714,-1,120.2671,23.0498,1000,6,1,1750289924,1754115545,0
LTE,466,92,36400,157099276,-1,120.2732,23.0547,1000,13,1,1750289934,1754115545,0
LTE,466,92,36400,157796128,-1,120.2719,23.0536,1000,6,1,1750289944,1754115545,0
LTE,466,92,36400,157796140,-1,120.279,23.0596,1000,6,1,1750289974,1754115545,0
LTE,466,92,36400,157830156,-1,120.2878,23.0667,1000,11,1,1750290004,1754115545,0
LTE,466,92,36400,156571691,-1,120.2952,23.0729,1000,2,1,1750290044,1754115545,0
LTE,466,92,36400,157833504,-1,120.2966,23.0786,1000,2,1,1750290064,1754115545,0
LTE,466,92,36400,157395212,-1,120.2982,23.0864,1000,5,1,1750290084,1754115546,0
LTE,466,92,36400,157396799,-1,120.3018,23.107,1000,3,1,1750290158,1754115546,0
LTE,466,92,36400,157380927,-1,120.3022,23.1093,1000,4,1,1750290164,1754115546,0
LTE,466,92,36400,157655331,-1,120.3027,23.1118,1000,6,1,1750290174,1754115546,0
LTE,466,92,36400,157655309,-1,120.3033,23.1146,1000,5,1,1750290184,1754115546,0
LTE,466,92,36400,162118954,-1,120.3039,23.1177,1000,6,1,1750290194,1754115546,0
LTE,466,92,36400,157928984,-1,120.3047,23.1221,1000,11,1,1750290204,1754115546,0
LTE,466,92,36400,157170445,-1,120.3055,23.1266,1000,6,1,1750290224,1754115546,0
LTE,466,92,36400,164678965,-1,120.306,23.1294,1000,6,1,1750290234,1754115546,0
LTE,466,92,36400,157000500,-1,120.3065,23.1323,1000,6,1,1750290244,1754115546,0
LTE,466,92,36400,155889165,-1,120.3071,23.1353,1000,6,1,1750290254,1754115546,0
LTE,466,92,36400,157674018,-1,120.309,23.1435,1000,3,1,1750290284,1754115546,0
LTE,466,92,36100,159696919,-1,120.3935,23.4258,1000,4,1,1750291275,1754115546,0
LTE,466,92,36100,159276311,-1,120.422,23.4584,1000,11,1,1750291405,1754115547,0
LTE,466,92,36100,159276301,-1,120.4248,23.4615,1000,3,1,1750291425,1754115546,0
LTE,466,92,36100,160267542,-1,120.4271,23.4642,1000,6,1,1750291435,1754115547,0
LTE,466,92,36100,160268567,-1,120.4329,23.4705,1000,1,1,1750291475,1750291475,0
LTE,466,92,11102,55513111,-1,121.5127,25.0538,1000,6,1,1750308551,1754115551,0
LTE,466,92,11102,54422294,-1,121.5131,25.0559,1000,2,1,1750315782,1754115547,0
LTE,466,92,11102,55313952,-1,121.5128,25.0552,1000,6,1,1750315802,1754115547,0
LTE,466,92,11102,55372300,-1,121.5127,25.0547,1000,1,1,1750318273,1750318273,0
LTE,466,92,11102,55313932,-1,121.5129,25.0543,1000,1,1,1750318503,1750318503,0
LTE,466,92,11102,55372310,-1,121.5127,25.0539,1000,3,1,1750318553,1754115548,0
LTE,466,92,11300,55300110,-1,121.5487,25.1006,1000,1,1,1750384618,1750384618,0
LTE,466,92,11300,55300109,-1,121.5486,25.1007,1000,1,1,1750384608,1750384608,0
LTE,466,92,11102,54675991,-1,121.51,25.0549,1000,8,1,1750472234,1754115551,0
LTE,466,92,11102,54675981,-1,121.5099,25.0566,1000,9,1,1750472519,1754115551,0
LTE,466,92,11102,54657825,-1,121.5095,25.0591,1000,5,1,1750473189,1754115547,0
LTE,466,92,11102,54657815,-1,121.5096,25.0584,1000,1,1,1750473219,1750473219,0
LTE,466,92,11102,54657827,-1,121.5094,25.0603,1000,3,1,1750473449,1754115547,0
LTE,466,92,11102,54155811,-1,121.5101,25.0606,1000,2,1,1750473589,1754115547,0
LTE,466,92,11102,54155801,-1,121.511,25.0605,1000,3,1,1750473669,1754115547,0
LTE,466,92,11102,54155791,-1,121.5108,25.0607,1000,2,1,1750473679,1754115547,0
LTE,466,92,11102,54594083,-1,121.5114,25.0605,1000,1,1,1750473769,1750473769,0
LTE,466,92,11102,54043427,-1,121.5109,25.0584,1000,5,1,1750473979,1754115547,0
LTE,466,92,11102,54675983,-1,121.5098,25.0569,1000,7,1,1750474209,1754115547,0
LTE,466,92,11102,54675993,-1,121.5101,25.0553,1000,3,1,1750474659,1754115547,0
LTE,466,92,11102,55067161,-1,121.5106,25.0544,1000,3,1,1750475069,1754115547,0
LTE,466,92,11102,55313945,-1,121.5114,25.0538,1000,3,1,1750475259,1754115547,0
LTE,466,92,11102,55372313,-1,121.5121,25.0539,1000,3,1,1750475399,1754115547,0
LTE,466,92,11102,54062616,-1,121.5088,25.0436,1000,20,1,1750479921,1786361641,0
LTE,466,92,11102,56925730,-1,121.5084,25.0444,1000,7,1,1750480361,1786361641,0
LTE,466,92,11102,56925720,-1,121.5093,25.0429,1000,13,1,1750480521,1786423082,0
LTE,466,92,11102,56925731,-1,121.508,25.0446,1000,4,1,1750480541,1754115547,0
LTE,466,92,11102,56925729,-1,121.5098,25.0445,1000,5,1,1750480881,1773716945,0
LTE,466,92,11102,54062627,-1,121.5071,25.0455,1000,6,1,1750481291,1754115547,0
LTE,466,92,11102,54349583,-1,121.5073,25.0454,1000,5,1,1750481311,1754115547,0
LTE,466,92,11102,54062625,-1,121.507,25.0455,1000,5,1,1750482731,1754115547,0
LTE,466,92,11102,55394327,-1,121.5092,25.0453,1000,2,1,1750487955,1754115547,0
LTE,466,92,11102,54366752,-1,121.5091,25.0453,1000,3,1,1750488195,1754115547,0
LTE,466,92,11102,54062606,-1,121.5092,25.0453,1000,8,1,1750488965,1754115552,0
LTE,466,92,11102,54699288,-1,121.4997,25.0385,1000,5,1,1750490415,1754115548,0
LTE,466,92,11102,54237454,-1,121.4985,25.0386,1000,2,1,1750490585,1754115548,0
LTE,466,92,11900,54721550,-1,121.4982,25.0371,1000,5,1,1750490705,1754115548,0
LTE,466,92,11900,57889570,-1,121.4983,25.0368,1000,6,1,1750490835,1754115548,0
LTE,466,92,11900,54721560,-1,121.4975,25.037,1000,5,1,1750492845,1754115548,0
LTE,466,92,11900,57889560,-1,121.4966,25.0368,1000,6,1,1750492975,1754115548,0
LTE,466,92,11900,55366158,-1,121.4918,25.0422,1000,2,1,1750493145,1786435202,0
LTE,466,92,11900,54721570,-1,121.4975,25.0372,1000,1,1,1750493495,1750493495,0
LTE,466,92,11102,55619864,-1,121.4985,25.0393,1000,3,1,1750494615,1754115548,0
LTE,466,92,11102,55619854,-1,121.4989,25.04,1000,3,1,1750494735,1754115548,0
LTE,466,92,11102,55562018,-1,121.4974,25.0422,1132,4,1,1750494975,1786435202,0
LTE,466,92,11102,55561998,-1,121.5019,25.0401,1000,8,1,1750495125,1754115548,0
LTE,466,92,11102,54676770,-1,121.5031,25.0399,1000,4,1,1750495225,1754115548,0
LTE,466,92,11102,55334169,-1,121.5022,25.0399,1000,3,1,1750495315,1754115548,0
LTE,466,92,11102,55334168,-1,121.5025,25.04,1000,7,1,1750495245,1754115548,0
LTE,466,92,11102,55561999,-1,121.5023,25.04,1000,3,1,1750495375,1754115548,0
LTE,466,92,11102,54676750,-1,121.5047,25.0397,1000,1,1,1750496255,1750496255,0
LTE,466,92,11102,55069462,-1,121.5105,25.0496,1000,2,1,1750496775,1754115548,0
LTE,466,92,11102,54423564,-1,121.5109,25.0499,1000,2,1,1750496795,1754115548,0
LTE,466,92,11102,54678806,-1,121.5118,25.05,1000,1,1,1750496855,1750496855,0
LTE,466,92,11102,54424342,-1,121.5118,25.052,1000,6,1,1750496935,1754115548,0
LTE,466,92,11102,55313942,-1,121.5121,25.0537,1000,2,1,1750496995,1754115548,0
LTE,466,92,11100,55657742,-1,121.5175,25.0485,1000,8,1,1750546093,1754115552,0
LTE,466,92,11104,54883854,-1,121.523,25.0602,1000,4,1,1750546613,1754115549,0
LTE,466,92,11101,55312654,-1,121.5237,25.0715,1000,2,1,1750547073,1754115549,0
LTE,466,92,11101,54572056,-1,121.5268,25.0756,1000,2,1,1750547173,1754115549,0
LTE,466,92,11101,54074136,-1,121.5257,25.0848,1000,5,1,1750547363,1754115550,0
LTE,466,92,11101,56634146,-1,121.5261,25.0864,1000,3,1,1750547383,1754115550,0
LTE,466,92,11300,54661656,-1,121.5302,25.0951,1000,2,1,1750547793,1754115550,0
LTE,466,92,11300,54695960,-1,121.5303,25.095,1000,1,1,1750547833,1750547833,0
LTE,466,92,11300,55671054,-1,121.531,25.0936,1000,11,1,1750547843,1754115550,0
LTE,466,92,11300,55671053,-1,121.5312,25.0929,1000,11,1,1750551553,1754115550,0
LTE,466,92,11300,64737619,-1,121.528,25.0928,1000,2,1,1750555397,1754115550,0
LTE,466,92,11101,56634137,-1,121.5251,25.085,1000,4,1,1750556177,1754115550,0
LTE,466,92,11101,54074137,-1,121.5245,25.0833,1000,3,1,1750556218,1754115550,0
LTE,466,92,11101,55306255,-1,121.5241,25.0813,1000,6,1,1750556247,1754115550,0
LTE,466,92,13700,55553806,-1,121.5202,25.0718,1000,3,1,1750556327,1754115550,0
LTE,466,92,11101,55666711,-1,121.5193,25.0652,1000,1,1,1750556447,1750556447,0
LTE,466,92,11101,55666701,-1,121.5193,25.0652,1000,1,1,1750556467,1750556467,0
LTE,466,92,11101,55666720,-1,121.5193,25.0652,1000,1,1,1750556547,1750556547,0
LTE,466,92,11104,55666464,-1,121.5193,25.0652,1000,1,1,1750556627,1750556627,0
LTE,466,92,11104,55666454,-1,121.5193,25.0652,1000,1,1,1750556567,1750556567,0
LTE,466,92,11104,55666208,-1,121.5193,25.0652,1000,1,1,1750556727,1750556727,0
LTE,466,92,11104,55666198,-1,121.5193,25.0652,1000,1,1,1750556647,1750556647,0
LTE,466,92,11100,55665952,-1,121.5193,25.0652,1000,1,1,1750556847,1750556847,0
LTE,466,92,11100,55665932,-1,121.5193,25.0652,1000,1,1,1750556867,1750556867,0
LTE,466,92,11100,55665942,-1,121.5193,25.0652,1000,1,1,1750556947,1750556947,0
LTE,466,92,11900,55140375,-1,121.5193,25.0652,1000,1,1,1750557277,1750557277,0
LTE,466,92,11200,62043916,-1,121.5347,25.0145,1000,2,1,1750557687,1754115551,0
LTE,466,92,11200,55606304,-1,121.5346,25.0135,1000,9,1,1750557767,1754115551,0
LTE,466,92,11200,55606284,-1,121.5353,25.0127,1000,1,1,1750557987,1750557987,0
LTE,466,92,11200,54363680,-1,121.5329,25.0149,1000,3,1,1750558457,1754115551,0
LTE,466,92,11200,55513416,-1,121.5323,25.0162,1000,2,1,1750558647,1754115551,0
LTE,466,92,11200,54670094,-1,121.5322,25.0165,1000,2,1,1750558727,1754115551,0
LTE,466,92,11200,55606286,-1,121.536,25.0129,1000,3,1,1750560502,1754115551,0
LTE,466,92,11900,55140109,-1,121.5346,25.0144,1000,1,1,1750561572,1750561572,0
LTE,466,92,11102,55313944,-1,121.5115,25.0535,1000,8,1,1750562902,1754115551,0
LTE,466,92,11102,55372312,-1,121.5125,25.0539,1000,2,1,1750563032,1754115551,0
LTE,466,92,11102,55067160,-1,121.5103,25.0541,1000,4,1,1750567781,1754115551,0
LTE,466,92,11102,54675992,-1,121.5101,25.0548,1000,4,1,1750567831,1754115551,0
LTE,466,92,11102,54675982,-1,121.5098,25.0572,1000,10,1,1750568091,1754115551,0
LTE,466,92,11102,55513101,-1,121.5102,25.0557,1000,1,1,1750573812,1750573812,0
LTE,466,92,11102,54062615,-1,121.5089,25.0432,1000,5,1,1750633830,1786435201,0
LTE,466,92,11102,55612450,-1,121.511,25.0354,1000,4,1,1750634230,1754115552,0
LTE,466,92,11102,55612430,-1,121.5115,25.0353,1000,1,1,1750634270,1750634270,0
LTE,466,92,11102,55298584,-1,121.511,25.0359,1000,3,1,1750634370,1754115552,0
LTE,466,92,11102,59481900,-1,121.5108,25.0368,1000,1,1,1750634560,1750634560,0
LTE,466,92,11102,57263443,-1,121.5108,25.0368,1000,1,1,1750634580,1750634580,0
LTE,466,92,11102,54702123,-1,121.5129,25.0395,1000,3,1,1750635875,1754115552,0
LTE,466,92,11102,54076430,-1,121.5133,25.0443,1000,4,1,1750636435,1754115552,0
LTE,466,92,11102,54459928,-1,121.5123,25.0459,1000,7,1,1750636845,1773716945,0
LTE,466,92,11102,55127074,-1,121.5112,25.046,1000,1,1,1750637215,1750637215,0
LTE,466,92,11102,53990709,-1,121.513,25.0483,1000,12,1,1750638475,1786038483,0
LTE,466,92,11102,55394317,-1,121.5113,25.0479,1000,1,1,1750638455,1750638455,0
LTE,466,92,11102,53990708,-1,121.5122,25.0481,1000,4,1,1750638535,1754115552,0
LTE,466,92,11100,54680096,-1,121.513,25.048,1000,1,1,1750638815,1750638815,0
LTE,466,92,24400,106499391,-1,120.7332,24.1467,1000,12,1,1750802829,1754115603,0
LTE,466,92,24400,106499392,-1,120.733,24.1466,1000,5,1,1750803339,1754115603,0
LTE,466,92,24400,106053694,-1,120.7323,24.1486,1000,9,1,1750804569,1754115606,0
LTE,466,92,24400,105397045,-1,120.7288,24.1488,1000,3,1,1750807029,1754115603,0
LTE,466,92,24400,105469759,-1,120.7282,24.1504,1000,2,1,1750808129,1754115552,0
LTE,466,92,24400,107459608,-1,120.7282,24.1562,1000,19,1,1750809019,1768723621,0
LTE,466,92,24400,106684736,-1,120.7259,24.159,1000,2,1,1750809119,1754115601,0
LTE,466,92,24400,105965346,-1,120.725,24.1586,1000,1,1,1750809139,1750809139,0
LTE,466,92,24400,105874200,-1,120.725,24.1586,1000,1,1,1750809159,1750809159,0
LTE,466,92,24400,105469995,-1,120.7248,24.1586,1000,1,1,1750809169,1750809169,0
LTE,466,92,24400,105418047,-1,120.7226,24.1575,1000,4,1,1750809199,1754115601,0
LTE,466,92,24400,105463339,-1,120.7135,24.1525,1000,4,1,1750809769,1754115602,0
LTE,466,92,24400,106684685,-1,120.7137,24.1518,1000,2,1,1750809799,1754115603,0
LTE,466,92,24400,105514272,-1,120.7141,24.1525,1000,1,1,1750809819,1750809819,0
LTE,466,92,24400,105463338,-1,120.7141,24.1527,1000,1,1,1750809839,1750809839,0
LTE,466,92,24400,106515469,-1,120.7135,24.1532,1000,3,1,1750809999,1754115603,0
LTE,466,92,24400,105463349,-1,120.713,24.1521,1000,3,1,1750810269,1754115602,0
LTE,466,92,24100,105664791,-1,120.6991,24.148,1000,2,1,1750812609,1754115602,0
LTE,466,92,24100,106554155,-1,120.6977,24.148,1000,3,1,1750812649,1754115602,0
LTE,466,92,24100,106657600,-1,120.6932,24.1516,1000,6,1,1750812789,1754115602,0
LTE,466,92,24100,106039872,-1,120.6901,24.1525,1000,5,1,1750812889,1754115602,0
LTE,466,92,24100,105902913,-1,120.677,24.1527,1000,3,1,1750821030,1754115603,0
LTE,466,92,24400,106714155,-1,120.7287,24.1482,1000,1,1,1750962346,1750962346,0
LTE,466,92,24400,105397036,-1,120.7287,24.1531,1000,9,1,1751422963,1754115604,0
LTE,466,92,24400,106714145,-1,120.729,24.154,1000,4,1,1751423223,1754115604,0
LTE,466,92,24400,105373217,-1,120.7299,24.1532,1000,2,1,1751423243,1754115604,0
LTE,466,92,24400,107459598,-1,120.7339,24.161,584,25,1,1751426653,1768723623,0
LTE,466,92,24400,105412140,-1,120.7229,24.1642,1000,10,1,1751426823,1754115604,0
LTE,466,92,24400,106671640,-1,120.7231,24.1676,1000,3,1,1751426953,1768723628,0
LTE,466,92,24600,106124312,-1,120.7084,24.2422,1000,6,1,1752213905,1754115605,0
LTE,466,92,24600,106124310,-1,120.7077,24.2435,1000,1,1,1752213985,1752213985,0
LTE,466,92,24600,104882958,-1,120.707,24.2437,1000,3,1,1752213995,1754115605,0
LTE,466,92,24600,106083382,-1,120.7055,24.2417,1000,6,1,1752214055,1754115605,0
LTE,466,92,24500,106138678,-1,120.6963,24.2336,1000,6,1,1752214315,1754115605,0
LTE,466,92,24500,106100770,-1,120.6915,24.2299,1000,12,1,1752214335,1754115605,0
LTE,466,92,24600,106100780,-1,120.6901,24.2254,1000,2,1,1752214415,1754115605,0
LTE,466,92,24600,106513688,-1,120.6891,24.2215,1000,13,1,1752214425,1768723566,0
LTE,466,92,24500,105904171,-1,120.6865,24.1986,1000,6,1,1752214725,1754115606,0
LTE,466,92,24500,105904192,-1,120.6865,24.1965,1000,5,1,1752214745,1754115606,0
LTE,466,92,24400,106053674,-1,120.7335,24.1495,1000,9,1,1752252283,1754115606,0
LTE,466,92,24300,106037056,-1,120.6968,24.1408,1000,1,1,1752265991,1752265991,0
LTE,466,92,24300,106565399,-1,120.6981,24.143,1000,1,1,1752270077,1752270077,0
LTE,466,92,24300,106024768,-1,120.6986,24.1442,1000,7,1,1752270117,1760143142,0
LTE,466,92,24400,106714154,-1,120.732,24.1489,1000,1,1,1752511381,1752511381,0
LTE,466,92,24600,106513698,-1,120.6922,24.2178,1000,1,1,1752523385,1752523385,0
LTE,466,1,39782,184445197,-1,120.2147,22.835,1000,21,1,1753855974,1754124064,0
LTE,466,1,19862,184484405,-1,120.2295,22.8363,1000,12,1,1753856154,1754124064,0
LTE,466,1,39782,184627489,-1,120.2327,22.8429,1000,17,1,1753856244,1754124064,0
LTE,466,1,19862,184433431,-1,120.2298,22.8494,1000,3,1,1753856394,1754124064,0
UMTS,466,92,54528,209504781,0,119.9698,26.1692,1000,1,1,1754142635,1754142635,0
LTE,466,97,22530,86287236,-1,121.2204,25.009,1000,2,1,1754410291,1774079282,0
LTE,466,97,22600,86559926,-1,121.2914,25.0513,1000,2,1,1754418136,1754445781,0
LTE,466,97,22600,86532021,-1,121.2892,25.0516,1000,5,1,1754418245,1754445781,0
LTE,466,97,22600,86532279,-1,121.2906,25.0525,1000,4,1,1754418255,1754445781,0
LTE,466,97,22600,86532278,-1,121.2895,25.0539,1000,5,1,1754418275,1754445781,0
LTE,466,97,22600,86532790,-1,121.2878,25.054,1000,2,1,1754418305,1754445781,0
LTE,466,97,22600,86532277,-1,121.2873,25.0537,1000,2,1,1754418315,1754445781,0
LTE,466,97,22600,86532023,-1,121.2876,25.0518,1000,1,1,1754418415,1754418415,0
LTE,466,97,22600,86532022,-1,121.2894,25.0508,1000,4,1,1754418645,1754445781,0
LTE,466,97,22600,86529206,-1,121.2919,25.0476,1000,6,1,1754418665,1754445781,0
LTE,466,97,22600,86529205,-1,121.2912,25.0488,1000,3,1,1754418675,1754445781,0
LTE,466,97,22600,86534070,-1,121.2939,25.0441,1000,4,1,1754418825,1754445781,0
LTE,466,97,22600,86541966,-1,121.2945,25.043,1000,2,1,1754418845,1754445781,0
LTE,466,97,22600,86532534,-1,121.2951,25.0419,1000,4,1,1754418935,1754445781,0
LTE,466,97,22600,86532533,-1,121.2961,25.0401,1000,5,1,1754418965,1754445781,0
LTE,466,97,22600,86528397,-1,121.2988,25.038,1000,10,1,1754419005,1754445781,0
LTE,466,97,22600,85282958,-1,121.3042,25.0412,1000,7,1,1754419045,1754445781,0
LTE,466,97,22600,86533518,-1,121.3101,25.044,1000,10,1,1754419075,1754445782,0
LTE,466,97,22600,85282861,-1,121.3126,25.045,1000,11,1,1754419085,1754445782,0
LTE,466,97,22600,85259701,-1,121.3183,25.0475,1000,9,1,1754419205,1776102485,0
LTE,466,97,22600,85284494,-1,121.3299,25.0574,1000,2,1,1754419475,1754445782,0
LTE,466,97,22600,85284464,-1,121.3329,25.0598,1000,11,1,1754419585,1780016943,0
LTE,466,97,22600,85284535,-1,121.3348,25.0619,1000,15,1,1754419645,1776102485,0
LTE,466,97,22600,85284493,-1,121.3509,25.0654,1000,4,1,1754419795,1754445782,0
LTE,466,97,22230,62485223,-1,121.3584,25.0648,1000,5,1,1754419835,1754445782,0
LTE,466,97,22230,62491279,-1,121.3646,25.0648,1000,3,1,1754419925,1754445782,0
LTE,466,97,22230,62474639,-1,121.366,25.0649,1000,4,1,1754419945,1754445782,0
LTE,466,97,22230,62474679,-1,121.3674,25.0651,1000,3,1,1754419975,1754445782,0
LTE,466,97,22570,85270995,-1,121.37,25.0653,1000,3,1,1754420096,1754445782,0
LTE,466,97,22570,85297621,-1,121.3753,25.0658,1000,6,1,1754420259,1780016944,0
LTE,466,97,22570,85297619,-1,121.3787,25.0653,1000,16,1,1754420279,1780016944,0
LTE,466,97,22230,85289141,-1,121.3896,25.0651,1000,13,1,1754420564,1776102484,0
LTE,466,97,22230,62208438,-1,121.4098,25.0586,1000,19,1,1754420746,1776102484,0
LTE,466,97,22230,62222264,-1,121.4172,25.0625,1000,9,1,1754420786,1754445783,0
LTE,466,97,22750,62226615,-1,121.4254,25.0671,1000,13,1,1754420816,1776102483,0
LTE,466,97,22230,62209205,-1,121.4262,25.0674,508,27,1,1754420836,1776102484,0
LTE,466,97,22750,63509688,-1,121.4325,25.0682,1000,6,1,1754420856,1754445783,0
LTE,466,97,22750,63489462,-1,121.4327,25.0684,1000,14,1,1754420866,1776102483,0
LTE,466,97,22750,63489461,-1,121.4376,25.0686,1000,6,1,1754420876,1754445783,0
LTE,466,97,22750,63245494,-1,121.4547,25.0733,1000,7,1,1754420946,1754445783,0
LTE,466,97,22750,63232950,-1,121.4582,25.0743,1000,4,1,1754420966,1754445783,0
LTE,466,97,22750,63500213,-1,121.4718,25.0748,1000,7,1,1754421036,1754445783,0
LTE,466,97,22700,61700023,-1,121.4808,25.0731,1000,6,1,1754421106,1754445783,0
LTE,466,97,22700,61736376,-1,121.4978,25.0763,1000,4,1,1754421293,1754445784,0
LTE,466,97,22210,26377399,-1,121.507,25.0776,1000,9,1,1754421353,1760183711,0
LTE,466,97,22210,26393567,-1,121.5103,25.0778,1000,9,1,1754421373,1760183711,0
LTE,466,97,22210,28425910,-1,121.5158,25.0784,1000,6,1,1754421393,1780822514,0
LTE,466,97,22210,28431798,-1,121.5185,25.0769,1000,6,1,1754421403,1754445784,0
LTE,466,97,22210,28431286,-1,121.5223,25.0763,1001,11,1,1754421423,1780822516,0
LTE,466,97,22210,26698609,-1,121.5433,25.0723,1000,7,1,1754421555,1754445784,0
LTE,466,97,22270,26922472,-1,121.5658,25.0675,1000,10,1,1754421725,1754445785,0
LTE,466,97,22740,29245673,-1,121.5716,25.0661,1000,13,1,1754421745,1780016946,0
LTE,466,97,22270,26895237,-1,121.5664,25.0651,1000,3,1,1754421813,1754445784,0
LTE,466,97,22270,26886838,-1,121.5677,25.0671,1000,5,1,1754422022,1754445785,0
LTE,466,97,22270,26886839,-1,121.5656,25.0664,1000,10,1,1754422081,1754445785,0
LTE,466,97,22270,26886837,-1,121.5679,25.0677,1000,6,1,1754422173,1754445785,0
LTE,466,97,22740,29248909,-1,121.5683,25.069,1000,4,1,1754422224,1769510101,0
LTE,466,97,22270,26895347,-1,121.5649,25.0653,1000,2,1,1754423412,1754445785,0
LTE,466,97,22270,26922473,-1,121.5647,25.0643,1000,3,1,1754423529,1754445785,0
LTE,466,97,22270,26893239,-1,121.5646,25.0651,1000,1,1,1754423443,1754423443,0
LTE,466,97,22270,26893199,-1,121.562,25.0628,1000,5,1,1754423824,1754445785,0
LTE,466,97,22290,26900365,-1,121.5594,25.0624,1000,6,1,1754423844,1754445785,0
LTE,466,97,22290,26900367,-1,121.5571,25.0621,1000,5,1,1754423864,1754445785,0
LTE,466,97,22290,26885107,-1,121.5553,25.062,1000,2,1,1754423884,1754445785,0
LTE,466,97,22290,26885047,-1,121.554,25.0619,1000,4,1,1754423956,1754445785,0
LTE,466,97,22290,26885046,-1,121.5548,25.0619,1000,1,1,1754424350,1754424350,0
LTE,466,97,22290,26928054,-1,121.55,25.0619,1000,7,1,1754424458,1754445785,0
LTE,466,97,22290,26939829,-1,121.5457,25.0621,1000,2,1,1754424668,1754445785,0
LTE,466,97,22240,26667190,-1,121.5441,25.062,1000,4,1,1754424698,1768874642,0
LTE,466,97,22290,26939831,-1,121.5441,25.0607,1000,3,1,1754424718,1754445785,0
LTE,466,97,22290,26885301,-1,121.5441,25.0584,1000,8,1,1754424735,1773461524,0
LTE,466,97,22290,26885304,-1,121.5441,25.0574,1000,6,1,1754424792,1773461524,0
LTE,466,97,22290,26886581,-1,121.5438,25.0539,1000,6,1,1754424863,1762777863,0
LTE,466,97,22290,26941652,-1,121.5441,25.0519,1000,4,1,1754425018,1766974981,0
LTE,466,97,22290,26941621,-1,121.5452,25.0519,1000,11,1,1754425178,1766974981,0
LTE,466,97,22290,26899075,-1,121.5441,25.051,1000,3,1,1754425408,1766983861,0
LTE,466,97,22290,26893453,-1,121.5442,25.051,1000,3,1,1754425764,1764823081,0
LTE,466,97,22290,26893493,-1,121.5441,25.0507,1000,11,1,1754425945,1770552841,0
LTE,466,97,22290,26924018,-1,121.5506,25.052,1000,2,1,1754434938,1754454841,0
LTE,466,97,22290,26936758,-1,121.5491,25.0519,1000,10,1,1754434938,1766974981,0
LTE,466,97,11290,26907829,-1,121.5506,25.0515,1000,1,1,1754438116,1754438116,0
LTE,466,97,22290,26915766,-1,121.5504,25.0518,1000,13,1,1754438119,1766974981,0
LTE,466,97,22290,26913205,-1,121.5522,25.052,1000,6,1,1754438187,1764823081,0
LTE,466,97,22290,26913206,-1,121.5527,25.0516,1000,7,1,1754438254,1764823081,0
LTE,466,97,22290,26917046,-1,121.5546,25.0515,1000,1,1,1754438334,1754438334,0
LTE,466,97,22290,26889909,-1,121.5562,25.0517,1000,9,1,1754438412,1766974981,0
LTE,466,97,22290,26889912,-1,121.557,25.0514,1000,2,1,1754438447,1754460601,0
LTE,466,97,22290,26939575,-1,121.5608,25.0515,1000,10,1,1754438553,1766974981,0
LTE,466,97,22290,26924911,-1,121.5632,25.0513,1000,3,1,1754438696,1754460601,0
LTE,466,97,22290,26891407,-1,121.5639,25.0513,1000,1,1,1754438747,1754438747,0
LTE,466,97,22290,26891377,-1,121.5639,25.0525,1000,5,1,1754438883,1754460602,0
LTE,466,97,22290,26899893,-1,121.5637,25.0553,1000,9,1,1754439037,1766974981,0
LTE,466,97,22290,26919053,-1,121.5631,25.0581,1000,3,1,1754439727,1766970183,0
LTE,466,97,22290,26903949,-1,121.5626,25.0572,1000,3,1,1754439749,1754460602,0
LTE,466,97,22290,26904029,-1,121.5629,25.0582,1000,2,1,1754439870,1766974981,0
LTE,466,97,22290,26888117,-1,121.5616,25.0575,1000,6,1,1754440566,1766970183,0
LTE,466,97,22290,26938551,-1,121.5609,25.0564,1000,1,1,1754440646,1754440646,0
LTE,466,97,22290,26942831,-1,121.5603,25.0565,1000,1,1,1754440726,1754440726,0
LTE,466,92,11100,54613541,-1,121.5164,25.0451,1000,1,1,1754484097,1754484097,0
LTE,466,89,22520,84494479,-1,121.2786,24.9912,1000,1,1,1754786162,1754786162,0
LTE,466,89,22520,84481137,-1,121.2839,24.9817,1000,8,1,1754786362,1754818502,0
LTE,466,89,22580,85511153,-1,121.2925,24.9764,685,25,1,1754786386,1754818502,0
LTE,466,89,22580,85510799,-1,121.2982,24.9764,2143,7,1,1754786434,1758354965,0
LTE,466,89,22580,85510768,-1,121.3064,24.9738,1000,11,1,1754786452,1754818502,0
LTE,466,89,22580,85516911,-1,121.311,24.9727,1000,8,1,1754786470,1754818502,0
LTE,466,89,22580,85509743,-1,121.3146,24.9713,1000,8,1,1754786485,1754818502,0
LTE,466,89,22580,85509773,-1,121.3192,24.9686,1000,13,1,1754786499,1754818502,0
LTE,466,89,22580,85509105,-1,121.3231,24.9644,1000,11,1,1754786522,1754818502,0
LTE,466,89,22580,85509106,-1,121.3248,24.9594,1000,12,1,1754786544,1754818502,0
LTE,466,89,22580,85510129,-1,121.3247,24.9521,1000,19,1,1754786565,1754818502,0
LTE,466,89,22580,85525104,-1,121.3233,24.9428,1000,11,1,1754786601,1754818503,0
LTE,466,89,11310,61190257,-1,121.3176,24.9358,1000,13,1,1754786652,1754818502,0
LTE,466,89,22580,85760879,-1,121.3113,24.9296,1000,22,1,1754786682,1754818503,0
LTE,466,89,22580,85768048,-1,121.304,24.9245,1000,14,1,1754786724,1754818503,0
LTE,466,89,22580,85762179,-1,121.2986,24.921,1000,11,1,1754786750,1754818503,0
LTE,466,89,22580,85762180,-1,121.2954,24.9172,1000,7,1,1754786774,1754818503,0
LTE,466,89,22580,85762160,-1,121.2929,24.913,1000,15,1,1754786787,1754818503,0
LTE,466,89,22580,85768049,-1,121.2896,24.9097,1000,2,1,1754786819,1754818503,0
LTE,466,89,22580,85761392,-1,121.2853,24.9082,1000,2,1,1754786843,1754818503,0
LTE,466,89,22580,85761393,-1,121.281,24.9072,1000,3,1,1754786861,1754818503,0
LTE,466,89,22580,85762415,-1,121.2743,24.9043,1000,12,1,1754786879,1754818503,0
LTE,466,89,22580,85761904,-1,121.2708,24.9011,1000,11,1,1754786902,1758341645,0
LTE,466,89,22580,85761903,-1,121.2678,24.8983,1000,6,1,1754786918,1754818503,0
LTE,466,89,22580,85761647,-1,121.2664,24.8961,1000,6,1,1754786930,1754818503,0
LTE,466,89,22580,85766868,-1,121.2651,24.8937,1000,6,1,1754786940,1754818503,0
LTE,466,89,22580,85761650,-1,121.2635,24.89,1000,11,1,1754786950,1754818503,0
LTE,466,89,22580,85766889,-1,121.2615,24.8865,1000,6,1,1754786970,1754818503,0
LTE,466,89,22580,82955242,-1,121.2597,24.8843,1000,6,1,1754786980,1754818503,0
LTE,466,89,22580,82955119,-1,121.253,24.88,1000,23,1,1754786990,1754818503,0
LTE,466,89,22580,82955121,-1,121.2441,24.8747,1000,9,1,1754787050,1754818503,0
LTE,466,89,22510,83226500,-1,121.2413,24.8719,1000,6,1,1754787070,1754818503,0
LTE,466,89,22510,83201392,-1,121.2386,24.8691,1000,11,1,1754787080,1754818504,0
LTE,466,89,22510,83201393,-1,121.2336,24.8654,1000,15,1,1754787100,1754818504,0
LTE,466,89,22510,83221971,-1,121.2288,24.8632,1000,6,1,1754787130,1754818504,0
LTE,466,89,22510,83227348,-1,121.2262,24.8625,1000,5,1,1754787140,1754818504,0
LTE,466,89,22510,83221006,-1,121.223,24.8618,1000,5,1,1754787150,1754818504,0
LTE,466,89,22510,83215984,-1,121.2203,24.8611,1000,4,1,1754787160,1754818504,0
LTE,466,89,22510,83215983,-1,121.2173,24.8603,1000,6,1,1754787170,1754818504,0
LTE,466,89,22510,83224687,-1,121.2126,24.8585,1000,13,1,1754787180,1754818504,0
LTE,466,89,22510,83224688,-1,121.2074,24.8558,1000,9,1,1754787204,1754818504,0
LTE,466,89,22510,83200367,-1,121.2028,24.8515,1000,17,1,1754787220,1754818504,0
LTE,466,89,22510,83200368,-1,121.1997,24.8458,1000,10,1,1754787251,1754818504,0
LTE,466,89,22510,83202023,-1,121.1991,24.8385,1000,13,1,1754787269,1754818504,0
LTE,466,89,22510,83201904,-1,121.1994,24.8317,1000,7,1,1754787307,1754818504,0
LTE,466,89,22510,78337391,-1,121.2001,24.8163,1176,22,1,1754787321,1754818505,0
LTE,466,89,22510,78337903,-1,121.1987,24.8046,1000,7,1,1754787407,1754818505,0
LTE,466,89,22510,78337904,-1,121.196,24.8011,1000,11,1,1754787421,1754818505,0
LTE,466,89,22511,80132327,-1,121.1926,24.7986,1000,6,1,1754787441,1754818505,0
LTE,466,89,22510,78344837,-1,121.187,24.797,1000,15,1,1754787451,1754818505,0
LTE,466,89,22510,78338417,-1,121.179,24.7976,1000,11,1,1754787482,1754818505,0
LTE,466,89,22510,78337136,-1,121.1719,24.8012,1000,12,1,1754787502,1754818505,0
LTE,466,89,22510,78337135,-1,121.1625,24.8058,1000,16,1,1754787542,1754818505,0
LTE,466,89,22510,78337648,-1,121.1521,24.8071,1000,21,1,1754787572,1754818505,0
LTE,466,89,22510,78337647,-1,121.1381,24.8031,1000,5,1,1754787622,1754818505,0
LTE,466,89,22510,78336623,-1,121.1294,24.7962,1000,24,1,1754787661,1754818505,0
LTE,466,89,22510,78336781,-1,121.1235,24.787,1000,19,1,1754787707,1754818505,0
LTE,466,89,22510,78336879,-1,121.118,24.7815,1000,13,1,1754787744,1754818505,0
LTE,466,89,22510,78336880,-1,121.1113,24.7795,1000,10,1,1754787766,1754818506,0
LTE,466,89,22510,78593137,-1,121.0994,24.7782,1000,16,1,1754787794,1754818506,0
LTE,466,89,22510,78593136,-1,121.1012,24.7789,1000,12,1,1754787804,1754818506,0
LTE,466,89,22510,78596052,-1,121.0914,24.7757,1000,7,1,1754787844,1754818506,0
LTE,466,89,22510,78592980,-1,121.0888,24.7741,1000,5,1,1754787854,1754818506,0
LTE,466,89,22510,79373423,-1,121.0784,24.7645,1382,17,1,1754787864,1754818506,0
LTE,466,89,22510,78592369,-1,121.0787,24.764,1000,6,1,1754787904,1754818506,0
LTE,466,89,22510,79373493,-1,121.0685,24.7578,1000,10,1,1754787941,1754818506,0
LTE,466,89,22510,79373495,-1,121.0632,24.757,1000,10,1,1754787960,1754818506,0
LTE,466,89,22510,79361392,-1,121.0579,24.7576,1000,10,1,1754787979,1754818506,0
LTE,466,89,22510,79375216,-1,121.0529,24.7597,1000,10,1,1754787996,1754818506,0
LTE,466,89,22510,79375215,-1,121.0489,24.7619,1000,7,1,1754788014,1754818506,0
LTE,466,89,22510,79360624,-1,121.0458,24.7632,1000,6,1,1754788026,1754818506,0
LTE,466,89,22510,79360625,-1,121.0421,24.7636,1000,8,1,1754788036,1754818506,0
LTE,466,89,22510,79360879,-1,121.0273,24.7573,1003,21,1,1754788049,1754818507,0
LTE,466,89,22510,79360880,-1,121.0153,24.755,1000,11,1,1754788130,1754818507,0
LTE,466,89,22560,76824689,-1,121.0091,24.7567,1000,12,1,1754788149,1754818507,0
LTE,466,89,22560,78853487,-1,121.0016,24.7568,1000,10,1,1754788172,1754818507,0
LTE,466,89,22560,78849904,-1,120.995,24.7559,1000,10,1,1754788197,1754818507,0
LTE,466,89,22560,78849905,-1,120.9885,24.7572,1000,14,1,1754788215,1754818507,0
LTE,466,89,22560,78849155,-1,120.9777,24.7579,1000,11,1,1754788256,1754818507,0
LTE,466,89,22560,78849137,-1,120.9713,24.7583,1000,8,1,1754788275,1754818507,0
LTE,466,89,22560,76806767,-1,120.9617,24.7583,1000,23,1,1754788299,1754818507,0
LTE,466,89,22560,76819125,-1,120.9528,24.755,1000,12,1,1754788343,1754818507,0
LTE,466,89,22560,76806838,-1,120.9468,24.7533,1000,7,1,1754788366,1754818507,0
LTE,466,89,22560,76819126,-1,120.9398,24.7531,1000,16,1,1754788384,1754818508,0
LTE,466,89,22560,76864369,-1,120.9338,24.7524,1000,7,1,1754788413,1754818507,0
LTE,466,89,22560,76851567,-1,120.9284,24.749,1000,20,1,1754788427,1754818508,0
LTE,466,89,22560,76822385,-1,120.9241,24.7444,1000,6,1,1754788465,1754818508,0
LTE,466,89,22560,76822383,-1,120.9214,24.7417,1000,10,1,1754788476,1754818508,0
LTE,466,89,22560,76817776,-1,120.9151,24.7379,1000,18,1,1754788493,1754818508,0
LTE,466,89,22560,76817775,-1,120.9079,24.7339,1000,13,1,1754788526,1754818508,0
LTE,466,89,33390,89606581,-1,120.9038,24.7297,1000,11,1,1754788551,1754818508,0
LTE,466,89,33390,89606583,-1,120.9008,24.7246,1000,13,1,1754788571,1754818508,0
LTE,466,89,33390,89607133,-1,120.8975,24.7194,1000,11,1,1754788595,1754818508,0
LTE,466,89,33390,89607024,-1,120.8937,24.7149,1000,11,1,1754788615,1754818508,0
LTE,466,89,33390,89612400,-1,120.8885,24.7108,1000,13,1,1754788635,1754818508,0
LTE,466,89,33390,89610351,-1,120.8818,24.7075,1000,13,1,1754788659,1754818508,0
LTE,466,89,33390,89603029,-1,120.8756,24.705,1000,10,1,1754788684,1754818508,0
LTE,466,89,33390,89605487,-1,120.8674,24.7018,1000,6,1,1754788716,1754818508,0
LTE,466,89,33390,89622896,-1,120.8616,24.6989,1000,13,1,1754788726,1754818509,0
LTE,466,89,33390,89615727,-1,120.8564,24.695,1000,8,1,1754788757,1754818509,0
LTE,466,89,33390,89615729,-1,120.8517,24.6898,1000,18,1,1754788771,1754818509,0
LTE,466,89,33390,89606255,-1,120.8476,24.6808,1000,10,1,1754788806,1754818509,0
LTE,466,89,33390,89606256,-1,120.8462,24.6687,1000,16,1,1754788844,1754818509,0
LTE,466,89,33390,92417391,-1,120.8375,24.6553,1000,11,1,1754788919,1754818509,0
LTE,466,89,33390,92417393,-1,120.8332,24.6513,1000,11,1,1754788938,1754818509,0
LTE,466,89,33390,92417647,-1,120.8292,24.6476,1000,9,1,1754788958,1754818509,0
LTE,466,89,33390,92417649,-1,120.8253,24.644,1000,11,1,1754788975,1754818509,0
LTE,466,89,33390,92417903,-1,120.8207,24.6396,1000,13,1,1754788995,1754818509,0
LTE,466,89,33390,92420879,-1,120.8149,24.6293,918,30,1,1754789018,1754818510,0
LTE,466,89,33230,91138159,-1,120.8118,24.6189,1000,10,1,1754789077,1754818510,0
LTE,466,89,33230,91137391,-1,120.8085,24.6141,1000,12,1,1754789096,1754818510,0
LTE,466,89,33230,91145072,-1,120.8031,24.6101,1000,13,1,1754789117,1754818510,0
LTE,466,89,33230,91136880,-1,120.7959,24.6065,1000,11,1,1754789142,1754818510,0
LTE,466,89,33230,91144915,-1,120.7899,24.6024,1000,8,1,1754789172,1754818510,0
LTE,466,89,33230,91136487,-1,120.7837,24.5957,1000,22,1,1754789190,1754818510,0
LTE,466,89,33230,91136468,-1,120.7711,24.5863,959,30,1,1754789235,1754818510,0
LTE,466,89,33230,94208999,-1,120.7638,24.5783,1000,9,1,1754789293,1754818510,0
LTE,466,89,33230,94208812,-1,120.7606,24.5682,906,28,1,1754789310,1754818511,0
LTE,466,89,33230,94208813,-1,120.7544,24.558,1000,15,1,1754789366,1754818511,0
LTE,466,89,33230,94208853,-1,120.7462,24.5485,1000,22,1,1754789393,1754818561,0
LTE,466,89,33230,94211047,-1,120.738,24.5366,1000,21,1,1754789455,1754818561,0
LTE,466,89,33230,91395559,-1,120.7288,24.5266,1000,17,1,1754789494,1754818561,0
LTE,466,89,33230,91395440,-1,120.7222,24.5173,1000,16,1,1754789543,1754818561,0
LTE,466,89,33230,91392879,-1,120.7148,24.5088,759,26,1,1754789574,1754818561,0
LTE,466,89,33230,91392881,-1,120.7077,24.5018,1000,11,1,1754789623,1754818561,0
LTE,466,89,33230,91393135,-1,120.7052,24.4967,1000,12,1,1754789644,1754818561,0
LTE,466,89,33230,91393165,-1,120.7036,24.4906,1000,13,1,1754789666,1754818561,0
LTE,466,89,33230,91393255,-1,120.6959,24.4807,1000,20,1,1754789690,1754818562,0
LTE,466,89,33230,91397863,-1,120.6857,24.473,1000,14,1,1754789750,1754818562,0
LTE,466,89,33230,91393137,-1,120.6811,24.4673,1000,8,1,1754789777,1754818562,0
LTE,466,89,33230,91394279,-1,120.6787,24.4587,1000,22,1,1754789799,1754818562,0
LTE,466,89,33230,91394280,-1,120.6795,24.447,1000,19,1,1754789843,1754818562,0
LTE,466,89,33230,91650691,-1,120.6819,24.4393,1000,11,1,1754789879,1754818562,0
LTE,466,89,33230,91650692,-1,120.6828,24.4306,1000,15,1,1754789900,1754818562,0
LTE,466,89,33230,91655043,-1,120.6806,24.4229,1000,11,1,1754789940,1754818562,0
LTE,466,89,33230,91649392,-1,120.6773,24.4177,1000,12,1,1754789960,1754818562,0
LTE,466,89,33230,91649905,-1,120.6741,24.4124,1000,11,1,1754789982,1754818562,0
LTE,466,89,33230,91655025,-1,120.6709,24.4036,1000,17,1,1754790002,1754818563,0
LTE,466,89,33410,111875696,-1,120.6691,24.3956,1000,6,1,1754790047,1754818563,0
LTE,466,89,33230,91650280,-1,120.6684,24.3923,1000,8,1,1754790059,1754818563,0
LTE,466,89,33410,111874281,-1,120.6664,24.3823,1000,16,1,1754790071,1754818563,0
LTE,466,89,33410,111874191,-1,120.6639,24.3694,1000,21,1,1754790125,1754818563,0
LTE,466,89,33410,112131569,-1,120.6609,24.3566,774,25,1,1754790168,1754818563,0
LTE,466,89,33410,112131571,-1,120.6572,24.3475,1000,11,1,1754790216,1754818563,0
LTE,466,89,33410,112129677,-1,120.6535,24.343,1000,11,1,1754790236,1754818563,0
LTE,466,89,33410,112129678,-1,120.6485,24.3394,1000,12,1,1754790256,1754818563,0
LTE,466,89,33410,112131983,-1,120.6428,24.3371,1000,10,1,1754790277,1754818563,0
LTE,466,89,33410,112131973,-1,120.6369,24.3352,1000,12,1,1754790297,1754818563,0
LTE,466,89,33410,112131715,-1,120.631,24.3323,1000,13,1,1754790318,1754818563,0
LTE,466,89,33410,112130535,-1,120.6252,24.327,1000,17,1,1754790341,1754818564,0
LTE,466,89,33410,112130527,-1,120.6213,24.3205,1000,11,1,1754790375,1754818564,0
LTE,466,89,33370,109834383,-1,120.6192,24.3153,1000,10,1,1754790395,1754818564,0
LTE,466,89,33410,112130546,-1,120.6166,24.311,1000,7,1,1754790412,1754818564,0
LTE,466,89,33410,111616744,-1,120.6107,24.3055,1000,18,1,1754790432,1754818564,0
LTE,466,89,33410,111624559,-1,120.6048,24.3004,1000,11,1,1754790464,1754818564,0
LTE,466,89,33410,111618516,-1,120.6002,24.2841,1000,9,1,1754790529,1754818564,0
LTE,466,89,33410,111617393,-1,120.5974,24.2796,1000,8,1,1754790545,1754818564,0
LTE,466,89,33200,110851559,-1,120.5909,24.2683,1035,22,1,1754790565,1754818564,0
LTE,466,89,33200,110851560,-1,120.5886,24.2565,1000,11,1,1754790633,1754818564,0
LTE,466,89,33200,110861167,-1,120.5893,24.2521,1000,7,1,1754790655,1754818564,0
LTE,466,89,33200,110861289,-1,120.5915,24.2477,1000,10,1,1754790668,1754818564,0
LTE,466,89,33200,110851047,-1,120.5929,24.2444,1000,5,1,1754790685,1754818564,0
LTE,466,89,33200,110850488,-1,120.5829,24.2108,1000,10,1,1754790804,1754818565,0
LTE,466,89,33200,110851715,-1,120.579,24.2032,1000,6,1,1754790841,1754818565,0
LTE,466,89,33200,111108209,-1,120.5724,24.1954,1000,10,1,1754790871,1754818565,0
LTE,466,89,33200,110857093,-1,120.5685,24.1928,1000,6,1,1754790891,1754818565,0
LTE,466,89,33200,111107972,-1,120.5608,24.1905,1000,13,1,1754790901,1754818565,0
LTE,466,89,33200,111107973,-1,120.5537,24.1868,1000,8,1,1754790941,1754818565,0
LTE,466,89,33200,111108995,-1,120.5469,24.1767,1083,6,1,1754790961,1754818565,0
LTE,466,89,33200,111109098,-1,120.5424,24.1729,1000,11,1,1754791001,1754818565,0
LTE,466,89,33200,111108996,-1,120.5382,24.1711,1000,6,1,1754791021,1754818565,0
LTE,466,89,33200,110599970,-1,120.5355,24.1694,1000,6,1,1754791031,1754818565,0
LTE,466,89,33200,110593255,-1,120.532,24.1654,1000,15,1,1754791041,1754818565,0
LTE,466,89,33200,110593257,-1,120.5243,24.157,1000,22,1,1754791071,1754818565,0
LTE,466,89,33270,130050023,-1,120.5363,24.1238,3428,17,1,1754791122,1754818566,0
LTE,466,89,33200,110593767,-1,120.5192,24.1453,1000,10,1,1754791135,1754818565,0
LTE,466,89,33380,110594693,-1,120.5206,24.1406,1000,10,1,1754791153,1754818566,0
LTE,466,89,33332,130053363,-1,120.5287,24.127,1000,5,1,1754791207,1754818565,0
LTE,466,89,33380,110600590,-1,120.5323,24.123,1000,8,1,1754791227,1754818566,0
LTE,466,89,33332,130053364,-1,120.5369,24.1188,1000,11,1,1754791249,1754818566,0
LTE,466,89,33270,130049973,-1,120.5494,24.1091,1000,12,1,1754791307,1754818566,0
LTE,466,89,33270,130050024,-1,120.5583,24.1063,1000,15,1,1754791330,1754818566,0
LTE,466,89,33270,128001770,-1,120.5951,24.0969,1000,21,1,1754791455,1754818566,0
LTE,466,89,33270,128001767,-1,120.6059,24.0903,1000,13,1,1754791517,1754818566,0
LTE,466,89,33270,128001768,-1,120.6136,24.0849,1000,15,1,1754791540,1754818567,0
LTE,466,89,33250,105989095,-1,120.6245,24.0822,1000,20,1,1754791586,1754818567,0
LTE,466,89,33250,105989045,-1,120.6331,24.0769,1000,21,1,1754791626,1754818567,0
LTE,466,89,33250,105989047,-1,120.6389,24.0709,1000,13,1,1754791667,1754818567,0
LTE,466,89,33250,105994165,-1,120.6438,24.0687,1000,10,1,1754791689,1754818567,0
LTE,466,89,33250,105994095,-1,120.6483,24.068,1000,9,1,1754791708,1754818567,0
LTE,466,89,33250,105989999,-1,120.6539,24.0675,1000,7,1,1754791729,1754818567,0
LTE,466,89,33250,105990000,-1,120.6592,24.0665,1000,9,1,1754791752,1754818567,0
LTE,466,89,33250,105742960,-1,120.6658,24.0638,1000,12,1,1754791774,1754818567,0
LTE,466,89,33250,105739919,-1,120.6714,24.0604,1000,8,1,1754791809,1754818567,0
LTE,466,89,33250,105739909,-1,120.6747,24.0573,1000,7,1,1754791831,1754818567,0
LTE,466,89,33250,105738863,-1,120.6775,24.0529,1000,7,1,1754791848,1754818567,0
LTE,466,89,33250,105730415,-1,120.6788,24.0475,1000,9,1,1754791872,1754818567,0
LTE,466,89,33250,105730417,-1,120.6782,24.0424,1000,7,1,1754791896,1754818567,0
LTE,466,89,33250,105729903,-1,120.6764,24.0382,1000,9,1,1754791912,1754818567,0
LTE,466,89,33250,105728437,-1,120.6738,24.0345,1000,7,1,1754791937,1754818567,0
LTE,466,89,33250,105728438,-1,120.6711,24.0308,1000,9,1,1754791955,1754818567,0
LTE,466,89,33250,105728439,-1,120.6681,24.0267,1000,8,1,1754791980,1754818567,0
LTE,466,89,33260,128512497,-1,120.6634,24.02,1000,21,1,1754791999,1754818568,0
LTE,466,89,33260,128512498,-1,120.6597,24.014,1000,7,1,1754792041,1754818568,0
LTE,466,89,33260,138754957,-1,120.6556,24.0092,1000,18,1,1754792054,1754818568,0
LTE,466,89,33260,138754958,-1,120.6507,24.0003,1000,23,1,1754792087,1754818568,0
LTE,466,89,33260,138754289,-1,120.6519,23.9899,1000,14,1,1754792134,1754818568,0
LTE,466,89,33260,138754290,-1,120.6516,23.9802,1000,21,1,1754792171,1754818568,0
LTE,466,89,33260,138763395,-1,120.649,23.9728,1000,12,1,1754792211,1754818568,0
LTE,466,89,33260,138754535,-1,120.6488,23.9673,1000,12,1,1754792235,1754818568,0
LTE,466,89,33260,138754487,-1,120.6517,23.9614,1000,16,1,1754792255,1754818568,0
LTE,466,89,33260,138760581,-1,120.6575,23.957,1000,12,1,1754792287,1754818568,0
LTE,466,89,33260,138760561,-1,120.6626,23.9547,1000,7,1,1754792312,1754818568,0
LTE,466,89,33260,138754004,-1,120.6672,23.9507,1000,9,1,1754792331,1754818568,0
LTE,466,89,33260,138245331,-1,120.6696,23.947,1000,5,1,1754792377,1754818568,0
LTE,466,89,33260,138257649,-1,120.6705,23.9452,1000,5,1,1754792388,1754818568,0
LTE,466,89,33260,138245361,-1,120.6721,23.9426,1000,8,1,1754792402,1754818568,0
LTE,466,89,33260,138245301,-1,120.6746,23.9397,1000,7,1,1754792425,1754818569,0
LTE,466,89,33260,138245302,-1,120.6789,23.9344,1000,17,1,1754792448,1754818569,0
LTE,466,89,33260,138241974,-1,120.6813,23.9271,1000,12,1,1754792495,1754818569,0
LTE,466,89,33260,138242279,-1,120.6825,23.9242,1000,2,1,1754792532,1754818569,0
LTE,466,89,33260,138242259,-1,120.6848,23.9216,1000,4,1,1754792559,1754818569,0
LTE,466,89,33260,138258613,-1,120.6865,23.9195,1000,6,1,1754792593,1754818569,0
LTE,466,89,33260,138243253,-1,120.6875,23.9212,1000,8,1,1754792618,1754818569,0
LTE,466,89,33260,138248581,-1,120.6896,23.9255,1000,10,1,1754792654,1754818569,0
LTE,466,89,33260,138248579,-1,120.6927,23.9299,1000,8,1,1754792699,1754818569,0
LTE,466,89,33260,138240745,-1,120.6939,23.9326,1000,3,1,1754792855,1754818569,0
LTE,466,89,33260,138240527,-1,120.6942,23.9341,1000,3,1,1754792895,1754818569,0
LTE,466,89,33260,138240725,-1,120.6955,23.9369,1000,8,1,1754792931,1754818569,0
LTE,466,89,33260,138240724,-1,120.6971,23.9388,1000,2,1,1754792965,1754818569,0
LTE,466,89,33260,138240723,-1,120.7,23.9384,1000,2,1,1754793031,1754818569,0
LTE,466,89,33260,138244975,-1,120.7016,23.9377,1000,3,1,1754793070,1754818569,0
LTE,466,89,33260,138245045,-1,120.7019,23.9374,1000,3,1,1754793107,1754818569,0
LTE,466,89,33260,138245005,-1,120.702,23.9372,1000,2,1,1754793210,1754818569,0
LTE,466,89,33260,138254703,-1,120.7015,23.9369,1000,8,1,1754793248,1754818569,0
LTE,466,89,33260,138244995,-1,120.7023,23.9366,1000,1,1,1754794284,1754794284,0
LTE,466,89,33260,138254723,-1,120.702,23.9367,1000,2,1,1754794313,1754818569,0
LTE,466,89,33260,138254705,-1,120.7004,23.9348,1000,2,1,1754795408,1754818569,0
LTE,466,89,33260,138254607,-1,120.6995,23.9325,1000,6,1,1754795434,1754818569,0
LTE,466,89,33260,138254608,-1,120.6997,23.9295,1000,7,1,1754795508,1754818569,0
LTE,466,89,33260,138244976,-1,120.7004,23.9289,1000,6,1,1754795570,1754818569,0
LTE,466,89,33260,138244996,-1,120.7007,23.9284,1000,5,1,1754795586,1754818569,0
LTE,466,89,33260,138246797,-1,120.701,23.9282,1000,3,1,1754795789,1754818569,0
LTE,466,89,33260,138240980,-1,120.7008,23.928,1000,2,1,1754795832,1754818569,0
LTE,466,89,33260,138246787,-1,120.7007,23.9281,1000,2,1,1754795983,1754818569,0
LTE,466,97,33310,103424438,-1,120.6888,24.1716,1000,13,1,1755103284,1755446522,0
LTE,466,97,33310,103424398,-1,120.6889,24.1714,1000,9,1,1755142608,1755422466,0
LTE,466,97,33310,103424488,-1,120.6888,24.1716,1000,4,1,1755299843,1755369961,0
LTE,466,97,33310,103941354,-1,120.6905,24.1713,1000,9,1,1755304705,1755314764,0
LTE,466,97,33240,109064209,-1,120.7882,24.2057,1000,3,1,1755306617,1755314764,0
LTE,466,97,33240,109064561,-1,120.7926,24.2054,1000,20,1,1755306617,1755314765,0
LTE,466,97,33240,109064560,-1,120.7938,24.2058,1000,3,1,1755306617,1755314764,0
LTE,466,97,33240,109064559,-1,120.7937,24.2059,1000,8,1,1755306617,1755314764,0
LTE,466,97,33360,103954288,-1,120.7789,24.1989,1000,3,1,1755306617,1755314764,0
LTE,466,97,33360,103962499,-1,120.7697,24.1976,1000,8,1,1755306617,1755314764,0
LTE,466,97,33360,103962501,-1,120.7652,24.1987,1000,8,1,1755306617,1755314764,0
LTE,466,97,33360,103959272,-1,120.7461,24.1904,1000,11,1,1755306617,1755314765,0
LTE,466,97,33360,103942132,-1,120.7212,24.1759,1000,1,1,1755306618,1755306618,0
LTE,466,97,33360,103972995,-1,120.6929,24.1717,1000,2,1,1755304789,1755314764,0
LTE,466,97,33360,103972996,-1,120.6945,24.1711,1000,1,1,1755304830,1755304830,0
LTE,466,97,33360,103941045,-1,120.6956,24.171,1000,1,1,1755304880,1755304880,0
LTE,466,97,33360,103957430,-1,120.6985,24.1704,1000,1,1,1755304935,1755304935,0
LTE,466,97,33360,103959990,-1,120.7352,24.1777,1000,6,1,1755305960,1755314764,0
LTE,466,97,33360,103946421,-1,120.7398,24.1793,1000,9,1,1755306032,1755314764,0
LTE,466,97,33240,109064208,-1,120.7909,24.205,1000,2,1,1755306767,1755314764,0
LTE,466,97,33360,103942122,-1,120.7242,24.1761,1000,1,1,1755306768,1755306768,0
LTE,466,97,33360,103942072,-1,120.7225,24.176,1000,1,1,1755310834,1755310834,0
LTE,466,97,33360,103957429,-1,120.6975,24.1705,1000,1,1,1755304896,1755304896,0
LTE,466,97,33360,103979045,-1,120.6879,24.1856,1000,1,1,1755428331,1755428331,0
LTE,466,97,33360,103983286,-1,120.704,24.1822,1000,1,1,1755429569,1755429569,0
UMTS,466,1,17313,53760267,0,121.2437,25.0789,1000,1,1,1755508663,1755508663,0
UMTS,466,92,11401,54023447,0,121.5627,25.0354,1000,1,1,1755516690,1755516690,0
UMTS,466,1,19133,25830165,0,121.5647,25.0331,1000,1,1,1755887159,1755887159,0
UMTS,466,92,13200,80890913,0,121.2381,25.0832,1000,1,1,1755899654,1755899654,0
UMTS,466,92,13200,81401889,0,121.2418,25.0853,1000,1,1,1755911032,1755911032,0
LTE,466,97,22530,86287286,-1,121.221,25.0099,1000,19,1,1756887528,1781622062,0
LTE,466,97,11360,27142582,-1,121.5571,25.0286,1000,1,1,1757263360,1757263360,0
LTE,466,1,49133,26203660,-1,121.5571,25.0286,1000,1,1,1757263360,1757263360,0
LTE,466,97,22270,26939092,-1,121.5744,25.0493,1000,2,1,1757391805,1757393041,0
LTE,466,97,22270,26902455,-1,121.5749,25.0495,1000,4,1,1757392988,1757393041,0
LTE,466,97,22270,26902454,-1,121.5757,25.0495,1000,3,1,1757392988,1757393041,0
LTE,466,97,22270,26940342,-1,121.5774,25.0496,1000,1,1,1757392988,1757392988,0
LTE,466,97,11250,28181943,-1,121.576,25.0495,1000,2,1,1757392988,1757393041,0
LTE,466,97,44330,206345397,-1,120.3056,22.5904,1000,1,1,1757827867,1757827867,0
LTE,466,92,37200,182425121,-1,120.3057,22.5902,1000,4,1,1757827867,1762436101,0
LTE,466,92,37200,182425120,-1,120.3054,22.5906,1000,1,1,1757828262,1757828262,0
LTE,466,89,11290,56410517,-1,121.4487,25.0041,1000,3,1,1757911643,1757935621,0
LTE,466,89,11430,56409234,-1,121.4461,25.0043,1000,6,1,1757911660,1757935621,0
LTE,466,89,11430,56342670,-1,121.4394,25.0048,1000,21,1,1757911771,1757935621,0
LTE,466,89,11440,61955215,-1,121.4328,25.0042,1000,6,1,1757911820,1757935621,0
LTE,466,89,11440,60954413,-1,121.4314,25.003,1000,4,1,1757911830,1757935621,0
LTE,466,89,11440,60954412,-1,121.43,25.0017,1000,3,1,1757911840,1757935621,0
LTE,466,89,11440,62011792,-1,121.4283,24.9992,1000,10,1,1757911850,1757935621,0
LTE,466,89,11440,60951283,-1,121.4268,24.9965,1000,3,1,1757911880,1757935621,0
LTE,466,89,11440,60951289,-1,121.4262,24.9953,1000,3,1,1757911890,1757935621,0
LTE,466,89,11440,60944269,-1,121.425,24.9929,1000,9,1,1757911900,1757935621,0
LTE,466,89,11440,60944270,-1,121.4231,24.9894,1000,7,1,1757912090,1757935621,0
LTE,466,89,11440,60936078,-1,121.4216,24.9871,1000,5,1,1757912110,1760437741,0
LTE,466,89,11440,60956301,-1,121.4197,24.9861,1000,4,1,1757912120,1757935621,0
LTE,466,89,11440,60956303,-1,121.4186,24.9856,1000,6,1,1757912130,1760437741,0
LTE,466,89,11440,60937101,-1,121.4165,24.9846,1000,5,1,1757912140,1760437741,0
LTE,466,89,11440,60932238,-1,121.4136,24.9831,1000,7,1,1757912150,1757935621,0
LTE,466,89,11440,60932239,-1,121.4109,24.9818,1000,4,1,1757912170,1757935621,0
LTE,466,89,11440,60938637,-1,121.4089,24.9806,1000,7,1,1757912180,1759315801,0
LTE,466,89,11440,60932341,-1,121.4089,24.9808,1000,1,1,1757912191,1757912191,0
LTE,466,89,11440,60932331,-1,121.4071,24.9798,1000,4,1,1757912270,1757935621,0
LTE,466,89,11440,60943080,-1,121.4053,24.9785,1000,18,1,1757912280,1759315801,0
LTE,466,89,11440,60955523,-1,121.4032,24.977,1000,4,1,1757912301,1757935621,0
LTE,466,89,11440,60930535,-1,121.4021,24.9762,1000,3,1,1757912310,1757935621,0
LTE,466,89,11440,60929667,-1,121.3988,24.9745,1000,21,1,1757912320,1759315801,0
LTE,466,89,11440,60929647,-1,121.3946,24.9732,1000,4,1,1757912380,1760437741,0
LTE,466,89,11440,60929752,-1,121.3921,24.9718,1000,6,1,1757912390,1759315801,0
LTE,466,89,11440,60929649,-1,121.3918,24.9721,1000,9,1,1757912410,1760355362,0
LTE,466,89,11440,60929719,-1,121.3918,24.9723,1000,10,1,1757912500,1760437741,0
LTE,466,89,11440,60929679,-1,121.3875,24.9691,1000,10,1,1757912660,1760355361,0
LTE,466,89,11310,60934387,-1,121.3847,24.9672,1000,19,1,1757912680,1759315801,0
LTE,466,89,11310,60934377,-1,121.3872,24.9691,1000,5,1,1757912690,1760355361,0
LTE,466,89,11310,60934178,-1,121.3861,24.9684,1000,5,1,1757912700,1760355361,0
LTE,466,89,11310,60940163,-1,121.3851,24.9677,1000,5,1,1757912710,1760355361,0
LTE,466,89,11440,60929669,-1,121.3816,24.9652,1000,8,1,1757912720,1757935622,0
LTE,466,89,11310,61188132,-1,121.3781,24.9627,1000,11,1,1757912740,1757935622,0
LTE,466,89,11310,60940266,-1,121.3751,24.9608,1000,5,1,1757912761,1757935622,0
LTE,466,89,11310,60948337,-1,121.3749,24.9608,2027,9,1,1757912770,1760355362,0
LTE,466,89,11310,61188207,-1,121.3677,24.9572,1000,23,1,1757912780,1759315802,0
LTE,466,89,11310,61188208,-1,121.3629,24.9564,1000,11,1,1757912820,1759315802,0
LTE,466,89,11310,61188622,-1,121.3586,24.9563,1000,20,1,1757912830,1759315802,0
LTE,466,89,11310,61186159,-1,121.3558,24.955,1000,3,1,1757912870,1759315802,0
LTE,466,89,11310,61197011,-1,121.3556,24.9549,1000,2,1,1757912890,1759315802,0
LTE,466,89,11310,61196981,-1,121.3553,24.9546,1000,2,1,1757912900,1757935622,0
LTE,466,89,11310,61186231,-1,121.3542,24.9541,1000,4,1,1757912980,1757935622,0
LTE,466,89,11310,61186230,-1,121.3522,24.9526,1000,7,1,1757912990,1757935622,0
LTE,466,89,11310,61186741,-1,121.3495,24.9509,1000,4,1,1757913010,1757935622,0
LTE,466,89,11310,61185266,-1,121.3465,24.9503,1000,7,1,1757913020,1757935622,0
LTE,466,89,11310,61185269,-1,121.3435,24.9493,1000,4,1,1757913040,1757935622,0
LTE,466,89,11310,61195917,-1,121.3417,24.9484,1000,4,1,1757913050,1757935622,0
LTE,466,89,11310,61195919,-1,121.3375,24.9502,1000,15,1,1757913060,1757935622,0
LTE,466,89,11310,61186541,-1,121.3368,24.9556,1000,24,1,1757913100,1760355362,0
LTE,466,89,11310,61186436,-1,121.3384,24.9581,1000,7,1,1757913130,1759315802,0
LTE,466,89,11310,61186435,-1,121.3389,24.9595,1000,7,1,1757913140,1759315802,0
LTE,466,89,11310,61186348,-1,121.3384,24.964,590,33,1,1757913150,1760355362,0
LTE,466,89,11310,61187059,-1,121.3389,24.9675,1000,9,1,1757913190,1757935622,0
LTE,466,89,11310,61186350,-1,121.338,24.9715,1000,16,1,1757913220,1760355362,0
LTE,466,89,11310,61188084,-1,121.3362,24.973,1000,2,1,1757913260,1760437741,0
LTE,466,89,11310,61188085,-1,121.3345,24.9747,1000,7,1,1757913270,1760437741,0
LTE,466,89,11310,61187981,-1,121.3322,24.9769,1000,7,1,1757913370,1760355362,0
LTE,466,89,11310,61196529,-1,121.3309,24.9782,1000,16,1,1757913380,1760355362,0
LTE,466,89,11310,61196531,-1,121.3291,24.9803,1000,11,1,1757913390,1760437741,0
LTE,466,89,22570,85284238,-1,121.3277,24.9821,1000,13,1,1757913400,1760355362,0
LTE,466,89,22570,85284329,-1,121.3258,24.9846,1000,4,1,1757913420,1757935623,0
LTE,466,89,22520,84531688,-1,121.3249,24.986,1000,3,1,1757913431,1757935623,0
LTE,466,89,22570,85249257,-1,121.324,24.9872,1000,4,1,1757913440,1757935623,0
LTE,466,89,22570,85280645,-1,121.323,24.9885,1000,4,1,1757913450,1757935623,0
LTE,466,89,22520,84516584,-1,121.3214,24.9898,1000,6,1,1757913460,1757935623,0
LTE,466,89,22520,84512645,-1,121.3192,24.9905,1000,4,1,1757913480,1757935623,0
LTE,466,89,22520,84482792,-1,121.3176,24.9902,1000,4,1,1757913490,1757935623,0
LTE,466,89,22520,84482793,-1,121.3164,24.9898,1000,3,1,1757913500,1757935623,0
LTE,466,89,22520,84495592,-1,121.3157,24.9896,1000,2,1,1757913510,1757935623,0
LTE,466,89,22520,84495594,-1,121.3153,24.9894,1000,2,1,1757913520,1757935623,0
LTE,466,89,22520,84481770,-1,121.314,24.9888,1000,1,1,1757913567,1757913567,0
LTE,466,89,22520,84481772,-1,121.3139,24.9888,1000,1,1,1757913590,1757913590,0
LTE,466,89,22520,84495543,-1,121.3148,24.9895,1000,3,1,1757913820,1760355362,0
LTE,466,89,22520,84516751,-1,121.3126,24.9914,1000,3,1,1757914183,1757935623,0
LTE,466,89,22520,84481719,-1,121.3122,24.9901,1000,2,1,1757914379,1757935623,0
LTE,466,89,22520,84513166,-1,121.3124,24.9914,1000,2,1,1757914732,1757935623,0
LTE,466,89,22520,84490481,-1,121.3126,24.9926,1000,4,1,1757914782,1757935623,0
LTE,466,89,22520,84516653,-1,121.3132,24.9932,1000,2,1,1757914822,1757935623,0
LTE,466,89,22520,84535793,-1,121.3129,24.9944,1000,5,1,1757914838,1757935623,0
LTE,466,89,22520,84505842,-1,121.3122,24.9951,1000,3,1,1757914874,1757935623,0
LTE,466,89,22520,84523752,-1,121.3104,24.9942,1000,2,1,1757914918,1757935623,0
LTE,466,89,22520,84488835,-1,121.3094,24.9935,1000,4,1,1757914936,1757935623,0
LTE,466,89,22520,84523753,-1,121.308,24.9929,1000,3,1,1757914955,1757935623,0
LTE,466,89,22520,84488837,-1,121.3072,24.9928,1000,1,1,1757914973,1757914973,0
LTE,466,89,22520,84488375,-1,121.2931,24.9912,1000,14,1,1757915288,1763907001,0
LTE,466,89,22520,84494517,-1,121.2842,24.9879,1000,2,1,1757915514,1757935623,0
LTE,466,89,22520,84494580,-1,121.2822,24.987,1000,7,1,1757915556,1760705341,0
LTE,466,89,22520,84485519,-1,121.2826,24.9871,1000,5,1,1757915604,1760705341,0
LTE,466,89,22520,85511665,-1,121.2809,24.9859,1000,2,1,1757915625,1757935623,0
LTE,466,89,22550,84519055,-1,121.2801,24.9863,1000,2,1,1757915681,1760355363,0
LTE,466,89,22550,84503693,-1,121.2804,24.9861,1000,1,1,1757915707,1757915707,0
LTE,466,89,22520,85526127,-1,121.2805,24.9803,1000,8,1,1758318321,1758341642,0
LTE,466,89,22550,85507183,-1,121.2805,24.9796,1000,3,1,1758318369,1758341642,0
LTE,466,89,22550,85514608,-1,121.2794,24.9775,1000,5,1,1758318389,1758341642,0
LTE,466,89,22550,85507213,-1,121.2789,24.9762,1000,4,1,1758318409,1758341642,0
LTE,466,89,22580,85514371,-1,121.28,24.9714,1000,15,1,1758318449,1761705602,0
LTE,466,89,22580,85504643,-1,121.2801,24.9701,1000,2,1,1758318509,1758341643,0
LTE,466,89,22580,85514372,-1,121.2799,24.9692,1000,3,1,1758318519,1758341643,0
LTE,466,89,22580,85529833,-1,121.2798,24.9681,1000,6,1,1758318529,1761705602,0
LTE,466,89,22520,84506089,-1,121.2798,24.9687,1000,1,1,1758318539,1758318539,0
LTE,466,89,22580,85514373,-1,121.2798,24.9682,1000,2,1,1758318559,1758341643,0
LTE,466,89,22580,85529200,-1,121.2797,24.9676,1000,2,1,1758318569,1758341643,0
LTE,466,89,22580,85667695,-1,121.2794,24.9662,1000,10,1,1758318579,1761705602,0
LTE,466,89,22580,85529230,-1,121.2786,24.9645,1000,6,1,1758318649,1761705602,0
LTE,466,89,22580,85515150,-1,121.2789,24.9614,1000,11,1,1758318739,1761705602,0
LTE,466,89,22580,85515120,-1,121.2787,24.9626,1000,7,1,1758318749,1758341643,0
LTE,466,89,22580,85515121,-1,121.2778,24.9604,1000,5,1,1758318854,1758341643,0
LTE,466,89,22580,85515222,-1,121.2746,24.9594,1000,9,1,1758318885,1758341643,0
LTE,466,89,22580,85515119,-1,121.2739,24.9592,1000,2,1,1758318915,1758341643,0
LTE,466,89,22580,82009812,-1,121.2722,24.9587,1000,3,1,1758318936,1758341643,0
LTE,466,89,22580,81937038,-1,121.268,24.9572,1000,17,1,1758318947,1758341643,0
LTE,466,89,22580,81937077,-1,121.2666,24.9566,1000,2,1,1758319021,1758341643,0
LTE,466,89,22580,81937039,-1,121.2627,24.9559,1000,5,1,1758319060,1758341643,0
LTE,466,89,22580,81980271,-1,121.2605,24.9567,1000,5,1,1758319080,1758341643,0
LTE,466,89,22580,81991123,-1,121.2584,24.9558,1000,8,1,1758319098,1758341643,0
LTE,466,89,22580,81991124,-1,121.257,24.9538,1000,2,1,1758319178,1758341643,0
LTE,466,89,22580,81991125,-1,121.2566,24.9526,1000,4,1,1758319199,1758341643,0
LTE,466,89,22580,81951599,-1,121.2567,24.9514,1000,2,1,1758319255,1758341643,0
LTE,466,89,22580,81961961,-1,121.2565,24.9482,1000,7,1,1758319273,1758341643,0
LTE,466,89,22580,81937541,-1,121.2568,24.9498,1000,2,1,1758319288,1758341643,0
LTE,466,89,22580,81937540,-1,121.2569,24.9492,1000,2,1,1758319374,1758341643,0
LTE,466,89,22580,81959143,-1,121.2542,24.9461,1000,5,1,1758319411,1758341643,0
LTE,466,89,22580,81959023,-1,121.2525,24.9457,1000,4,1,1758319424,1758341643,0
LTE,466,89,22580,81959145,-1,121.2511,24.9451,1000,3,1,1758319436,1758341643,0
LTE,466,89,22580,81929171,-1,121.2497,24.9446,1000,4,1,1758319447,1758341643,0
LTE,466,89,22580,81929201,-1,121.2487,24.9442,1000,2,1,1758319467,1758341643,0
LTE,466,89,22580,81972978,-1,121.248,24.9439,1000,3,1,1758319537,1758341644,0
LTE,466,89,22580,81929095,-1,121.247,24.9431,1000,3,1,1758319547,1758341644,0
LTE,466,89,22580,81982339,-1,121.246,24.9422,1000,3,1,1758319557,1758341644,0
LTE,466,89,22580,81982349,-1,121.245,24.9413,1000,4,1,1758319567,1758341644,0
LTE,466,89,22580,81982350,-1,121.243,24.9398,1000,6,1,1758319667,1758341644,0
LTE,466,89,22580,81992436,-1,121.2396,24.9366,1000,9,1,1758319687,1758341644,0
LTE,466,89,22580,81992335,-1,121.2382,24.932,1000,11,1,1758319747,1758341644,0
LTE,466,89,22580,81943271,-1,121.2409,24.9292,1000,6,1,1758319895,1758341644,0
LTE,466,89,22580,81943273,-1,121.2429,24.927,1000,7,1,1758319915,1758341644,0
LTE,466,89,22540,82953961,-1,121.2443,24.9252,1000,3,1,1758320031,1758341644,0
LTE,466,89,22540,82963432,-1,121.2454,24.9245,1000,4,1,1758320045,1758341644,0
LTE,466,89,22540,82963383,-1,121.247,24.9238,1000,4,1,1758320063,1758341644,0
LTE,466,89,22540,82963382,-1,121.2491,24.923,1000,6,1,1758320078,1758341644,0
LTE,466,89,22540,82948081,-1,121.2515,24.9217,1000,5,1,1758320122,1758341644,0
LTE,466,89,22540,82954995,-1,121.2519,24.9214,1000,3,1,1758320190,1758341644,0
LTE,466,89,22540,82948082,-1,121.2528,24.9203,1000,2,1,1758320210,1758341644,0
LTE,466,89,22540,82947213,-1,121.2544,24.9189,1000,8,1,1758320220,1758341644,0
LTE,466,89,22540,82947214,-1,121.2555,24.9164,1000,7,1,1758320330,1758341644,0
LTE,466,89,22580,85762803,-1,121.2553,24.9118,1000,18,1,1758320354,1758341644,0
LTE,466,89,22580,85762793,-1,121.2568,24.9096,1000,3,1,1758320441,1758341644,0
LTE,466,89,22580,85762801,-1,121.2599,24.9073,1000,9,1,1758320465,1758341644,0
LTE,466,89,22580,85781549,-1,121.2625,24.9054,1000,5,1,1758320506,1758341644,0
LTE,466,89,22580,85763560,-1,121.2638,24.9044,1000,3,1,1758320525,1758341644,0
LTE,466,89,22580,85781746,-1,121.2642,24.9041,1000,1,1,1758320537,1758320537,0
LTE,466,89,22580,85781716,-1,121.2667,24.9034,1000,5,1,1758320557,1758341645,0
LTE,466,89,22580,85781686,-1,121.2686,24.9031,1000,2,1,1758320629,1758341644,0
LTE,466,89,22580,85761973,-1,121.2706,24.9028,1000,6,1,1758320650,1758341645,0
LTE,466,89,22580,85761974,-1,121.2728,24.9024,1000,4,1,1758320671,1758341645,0
LTE,466,89,22580,85765231,-1,121.2756,24.901,1000,8,1,1758320753,1758341645,0
LTE,466,89,22580,85765303,-1,121.2774,24.899,1000,6,1,1758320784,1758341645,0
LTE,466,89,22580,85765233,-1,121.2794,24.898,1000,8,1,1758320827,1758341645,0
LTE,466,89,22580,85760526,-1,121.2819,24.8987,1000,5,1,1758320871,1758341645,0
LTE,466,89,22580,85776259,-1,121.2841,24.8985,1000,4,1,1758320890,1758341645,0
LTE,466,89,22580,85762998,-1,121.2849,24.8968,1000,6,1,1758320909,1758341645,0
LTE,466,89,22580,85765049,-1,121.2825,24.8953,1000,5,1,1758320936,1758341645,0
LTE,466,89,22580,85779413,-1,121.2785,24.8931,1000,3,1,1758320979,1758341645,0
LTE,466,89,22580,85763599,-1,121.2794,24.8864,1000,4,1,1758321053,1758341645,0
LTE,466,89,22580,85780181,-1,121.2778,24.8775,1000,23,1,1758321094,1758341645,0
LTE,466,89,22580,85780201,-1,121.2773,24.8803,1000,6,1,1758321123,1758341645,0
LTE,466,89,22580,85763715,-1,121.2813,24.8726,1000,5,1,1758321197,1758341645,0
LTE,466,89,22580,85763716,-1,121.2814,24.868,1000,17,1,1758321214,1758341646,0
LTE,466,89,22580,85767911,-1,121.2822,24.86,1000,19,1,1758321311,1758341646,0
LTE,466,89,22580,85767656,-1,121.2828,24.8573,1000,5,1,1758321353,1758341646,0
LTE,466,89,22580,85767793,-1,121.2778,24.8519,1000,22,1,1758321391,1758341646,0
LTE,466,89,22580,85767913,-1,121.2734,24.8473,1000,7,1,1758321462,1758341646,0
LTE,466,89,22580,85770215,-1,121.2723,24.8447,1000,8,1,1758321480,1758341646,0
LTE,466,89,22580,85770165,-1,121.2721,24.8423,1000,4,1,1758321506,1758341646,0
LTE,466,89,22580,85770166,-1,121.2721,24.8401,1000,6,1,1758321519,1758341646,0
LTE,466,89,22580,85770217,-1,121.2718,24.8369,1000,9,1,1758321539,1758341646,0
LTE,466,89,22580,85780356,-1,121.2703,24.8317,1000,17,1,1758321566,1758341646,0
LTE,466,89,22580,85780357,-1,121.2628,24.8248,1000,15,1,1758321650,1758341646,0
LTE,466,89,22580,85511154,-1,121.2971,24.9755,1000,5,1,1758332495,1758354964,0
LTE,466,89,22580,85511024,-1,121.2955,24.9757,1000,3,1,1758332515,1758354964,0
LTE,466,89,22520,84481136,-1,121.2946,24.9759,1000,1,1,1758332532,1758332532,0
LTE,466,89,22580,85511023,-1,121.2944,24.9759,1000,1,1,1758332552,1758332552,0
LTE,466,89,22580,85525359,-1,121.2938,24.976,1000,3,1,1758332565,1758354964,0
LTE,466,89,22520,84497519,-1,121.2913,24.9766,1000,8,1,1758332580,1758354965,0
LTE,466,89,22520,84485488,-1,121.2894,24.9792,1000,10,1,1758332639,1758354965,0
LTE,466,89,22520,84488561,-1,121.2897,24.9825,1000,6,1,1758332724,1758354965,0
LTE,466,89,22520,84531313,-1,121.2897,24.9839,1000,1,1,1758332885,1758332885,0
LTE,466,89,22520,84531343,-1,121.2898,24.9844,1000,3,1,1758332900,1758354965,0
LTE,466,89,22520,84531312,-1,121.2909,24.9851,1000,4,1,1758332951,1758354965,0
LTE,466,89,22520,84488629,-1,121.292,24.9862,1000,5,1,1758332998,1758354965,0
LTE,466,89,22520,84488631,-1,121.2929,24.9872,1000,4,1,1758333194,1758354965,0
LTE,466,89,22520,84488590,-1,121.2926,24.9883,1000,3,1,1758333228,1758354965,0
LTE,466,89,22520,84488560,-1,121.2923,24.9894,1000,6,1,1758333259,1758354965,0
LTE,466,89,22520,84520047,-1,121.2917,24.9908,1000,3,1,1758334061,1758354965,0
LTE,466,89,22520,84498544,-1,121.2911,24.9911,1000,1,1,1758334095,1758334095,0
LTE,466,89,22520,84498545,-1,121.2885,24.99,1000,11,1,1758334127,1758354965,0
LTE,466,89,22520,84490097,-1,121.2857,24.9886,1000,3,1,1758334171,1758354965,0
LTE,466,89,22550,84503663,-1,121.2783,24.9882,1000,2,1,1758334672,1758354965,0
LTE,466,89,22520,84497293,-1,121.2796,24.9864,1000,2,1,1758335015,1760355363,0
LTE,466,97,22530,81957558,-1,121.2185,25.0071,1000,10,1,1758878598,1780822517,0
LTE,466,97,22530,86282933,-1,121.2334,25.0312,1000,21,1,1759021820,1776091383,0
LTE,466,97,22600,86540588,-1,121.2602,25.0522,6310,22,1,1759021883,1780917484,0
LTE,466,97,22600,86566611,-1,121.2796,25.059,762,25,1,1759021913,1768519202,0
LTE,466,97,22600,86567638,-1,121.2967,25.0591,1000,13,1,1759021943,1759041782,0
LTE,466,97,11340,56339412,-1,121.4649,25.0151,1000,4,1,1759023252,1781622062,0
LTE,466,97,11340,56320696,-1,121.4715,25.0149,1000,9,1,1759023372,1776559981,0
LTE,466,97,11340,56377781,-1,121.4764,25.0121,3620,11,1,1759023402,1781622063,0
LTE,466,97,11340,56332982,-1,121.4766,25.0122,1000,20,1,1759023432,1781622063,0
LTE,466,97,11340,56396214,-1,121.4807,25.01,1000,8,1,1759023452,1781622062,0
LTE,466,97,11350,60173750,-1,121.4835,25.0083,2792,13,1,1759023472,1781622063,0
LTE,466,97,11350,60170677,-1,121.4898,25.0056,1000,3,1,1759023572,1759045022,0
LTE,466,97,11350,60161462,-1,121.491,25.0042,1916,10,1,1759023582,1781622063,0
LTE,466,97,11350,60213175,-1,121.4911,25.0037,1874,25,1,1759023592,1781622063,0
LTE,466,97,11350,60213174,-1,121.4925,25.0024,1679,14,1,1759023672,1781622063,0
LTE,466,97,11350,60239542,-1,121.495,25.002,1447,16,1,1759023692,1781622063,0
LTE,466,97,11350,60167350,-1,121.4967,25.0016,1289,13,1,1759023782,1781622063,0
LTE,466,97,11350,60167349,-1,121.4956,25.0024,1000,21,1,1759023772,1781622063,0
LTE,466,97,11350,60167351,-1,121.4977,25.0005,1132,18,1,1759023812,1781622063,0
LTE,466,97,11420,60210101,-1,121.4995,24.9988,1000,10,1,1759023832,1780152902,0
LTE,466,97,11420,60241520,-1,121.5,24.9973,1000,6,1,1759023852,1768517582,0
LTE,466,97,11420,60171634,-1,121.502,24.9952,1000,5,1,1759023862,1759045022,0
LTE,466,97,11420,60165559,-1,121.5051,24.9937,1000,4,1,1759023902,1759045022,0
LTE,466,97,11420,60169653,-1,121.5039,24.9948,1223,11,1,1759023922,1781622063,0
LTE,466,97,11420,60185014,-1,121.5055,24.9935,1000,1,1,1759024032,1759024032,0
LTE,466,97,11420,60203703,-1,121.5065,24.9933,1000,18,1,1759024042,1781622063,0
LTE,466,97,11420,60165557,-1,121.5051,24.9937,1000,6,1,1759024092,1781622063,0
LTE,466,97,11290,60211893,-1,121.505,24.9937,1000,2,1,1759024142,1781622063,0
LTE,466,97,11420,60201398,-1,121.5036,24.9942,1000,16,1,1759024262,1781622063,0
LTE,466,97,11420,60185015,-1,121.5076,24.9934,1000,7,1,1759024622,1759075261,0
LTE,466,97,11420,60165460,-1,121.5071,24.9932,1000,10,1,1759024652,1780152902,0
LTE,466,97,11420,60213941,-1,121.5106,24.9928,1000,17,1,1759024742,1780917485,0
LTE,466,97,11420,60191415,-1,121.5107,24.9929,1000,7,1,1759024842,1768517582,0
LTE,466,97,11420,60169143,-1,121.5117,24.9927,1000,23,1,1759024942,1780917485,0
LTE,466,97,11420,60169142,-1,121.5126,24.9927,1000,11,1,1759025052,1776559982,0
LTE,466,97,11420,60254134,-1,121.5135,24.9925,1000,13,1,1759025152,1780917485,0
LTE,466,97,11420,60194998,-1,121.5069,24.9933,1000,17,1,1759050941,1781622063,0
LTE,466,97,11420,60201397,-1,121.5029,24.9947,1000,15,1,1759051201,1781622063,0
LTE,466,97,11420,60171703,-1,121.5011,24.9967,1000,11,1,1759051221,1781622063,0
LTE,466,97,11420,60240823,-1,121.5015,24.9963,1000,9,1,1759051231,1781622063,0
LTE,466,97,11350,60204982,-1,121.4978,25.001,1168,8,1,1759051331,1781622063,0
LTE,466,97,11350,60172214,-1,121.4885,25.0059,2231,18,1,1759051551,1780917485,0
LTE,466,97,11350,60172215,-1,121.4874,25.0064,2348,13,1,1759051571,1781622063,0
LTE,466,97,11340,56321208,-1,121.4818,25.0086,2954,5,1,1759051691,1770436389,0
LTE,466,97,11340,56377782,-1,121.4838,25.0074,2714,3,1,1759051711,1781622063,0
LTE,466,97,11340,56362894,-1,121.506,24.9937,1000,1,1,1759051761,1759051761,0
LTE,466,97,11340,56354802,-1,121.4878,25.0048,2216,2,1,1759051781,1759075261,0
LTE,466,97,11340,56414901,-1,121.4691,25.0158,1000,11,1,1759051811,1781622064,0
LTE,466,97,11340,56339382,-1,121.4653,25.0148,1000,4,1,1759051931,1781622063,0
LTE,466,97,11290,56370902,-1,121.4648,25.0153,1000,1,1,1759052061,1759052061,0
LTE,466,89,11440,60938727,-1,121.4084,24.9801,1000,1,1,1759294609,1759294609,0
LTE,466,89,11440,60930416,-1,121.4024,24.9764,1000,4,1,1759294683,1759315801,0
LTE,466,89,11310,61188142,-1,121.3791,24.9634,1000,6,1,1759295103,1759315801,0
LTE,466,89,11310,60941555,-1,121.3769,24.9619,1000,6,1,1759295113,1759315801,0
LTE,466,89,11310,61186160,-1,121.3533,24.9532,1000,11,1,1759295362,1759315802,0
LTE,466,89,11310,61186007,-1,121.3506,24.9514,1000,3,1,1759295423,1759315802,0
LTE,466,89,11310,61186671,-1,121.3493,24.9508,1000,3,1,1759295433,1759315802,0
LTE,466,89,11310,61186673,-1,121.3479,24.9505,1000,3,1,1759295443,1759315802,0
LTE,466,89,11310,61185136,-1,121.3459,24.9501,1000,5,1,1759295453,1759315802,0
LTE,466,89,11310,61185137,-1,121.344,24.9494,1000,4,1,1759295473,1759315802,0
LTE,466,89,11310,61195887,-1,121.3418,24.9484,1000,6,1,1759295503,1759315802,0
LTE,466,89,11310,61195889,-1,121.3374,24.9499,1000,14,1,1759295533,1759315802,0
LTE,466,89,11310,61191913,-1,121.3358,24.9531,1000,7,1,1759295583,1760355362,0
LTE,466,89,11310,61186318,-1,121.3381,24.9639,1000,10,1,1759295673,1760437741,0
LTE,466,89,11310,61186319,-1,121.3378,24.9634,1000,3,1,1759295693,1759315802,0
LTE,466,89,11310,61186929,-1,121.3389,24.9674,1000,7,1,1759295723,1760437741,0
LTE,466,89,11310,61186320,-1,121.3378,24.9716,1000,9,1,1759295743,1760437741,0
LTE,466,89,22520,84487351,-1,121.303,24.992,1000,2,1,1759382950,1759403764,0
LTE,466,89,22520,84497117,-1,121.2808,24.986,1000,1,1,1759383819,1759383819,0
LTE,466,89,22550,84503733,-1,121.2801,24.9864,1000,4,1,1759383883,1760705341,0
LTE,466,97,22530,86287326,-1,121.2202,25.0093,1000,3,1,1759527257,1775479142,0
LTE,466,97,22600,86566375,-1,121.2568,25.0511,812,25,1,1759528397,1768519202,0
LTE,466,97,22600,86570215,-1,121.2706,25.057,1000,14,1,1759528410,1759550522,0
LTE,466,97,22600,86529975,-1,121.2822,25.0593,838,26,1,1759528430,1771752662,0
LTE,466,97,22600,86533302,-1,121.2944,25.059,2153,21,1,1759528450,1781622062,0
LTE,466,97,22600,85288438,-1,121.325,25.0474,2788,10,1,1759528510,1771115642,0
LTE,466,97,22570,85270001,-1,121.3002,25.0584,1000,1,1,1759528520,1759528520,0
LTE,466,97,11440,85287570,-1,121.3002,25.0584,1000,1,1,1759528600,1759528600,0
LTE,466,97,11440,60935822,-1,121.3002,25.0584,1000,1,1,1759528660,1759528660,0
LTE,466,97,11440,60956853,-1,121.4306,25.0042,1000,11,1,1759528680,1759550522,0
LTE,466,97,11440,61955255,-1,121.437,25.0048,1000,6,1,1759528700,1759550522,0
LTE,466,97,11430,56342710,-1,121.4434,25.0044,1000,20,1,1759528710,1781622062,0
LTE,466,97,11340,56331478,-1,121.4656,25.0152,1000,4,1,1759529545,1780123203,0
LTE,466,97,11340,56377731,-1,121.4737,25.0136,1000,7,1,1759529655,1759550522,0
LTE,466,97,11340,56324332,-1,121.4794,25.0106,1000,4,1,1759529695,1759550522,0
LTE,466,97,11340,56324328,-1,121.4833,25.0087,1000,3,1,1759529725,1759550522,0
LTE,466,97,11350,60213225,-1,121.4902,25.0047,1000,1,1,1759529845,1759529845,0
LTE,466,97,11350,60171445,-1,121.4924,25.0027,1000,14,1,1759529925,1781622063,0
LTE,466,97,11350,60239544,-1,121.4936,25.0026,1000,4,1,1759529936,1776559982,0
LTE,466,97,11420,60245429,-1,121.5159,24.9922,1000,19,1,1759530286,1780917486,0
LTE,466,97,11420,60254184,-1,121.5145,24.9926,1000,1,1,1759530626,1759530626,0
LTE,466,97,11420,60254185,-1,121.5145,24.9926,1000,1,1,1759530645,1759530645,0
LTE,466,92,24500,106147106,-1,120.6497,24.2149,1000,3,1,1754870938,1760143142,0
LTE,466,92,24500,106147086,-1,120.6505,24.2146,1000,6,1,1754870998,1760143142,0
LTE,466,92,24500,106676543,-1,120.6509,24.2172,1000,1,1,1754872408,1754872408,0
LTE,466,92,24500,106724405,-1,120.6509,24.2172,1000,1,1,1754872368,1754872368,0
LTE,466,92,24500,106676542,-1,120.651,24.2172,1000,1,1,1754872908,1754872908,0
LTE,466,92,24500,106676524,-1,120.6511,24.2202,1000,5,1,1754873837,1760143142,0
LTE,466,92,24500,106659598,-1,120.6741,24.2053,1000,8,1,1754874843,1760143142,0
LTE,466,92,24500,106131736,-1,120.6774,24.2041,1000,8,1,1754874923,1760143142,0
LTE,466,92,24400,106073612,-1,120.6852,24.1197,1000,3,1,1755049018,1760143143,0
LTE,466,92,24400,106073642,-1,120.6852,24.119,1000,1,1,1755049138,1755049138,0
LTE,466,92,24400,106874431,-1,120.6889,24.1201,1000,5,1,1755051537,1760143143,0
LTE,466,92,24400,105429784,-1,120.6902,24.1212,1000,3,1,1755051644,1760143143,0
LTE,466,92,24400,107436568,-1,120.6904,24.1221,1000,2,1,1755051684,1760143143,0
LTE,466,92,24400,106874421,-1,120.6904,24.1228,1000,1,1,1755051734,1755051734,0
LTE,466,92,24400,105429793,-1,120.6903,24.1231,1000,1,1,1755051744,1755051744,0
LTE,466,92,24500,105409560,-1,120.6546,24.1933,1000,15,1,1756348195,1768723622,0
LTE,466,92,24101,105523992,-1,120.6578,24.1853,1000,9,1,1756348405,1760143143,0
LTE,466,92,24101,106889250,-1,120.6584,24.1799,1000,8,1,1756348445,1760143143,0
LTE,466,92,24101,106603042,-1,120.6592,24.1761,1000,4,1,1756348525,1760143143,0
LTE,466,92,24101,106603032,-1,120.6599,24.1745,1000,4,1,1756348595,1760143143,0
LTE,466,92,13200,80867607,-1,121.2446,25.0935,1000,6,1,1757335988,1785558597,0
LTE,466,92,13200,80889613,-1,121.209,25.0674,1000,11,1,1757336118,1760143201,0
LTE,466,92,13200,81581068,-1,121.1997,25.06,1000,21,1,1757336128,1760143202,0
LTE,466,92,13200,80720662,-1,121.1793,25.0446,2684,21,1,1757336148,1786854692,0
LTE,466,92,13200,81406230,-1,121.1654,25.0351,1000,11,1,1757336178,1760143202,0
LTE,466,92,13200,80005152,-1,121.133,25.0391,1000,11,1,1757336208,1760143202,0
LTE,466,92,13200,80724004,-1,121.1127,25.0652,2795,40,1,1757336218,1760143202,0
LTE,466,92,13200,80406308,-1,121.0967,25.0934,1000,11,1,1757336258,1760143203,0
LTE,466,92,13200,79830052,-1,121.0947,25.1066,1000,11,1,1757336268,1760143202,0
LTE,466,92,13200,79834138,-1,121.121,25.1607,5881,38,1,1757336278,1760143203,0
UMTS,466,92,10313,20524620,466,121.2513,25.1983,2661,29,1,1757336414,1760143203,0
UMTS,466,92,10313,20534604,210,121.2574,25.1918,3607,12,1,1757336414,1760143203,0
UMTS,466,92,10313,20544604,218,121.2338,25.2152,1000,2,1,1757336414,1760143203,0
UMTS,466,92,10313,20534620,474,121.252,25.1976,2597,28,1,1757336415,1760143203,0
UMTS,466,92,10313,20544620,482,121.2568,25.1928,1587,20,1,1757336426,1760143203,0
LTE,466,92,37800,183353654,-1,120.3931,22.4205,18906,21,1,1759919372,1760144807,0
LTE,466,92,38100,182242625,-1,120.3385,22.6305,7254,23,1,1759919514,1760144805,0
LTE,466,92,36600,156782400,-1,120.4037,23.3475,3910,37,1,1759919834,1760144824,0
LTE,466,92,36100,158294092,-1,120.4106,23.3918,1079,11,1,1759919904,1760144824,0
LTE,466,92,36100,157700890,-1,120.4172,23.4341,3672,2,1,1759919914,1760144824,0
LTE,466,1,49742,180521249,-1,120.444,23.6067,2039,21,1,1759920014,1760144824,0
LTE,466,92,36200,156727824,-1,120.4961,23.941,33777,50,1,1759920034,1760144863,0
LTE,466,92,24000,105704257,-1,120.6289,24.4967,14714,22,1,1759920474,1760144844,0
LTE,466,92,24500,105928227,-1,120.6946,24.5688,7433,23,1,1759920584,1760144862,0
LTE,466,92,13700,80432932,-1,120.8934,24.7703,1000,11,1,1759920814,1760144829,0
LTE,466,92,13700,80303652,-1,121.0348,24.9119,8545,51,1,1759920824,1760144922,0
LTE,466,92,13701,80349712,-1,121.0701,24.94,2017,41,1,1759921014,1760144882,0
LTE,466,92,13701,80292623,-1,121.1149,24.9754,3063,22,1,1759921064,1760144883,0
LTE,466,92,13202,80198672,-1,121.1252,24.9835,1000,11,1,1759921114,1760144883,0
LTE,466,92,13202,80773924,-1,121.1308,24.9879,1000,9,1,1759921124,1760144883,0
LTE,466,92,13202,80785444,-1,121.1356,24.9917,1000,11,1,1759921134,1760144883,0
LTE,466,92,13202,80391460,-1,121.1512,25.0039,1062,22,1,1759921144,1760144883,0
LTE,466,92,13202,80250128,-1,121.2022,25.0441,5856,21,1,1759921184,1760144884,0
LTE,466,92,13200,83428898,-1,121.2327,25.068,1000,7,1,1759921324,1760144884,0
LTE,466,92,13200,81517070,-1,121.2425,25.0774,1000,4,1,1759921374,1760144884,0
LTE,466,92,13200,79830288,-1,121.2424,25.0792,1000,2,1,1759921444,1760144884,0
LTE,466,92,13200,79830030,-1,121.2417,25.0799,1000,1,1,1759921474,1759921474,0
LTE,466,92,13200,81401890,-1,121.2413,25.0799,1000,1,1,1759921484,1759921484,0
LTE,466,92,13200,80960792,-1,121.2382,25.0797,1000,7,1,1759922214,1782751504,0
LTE,466,92,13200,79830298,-1,121.2362,25.0822,1000,1,1,1759937019,1759937019,0
LTE,466,92,13200,85795608,-1,121.2368,25.0821,1000,3,1,1759937235,1760144884,0
LTE,466,92,13200,80763660,-1,121.2122,25.0515,1000,4,1,1759941435,1760144884,0
LTE,466,92,13200,80023585,-1,121.2172,25.0276,1000,3,1,1759941655,1760144885,0
LTE,466,92,13200,80791586,-1,121.2213,25.0199,1000,13,1,1759941805,1760144885,0
LTE,466,92,13200,80791576,-1,121.2184,25.017,1000,3,1,1759941865,1760144885,0
LTE,466,92,13202,79836686,-1,121.2177,25.0164,1000,3,1,1759941875,1760144885,0
LTE,466,92,13202,81664544,-1,121.2109,25.0096,1000,12,1,1759942075,1760144885,0
LTE,466,92,13202,80963873,-1,121.2075,25.006,1000,11,1,1759942115,1760144885,0
LTE,466,92,13202,81665293,-1,121.2053,25.0046,1000,4,1,1759942135,1786854603,0
LTE,466,92,13202,80955415,-1,121.2034,24.9972,1000,14,1,1759942223,1760144885,0
LTE,466,92,13202,80749090,-1,121.2066,24.9912,1000,8,1,1759942355,1760144885,0
LTE,466,92,13202,80749080,-1,121.2092,24.9882,1000,7,1,1759942375,1760144885,0
LTE,466,92,13202,80964630,-1,121.2146,24.9832,1000,7,1,1759942425,1760144885,0
LTE,466,92,13400,80955682,-1,121.2159,24.981,1000,4,1,1759942445,1760144885,0
LTE,466,92,13400,80955672,-1,121.2177,24.9768,1000,14,1,1759942515,1760144886,0
LTE,466,92,13400,80015650,-1,121.2197,24.9717,1000,6,1,1759942595,1760144885,0
LTE,466,92,13400,80015640,-1,121.2205,24.9705,1000,1,1,1759942725,1759942725,0
LTE,466,92,13400,80015660,-1,121.2205,24.9705,1000,1,1,1759942825,1759942825,0
LTE,466,92,13400,83251224,-1,121.2205,24.9705,1000,1,1,1759942855,1759942855,0
LTE,466,92,13400,83251214,-1,121.22,24.9643,1000,2,1,1759942965,1760144886,0
LTE,466,92,13400,81564174,-1,121.2198,24.9581,1000,2,1,1759943265,1760144886,0
LTE,466,92,13400,79759394,-1,121.2204,24.9571,1000,4,1,1759943585,1760144886,0
LTE,466,92,13400,81907724,-1,121.2258,24.9544,1000,1,1,1759944795,1759944795,0
LTE,466,92,13400,80779020,-1,121.2257,24.9545,1000,1,1,1759944775,1759944775,0
LTE,466,92,13400,81907727,-1,121.2257,24.9545,1000,1,1,1759944805,1759944805,0
LTE,466,92,13400,80254752,-1,121.2255,24.9536,1000,4,1,1759944855,1760144886,0
LTE,466,92,13400,80254753,-1,121.2258,24.9546,1000,1,1,1759944845,1759944845,0
LTE,466,92,13400,80779040,-1,121.2251,24.9535,1000,2,1,1759945015,1760144886,0
LTE,466,97,22600,84486611,-1,121.2753,25.0166,1000,21,1,1760135175,1770457562,0
LTE,466,97,22580,85509814,-1,121.3209,24.9669,1000,18,1,1760135496,1772355483,0
LTE,466,97,22580,61194867,-1,121.3312,24.9389,1000,15,1,1760135636,1760183707,0
LTE,466,97,11310,61188535,-1,121.3301,24.9398,959,36,1,1760135676,1777186565,0
LTE,466,97,11310,61193911,-1,121.3434,24.936,1012,35,1,1760135705,1777186565,0
LTE,466,97,11310,60948406,-1,121.382,24.9512,777,40,1,1760135836,1776091386,0
LTE,466,97,11220,60416951,-1,121.4423,24.9674,1000,22,1,1760136126,1772355548,0
LTE,466,97,11350,60254389,-1,121.4852,24.9997,1000,2,1,1760136425,1772355544,0
LTE,466,97,11350,60164977,-1,121.4801,25.0005,1000,3,1,1760136646,1760183709,0
LTE,466,97,11350,60197557,-1,121.4797,25.0003,1000,11,1,1760136666,1771539423,0
LTE,466,97,11430,60250551,-1,121.4751,25,1000,3,1,1760136786,1771539423,0
LTE,466,97,11430,60181646,-1,121.4727,25.0007,1000,2,1,1760139246,1760183709,0
LTE,466,97,11430,60165815,-1,121.4723,25.0025,1000,9,1,1760139296,1771144382,0
LTE,466,97,11430,60321973,-1,121.4723,25.0035,1000,2,1,1760139306,1760183710,0
LTE,466,97,11430,60165813,-1,121.4722,25.0045,1000,7,1,1760139316,1771144382,0
LTE,466,97,11340,56365749,-1,121.4699,25.0115,1000,2,1,1760139646,1760183710,0
LTE,466,97,11340,56388789,-1,121.4696,25.012,1000,2,1,1760139666,1760183710,0
LTE,466,97,11340,56358021,-1,121.4763,25.0168,1000,3,1,1760139786,1760183710,0
LTE,466,97,11340,56375532,-1,121.4782,25.0179,1000,4,1,1760139806,1760183710,0
LTE,466,97,11340,56375519,-1,121.4787,25.0182,1000,1,1,1760139826,1760139826,0
LTE,466,97,11270,27651039,-1,121.4898,25.024,1000,8,1,1760139986,1760183710,0
LTE,466,97,11270,27651038,-1,121.4922,25.0254,1000,1,1,1760140036,1760140036,0
LTE,466,97,11270,27682947,-1,121.4941,25.0258,1000,2,1,1760140106,1760183710,0
LTE,466,97,11270,27687300,-1,121.4937,25.0254,1000,2,1,1760140116,1760183710,0
LTE,466,97,11270,27663079,-1,121.4929,25.0248,1000,4,1,1760140126,1760183710,0
LTE,466,97,11270,27663080,-1,121.4921,25.0245,1000,2,1,1760140156,1760183710,0
LTE,466,97,11270,27687351,-1,121.4901,25.0259,1000,5,1,1760140286,1760183710,0
LTE,466,97,11270,27672286,-1,121.4887,25.0291,1000,4,1,1760140316,1760183710,0
LTE,466,97,11270,27655094,-1,121.4892,25.0332,1000,4,1,1760140346,1760183710,0
LTE,466,97,11270,27692767,-1,121.4935,25.0375,1000,4,1,1760140386,1760183710,0
LTE,466,97,11270,27666061,-1,121.4949,25.0382,1000,4,1,1760140396,1760183710,0
LTE,466,97,11270,27692755,-1,121.4976,25.0401,1000,8,1,1760140406,1760183711,0
LTE,466,97,11270,27679453,-1,121.5068,25.0512,1000,7,1,1760140506,1760183711,0
LTE,466,97,11270,61708520,-1,121.5077,25.0549,1000,4,1,1760140536,1760183711,0
LTE,466,97,22240,26370190,-1,121.5088,25.0633,1000,3,1,1760140646,1760183711,0
LTE,466,97,22210,26393526,-1,121.5094,25.0762,1000,3,1,1760140836,1760183711,0
LTE,466,97,22210,28416982,-1,121.5073,25.0829,1000,3,1,1760140926,1760183711,0
LTE,466,97,22730,28418486,-1,121.5058,25.0856,1000,4,1,1760140996,1760183711,0
LTE,466,97,22730,28418535,-1,121.504,25.0879,1000,4,1,1760141066,1760183712,0
LTE,466,97,22730,28706861,-1,121.499,25.1074,1000,15,1,1760141436,1760183712,0
LTE,466,97,22730,28706860,-1,121.4991,25.1129,1000,11,1,1760141486,1760183712,0
LTE,466,97,22730,28672546,-1,121.4966,25.1317,1000,3,1,1760142106,1760183713,0
LTE,466,97,22730,28672694,-1,121.5002,25.1282,1000,19,1,1760142956,1780822515,0
LTE,466,97,22730,28672487,-1,121.4953,25.1231,1000,1,1,1760144946,1760144946,0
LTE,466,97,22730,28683702,-1,121.4963,25.123,1000,1,1,1760151897,1760151897,0
LTE,466,97,22730,28673239,-1,121.4969,25.1315,1000,4,1,1760152737,1760183762,0
LTE,466,97,22730,28709745,-1,121.4993,25.1303,1000,1,1,1760153207,1760153207,0
LTE,466,97,22730,28709765,-1,121.4993,25.1303,1000,1,1,1760154107,1760154107,0
LTE,466,97,22730,28709775,-1,121.4993,25.1303,1000,1,1,1760159858,1760159858,0
LTE,466,97,22730,28677815,-1,121.5014,25.1264,1000,10,1,1760160698,1780822515,0
LTE,466,97,22730,28683701,-1,121.501,25.1252,1000,3,1,1760160738,1760183762,0
LTE,466,97,22730,28672477,-1,121.5027,25.1218,1000,3,1,1760160788,1760183762,0
LTE,466,97,22730,28672478,-1,121.5046,25.1211,1000,5,1,1760160798,1760183762,0
LTE,466,97,22730,28696403,-1,121.5064,25.1208,1000,2,1,1760160818,1760183762,0
LTE,466,97,22730,28673719,-1,121.5088,25.1204,1000,5,1,1760160838,1760183762,0
LTE,466,97,22730,28673717,-1,121.5112,25.1197,1000,7,1,1760160888,1760183762,0
LTE,466,97,22730,28684983,-1,121.5132,25.1178,1000,6,1,1760160908,1760183762,0
LTE,466,97,22730,28707765,-1,121.5147,25.1157,1000,6,1,1760160928,1760183762,0
LTE,466,97,22730,28683189,-1,121.5157,25.1143,1000,3,1,1760160948,1760183762,0
LTE,466,97,22730,28707766,-1,121.5171,25.1123,1000,9,1,1760160978,1760183762,0
LTE,466,97,22730,28731574,-1,121.5186,25.11,1000,3,1,1760161038,1760183762,0
LTE,466,97,22730,28687798,-1,121.5193,25.1091,1000,3,1,1760161058,1760183762,0
LTE,466,97,22730,28732598,-1,121.5203,25.1077,1000,6,1,1760161098,1760183762,0
LTE,466,97,22730,28465334,-1,121.5218,25.1053,1000,6,1,1760161118,1760183762,0
LTE,466,97,22730,28432269,-1,121.5227,25.1017,1000,4,1,1760161158,1760183762,0
LTE,466,97,22730,28432271,-1,121.5236,25.0997,1000,6,1,1760161208,1760183762,0
LTE,466,97,22730,28472717,-1,121.5248,25.0972,1000,5,1,1760161228,1760183762,0
LTE,466,97,22730,28430989,-1,121.5256,25.0951,1000,4,1,1760161248,1760183762,0
LTE,466,97,22730,28429711,-1,121.5262,25.0933,1000,2,1,1760161268,1760183762,0
LTE,466,97,22730,28440973,-1,121.5264,25.0924,1000,3,1,1760161288,1760183762,0
LTE,466,97,22730,28440974,-1,121.527,25.0908,1000,5,1,1760161338,1760183762,0
LTE,466,97,22210,28425398,-1,121.5258,25.0866,1000,6,1,1760161378,1760183762,0
LTE,466,97,22210,28467125,-1,121.5252,25.0855,1000,4,1,1760161398,1762698062,0
LTE,466,97,22210,28482486,-1,121.5245,25.0829,1000,6,1,1760161418,1762698062,0
LTE,466,97,22210,28425654,-1,121.523,25.0787,1000,11,1,1760161498,1760183763,0
LTE,466,97,22210,26390157,-1,121.5203,25.0728,1000,6,1,1760161548,1760183763,0
LTE,466,97,22210,26639346,-1,121.52,25.0715,1000,2,1,1760161568,1760183763,0
LTE,466,97,22210,26710259,-1,121.5199,25.071,1000,1,1,1760161598,1760161598,0
LTE,466,97,22210,26710197,-1,121.5199,25.0703,1000,4,1,1760161618,1760183763,0
LTE,466,97,22210,26710199,-1,121.5196,25.0681,1000,7,1,1760161638,1760183763,0
LTE,466,97,22210,26642871,-1,121.5193,25.0663,1000,1,1,1760161658,1760161658,0
LTE,466,97,11290,26384310,-1,121.5193,25.066,1000,1,1,1760161668,1760161668,0
LTE,466,97,11290,26384309,-1,121.5197,25.069,1000,2,1,1760161678,1780822516,0
LTE,466,97,11290,26384311,-1,121.5197,25.069,1000,2,1,1760161748,1780822516,0
LTE,466,97,11290,26384054,-1,121.5197,25.069,1000,2,1,1760161778,1780822516,0
LTE,466,97,11290,26384055,-1,121.5197,25.069,1000,2,1,1760161838,1780822516,0
LTE,466,97,11290,26383799,-1,121.5197,25.069,1000,2,1,1760161948,1780822516,0
LTE,466,97,11290,26383798,-1,121.5197,25.069,1000,2,1,1760161858,1780822516,0
LTE,466,97,11290,25626038,-1,121.5197,25.069,1000,2,1,1760161988,1780822516,0
LTE,466,97,11290,25626037,-1,121.5193,25.066,1000,1,1,1760161968,1760161968,0
LTE,466,97,11290,25623735,-1,121.5197,25.069,1000,2,1,1760162068,1780822516,0
LTE,466,97,11290,25623733,-1,121.5193,25.066,1000,1,1,1760162138,1760162138,0
LTE,466,97,11290,25623734,-1,121.5193,25.066,1000,1,1,1760162358,1760162358,0
LTE,466,97,11290,25647543,-1,121.5193,25.066,1000,1,1,1760162378,1760162378,0
LTE,466,97,11290,25647544,-1,121.5193,25.066,1000,1,1,1760162448,1760162448,0
LTE,466,97,11290,25647799,-1,121.5193,25.066,1000,1,1,1760162528,1760162528,0
LTE,466,97,11290,25647749,-1,121.5193,25.066,1000,1,1,1760162548,1760162548,0
LTE,466,97,11290,27682436,-1,121.5193,25.066,1000,1,1,1760162558,1760162558,0
LTE,466,97,11290,27666409,-1,121.5193,25.066,1000,1,1,1760162688,1760162688,0
LTE,466,97,11290,27666359,-1,121.5193,25.066,1000,1,1,1760162718,1760162718,0
LTE,466,97,11290,56354997,-1,121.5193,25.066,1000,1,1,1760162808,1760162808,0
LTE,466,97,11290,56354999,-1,121.5193,25.066,1000,1,1,1760162828,1760162828,0
LTE,466,97,11290,56354998,-1,121.5193,25.066,1000,1,1,1760162768,1760162768,0
LTE,466,97,11290,56375989,-1,121.5193,25.066,1000,1,1,1760162898,1760162898,0
LTE,466,97,11290,56376502,-1,121.5193,25.066,1000,1,1,1760162918,1760162918,0
LTE,466,97,11290,56376501,-1,121.5193,25.066,1000,1,1,1760162938,1760162938,0
LTE,466,97,11290,56376759,-1,121.5193,25.066,1000,1,1,1760162998,1760162998,0
LTE,466,97,11290,56376760,-1,121.5193,25.066,1000,1,1,1760163028,1760163028,0
LTE,466,97,11290,56377016,-1,121.5193,25.066,1000,1,1,1760163218,1760163218,0
LTE,466,97,11290,56377017,-1,121.5193,25.066,1000,1,1,1760163048,1760163048,0
LTE,466,97,11290,56355255,-1,121.5193,25.066,1000,1,1,1760163188,1760163188,0
LTE,466,97,11290,56370872,-1,121.4825,25.0314,5342,3,1,1760163368,1771144382,0
LTE,466,97,11290,56410555,-1,121.4825,25.0314,5342,3,1,1760163428,1771144382,0
LTE,466,97,11290,56386189,-1,121.5193,25.066,1000,1,1,1760163798,1760163798,0
LTE,466,97,44210,186881461,-1,120.2957,23.3061,635,25,1,1760292584,1760501342,0
LTE,466,97,44210,186886327,-1,120.2903,23.3076,1000,19,1,1760292731,1760501342,0
LTE,466,97,44210,186882794,-1,120.2901,23.3029,1000,12,1,1760292791,1760501406,0
LTE,466,97,44210,186880694,-1,120.2847,23.2971,1000,19,1,1760292831,1760501405,0
LTE,466,97,44210,186885814,-1,120.2826,23.2946,731,26,1,1760292851,1760501406,0
LTE,466,97,44210,186887093,-1,120.2795,23.2893,1000,17,1,1760292871,1760501401,0
LTE,466,97,44210,186887095,-1,120.2757,23.2782,1000,16,1,1760292891,1760501405,0
LTE,466,97,44210,186883315,-1,120.2681,23.2606,1461,27,1,1760292961,1760501405,0
LTE,466,97,44210,184576437,-1,120.236,23.1878,1000,5,1,1760293271,1760320867,0
LTE,466,97,44210,184577717,-1,120.2356,23.1844,1000,8,1,1760293291,1760320867,0
LTE,466,97,44210,184576439,-1,120.2365,23.1825,509,25,1,1760293311,1760320867,0
LTE,466,97,44210,184576438,-1,120.241,23.184,1000,5,1,1760293401,1760320867,0
LTE,466,97,44210,184576490,-1,120.242,23.1777,1000,12,1,1760293441,1760320867,0
LTE,466,97,44210,184577719,-1,120.2467,23.1705,1168,23,1,1760293481,1760320869,0
LTE,466,97,44210,184577759,-1,120.2463,23.1657,1000,7,1,1760293651,1760320868,0
LTE,466,97,44210,184577206,-1,120.2452,23.1579,1000,9,1,1760293711,1760320868,0
LTE,466,97,44210,184577207,-1,120.2436,23.1558,1000,14,1,1760293741,1760320868,0
LTE,466,97,44210,185090159,-1,120.2285,23.1446,1000,14,1,1760293911,1760320868,0
LTE,466,97,44210,185090279,-1,120.2272,23.1438,1000,7,1,1760293911,1760320868,0
LTE,466,97,44210,185090160,-1,120.2275,23.144,1000,11,1,1760293931,1760320868,0
LTE,466,97,44210,185090280,-1,120.2255,23.1428,1000,3,1,1760293931,1760320868,0
LTE,466,97,44210,185090161,-1,120.2264,23.1433,1000,9,1,1760293951,1760320868,0
LTE,466,97,44210,184577679,-1,120.2553,23.1698,1154,17,1,1760294341,1760501402,0
LTE,466,97,44210,184577768,-1,120.2531,23.1768,1000,14,1,1760294451,1760501403,0
LTE,466,97,44210,184577718,-1,120.2593,23.1727,1367,50,1,1760294461,1760501403,0
LTE,466,97,44320,190722485,-1,120.2623,23.1702,1000,7,1,1760294571,1760320869,0
LTE,466,97,44320,190724388,-1,120.2698,23.1648,1000,2,1,1760294631,1760320869,0
LTE,466,97,44210,189704817,-1,120.2785,23.1593,1328,44,1,1760294631,1760501402,0
LTE,466,97,44210,189704837,-1,120.2746,23.1618,1000,8,1,1760294671,1760320869,0
LTE,466,97,44210,189703655,-1,120.2746,23.1618,1000,4,1,1760294681,1760320869,0
LTE,466,97,44210,189703535,-1,120.2756,23.1612,847,29,1,1760294701,1760501402,0
LTE,466,97,44210,189704819,-1,120.2867,23.1523,730,32,1,1760294771,1760501402,0
LTE,466,97,44210,189698179,-1,120.2881,23.144,1000,13,1,1760294861,1760320869,0
LTE,466,97,44210,189698229,-1,120.288,23.1468,1000,23,1,1760294881,1760501402,0
LTE,466,97,44210,189698231,-1,120.2883,23.1407,500,27,1,1760294901,1760501402,0
LTE,466,97,44210,189698181,-1,120.2882,23.1399,1000,5,1,1760294901,1760320870,0
LTE,466,97,44210,189704305,-1,120.2905,23.1344,1000,7,1,1760294971,1760501402,0
LTE,466,97,44210,189703861,-1,120.2898,23.1338,1000,6,1,1760295021,1760320869,0
LTE,466,97,44210,189703791,-1,120.2895,23.1341,1000,4,1,1760295021,1760320869,0
LTE,466,97,44210,189697717,-1,120.2925,23.1322,1000,5,1,1760295111,1760320870,0
LTE,466,97,44210,189697677,-1,120.2932,23.1322,1000,5,1,1760295441,1760320870,0
LTE,466,97,44210,189704375,-1,120.2938,23.1317,1000,2,1,1760297471,1760320870,0
LTE,466,97,44210,189697718,-1,120.294,23.1287,1000,3,1,1760297591,1760320870,0
LTE,466,97,44210,189697678,-1,120.294,23.1285,1000,6,1,1760297661,1760320870,0
LTE,466,97,44210,189697771,-1,120.2907,23.1323,1000,2,1,1760297811,1760320870,0
LTE,466,97,44210,189703792,-1,120.2904,23.1324,1000,4,1,1760297811,1760320870,0
LTE,466,97,44210,189703862,-1,120.2891,23.1326,1000,3,1,1760297841,1760320870,0
LTE,466,97,44210,189703863,-1,120.2878,23.1328,1000,5,1,1760297851,1760320870,0
LTE,466,97,44210,189705910,-1,120.2864,23.1331,1000,6,1,1760297911,1760320870,0
LTE,466,97,44210,189705911,-1,120.285,23.1336,1000,3,1,1760297981,1760320870,0
LTE,466,97,44210,189705909,-1,120.2858,23.1359,1000,8,1,1760298001,1760320870,0
LTE,466,97,44320,190724368,-1,120.2682,23.166,1000,7,1,1760298451,1760320870,0
LTE,466,97,44210,184577463,-1,120.2516,23.1823,1000,6,1,1760298691,1760501403,0
LTE,466,97,44210,184577462,-1,120.2517,23.183,1000,18,1,1760298721,1760501403,0
LTE,466,97,44210,184577461,-1,120.2524,23.1852,1000,3,1,1760298881,1760501403,0
LTE,466,97,44210,184577878,-1,120.2531,23.1871,1000,16,1,1760298881,1760501403,0
LTE,466,97,44210,184579254,-1,120.2548,23.1904,1000,12,1,1760298941,1760501403,0
LTE,466,97,44210,184580976,-1,120.2682,23.2006,1000,10,1,1760299131,1760501403,0
LTE,466,97,44210,188161157,-1,120.2716,23.2082,1000,13,1,1760299231,1760501403,0
LTE,466,97,44210,188161002,-1,120.2722,23.2332,1000,20,1,1760299431,1760501404,0
LTE,466,97,44210,188161012,-1,120.2717,23.2315,1000,8,1,1760299451,1760501404,0
LTE,466,97,44210,188160754,-1,120.276,23.2455,1000,3,1,1760299631,1760320872,0
LTE,466,97,44210,188160753,-1,120.2769,23.2485,1000,11,1,1760299641,1760320872,0
LTE,466,97,44210,186883314,-1,120.2753,23.2695,2094,21,1,1760299681,1760501405,0
LTE,466,97,44210,186884535,-1,120.2729,23.2585,1000,4,1,1760299791,1760320872,0
LTE,466,97,44210,186883313,-1,120.2758,23.2876,1000,14,1,1760300031,1760501405,0
LTE,466,97,44210,188674546,-1,120.276,23.29,1000,1,1,1760300071,1760300071,0
LTE,466,97,44210,186885815,-1,120.2788,23.2936,1000,16,1,1760300111,1760501405,0
LTE,466,97,44210,186885813,-1,120.2806,23.2952,1000,6,1,1760300221,1760501405,0
LTE,466,97,44210,186882742,-1,120.2874,23.3012,1000,10,1,1760300261,1760501342,0
LTE,466,97,44210,186881463,-1,120.2974,23.303,1000,10,1,1760300421,1760501406,0
LTE,466,97,44210,186881462,-1,120.3012,23.3038,1000,6,1,1760300491,1760501406,0
LTE,466,97,44210,186884021,-1,120.3015,23.3038,1000,4,1,1760300521,1760501406,0
LTE,466,97,44210,186883875,-1,120.3032,23.304,1000,5,1,1760300581,1760320873,0
LTE,466,97,44210,186881719,-1,120.3067,23.3037,1000,15,1,1760300651,1760681828,0
LTE,466,97,44210,186889428,-1,120.3066,23.3031,1000,6,1,1760300651,1760501406,0
LTE,466,97,44210,186886511,-1,120.3124,23.3033,1000,8,1,1760300751,1760934689,0
LTE,466,97,44210,186881718,-1,120.3119,23.3043,500,28,1,1760300921,1760681828,0
LTE,466,89,11440,60944359,-1,121.4249,24.9923,1000,1,1,1760331119,1760331119,0
LTE,466,89,11310,60948238,-1,121.3911,24.9717,1000,1,1,1760331859,1760331859,0
LTE,466,89,11310,61188112,-1,121.3911,24.9717,1000,1,1,1760331869,1760331869,0
LTE,466,89,11310,60690663,-1,121.3911,24.9717,1000,1,1,1760331909,1760331909,0
LTE,466,89,11310,61188327,-1,121.3911,24.9717,1000,1,1,1760331919,1760331919,0
LTE,466,89,11310,61188328,-1,121.3911,24.9717,1000,1,1,1760331929,1760331929,0
LTE,466,89,11310,61188642,-1,121.3911,24.9717,1000,1,1,1760331949,1760331949,0
LTE,466,89,11310,61192324,-1,121.3911,24.9717,1000,1,1,1760331970,1760331970,0
LTE,466,89,11310,61187303,-1,121.3911,24.9717,1000,1,1,1760331979,1760331979,0
LTE,466,89,11310,61186279,-1,121.3911,24.9717,1000,1,1,1760331989,1760331989,0
LTE,466,89,11310,61187304,-1,121.3614,24.9574,3389,5,1,1760331999,1760355362,0
LTE,466,89,11310,61197031,-1,121.373,24.9632,2050,2,1,1760332009,1760355362,0
LTE,466,89,11310,61186229,-1,121.3552,24.9547,1000,1,1,1760332119,1760332119,0
LTE,466,89,11310,61186280,-1,121.3532,24.9533,1000,6,1,1760332129,1760355362,0
LTE,466,89,11310,61186027,-1,121.3507,24.9517,1000,4,1,1760332159,1760355362,0
LTE,466,89,11310,61186691,-1,121.3487,24.9508,1000,5,1,1760332169,1760355362,0
LTE,466,89,11310,61185255,-1,121.3456,24.9502,1000,8,1,1760332179,1760355362,0
LTE,466,89,11310,61185259,-1,121.3427,24.9491,1000,4,1,1760332199,1760355362,0
LTE,466,89,11310,61196007,-1,121.3408,24.9484,1000,4,1,1760332209,1760355362,0
LTE,466,89,11310,61196009,-1,121.3373,24.95,1000,11,1,1760332219,1760355362,0
LTE,466,89,11310,61186487,-1,121.3381,24.9578,1000,4,1,1760332279,1760355362,0
LTE,466,89,11310,61186546,-1,121.3386,24.9592,1000,4,1,1760332290,1760355362,0
LTE,466,89,11310,61186349,-1,121.3379,24.9631,1000,4,1,1760332319,1760355362,0
LTE,466,89,22570,85284239,-1,121.3257,24.9848,1000,7,1,1760332559,1760355362,0
LTE,466,89,22570,85249167,-1,121.3233,24.9878,1000,9,1,1760332579,1760437741,0
LTE,466,89,22520,84531598,-1,121.3232,24.988,1000,4,1,1760332589,1760355362,0
LTE,466,89,22570,85280655,-1,121.3211,24.9898,1000,6,1,1760332599,1760437741,0
LTE,466,89,22520,84516494,-1,121.3209,24.9901,1000,4,1,1760332609,1760355362,0
LTE,466,89,22520,84512755,-1,121.3194,24.9904,1000,4,1,1760332619,1760355362,0
LTE,466,89,22520,84482702,-1,121.3176,24.9902,1000,13,1,1760332629,1760437741,0
LTE,466,89,22520,84495604,-1,121.3153,24.9894,1000,3,1,1760332649,1760355362,0
LTE,466,89,22520,84481780,-1,121.3144,24.989,1000,2,1,1760332679,1760355362,0
LTE,466,89,22520,84495542,-1,121.3148,24.9896,1000,1,1,1760333003,1760333003,0
LTE,466,89,22520,84490422,-1,121.313,24.9903,1000,7,1,1760333072,1760355363,0
LTE,466,89,22520,84513247,-1,121.3115,24.9904,1000,1,1,1760333864,1760333864,0
LTE,466,89,22520,84481759,-1,121.3116,24.9904,1000,1,1,1760333879,1760333879,0
LTE,466,89,22520,84490421,-1,121.3125,24.9926,1000,4,1,1760334034,1760355363,0
LTE,466,89,22520,84524174,-1,121.31,24.9939,1000,4,1,1760334268,1760355363,0
LTE,466,89,22520,84488847,-1,121.307,24.9928,1000,4,1,1760334308,1760355363,0
LTE,466,89,11440,60936079,-1,121.4211,24.9868,1000,5,1,1760416646,1760437741,0
LTE,466,89,11440,60929781,-1,121.3927,24.9729,1000,1,1,1760416921,1760416921,0
LTE,466,89,11310,61190583,-1,121.3376,24.9723,1000,1,1,1760417591,1760417591,0
LTE,466,89,11310,61188022,-1,121.3332,24.9759,1000,7,1,1760417711,1760437741,0
LTE,466,89,22570,85284278,-1,121.3272,24.9829,1000,7,1,1760417773,1760437741,0
LTE,466,89,22570,85284279,-1,121.3251,24.9856,1000,8,1,1760417796,1760437741,0
LTE,466,89,22520,84482703,-1,121.316,24.9896,1000,5,1,1760417901,1760437741,0
LTE,466,97,44210,186883511,-1,120.2876,23.3012,1000,5,1,1760475299,1760501406,0
LTE,466,97,44210,189704435,-1,120.2892,23.1354,1000,3,1,1760477399,1760501402,0
LTE,466,97,44210,189697781,-1,120.2888,23.137,1000,6,1,1760477419,1760501402,0
LTE,466,97,44210,189698191,-1,120.2883,23.141,1000,12,1,1760477439,1760501402,0
LTE,466,97,44210,189704373,-1,120.2875,23.1507,1000,1,1,1760477539,1760477539,0
LTE,466,97,44210,189704816,-1,120.2875,23.1507,1000,1,1,1760477549,1760477549,0
LTE,466,97,44210,189698929,-1,120.2798,23.1585,1000,11,1,1760477619,1760501402,0
LTE,466,97,44210,189706677,-1,120.2669,23.1668,1000,4,1,1760477729,1760501402,0
LTE,466,97,44210,184577678,-1,120.2537,23.1772,1000,3,1,1760477879,1760501402,0
LTE,466,97,44210,184577780,-1,120.2516,23.1811,1000,3,1,1760477919,1760501403,0
LTE,466,97,44210,184577422,-1,120.2517,23.1832,1000,5,1,1760477989,1760501403,0
LTE,466,97,44210,184577524,-1,120.2518,23.1838,1000,5,1,1760477999,1760501403,0
LTE,466,97,44210,184577421,-1,120.2529,23.1861,1000,8,1,1760478109,1760501403,0
LTE,466,97,44210,184579983,-1,120.2559,23.1906,1000,6,1,1760478179,1760501403,0
LTE,466,97,44210,184579314,-1,120.2546,23.1903,1000,8,1,1760478189,1760501403,0
LTE,466,97,44210,184579981,-1,120.2584,23.1923,1000,4,1,1760478229,1760501403,0
LTE,466,97,44210,184579982,-1,120.2604,23.1932,1000,7,1,1760478239,1760501403,0
LTE,466,97,44210,184580977,-1,120.2641,23.1963,1000,10,1,1760478279,1760501403,0
LTE,466,97,44210,184577923,-1,120.2625,23.1945,1000,3,1,1760478289,1760501403,0
LTE,466,97,44210,184577818,-1,120.2704,23.2033,1000,2,1,1760478439,1760501403,0
LTE,466,97,44210,186882804,-1,120.2927,23.3004,1000,9,1,1760480879,1760501406,0
LTE,466,97,44210,186883471,-1,120.2926,23.3004,1000,1,1,1760480899,1760480899,0
LTE,466,97,44210,186883469,-1,120.2962,23.3002,1000,4,1,1760480989,1760501406,0
LTE,466,97,44210,186883509,-1,120.2973,23.3004,1000,7,1,1760480989,1760501406,0
LTE,466,97,44210,186884073,-1,120.2975,23.3002,1000,3,1,1760481029,1760501406,0
LTE,466,97,44210,186884083,-1,120.2994,23.3008,1000,12,1,1760481029,1760501406,0
LTE,466,97,44210,186884023,-1,120.3011,23.3014,1000,8,1,1760481049,1760501406,0
LTE,466,97,44210,186886541,-1,120.3126,23.3032,1000,4,1,1760481319,1760934689,0
LTE,466,97,44210,186884533,-1,120.3123,23.3037,1000,1,1,1760481349,1760481349,0
LTE,466,89,22270,26882190,-1,121.5682,25.0474,1000,2,1,1760500687,1760527262,0
LTE,466,89,22270,26882292,-1,121.5685,25.0479,1000,2,1,1760500692,1760527262,0
LTE,466,89,22270,26881165,-1,121.5702,25.0515,1000,5,1,1760500722,1760527262,0
LTE,466,89,22270,26881155,-1,121.5702,25.053,1000,4,1,1760500735,1760527262,0
LTE,466,89,22270,26885611,-1,121.5701,25.0543,1000,3,1,1760500745,1760527262,0
LTE,466,89,22270,29203853,-1,121.5706,25.0553,1000,3,1,1760500755,1760527262,0
LTE,466,89,11250,29465201,-1,121.5717,25.0563,1000,4,1,1760500765,1760527262,0
LTE,466,89,22270,29203055,-1,121.5727,25.0632,1000,4,1,1760500821,1760527262,0
LTE,466,89,22740,29252464,-1,121.5732,25.0704,1000,7,1,1760500937,1760527262,0
LTE,466,89,22740,29252465,-1,121.5732,25.0718,1000,2,1,1760501067,1760527262,0
LTE,466,89,22740,29252463,-1,121.5731,25.0729,1000,4,1,1760501077,1760527262,0
LTE,466,89,22740,29185758,-1,121.5723,25.0748,1000,6,1,1760501097,1760527262,0
LTE,466,89,22740,29185679,-1,121.5716,25.0763,1000,2,1,1760501137,1760527262,0
LTE,466,89,22740,29230833,-1,121.5721,25.0768,1000,2,1,1760501157,1760527262,0
LTE,466,89,22740,29241998,-1,121.5728,25.0771,1000,3,1,1760501167,1760527262,0
LTE,466,89,22740,29184398,-1,121.5731,25.0772,1000,1,1,1760501237,1760501237,0
LTE,466,89,22740,29184438,-1,121.574,25.077,1000,2,1,1760501317,1760527262,0
LTE,466,89,22740,29184439,-1,121.5738,25.077,1000,1,1,1760501287,1760501287,0
LTE,466,89,22740,29216439,-1,121.5748,25.0763,1000,2,1,1760501467,1760527262,0
LTE,466,89,22740,29252485,-1,121.5713,25.0713,1000,1,1,1760502057,1760502057,0
LTE,466,89,22740,29185648,-1,121.5703,25.0714,1000,2,1,1760502087,1760527262,0
LTE,466,89,22210,26674987,-1,121.5625,25.0715,1000,2,1,1760502259,1760527262,0
LTE,466,89,22210,26896114,-1,121.5598,25.0722,1000,4,1,1760502300,1760527262,0
LTE,466,89,22210,26895983,-1,121.5568,25.0731,1000,9,1,1760502320,1760527262,0
LTE,466,89,22210,26650992,-1,121.553,25.0734,1000,7,1,1760502351,1760527262,0
LTE,466,89,22210,26630768,-1,121.5502,25.0734,1000,6,1,1760502376,1760527262,0
LTE,466,89,22210,26630837,-1,121.5483,25.0734,1000,3,1,1760502409,1760527262,0
LTE,466,89,22290,26884022,-1,121.5467,25.0735,1000,4,1,1760502430,1760527263,0
LTE,466,89,22210,26883470,-1,121.5452,25.0735,1000,4,1,1760502450,1760527262,0
LTE,466,89,22210,26883471,-1,121.543,25.0735,1000,5,1,1760502470,1760527262,0
LTE,466,89,22210,26633202,-1,121.5402,25.0736,1000,8,1,1760502491,1760527263,0
LTE,466,89,22210,26633201,-1,121.5378,25.0734,1000,3,1,1760502523,1760527263,0
LTE,466,89,22210,26633203,-1,121.5365,25.0733,1000,3,1,1760502533,1760527263,0
LTE,466,89,22210,28425654,-1,121.5245,25.0759,1000,5,1,1760502653,1760527263,0
LTE,466,89,22210,28431286,-1,121.5185,25.0776,1000,4,1,1760502740,1760527263,0
LTE,466,89,22210,28425910,-1,121.5169,25.0779,1000,4,1,1760502758,1760527263,0
LTE,466,89,22210,26393585,-1,121.5102,25.0785,1000,9,1,1760502781,1760527263,0
LTE,466,89,22210,26377357,-1,121.5139,25.0783,1000,5,1,1760502794,1760527263,0
LTE,466,89,22210,26377359,-1,121.5117,25.0785,1000,4,1,1760502814,1760527263,0
LTE,466,89,22210,26393587,-1,121.5062,25.0784,1000,3,1,1760502854,1760527263,0
LTE,466,89,11270,61779341,-1,121.5033,25.0781,1000,2,1,1760502884,1760527263,0
LTE,466,89,22700,61779087,-1,121.4985,25.0772,1000,2,1,1760502934,1760527263,0
LTE,466,89,22700,61736435,-1,121.4956,25.0766,1000,4,1,1760502964,1760527263,0
LTE,466,89,22700,61712782,-1,121.4932,25.0759,1000,3,1,1760502994,1760527263,0
LTE,466,89,22700,61699726,-1,121.4923,25.0757,1000,3,1,1760503004,1760527263,0
LTE,466,89,22700,61703155,-1,121.4912,25.0754,1000,3,1,1760503014,1760527263,0
LTE,466,89,11470,61711030,-1,121.4858,25.0741,1000,3,1,1760503064,1760527263,0
LTE,466,89,22700,61703861,-1,121.477,25.0742,1000,9,1,1760503134,1760527263,0
LTE,466,89,22750,63261425,-1,121.4625,25.0759,1000,4,1,1760503254,1760527263,0
LTE,466,89,22750,63492088,-1,121.4487,25.072,1000,8,1,1760503324,1760527264,0
LTE,466,89,22750,63506829,-1,121.4443,25.0707,1000,11,1,1760503344,1760527264,0
LTE,466,89,22750,63509746,-1,121.4403,25.0695,1000,8,1,1760503364,1760527264,0
LTE,466,89,22750,62226574,-1,121.4252,25.0678,1000,3,1,1760503504,1760527264,0
LTE,466,89,22230,62214888,-1,121.4004,25.0563,1000,8,1,1760503720,1760527264,0
LTE,466,89,22230,62214837,-1,121.3979,25.0581,1000,6,1,1760503742,1760527264,0
LTE,466,89,22570,85270996,-1,121.3704,25.0655,1000,8,1,1760504075,1760527265,0
LTE,466,89,22230,62474608,-1,121.3671,25.0652,1000,5,1,1760504098,1760527265,0
LTE,466,89,22570,85253557,-1,121.3605,25.065,1000,10,1,1760504124,1760527265,0
LTE,466,89,22230,85259958,-1,121.3556,25.0652,1000,11,1,1760504143,1760527265,0
LTE,466,89,22600,85256206,-1,121.3261,25.0533,1000,16,1,1760504291,1760527265,0
LTE,466,89,22600,85256047,-1,121.3003,25.0398,1000,5,1,1760504465,1760527265,0
LTE,466,89,22600,85256049,-1,121.2987,25.0393,1000,3,1,1760504485,1760527265,0
LTE,466,89,22600,86533489,-1,121.2978,25.0394,1000,2,1,1760504504,1760527265,0
LTE,466,89,22600,86528367,-1,121.3001,25.0349,1000,2,1,1760504672,1760527265,0
LTE,466,89,22600,84483283,-1,121.3006,25.0344,1000,3,1,1760504735,1760527265,0
LTE,466,89,22600,84483203,-1,121.3008,25.034,1000,1,1,1760504814,1760504814,0
LTE,466,89,22520,84493859,-1,121.3007,25.0293,1000,5,1,1760504958,1760527265,0
LTE,466,89,22600,84482436,-1,121.3006,25.0304,1000,1,1,1760504971,1760504971,0
LTE,466,89,22600,84482486,-1,121.3006,25.0299,1000,3,1,1760504991,1760527265,0
LTE,466,89,22520,84498101,-1,121.3018,25.0196,1000,10,1,1760505569,1760527266,0
LTE,466,89,22520,84498103,-1,121.2991,25.0186,1000,3,1,1760505676,1760527266,0
LTE,466,89,22520,84492776,-1,121.3002,25.0129,1000,1,1,1760505955,1760505955,0
LTE,466,89,22520,84496310,-1,121.2978,25.0112,1000,4,1,1760506065,1760527266,0
LTE,466,89,22520,84518071,-1,121.2948,25.0091,1000,3,1,1760506222,1760527321,0
LTE,466,89,22520,84536759,-1,121.289,25.0044,1000,2,1,1760506537,1760527321,0
LTE,466,89,22520,84532189,-1,121.279,24.9959,1000,2,1,1760506748,1760527321,0
LTE,466,89,22520,84494447,-1,121.2796,24.9914,1000,4,1,1760506937,1760527321,0
LTE,466,97,44210,186887279,-1,120.3125,23.3078,1000,8,1,1760557139,1760681828,0
LTE,466,97,44210,186881770,-1,120.3106,23.3061,1000,6,1,1760557149,1760629505,0
LTE,466,97,44210,186889427,-1,120.3092,23.3122,1000,10,1,1760557209,1760934680,0
LTE,466,97,44210,186881975,-1,120.3095,23.3135,638,27,1,1760557229,1760934689,0
LTE,466,97,44210,186886285,-1,120.3086,23.3151,1000,4,1,1760557309,1760592781,0
LTE,466,97,44210,186881973,-1,120.3103,23.3152,1000,15,1,1760557329,1760934689,0
LTE,466,97,44210,187136499,-1,120.3097,23.3265,1000,22,1,1760557449,1761379444,0
LTE,466,97,44210,187136498,-1,120.3121,23.3336,1000,9,1,1760557599,1760934681,0
LTE,466,97,44210,187136437,-1,120.3125,23.3386,1000,7,1,1760557649,1761379444,0
LTE,466,97,44210,187136497,-1,120.3136,23.3401,1000,19,1,1760557719,1760934681,0
LTE,466,97,44210,187141744,-1,120.3295,23.3521,1130,23,1,1760557969,1761379444,0
LTE,466,97,44210,187141743,-1,120.3364,23.3566,1000,7,1,1760557989,1760934682,0
LTE,466,97,44210,187136900,-1,120.3407,23.36,1000,8,1,1760558009,1760592782,0
LTE,466,97,44210,187136899,-1,120.3467,23.367,1000,18,1,1760558059,1760629504,0
LTE,466,97,44350,155657329,-1,120.3836,23.4195,1665,50,1,1760558389,1760934687,0
LTE,466,97,44240,155136695,-1,120.4365,23.4366,1102,17,1,1760558679,1760934684,0
LTE,466,97,44240,155663984,-1,120.4432,23.4429,1000,5,1,1760558829,1760592842,0
LTE,466,97,44240,153607538,-1,120.45,23.4536,1000,5,1,1760558949,1760592843,0
LTE,466,97,44240,153632624,-1,120.45,23.4536,1000,5,1,1760558949,1760592843,0
LTE,466,97,44240,153624943,-1,120.4512,23.4556,1000,16,1,1760558969,1760934684,0
LTE,466,97,44240,153605557,-1,120.456,23.4629,1000,8,1,1760559059,1760934685,0
LTE,466,97,44240,153603511,-1,120.4565,23.4625,1000,5,1,1760559079,1760934684,0
LTE,466,97,44240,153603560,-1,120.4592,23.4632,1000,4,1,1760559099,1760592843,0
LTE,466,97,44240,153603439,-1,120.4581,23.4628,1000,5,1,1760559099,1760592843,0
LTE,466,97,44240,153603440,-1,120.4604,23.4637,1000,20,1,1760559119,1760592843,0
LTE,466,97,44240,153627760,-1,120.4633,23.4653,1000,4,1,1760559189,1760592843,0
LTE,466,97,44240,153627759,-1,120.4626,23.4664,1000,3,1,1760559229,1760592843,0
LTE,466,97,44240,153643375,-1,120.4624,23.4671,1000,4,1,1760559249,1760592843,0
LTE,466,97,44240,153640917,-1,120.4621,23.4668,1000,1,1,1760559249,1760559249,0
LTE,466,97,44240,153643445,-1,120.4626,23.4672,1000,3,1,1760559269,1760592843,0
LTE,466,97,44240,153607916,-1,120.4657,23.4686,1000,3,1,1760559359,1760592843,0
LTE,466,97,44240,153607866,-1,120.4662,23.468,1000,4,1,1760559379,1760592843,0
LTE,466,97,44240,153607794,-1,120.4657,23.4686,1000,3,1,1760559379,1760592843,0
LTE,466,97,44240,153627732,-1,120.4663,23.468,1000,13,1,1760559489,1760592843,0
LTE,466,97,44240,153604022,-1,120.466,23.4686,1000,6,1,1760559549,1760592843,0
LTE,466,97,44240,153604074,-1,120.4659,23.4685,1000,1,1,1760559979,1760559979,0
LTE,466,97,44240,153607926,-1,120.4661,23.4686,1000,4,1,1760560329,1760592843,0
LTE,466,97,44240,153604084,-1,120.4662,23.4686,1000,4,1,1760560579,1760592843,0
LTE,466,97,44240,153627672,-1,120.4659,23.4685,1000,1,1,1760561409,1760561409,0
LTE,466,97,44240,153627733,-1,120.4662,23.4657,1000,3,1,1760561469,1760592843,0
LTE,466,97,44240,153603470,-1,120.4616,23.4641,1000,5,1,1760561579,1760592843,0
LTE,466,97,44240,153603510,-1,120.4587,23.4631,1000,9,1,1760561599,1760592843,0
LTE,466,97,44240,153603509,-1,120.4554,23.4642,1000,8,1,1760561639,1760934685,0
LTE,466,97,44240,153615728,-1,120.4548,23.4655,1000,3,1,1760561679,1760592843,0
LTE,466,97,44240,153615747,-1,120.4543,23.466,1000,2,1,1760561709,1760592843,0
LTE,466,97,44240,153615729,-1,120.4516,23.4646,1000,12,1,1760561719,1760592843,0
LTE,466,97,44240,153615749,-1,120.4522,23.4649,1000,9,1,1760561719,1760592843,0
LTE,466,97,44240,153634132,-1,120.4483,23.4625,1000,6,1,1760561759,1760592843,0
LTE,466,97,44240,153645424,-1,120.4458,23.4621,1000,6,1,1760561819,1760592844,0
LTE,466,97,44240,153627061,-1,120.4432,23.4619,1000,5,1,1760561839,1760592844,0
LTE,466,97,44240,153637233,-1,120.4404,23.4653,1000,2,1,1760561949,1760592844,0
LTE,466,97,44240,153604750,-1,120.4403,23.4656,1000,1,1,1760561959,1760561959,0
LTE,466,97,44240,153636228,-1,120.4396,23.4659,1000,3,1,1760561969,1760592844,0
LTE,466,97,44240,153636208,-1,120.4396,23.4658,1000,4,1,1760561969,1760592844,0
LTE,466,97,44240,153604790,-1,120.4394,23.4662,1000,3,1,1760561989,1760592844,0
LTE,466,97,44240,153604789,-1,120.4386,23.4676,1000,10,1,1760562059,1760934685,0
LTE,466,97,44240,153604749,-1,120.4385,23.4677,1000,9,1,1760562109,1760934685,0
LTE,466,97,44240,153604791,-1,120.4352,23.4681,1000,11,1,1760569910,1760934685,0
LTE,466,97,44240,153624433,-1,120.432,23.4695,1000,21,1,1760569950,1760934685,0
LTE,466,97,44240,153631209,-1,120.4308,23.4702,1000,13,1,1760569970,1760934686,0
LTE,466,97,44240,153629111,-1,120.4278,23.4779,1748,12,1,1760570100,1760592844,0
LTE,466,97,44240,153610608,-1,120.4238,23.4805,1000,4,1,1760570300,1760592844,0
LTE,466,97,44240,153610629,-1,120.4145,23.4838,1000,1,1,1760570490,1760570490,0
LTE,466,97,44350,153638357,-1,120.3891,23.4882,1000,9,1,1760570630,1760592845,0
LTE,466,97,44350,156676328,-1,120.3543,23.4824,1288,21,1,1760570810,1760592845,0
LTE,466,97,44350,156678256,-1,120.3701,23.4831,1000,6,1,1760570830,1760592845,0
LTE,466,97,44350,156676278,-1,120.3659,23.483,1000,9,1,1760570850,1760592845,0
LTE,466,97,44350,156676279,-1,120.3401,23.4779,1000,11,1,1760570990,1760592845,0
LTE,466,97,44350,156672949,-1,120.3231,23.4591,1000,15,1,1760571240,1761379447,0
LTE,466,97,44350,156672989,-1,120.3225,23.4578,1000,4,1,1760607882,1760629502,0
LTE,466,97,44350,156672951,-1,120.3228,23.4469,1996,17,1,1760607912,1761379447,0
LTE,466,97,44350,156672981,-1,120.3227,23.448,2055,18,1,1760607912,1761379447,0
LTE,466,97,44350,156677232,-1,120.324,23.433,1000,15,1,1760608102,1761379446,0
LTE,466,97,44350,155651255,-1,120.3289,23.4285,1000,6,1,1760608262,1760629502,0
LTE,466,97,44210,187141864,-1,120.324,23.3487,1000,22,1,1760608672,1761379444,0
LTE,466,97,44210,187136439,-1,120.3121,23.3342,1000,5,1,1760608862,1760629504,0
LTE,466,97,44210,186880949,-1,120.309,23.3302,1000,7,1,1760608972,1760934688,0
LTE,466,97,44210,186882027,-1,120.3099,23.3176,1022,20,1,1760609012,1760934689,0
LTE,466,97,44210,186881717,-1,120.3112,23.3065,1000,20,1,1760609352,1760681828,0
LTE,466,97,44210,186887280,-1,120.3143,23.3075,1000,8,1,1760646383,1760681828,0
LTE,466,97,44210,186881974,-1,120.3129,23.3096,1000,11,1,1760646407,1760934689,0
LTE,466,97,44210,186887399,-1,120.3136,23.3091,1000,7,1,1760646427,1760681821,0
LTE,466,97,44210,186883767,-1,120.3151,23.3086,1000,6,1,1760646617,1760681828,0
LTE,466,97,44210,186882024,-1,120.3127,23.3086,1000,4,1,1760646787,1760934689,0
LTE,466,97,44210,186882034,-1,120.3139,23.3112,1000,1,1,1760648557,1760648557,0
LTE,466,97,44210,186882485,-1,120.3231,23.3084,1000,16,1,1760650957,1760681828,0
LTE,466,97,44210,186882487,-1,120.323,23.3063,1000,4,1,1760651047,1760681828,0
LTE,466,97,44210,186882486,-1,120.3239,23.3077,1000,11,1,1760651057,1760681828,0
LTE,466,97,44210,187047463,-1,120.3231,23.3066,1000,5,1,1760651247,1760681828,0
LTE,466,97,44210,186888886,-1,120.3282,23.3145,1000,8,1,1760652228,1760681822,0
LTE,466,97,44210,186885559,-1,120.331,23.319,1000,11,1,1760652248,1760681822,0
LTE,466,97,44210,186887537,-1,120.3364,23.3276,1000,17,1,1760652288,1760681827,0
LTE,466,97,44210,187142001,-1,120.3412,23.3353,1173,35,1,1760652328,1760681827,0
LTE,466,97,44210,187141999,-1,120.3511,23.3513,1767,49,1,1760652358,1760681827,0
LTE,466,97,44210,187138999,-1,120.3587,23.3635,1000,18,1,1760652438,1760681827,0
LTE,466,97,44210,187138998,-1,120.3614,23.3678,1000,16,1,1760652458,1760681827,0
LTE,466,97,44350,155651253,-1,120.3863,23.4071,1000,20,1,1760652598,1760681826,0
LTE,466,97,44350,155654512,-1,120.3867,23.4112,1000,16,1,1760652638,1760681826,0
LTE,466,97,44350,155653232,-1,120.3879,23.4159,1000,16,1,1760652648,1760681826,0
LTE,466,97,44350,155657327,-1,120.3928,23.4247,636,32,1,1760652698,1760934686,0
LTE,466,97,44350,155652464,-1,120.4009,23.4352,1000,11,1,1760652738,1760681824,0
LTE,466,97,44350,155649108,-1,120.4029,23.4374,1174,24,1,1760652758,1760681826,0
LTE,466,97,44350,155650339,-1,120.4187,23.4562,1000,16,1,1760652838,1760934686,0
LTE,466,97,44240,153644215,-1,120.4189,23.4551,1000,15,1,1760652858,1760681826,0
LTE,466,97,44240,153626736,-1,120.4285,23.4658,1000,6,1,1760652888,1760681824,0
LTE,466,97,44240,153624431,-1,120.434,23.4717,1000,10,1,1760652978,1760681825,0
LTE,466,97,44240,153605813,-1,120.4388,23.4751,1000,7,1,1760653008,1760934685,0
LTE,466,97,44240,153600951,-1,120.4393,23.4769,1000,6,1,1760653028,1760934685,0
LTE,466,97,44240,153600438,-1,120.4416,23.4791,1000,13,1,1760653048,1760681825,0
LTE,466,97,44240,153600949,-1,120.4411,23.4788,1000,6,1,1760653048,1760681825,0
LTE,466,97,44240,153609743,-1,120.441,23.4787,1000,12,1,1760653068,1760934685,0
LTE,466,97,44240,153600468,-1,120.4407,23.4786,1000,8,1,1760653288,1760681825,0
LTE,466,97,44240,153600498,-1,120.4417,23.4786,1000,3,1,1760653348,1760681825,0
LTE,466,97,44240,153600500,-1,120.4419,23.4796,1000,7,1,1760653368,1760681825,0
LTE,466,97,44240,153638511,-1,120.4476,23.4798,1000,2,1,1760653458,1760681825,0
LTE,466,97,44240,153601463,-1,120.4482,23.4791,1000,10,1,1760653468,1760681825,0
LTE,466,97,44240,153601461,-1,120.4494,23.4799,1000,15,1,1760653518,1760934685,0
LTE,466,97,44240,153601462,-1,120.4515,23.4788,1000,5,1,1760653568,1760681825,0
LTE,466,97,44240,153640886,-1,120.4535,23.477,1000,13,1,1760653648,1760934685,0
LTE,466,97,44240,153601502,-1,120.4532,23.4785,1000,1,1,1760653888,1760653888,0
LTE,466,97,44240,153601514,-1,120.4533,23.4786,1000,2,1,1760653948,1760934685,0
LTE,466,97,44240,153601524,-1,120.4533,23.4786,1000,2,1,1760654118,1760934685,0
LTE,466,97,44240,153640946,-1,120.4532,23.4785,1000,1,1,1760654968,1760654968,0
LTE,466,97,44240,153640916,-1,120.4532,23.4785,1000,1,1,1760655078,1760655078,0
LTE,466,97,44240,153627535,-1,120.4533,23.4785,1000,4,1,1760655068,1760934685,0
LTE,466,97,44240,153640885,-1,120.4499,23.4789,1000,1,1,1760657848,1760657848,0
LTE,466,97,44240,153638581,-1,120.4456,23.4789,1000,6,1,1760658148,1760681825,0
LTE,466,97,44240,153625712,-1,120.4437,23.4787,1000,2,1,1760658448,1760681825,0
LTE,466,97,44240,153625711,-1,120.4429,23.4786,1000,3,1,1760658498,1760681825,0
LTE,466,97,44240,153600490,-1,120.4417,23.4801,1000,1,1,1760659488,1760659488,0
LTE,466,97,44240,153609773,-1,120.4401,23.4784,1000,7,1,1760659728,1760681825,0
LTE,466,97,44350,155651696,-1,120.4132,23.4489,1000,11,1,1760659868,1760681826,0
LTE,466,97,44240,155655913,-1,120.4061,23.4409,1000,4,1,1760659908,1760681826,0
LTE,466,97,44350,155650281,-1,120.3986,23.4327,1000,11,1,1760659938,1760681826,0
LTE,466,97,44350,155657447,-1,120.3921,23.4231,1000,11,1,1760659978,1760681826,0
LTE,466,97,44350,155651254,-1,120.3843,23.3985,1000,11,1,1760660078,1760681826,0
LTE,466,97,44350,155651304,-1,120.3811,23.3952,1000,6,1,1760660098,1760681826,0
LTE,466,97,44210,187138279,-1,120.378,23.3916,1000,11,1,1760660108,1760681826,0
LTE,466,97,44210,186885489,-1,120.329,23.3158,1000,9,1,1760660408,1760681827,0
LTE,466,97,44210,186888816,-1,120.3254,23.3102,1000,6,1,1760660457,1760681828,0
LTE,466,97,44210,186881166,-1,120.3249,23.3092,1000,11,1,1760660457,1760681828,0
LTE,466,97,44210,186882545,-1,120.3236,23.3068,1000,2,1,1760660495,1760681828,0
LTE,466,97,44210,186882546,-1,120.3234,23.3066,1000,2,1,1760660505,1760681828,0
LTE,466,97,44210,186883766,-1,120.3173,23.3074,1000,6,1,1760661095,1760681828,0
LTE,466,89,22520,84486837,-1,121.2977,24.9915,1000,2,1,1760684956,1760705341,0
LTE,466,97,44210,186880880,-1,120.3096,23.3161,1000,2,1,1760904429,1760934680,0
LTE,466,97,44210,187136500,-1,120.3116,23.3377,1000,4,1,1760904849,1760934681,0
LTE,466,97,44210,187138013,-1,120.3218,23.3472,1000,9,1,1760904939,1760934681,0
LTE,466,97,44240,155664114,-1,120.4415,23.4425,1000,6,1,1760905799,1760934684,0
LTE,466,97,44240,155136745,-1,120.4469,23.4449,1000,6,1,1760905879,1760934684,0
LTE,466,97,44240,155142867,-1,120.4498,23.4523,1000,4,1,1760905949,1760934684,0
LTE,466,97,44240,153603471,-1,120.4556,23.4583,1000,2,1,1760906049,1760934684,0
LTE,466,97,44240,153605517,-1,120.457,23.4594,1000,9,1,1760906059,1760934684,0
LTE,466,97,44240,153608886,-1,120.454,23.4732,1000,5,1,1760906389,1760934685,0
LTE,466,97,44240,153608885,-1,120.4537,23.4754,1000,5,1,1760906479,1760934685,0
LTE,466,97,44240,153640887,-1,120.4535,23.4769,1000,3,1,1760906499,1760934685,0
LTE,466,97,44240,153606070,-1,120.4529,23.4808,1000,5,1,1760907269,1760934685,0
LTE,466,97,44240,153618359,-1,120.4512,23.4806,1000,7,1,1760907299,1760934685,0
LTE,466,97,44240,153600488,-1,120.4406,23.4776,1000,3,1,1760907659,1760934685,0
LTE,466,97,44240,153600911,-1,120.4394,23.4736,1000,1,1,1760907719,1760907719,0
LTE,466,97,44240,153605814,-1,120.4396,23.4714,1000,9,1,1760907739,1760934685,0
LTE,466,97,44240,153605774,-1,120.4396,23.4714,1000,9,1,1760907739,1760934685,0
LTE,466,97,44240,153614991,-1,120.4399,23.4688,1000,3,1,1760907799,1760934685,0
LTE,466,97,44240,153604751,-1,120.4356,23.4678,1000,6,1,1760907929,1760934685,0
LTE,466,97,44240,153624562,-1,120.4338,23.4689,1000,5,1,1760907949,1760934685,0
LTE,466,97,44240,153624563,-1,120.4321,23.4701,1000,5,1,1760907969,1760934685,0
LTE,466,97,44240,153631219,-1,120.4302,23.4705,1000,13,1,1760907989,1760934686,0
LTE,466,97,44240,153631218,-1,120.4314,23.4721,1000,4,1,1760908029,1760934685,0
LTE,466,97,44240,153631088,-1,120.4317,23.472,1000,16,1,1760908049,1760934686,0
LTE,466,97,44240,153605666,-1,120.4317,23.4713,1000,2,1,1760908089,1760934685,0
LTE,466,97,44240,153631208,-1,120.4321,23.471,1000,1,1,1760909460,1760909460,0
LTE,466,97,44240,153605676,-1,120.4321,23.471,1000,1,1,1760909860,1760909860,0
LTE,466,97,44240,153631089,-1,120.4313,23.4712,1000,2,1,1760910360,1760934685,0
LTE,466,97,44240,153624561,-1,120.432,23.473,1000,3,1,1760910810,1760934685,0
LTE,466,97,44240,153626857,-1,120.4267,23.4667,1000,1,1,1760910960,1760910960,0
LTE,466,97,44240,153644144,-1,120.4184,23.457,1000,2,1,1760911090,1760934686,0
LTE,466,97,44350,155651815,-1,120.4177,23.4563,1000,3,1,1760911110,1760934686,0
LTE,466,97,44350,155651817,-1,120.4094,23.4466,1000,7,1,1760911260,1760934686,0
LTE,466,97,44350,155650279,-1,120.4078,23.4447,1000,5,1,1760911280,1760934686,0
LTE,466,97,44350,155652463,-1,120.3969,23.4316,1000,13,1,1760911410,1760934686,0
LTE,466,97,44350,156673974,-1,120.373,23.4211,1000,21,1,1760911700,1760934687,0
LTE,466,97,44210,187140464,-1,120.349,23.3701,1000,11,1,1760912020,1760934688,0
LTE,466,97,44210,186882037,-1,120.309,23.3277,1000,6,1,1760912560,1760934689,0
LTE,466,97,44210,186886326,-1,120.3102,23.3148,1000,3,1,1760912730,1760934689,0
LTE,466,97,44210,186882035,-1,120.3117,23.3126,1000,4,1,1760912790,1760934689,0
LTE,466,97,44210,186887309,-1,120.3124,23.3073,1000,5,1,1760912910,1760934689,0
LTE,466,97,44210,186881780,-1,120.3127,23.3057,1000,3,1,1760912950,1760934689,0
LTE,466,97,22240,26635189,-1,121.5257,25.0502,1000,6,1,1761066698,1773461524,0
LTE,466,97,22240,26632374,-1,121.5278,25.051,1000,13,1,1761148513,1773461550,0
LTE,466,89,22550,81948293,-1,121.2569,24.9895,1000,14,1,1761347368,1761367861,0
LTE,466,89,22550,82002052,-1,121.2528,24.9893,1000,4,1,1761347453,1761367861,0
LTE,466,89,22550,82002051,-1,121.2508,24.9892,1000,4,1,1761347466,1761367861,0
LTE,466,89,22550,82002053,-1,121.2491,24.9892,1000,5,1,1761347482,1761367861,0
LTE,466,89,22550,81931240,-1,121.2467,24.9903,1000,11,1,1761347545,1761367861,0
LTE,466,89,22550,81931239,-1,121.2453,24.9944,1000,4,1,1761347595,1761367861,0
LTE,466,89,22550,81931119,-1,121.2453,24.9944,1000,5,1,1761347615,1761367861,0
LTE,466,89,22550,82005617,-1,121.2454,24.994,1000,3,1,1761347649,1761367861,0
LTE,466,89,22550,81954024,-1,121.2406,24.9998,1000,6,1,1761347687,1761367861,0
LTE,466,89,22550,81953904,-1,121.2437,24.9997,1000,5,1,1761347713,1761367861,0
LTE,466,89,22530,81927635,-1,121.2436,25.0001,1000,3,1,1761347750,1761367861,0
LTE,466,89,22550,81935797,-1,121.2416,25.0021,1000,7,1,1761347785,1761367861,0
LTE,466,89,22550,81953934,-1,121.2368,25.0037,1000,10,1,1761347865,1761367861,0
LTE,466,89,22530,86296554,-1,121.2331,25.0068,1000,2,1,1761347949,1761367861,0
LTE,466,97,44210,187137933,-1,120.3273,23.3506,1000,11,1,1761356486,1761379444,0
LTE,466,89,22520,85511656,-1,121.2809,24.9828,1000,2,1,1761682629,1761705602,0
LTE,466,89,22520,85526147,-1,121.2806,24.9807,1000,5,1,1761682662,1761705602,0
LTE,466,89,22520,85511657,-1,121.279,24.9759,1000,3,1,1761682728,1761705602,0
LTE,466,89,22520,84497541,-1,121.2793,24.9746,1000,5,1,1761682748,1761705602,0
LTE,466,89,22580,85515149,-1,121.279,24.9654,1000,2,1,1761682975,1761705602,0
LTE,466,89,22580,85515151,-1,121.2804,24.9579,1000,6,1,1761683247,1761705602,0
LTE,466,89,22580,85531505,-1,121.2824,24.9563,1000,6,1,1761683273,1761705603,0
LTE,466,89,22580,85504625,-1,121.2836,24.9541,1000,5,1,1761683316,1761705603,0
LTE,466,89,22580,85530737,-1,121.2839,24.9512,1000,9,1,1761683339,1761705603,0
LTE,466,89,22580,85521875,-1,121.2837,24.9471,1000,11,1,1761683378,1761705603,0
LTE,466,89,22580,85505903,-1,121.2843,24.9428,1000,9,1,1761683429,1761705603,0
LTE,466,89,22580,85505905,-1,121.2851,24.939,1000,9,1,1761683505,1761705603,0
LTE,466,89,22580,85515375,-1,121.2848,24.9357,1000,6,1,1761683544,1761705603,0
LTE,466,89,22580,85534389,-1,121.2847,24.9339,1000,3,1,1761683571,1761705603,0
LTE,466,89,22580,85534390,-1,121.2846,24.9331,1000,2,1,1761683593,1761705603,0
LTE,466,89,22580,85504439,-1,121.2845,24.9271,1000,5,1,1761683777,1761705603,0
LTE,466,89,22580,85504369,-1,121.2846,24.9258,1000,2,1,1761683844,1761705603,0
LTE,466,89,22581,85766029,-1,121.2846,24.9247,1000,3,1,1761683891,1761705603,0
LTE,466,89,22581,85765999,-1,121.2836,24.9228,1000,4,1,1761683906,1761705661,0
LTE,466,89,22581,85776103,-1,121.2817,24.9188,1000,15,1,1761683928,1761705662,0
LTE,466,89,22581,85776113,-1,121.2809,24.915,1000,4,1,1761684025,1761705661,0
LTE,466,89,22581,85766387,-1,121.2798,24.9091,1000,13,1,1761684046,1761705662,0
LTE,466,89,22581,85779085,-1,121.2812,24.9058,1000,1,1,1761684173,1761684173,0
LTE,466,89,22581,85779127,-1,121.2831,24.9048,1000,8,1,1761684194,1761705662,0
LTE,466,89,22581,85779086,-1,121.284,24.9037,1000,5,1,1761684215,1761705662,0
LTE,466,89,22581,85763057,-1,121.2839,24.9009,1000,9,1,1761684344,1761705662,0
LTE,466,89,22581,85763058,-1,121.2842,24.8991,1000,1,1,1761684404,1761684404,0
LTE,466,89,22581,85762998,-1,121.2847,24.8976,1000,5,1,1761684431,1761705662,0
LTE,466,89,22581,85763695,-1,121.2832,24.8954,1000,6,1,1761684484,1761705662,0
LTE,466,89,22581,85763619,-1,121.2806,24.8948,1000,5,1,1761684506,1761705662,0
LTE,466,89,22581,85763599,-1,121.2789,24.8936,1000,5,1,1761684522,1761705662,0
LTE,466,89,22581,85769072,-1,121.2785,24.8923,1000,3,1,1761684541,1761705662,0
LTE,466,89,22581,85765079,-1,121.2807,24.8907,1000,10,1,1761684552,1761705662,0
LTE,466,89,22581,85765109,-1,121.2842,24.8887,1000,7,1,1761684584,1761705662,0
LTE,466,89,22581,85765099,-1,121.2881,24.886,1000,9,1,1761684610,1761705662,0
LTE,466,89,22581,85765046,-1,121.2922,24.8851,1000,11,1,1761684684,1761705662,0
LTE,466,89,22581,85765006,-1,121.2938,24.8847,1000,8,1,1761684795,1761705662,0
LTE,466,89,22581,85778799,-1,121.2951,24.8824,1000,7,1,1761685209,1761705662,0
LTE,466,89,22581,85761205,-1,121.2943,24.8802,1000,5,1,1761685249,1761705662,0
LTE,466,89,22581,85761206,-1,121.2942,24.8766,1000,17,1,1761685270,1761705722,0
LTE,466,89,22581,85763620,-1,121.2937,24.8711,1000,13,1,1761685387,1761705722,0
LTE,466,89,22581,85763717,-1,121.2934,24.8696,1000,3,1,1761685426,1761705722,0
LTE,466,89,22581,85760271,-1,121.2937,24.8676,1000,3,1,1761685448,1761705722,0
LTE,466,89,22580,83222493,-1,121.2939,24.8661,1000,4,1,1761685458,1761705722,0
LTE,466,89,22581,85768815,-1,121.2942,24.8643,1000,5,1,1761685470,1761705722,0
LTE,466,89,22581,85768935,-1,121.2954,24.8615,1000,8,1,1761685489,1761705722,0
LTE,466,89,22581,85768936,-1,121.299,24.8596,1000,11,1,1761685549,1761705722,0
LTE,466,89,22581,85778133,-1,121.3027,24.8611,1000,13,1,1761685604,1761705722,0
LTE,466,89,22581,85778132,-1,121.3062,24.8623,1000,1,1,1761685730,1761685730,0
LTE,466,97,22530,81994452,-1,121.2091,25.0046,1097,5,1,1762482147,1784978342,0
LTE,466,97,22530,81994451,-1,121.2024,25.002,1000,1,1,1762482977,1762482977,0
LTE,466,89,22520,84535223,-1,121.2876,24.9885,1000,2,1,1762571303,1762591202,0
LTE,466,97,22250,28440757,-1,121.5349,25.1162,1000,6,1,1762694695,1762698062,0
LTE,466,97,22250,28425141,-1,121.5349,25.1152,1000,1,1,1762698027,1762698027,0
LTE,466,97,22250,28417205,-1,121.5345,25.1164,1000,3,1,1762698027,1762698062,0
LTE,466,97,22250,28417256,-1,121.5347,25.116,1000,2,1,1762698027,1762698062,0
LTE,466,97,22250,28417235,-1,121.5341,25.1168,1000,3,1,1762698027,1762698062,0
LTE,466,97,22250,28417265,-1,121.5322,25.1142,1000,3,1,1762698027,1762698062,0
LTE,466,97,22250,28417524,-1,121.5314,25.1131,1000,2,1,1762698027,1762698062,0
LTE,466,97,22250,28417494,-1,121.5309,25.1123,1000,1,1,1762698027,1762698027,0
LTE,466,97,22250,28417463,-1,121.5306,25.1109,1000,2,1,1762698027,1762698062,0
LTE,466,97,22250,28417462,-1,121.5304,25.1091,1000,1,1,1762698027,1762698027,0
LTE,466,97,22250,28438965,-1,121.5302,25.108,1000,1,1,1762698027,1762698027,0
LTE,466,97,22250,28481975,-1,121.5299,25.1072,1000,2,1,1762698027,1762698062,0
LTE,466,97,22730,28451766,-1,121.5284,25.1054,1000,3,1,1762698027,1762698062,0
LTE,466,97,22730,28451796,-1,121.5248,25.1038,1000,1,1,1762698027,1762698027,0
LTE,466,97,22730,28432311,-1,121.5229,25.1011,1000,13,1,1762698027,1780822516,0
LTE,466,97,22730,28466870,-1,121.5221,25.1012,1000,11,1,1762698027,1780822516,0
LTE,466,97,22730,28431031,-1,121.5239,25.0978,1000,5,1,1762698027,1762698062,0
LTE,466,97,22730,28463541,-1,121.5246,25.0954,1000,3,1,1762698027,1762698062,0
LTE,466,97,22730,28463543,-1,121.5251,25.0937,1000,4,1,1762698027,1762698062,0
LTE,466,97,22730,28441015,-1,121.5257,25.0928,1000,1,1,1762698027,1762698027,0
LTE,466,97,22730,28441014,-1,121.5266,25.0914,1000,4,1,1762698027,1762698062,0
LTE,466,97,22210,28420237,-1,121.527,25.0899,1000,3,1,1762698027,1762698062,0
LTE,466,97,22210,28425400,-1,121.5264,25.0885,1000,3,1,1762698027,1762698062,0
LTE,466,97,22210,28425399,-1,121.5258,25.0871,1000,4,1,1762698027,1762698062,0
LTE,466,97,22210,28482485,-1,121.5254,25.0847,1000,2,1,1762698027,1762698062,0
LTE,466,97,22210,28425653,-1,121.5254,25.0832,1000,1,1,1762698027,1762698027,0
LTE,466,97,22210,28474324,-1,121.5254,25.0753,1000,7,1,1762698027,1775523605,0
LTE,466,97,22210,26645360,-1,121.5277,25.0686,1000,3,1,1762698030,1762698062,0
LTE,466,97,22240,26635445,-1,121.5277,25.0661,1000,3,1,1762698030,1762698062,0
LTE,466,97,22240,26635447,-1,121.5276,25.0648,1000,2,1,1762698030,1762698062,0
LTE,466,97,22240,26627509,-1,121.5276,25.0634,1000,2,1,1762698030,1762698062,0
LTE,466,97,22240,26670265,-1,121.5276,25.0623,1000,3,1,1762698030,1762698062,0
LTE,466,97,22240,26654133,-1,121.5275,25.0608,1000,4,1,1762698030,1762698062,0
LTE,466,97,22240,26654135,-1,121.5275,25.0597,1000,2,1,1762698030,1762698062,0
LTE,466,97,22240,26711734,-1,121.5275,25.0586,1000,3,1,1762698030,1762698062,0
LTE,466,97,22240,26714223,-1,121.5275,25.0577,1000,1,1,1762698030,1762698030,0
LTE,466,97,22240,26714224,-1,121.5274,25.0566,1000,2,1,1762698030,1762698062,0
LTE,466,97,22240,26661302,-1,121.5273,25.0549,1000,4,1,1762698030,1762698062,0
LTE,466,97,22240,26632373,-1,121.5274,25.0532,1000,3,1,1762698030,1762698062,0
LTE,466,97,22240,26635701,-1,121.5287,25.0521,1000,16,1,1762698030,1773461524,0
LTE,466,97,22240,26640054,-1,121.5227,25.0514,1000,7,1,1762745176,1780822514,0
LTE,466,97,22240,26640053,-1,121.5226,25.0522,1000,8,1,1762745176,1780822514,0
LTE,466,97,22740,29184693,-1,121.5709,25.0811,1000,5,1,1762777830,1773461524,0
LTE,466,97,22740,29191862,-1,121.5704,25.0816,1000,3,1,1762777830,1773461524,0
LTE,466,97,22740,29190582,-1,121.5686,25.082,1000,20,1,1762777830,1773461524,0
LTE,466,97,22740,29233078,-1,121.5663,25.0823,1000,4,1,1762777830,1773461524,0
LTE,466,97,22740,29242295,-1,121.5628,25.0837,1000,4,1,1762777830,1773461524,0
LTE,466,97,22740,29232930,-1,121.5613,25.0844,1000,4,1,1762777830,1773461522,0
LTE,466,97,22210,26654901,-1,121.5586,25.0848,1000,6,1,1762777830,1773461524,0
LTE,466,97,22210,26654903,-1,121.5564,25.0844,1000,8,1,1762777830,1773461524,0
LTE,466,97,22210,26657973,-1,121.5539,25.0855,1000,5,1,1762777830,1773461524,0
LTE,466,97,22290,26884022,-1,121.5458,25.0658,1000,13,1,1762777830,1773461524,0
LTE,466,97,22290,26884023,-1,121.5443,25.0653,1000,3,1,1762777830,1773461524,0
LTE,466,97,22290,26886387,-1,121.5442,25.0631,1000,3,1,1762777830,1773461521,0
LTE,466,97,22290,26939891,-1,121.5443,25.0615,1000,3,1,1762777830,1773461521,0
LTE,466,97,22290,26643382,-1,121.5441,25.0591,1000,1,1,1762777830,1762777830,0
LTE,466,97,22290,26886584,-1,121.5441,25.0531,1000,7,1,1762777830,1773461524,0
LTE,466,97,22290,26895031,-1,121.5444,25.0524,1000,9,1,1762777830,1773461525,0
LTE,466,97,11290,26383797,-1,121.5276,25.0504,1000,1,1,1762777830,1762777830,0
LTE,466,97,22240,26631352,-1,121.5211,25.0523,1000,1,1,1762777830,1762777830,0
LTE,466,97,22240,26631351,-1,121.5214,25.0524,1000,1,1,1762777830,1762777830,0
LTE,466,97,22240,26681999,-1,121.5233,25.0512,1000,1,1,1762777830,1762777830,0
LTE,466,97,22240,26626999,-1,121.5235,25.0508,1000,1,1,1762777830,1762777830,0
LTE,466,97,22240,26629557,-1,121.524,25.0508,1000,1,1,1762777830,1762777830,0
LTE,466,97,22240,26635191,-1,121.5248,25.0505,1000,3,1,1762777830,1773461524,0
LTE,466,97,22600,86559089,-1,121.2191,25.0086,1000,5,1,1762498240,1784978342,0
LTE,466,89,22520,84535478,-1,121.3025,24.9936,1000,2,1,1762656142,1763907001,0
LTE,466,89,22520,84487409,-1,121.3033,24.994,1000,3,1,1762656209,1763907001,0
LTE,466,89,22520,84489459,-1,121.3033,24.9942,1000,1,1,1762656269,1762656269,0
LTE,466,97,22520,84497079,-1,121.2796,24.9873,1000,8,1,1763887401,1764336064,0
LTE,466,97,22520,84497078,-1,121.2807,24.9865,1000,5,1,1763887423,1784953202,0
LTE,466,97,22550,84503693,-1,121.2798,24.9873,1000,2,1,1763887448,1763907783,0
LTE,466,97,22520,84494518,-1,121.2807,24.9878,1000,14,1,1763887520,1774079234,0
LTE,466,97,22550,84503733,-1,121.2787,24.9877,1000,2,1,1763887812,1763907783,0
LTE,466,97,22520,84520689,-1,121.2789,24.9895,1000,3,1,1763887842,1764336064,0
LTE,466,97,22520,84520690,-1,121.2787,24.9887,1000,3,1,1763887822,1764336064,0
LTE,466,97,22520,85511665,-1,121.2801,24.9856,1000,20,1,1763887852,1771571103,0
LTE,466,97,22520,84497129,-1,121.2794,24.9868,1000,5,1,1763887906,1765266603,0
LTE,466,97,22520,84497117,-1,121.2813,24.9872,1000,2,1,1763887928,1765648622,0
LTE,466,97,22520,84498103,-1,121.2998,25.0187,1000,9,1,1763966327,1775523602,0
LTE,466,97,22520,84492982,-1,121.2979,25.0177,1000,4,1,1763966394,1763997181,0
LTE,466,97,22520,84534454,-1,121.2985,25.0176,1000,2,1,1763966491,1775523602,0
LTE,466,97,22520,84534504,-1,121.2987,25.017,1000,13,1,1763966506,1780016942,0
LTE,466,97,22520,84496349,-1,121.2997,25.0133,1000,1,1,1763966589,1763966589,0
LTE,466,97,22520,84492686,-1,121.2987,25.0118,1000,10,1,1763966613,1763997181,0
LTE,466,97,22520,84539121,-1,121.2963,25.0103,1000,4,1,1763966748,1763997181,0
LTE,466,97,22520,84539061,-1,121.2952,25.0094,1000,3,1,1763966836,1763997182,0
LTE,466,97,22520,84539063,-1,121.2946,25.009,1000,2,1,1763966869,1763997181,0
LTE,466,97,22520,84504050,-1,121.2925,25.0072,1000,2,1,1763966941,1763997182,0
LTE,466,97,22520,84518129,-1,121.292,25.007,1000,2,1,1763967019,1763997182,0
LTE,466,97,22520,84481933,-1,121.2914,25.0064,1000,2,1,1763967029,1763997182,0
LTE,466,97,22520,84536819,-1,121.2896,25.005,1000,8,1,1763967039,1763997182,0
LTE,466,97,22520,84493809,-1,121.2876,25.0031,1000,6,1,1763967159,1763997182,0
LTE,466,97,22520,84493811,-1,121.2842,24.9997,1000,18,1,1763967189,1777697281,0
LTE,466,97,22520,84532151,-1,121.2788,24.9954,1000,8,1,1763967260,1763997182,0
LTE,466,97,22520,84494447,-1,121.2794,24.9915,1000,2,1,1763967432,1763997182,0
LTE,466,97,22520,84494449,-1,121.2794,24.9901,1000,6,1,1763967442,1777697281,0
LTE,466,97,22520,84494477,-1,121.2797,24.9904,1000,2,1,1763967464,1763997182,0
LTE,466,97,22520,84494519,-1,121.2801,24.9895,1000,5,1,1763967501,1763997182,0
LTE,466,97,11310,61186349,-1,121.3375,24.9641,1000,2,1,1764134720,1764157081,0
LTE,466,97,11310,61186348,-1,121.3385,24.9671,1000,6,1,1764134722,1764157082,0
LTE,466,97,11310,61187059,-1,121.3386,24.967,1000,4,1,1764134735,1764157081,0
LTE,466,97,11310,61196529,-1,121.3307,24.978,1000,3,1,1764134816,1764157082,0
LTE,466,97,11310,61196530,-1,121.3301,24.9785,1000,1,1,1764134822,1764134822,0
LTE,466,97,11310,61196531,-1,121.3301,24.9785,1000,1,1,1764134832,1764134832,0
LTE,466,97,22570,85284238,-1,121.3301,24.9785,1000,1,1,1764134842,1764134842,0
LTE,466,97,22520,84516494,-1,121.3222,24.9893,1000,2,1,1764134914,1764157082,0
LTE,466,97,22570,85280655,-1,121.3213,24.9898,1000,2,1,1764134922,1764157082,0
LTE,466,97,22520,84516493,-1,121.3209,24.9901,1000,2,1,1764134932,1764157082,0
LTE,466,97,22520,84495502,-1,121.3155,24.9894,1000,2,1,1764134982,1764157082,0
LTE,466,97,22520,84481780,-1,121.3138,24.9893,1000,2,1,1764135028,1764157082,0
LTE,466,97,22520,84481782,-1,121.3132,24.989,1000,1,1,1764135042,1764135042,0
LTE,466,97,22520,84495604,-1,121.3146,24.99,1000,1,1,1764135232,1764135232,0
LTE,466,97,22520,84490422,-1,121.3123,24.9903,1000,6,1,1764135452,1764157082,0
LTE,466,97,22520,84513206,-1,121.3126,24.9915,1000,6,1,1764135526,1764157082,0
LTE,466,97,22520,84513207,-1,121.3119,24.991,1000,8,1,1764135601,1764157082,0
LTE,466,97,22520,84490421,-1,121.3112,24.9929,1000,6,1,1764136090,1764402423,0
LTE,466,97,22520,84535734,-1,121.3131,24.9935,1000,3,1,1764136147,1764157082,0
LTE,466,97,22520,84535733,-1,121.3128,24.9946,1000,3,1,1764136174,1764157082,0
LTE,466,97,22520,84505782,-1,121.3125,24.9953,1000,7,1,1764136239,1784965681,0
LTE,466,97,22520,84480694,-1,121.3109,24.9947,1000,14,1,1764136289,1784965681,0
LTE,466,97,22520,84488847,-1,121.3073,24.9928,1000,5,1,1764136447,1764157082,0
LTE,466,97,22520,84489458,-1,121.3055,24.9924,1000,3,1,1764136487,1764157082,0
LTE,466,97,22520,84487409,-1,121.3045,24.9922,1000,3,1,1764136497,1764157082,0
LTE,466,97,22520,84487411,-1,121.3034,24.9919,1000,3,1,1764136527,1764157082,0
LTE,466,97,22520,84483060,-1,121.2993,24.9918,1000,4,1,1764136620,1764157082,0
LTE,466,97,22520,84532367,-1,121.2981,24.9916,1000,1,1,1764136639,1764136639,0
LTE,466,97,22520,84486837,-1,121.2977,24.9914,1000,2,1,1764136652,1764157082,0
LTE,466,97,22520,84482999,-1,121.2968,24.9911,1000,4,1,1764136692,1764157082,0
LTE,466,97,22520,84488374,-1,121.2954,24.9909,1000,2,1,1764136712,1764157082,0
LTE,466,97,22520,84488375,-1,121.2925,24.9911,1000,10,1,1764136722,1764157082,0
LTE,466,97,22520,84498575,-1,121.2875,24.9894,1000,8,1,1764136772,1765648622,0
LTE,466,97,22520,84490166,-1,121.2878,24.9895,1000,3,1,1764136891,1764157082,0
LTE,466,97,22520,84535221,-1,121.2864,24.9888,1000,5,1,1764136906,1764157082,0
LTE,466,97,22520,84490167,-1,121.2852,24.9884,1000,6,1,1764136926,1765648622,0
LTE,466,97,44313,228097000,0,118.3895,24.4385,1000,1,1,1764126336,1764126336,0
LTE,466,97,22520,84497009,-1,121.2793,24.9873,1000,4,1,1764315609,1777697281,0
LTE,466,97,22520,84494448,-1,121.2802,24.9881,1000,5,1,1764315699,1777697281,0
LTE,466,97,22520,84506964,-1,121.2792,24.9902,1000,1,1,1764315871,1764315871,0
LTE,466,97,22520,85511605,-1,121.2809,24.9871,1000,3,1,1764316232,1765648622,0
LTE,466,97,22520,84513717,-1,121.3099,24.9935,1000,3,1,1764379715,1764402423,0
LTE,466,97,22520,84490423,-1,121.3092,24.9908,1000,15,1,1764379768,1764402423,0
LTE,466,97,22520,84480695,-1,121.3108,24.9951,1000,1,1,1764380140,1764380140,0
LTE,466,97,22520,84523632,-1,121.3102,24.9941,1000,1,1,1764380858,1764380858,0
LTE,466,97,22520,84513205,-1,121.309,24.9932,1000,3,1,1764380943,1764402423,0
LTE,466,97,22520,84518325,-1,121.3079,24.99,1000,4,1,1764381212,1764402423,0
LTE,466,97,22520,84518286,-1,121.307,24.9892,1000,4,1,1764381481,1764402423,0
LTE,466,97,22520,84489398,-1,121.3071,24.9896,1000,1,1,1764381563,1764381563,0
LTE,466,97,22520,84506293,-1,121.3067,24.9883,1000,14,1,1764381590,1768536963,0
LTE,466,97,22520,84513719,-1,121.3036,24.9874,1000,7,1,1764381606,1768536963,0
LTE,466,97,11400,25618899,-1,121.5191,25.0481,1000,6,1,1764783949,1780822514,0
LTE,466,97,11400,25645749,-1,121.5242,25.0475,1000,13,1,1764784105,1766970182,0
LTE,466,97,11400,25602997,-1,121.527,25.0469,1000,10,1,1764784255,1766970182,0
LTE,466,97,22240,26637750,-1,121.53,25.0461,1000,9,1,1764784274,1766970182,0
LTE,466,97,22240,25623477,-1,121.5325,25.0463,1000,7,1,1764784315,1766970182,0
LTE,466,97,22240,25623480,-1,121.5333,25.0451,1000,4,1,1764784425,1766970182,0
LTE,466,97,22240,27146421,-1,121.5348,25.0447,1000,3,1,1764784445,1764805981,0
LTE,466,97,22240,26625463,-1,121.5361,25.0444,1000,3,1,1764784465,1764805981,0
LTE,466,97,22240,26625462,-1,121.5385,25.0442,1000,5,1,1764784494,1764805981,0
LTE,466,97,22240,26640310,-1,121.5406,25.0444,1000,3,1,1764784535,1764805981,0
LTE,466,97,22290,27162807,-1,121.5414,25.0443,1000,1,1,1764784575,1764784575,0
LTE,466,97,22290,27162805,-1,121.5431,25.0445,1000,8,1,1764784595,1766983861,0
LTE,466,97,11240,27141050,-1,121.5443,25.043,1000,9,1,1764784665,1770552842,0
LTE,466,97,22290,27153078,-1,121.5445,25.0449,1000,9,1,1764784685,1770552842,0
LTE,466,97,22290,26881975,-1,121.5469,25.0448,1000,1,1,1764784705,1764784705,0
LTE,466,97,22290,26881973,-1,121.5475,25.0449,1000,1,1,1764784717,1764784717,0
LTE,466,97,22290,27195577,-1,121.5481,25.0448,1000,2,1,1764784725,1764805982,0
LTE,466,97,22290,26895543,-1,121.549,25.0456,1000,6,1,1764784815,1764805982,0
LTE,466,97,22290,26881974,-1,121.5491,25.0448,1000,2,1,1764784885,1764805982,0
LTE,466,97,22290,26881463,-1,121.5492,25.0476,1000,5,1,1764784945,1764805982,0
LTE,466,97,22290,26881461,-1,121.5492,25.0498,1000,6,1,1764784975,1764805982,0
LTE,466,97,22290,26936757,-1,121.5493,25.0536,1000,6,1,1764785145,1764805982,0
LTE,466,97,22290,26892727,-1,121.5493,25.0557,1000,4,1,1764785195,1764805982,0
LTE,466,97,22290,26883255,-1,121.5488,25.0576,1000,13,1,1764785225,1766970182,0
LTE,466,97,22290,26892725,-1,121.55,25.0577,1000,11,1,1764785235,1766970182,0
LTE,466,97,22290,26883253,-1,121.5489,25.0579,1000,5,1,1764785445,1764810721,0
LTE,466,97,22290,26937269,-1,121.549,25.0579,1000,1,1,1764785545,1764785545,0
LTE,466,97,22290,26883254,-1,121.5532,25.0581,1000,10,1,1764789903,1766970182,0
LTE,466,97,22290,26915509,-1,121.5544,25.0578,1000,14,1,1764790073,1766970182,0
LTE,466,97,22290,26943219,-1,121.556,25.0585,1000,4,1,1764790463,1764823081,0
LTE,466,97,22290,26943218,-1,121.5579,25.0585,1000,9,1,1764790483,1764823081,0
LTE,466,97,22290,26888077,-1,121.5595,25.0587,1000,1,1,1764790683,1764790683,0
LTE,466,97,22290,26887823,-1,121.56,25.0587,1000,2,1,1764790703,1764810722,0
LTE,466,97,22290,26887863,-1,121.5613,25.0588,1000,13,1,1764790733,1766970183,0
LTE,466,97,22290,26920589,-1,121.5552,25.0583,1000,1,1,1764799370,1764799370,0
LTE,466,97,22290,26941109,-1,121.5528,25.0557,1000,4,1,1764799610,1764823081,0
LTE,466,97,22290,26915439,-1,121.553,25.057,1000,1,1,1764799690,1764799690,0
LTE,466,97,22290,26915569,-1,121.5529,25.0569,1000,3,1,1764799790,1764823081,0
LTE,466,97,22290,26915571,-1,121.5529,25.0566,1000,1,1,1764800830,1764800830,0
LTE,466,97,22290,26911927,-1,121.5524,25.0566,1000,1,1,1764801060,1764801060,0
LTE,466,97,22290,26892726,-1,121.5529,25.0552,1000,3,1,1764801120,1764823081,0
LTE,466,97,22290,26889142,-1,121.5528,25.0536,1000,3,1,1764801170,1764823081,0
LTE,466,97,22290,26937013,-1,121.5474,25.0519,1000,6,1,1764801440,1766974981,0
LTE,466,97,22290,26937016,-1,121.5446,25.0522,1000,3,1,1764801490,1766974981,0
LTE,466,97,22290,26941622,-1,121.5441,25.0516,1000,22,1,1764801520,1773461524,0
LTE,466,97,22290,26895029,-1,121.5449,25.0528,1000,3,1,1764801590,1766974981,0
LTE,466,97,22290,26937046,-1,121.5444,25.0508,1000,1,1,1764802701,1764802701,0
LTE,466,97,22290,26923225,-1,121.5436,25.043,1000,4,1,1764807795,1764832282,0
LTE,466,97,11240,27150261,-1,121.5439,25.0427,1000,3,1,1764807805,1766983861,0
LTE,466,97,11240,27150262,-1,121.5438,25.0415,1000,2,1,1764807825,1773716946,0
LTE,466,97,11270,56320951,-1,121.4738,25.0287,1000,9,1,1764809375,1768523522,0
LTE,466,97,11270,56320950,-1,121.4762,25.027,1000,13,1,1764809445,1768523522,0
LTE,466,97,11430,56413807,-1,121.4762,25.0289,1000,2,1,1764809505,1764832282,0
LTE,466,97,11340,56351414,-1,121.476,25.0298,1000,4,1,1764809525,1764832282,0
LTE,466,97,11270,56343991,-1,121.4771,25.0302,1000,7,1,1764809675,1764832282,0
LTE,466,97,11270,56398261,-1,121.4779,25.029,1000,1,1,1764809775,1764809775,0
LTE,466,97,11270,56354229,-1,121.4784,25.0277,1000,8,1,1764809785,1764832282,0
LTE,466,97,11270,56337591,-1,121.4798,25.0282,1000,9,1,1764809855,1764832282,0
LTE,466,97,11270,56337590,-1,121.4812,25.0288,1000,6,1,1764810015,1764832282,0
LTE,466,97,11270,56337589,-1,121.4814,25.029,1000,3,1,1764810085,1764832282,0
LTE,466,97,11270,56337550,-1,121.4816,25.029,1000,1,1,1764810215,1764810215,0
LTE,466,97,11270,56354230,-1,121.4773,25.0259,1000,4,1,1764811185,1764832321,0
LTE,466,97,11340,56360374,-1,121.4749,25.0215,504,26,1,1764811355,1768523522,0
LTE,466,97,11340,56331447,-1,121.4678,25.0163,1000,5,1,1764811745,1768523521,0
LTE,466,97,11340,56417721,-1,121.4649,25.0148,1000,3,1,1764811876,1764832322,0
LTE,466,97,22550,81935472,-1,121.2602,24.9737,1000,6,1,1765231529,1784953201,0
LTE,466,97,22580,81984724,-1,121.2473,24.9682,1000,5,1,1765231646,1765252022,0
LTE,466,97,22550,81971569,-1,121.2455,24.9676,1000,1,1,1765231674,1765231674,0
LTE,466,97,22550,81982576,-1,121.2438,24.967,1000,5,1,1765231694,1784953202,0
LTE,466,97,22550,81982575,-1,121.2424,24.9665,1000,7,1,1765231767,1771571103,0
LTE,466,97,22550,81939382,-1,121.2319,24.9636,1000,3,1,1765231917,1765252022,0
LTE,466,97,22550,81939381,-1,121.2301,24.9633,1000,10,1,1765231927,1784953202,0
LTE,466,97,22550,81954743,-1,121.2284,24.9625,1000,8,1,1765231947,1784953202,0
LTE,466,97,22550,82012855,-1,121.2268,24.9618,1000,6,1,1765231978,1784953202,0
LTE,466,97,22550,82012905,-1,121.2271,24.9618,1000,1,1,1765232003,1765232003,0
LTE,466,97,22550,81971945,-1,121.225,24.9622,1000,4,1,1765232080,1765252022,0
LTE,466,97,22550,81924587,-1,121.2232,24.963,1000,1,1,1765232180,1765232180,0
LTE,466,97,22550,81924493,-1,121.2248,24.9622,1000,6,1,1765244908,1784953202,0
LTE,466,97,22550,81924534,-1,121.224,24.9623,1000,6,1,1765244928,1784953202,0
LTE,466,97,22550,81971855,-1,121.2257,24.9621,1000,3,1,1765244953,1765266602,0
LTE,466,97,22550,81971854,-1,121.2268,24.9619,1000,4,1,1765244965,1765266602,0
LTE,466,97,22550,82012915,-1,121.2279,24.9621,1000,2,1,1765245020,1765266602,0
LTE,466,97,22550,81954703,-1,121.2292,24.9628,1000,6,1,1765245034,1765266602,0
LTE,466,97,22550,81939343,-1,121.2323,24.9636,1000,5,1,1765245078,1765266602,0
LTE,466,97,22550,81939342,-1,121.235,24.964,1000,18,1,1765245114,1784953202,0
LTE,466,97,22550,81982695,-1,121.2403,24.9656,1000,3,1,1765245223,1765266602,0
LTE,466,97,22550,81982645,-1,121.2413,24.966,1000,8,1,1765245303,1784953202,0
LTE,466,97,22550,81982646,-1,121.2443,24.9671,1000,21,1,1765245343,1784953202,0
LTE,466,97,22550,81971599,-1,121.2473,24.9681,1000,4,1,1765245362,1765266602,0
LTE,466,97,22580,81984755,-1,121.2485,24.9685,1000,3,1,1765245375,1765266602,0
LTE,466,97,22550,81925877,-1,121.2503,24.9692,1000,5,1,1765245391,1765266602,0
LTE,466,97,22550,82002675,-1,121.2547,24.9715,1000,13,1,1765245409,1784953202,0
LTE,466,97,22550,81955214,-1,121.2595,24.9734,1000,13,1,1765245527,1784953202,0
LTE,466,97,22550,81935502,-1,121.2614,24.9739,1000,8,1,1765245574,1784953202,0
LTE,466,97,22550,82003854,-1,121.2624,24.9742,1000,10,1,1765245584,1784953202,0
LTE,466,97,22550,84497906,-1,121.27,24.9775,1000,3,1,1765245714,1765266602,0
LTE,466,97,22550,84508915,-1,121.2736,24.9798,1000,13,1,1765245834,1771571103,0
LTE,466,97,22550,85507316,-1,121.276,24.9815,1000,8,1,1765245864,1771571103,0
LTE,466,97,22520,85511667,-1,121.2775,24.9828,1000,13,1,1765245874,1771571103,0
LTE,466,97,22520,84520579,-1,121.2791,24.9901,1000,3,1,1765246487,1765266602,0
LTE,466,97,22550,84503683,-1,121.2795,24.9874,1000,2,1,1765246561,1765266603,0
LTE,466,97,11270,27650486,-1,121.5065,25.0439,1000,1,1,1765518460,1765518460,0
LTE,466,97,11270,27678903,-1,121.5064,25.0438,1000,1,1,1765518487,1765518487,0
LTE,466,97,11270,27664271,-1,121.506,25.0437,1000,1,1,1765518558,1765518558,0
LTE,466,97,11270,27678963,-1,121.506,25.0437,1000,1,1,1765518779,1765518779,0
LTE,466,97,11270,27678901,-1,121.506,25.0437,1000,1,1,1765518799,1765518799,0
LTE,466,97,11270,27664261,-1,121.506,25.0437,1000,1,1,1765518831,1765518831,0
LTE,466,97,11320,29701205,-1,121.5426,24.9927,1000,10,1,1765615007,1780917487,0
LTE,466,97,11320,29729462,-1,121.5425,24.9915,1000,8,1,1765615467,1774100941,0
LTE,466,97,11460,59137719,-1,121.5267,24.9862,1000,11,1,1765616647,1780152902,0
LTE,466,97,11460,59153591,-1,121.5274,24.9732,1000,15,1,1765616747,1774079230,0
LTE,466,97,11220,60429549,-1,121.4052,24.9505,1000,6,1,1765617417,1765639864,0
LTE,466,97,11310,60693381,-1,121.3698,24.9471,1000,17,1,1765617567,1766966164,0
LTE,466,97,22600,86556597,-1,121.2646,25.0262,958,31,1,1765618257,1777186566,0
LTE,466,97,22600,86536630,-1,121.2602,25.0277,1000,20,1,1765618267,1772109125,0
LTE,466,97,22530,86557623,-1,121.233,25.0312,1000,6,1,1765618417,1765639867,0
LTE,466,97,22530,86279349,-1,121.2292,25.0273,2147,21,1,1765618457,1780917484,0
LTE,466,97,22520,84497295,-1,121.2846,24.9881,1000,3,1,1765628155,1765648622,0
LTE,466,1,17313,66824206,0,121.261,25.0945,1000,1,1,1765878265,1765878265,0
LTE,466,1,17313,54024204,0,121.2578,25.0944,1000,1,1,1765885533,1765885533,0
LTE,466,1,17313,54024203,0,121.2625,25.1026,1000,1,1,1765900069,1765900069,0
LTE,466,1,19620,128112415,0,120.869,24.7069,1000,1,1,1766008503,1766008503,0
LTE,466,1,19650,131065877,0,120.5182,24.2567,1000,1,1,1766022982,1766022982,0
LTE,466,1,19650,131065884,0,120.5178,24.2572,1000,1,1,1766044792,1766044792,0
LTE,466,1,19650,131065881,0,120.5195,24.2564,1000,1,1,1766052064,1766052064,0
LTE,466,1,19650,143826044,0,120.5231,24.2568,1000,1,1,1766124766,1766124766,0
LTE,466,1,19650,131025942,0,120.5222,24.2569,1000,1,1,1766132043,1766132043,0
LTE,466,1,19650,131065980,0,120.5186,24.2566,1000,1,1,1766153845,1766153845,0
LTE,466,1,19650,143825944,0,120.523,24.257,1000,1,1,1766161109,1766161109,0
LTE,466,97,22530,82012373,-1,121.2072,25.0009,1000,21,1,1766305701,1781533686,0
LTE,466,1,19650,131065879,0,120.5197,24.2564,1000,1,1,1766270091,1766270091,0
LTE,466,97,22581,85760488,-1,121.2899,24.8812,1000,9,1,1766904507,1766966162,0
LTE,466,97,22581,85760438,-1,121.2899,24.8805,1000,4,1,1766904553,1766966162,0
LTE,466,97,22581,85760487,-1,121.2893,24.882,1000,8,1,1766912101,1766966162,0
LTE,466,97,22581,85765077,-1,121.2904,24.8817,1000,2,1,1766912131,1766966162,0
LTE,466,97,22581,85764997,-1,121.2893,24.8838,1000,3,1,1766912241,1766966162,0
LTE,466,97,22581,85765099,-1,121.2847,24.8883,1000,16,1,1766912271,1766966162,0
LTE,466,97,22581,85763715,-1,121.2824,24.8898,1000,4,1,1766912351,1766966162,0
LTE,466,97,22581,85763972,-1,121.2786,24.8929,1000,3,1,1766912421,1766966162,0
LTE,466,97,22581,85779413,-1,121.2813,24.8947,1000,5,1,1766912431,1766966162,0
LTE,466,97,22581,85778821,-1,121.2813,24.8948,1000,6,1,1766912441,1766966162,0
LTE,466,97,22581,85763599,-1,121.2812,24.895,1000,3,1,1766912451,1766966162,0
LTE,466,97,22581,85763695,-1,121.2839,24.8954,1000,3,1,1766912471,1766966162,0
LTE,466,97,22581,85763048,-1,121.2846,24.8979,1000,8,1,1766912491,1766966162,0
LTE,466,97,22581,85763049,-1,121.2825,24.8987,1000,3,1,1766912581,1766966162,0
LTE,466,97,22581,85776261,-1,121.2814,24.8987,1000,3,1,1766912591,1766966162,0
LTE,466,97,22581,85760546,-1,121.2802,24.8984,1000,3,1,1766912601,1766966162,0
LTE,466,97,22581,85765233,-1,121.279,24.8972,1000,6,1,1766912611,1766966162,0
LTE,466,97,22581,85763982,-1,121.2773,24.8954,1000,6,1,1766912661,1766966162,0
LTE,466,97,22581,85763983,-1,121.2754,24.8937,1000,6,1,1766912681,1766966162,0
LTE,466,97,22581,85761647,-1,121.2718,24.891,1000,8,1,1766912701,1766966162,0
LTE,466,97,22581,85766868,-1,121.2663,24.893,1000,5,1,1766912761,1766966162,0
LTE,466,97,22581,85761650,-1,121.2665,24.8914,1000,10,1,1766912804,1766966162,0
LTE,466,97,22580,85537257,-1,121.2665,24.8954,1000,4,1,1766912849,1766966162,0
LTE,466,97,22581,85761923,-1,121.2687,24.899,1000,10,1,1766912859,1766966162,0
LTE,466,97,22581,85781737,-1,121.2684,24.8987,1000,5,1,1766912869,1766966162,0
LTE,466,97,22581,85761903,-1,121.2714,24.902,1000,6,1,1766912889,1766966162,0
LTE,466,97,22581,85761904,-1,121.2733,24.9035,1000,3,1,1766912899,1766966162,0
LTE,466,97,22581,85762415,-1,121.2757,24.9051,1000,6,1,1766912909,1766966162,0
LTE,466,97,22581,85761392,-1,121.2823,24.9073,1000,16,1,1766912919,1766966163,0
LTE,466,97,22581,85761393,-1,121.2831,24.9074,1000,7,1,1766912940,1766966162,0
LTE,466,97,22581,85768049,-1,121.2911,24.9105,1000,7,1,1766912975,1766966163,0
LTE,466,97,22581,85762160,-1,121.293,24.9126,1000,6,1,1766912986,1766966163,0
LTE,466,97,22581,85762180,-1,121.2961,24.9177,1000,18,1,1766912997,1766966163,0
LTE,466,97,22581,85762179,-1,121.3054,24.925,1000,16,1,1766913031,1766966163,0
LTE,466,97,22581,85760879,-1,121.3134,24.9312,1000,17,1,1766913087,1766966163,0
LTE,466,97,11310,61184291,-1,121.3413,24.9361,1000,6,1,1766913230,1766966163,0
LTE,466,97,11310,60678890,-1,121.3766,24.9502,1000,4,1,1766913402,1766966164,0
LTE,466,97,11440,60957929,-1,121.3805,24.9511,1000,12,1,1766913413,1766966164,0
LTE,466,97,11440,60957928,-1,121.3846,24.9517,1000,6,1,1766913435,1766966164,0
LTE,466,97,11220,60451541,-1,121.4457,24.9719,1000,16,1,1766913710,1772355548,0
LTE,466,97,11220,60451540,-1,121.4513,24.9748,1000,11,1,1766913730,1766966165,0
LTE,466,97,11220,60450289,-1,121.4591,24.975,1000,4,1,1766913770,1766966165,0
LTE,466,97,11220,60424334,-1,121.4633,24.9761,1000,4,1,1766913790,1766966165,0
LTE,466,97,11220,60418191,-1,121.4686,24.9798,1000,4,1,1766913820,1766966165,0
LTE,466,97,11350,60216689,-1,121.4851,24.9961,1000,2,1,1766914136,1766966165,0
LTE,466,97,11350,60169839,-1,121.4835,24.9946,1000,4,1,1766914266,1766966165,0
LTE,466,97,11350,60160880,-1,121.48,24.9935,1000,3,1,1766914346,1766966165,0
LTE,466,97,11220,60447600,-1,121.4763,24.9907,1000,13,1,1766914356,1766966166,0
LTE,466,97,11220,60447630,-1,121.474,24.9882,1000,1,1,1766914846,1766914846,0
LTE,466,97,11220,60418486,-1,121.4728,24.9835,1000,22,1,1766914886,1776091387,0
LTE,466,97,11220,60456629,-1,121.4708,24.9864,1000,3,1,1766915224,1766966166,0
LTE,466,97,11220,60429237,-1,121.4695,24.9865,1000,4,1,1766915242,1766966166,0
LTE,466,97,11220,60431031,-1,121.4687,24.9877,1000,4,1,1766915264,1766966166,0
LTE,466,97,11220,60431030,-1,121.4686,24.9887,1000,3,1,1766915287,1766966166,0
LTE,466,97,11220,60431286,-1,121.4685,24.989,1000,1,1,1766915305,1766915305,0
LTE,466,97,11220,60447722,-1,121.4683,24.9893,1000,1,1,1766915321,1766915321,0
LTE,466,97,11220,60428943,-1,121.4682,24.9892,1000,4,1,1766915339,1766966221,0
LTE,466,97,11220,60431246,-1,121.4682,24.9891,1000,2,1,1766915407,1766966221,0
LTE,466,97,11220,60430990,-1,121.4681,24.9889,1000,1,1,1766915464,1766915464,0
LTE,466,97,11220,60428932,-1,121.468,24.9889,1000,1,1,1766915485,1766915485,0
LTE,466,97,11220,60428933,-1,121.4682,24.9891,1000,4,1,1766915595,1766966221,0
LTE,466,97,11340,56417258,-1,121.4655,25.013,1000,1,1,1766946334,1766946334,0
LTE,466,97,11400,25618869,-1,121.5192,25.0481,1000,8,1,1766946074,1780822514,0
LTE,466,97,11400,25603509,-1,121.5209,25.0479,1000,5,1,1766946178,1780822514,0
LTE,466,97,11400,25645750,-1,121.5208,25.0479,1000,2,1,1766946208,1780822514,0
LTE,466,97,22240,26641334,-1,121.5331,25.0455,1000,2,1,1766946528,1766970182,0
LTE,466,97,22240,26630583,-1,121.5332,25.049,1000,4,1,1766946568,1766970182,0
LTE,466,97,22240,26630581,-1,121.5332,25.05,1000,2,1,1766946588,1766970182,0
LTE,466,97,22240,26630326,-1,121.5336,25.0508,1000,5,1,1766946598,1770552841,0
LTE,466,97,22240,26630325,-1,121.5329,25.0522,1000,12,1,1766946638,1773461524,0
LTE,466,97,22240,26625208,-1,121.5333,25.0536,1000,4,1,1766946748,1766970182,0
LTE,466,97,22240,26644406,-1,121.5333,25.0548,1000,3,1,1766946768,1766970182,0
LTE,466,97,22240,26709429,-1,121.5333,25.0557,1000,2,1,1766946788,1766970182,0
LTE,466,97,22240,26629047,-1,121.5333,25.0566,1000,3,1,1766946798,1766970182,0
LTE,466,97,22240,26629045,-1,121.5334,25.0572,1000,1,1,1766946818,1766946818,0
LTE,466,97,22240,26693816,-1,121.5338,25.0577,1000,3,1,1766946868,1766970182,0
LTE,466,97,22240,26693814,-1,121.5347,25.0578,1000,2,1,1766946978,1766970182,0
LTE,466,97,22240,26636215,-1,121.537,25.0578,1000,9,1,1766946998,1766970182,0
LTE,466,97,22240,26636214,-1,121.5398,25.0577,1000,3,1,1766947058,1766970182,0
LTE,466,97,22290,26711990,-1,121.5409,25.0577,1000,2,1,1766947078,1766970182,0
LTE,466,97,22290,26711991,-1,121.5421,25.0577,1000,4,1,1766947088,1766970182,0
LTE,466,97,22290,26885302,-1,121.5463,25.0576,1000,4,1,1766947248,1766970182,0
LTE,466,97,22290,26920629,-1,121.5547,25.0581,1000,2,1,1766947558,1766970182,0
LTE,466,97,22290,26943189,-1,121.5576,25.0584,1000,3,1,1766947618,1766970182,0
LTE,466,97,22290,26943188,-1,121.5587,25.0584,1000,3,1,1766947638,1766970182,0
LTE,466,97,22290,26944488,-1,121.5603,25.0585,1000,3,1,1766947808,1766970182,0
LTE,466,97,22290,26919054,-1,121.5621,25.059,1000,1,1,1766950258,1766950258,0
LTE,466,97,22290,26891447,-1,121.5632,25.0516,1000,3,1,1766953364,1766974981,0
LTE,466,97,22290,26924981,-1,121.5622,25.0516,1000,2,1,1766953384,1766974981,0
LTE,466,97,22290,26924983,-1,121.5597,25.0517,1000,3,1,1766953414,1766974981,0
LTE,466,97,22290,26880949,-1,121.5572,25.0517,1000,4,1,1766953464,1766974981,0
LTE,466,97,22290,26915765,-1,121.5532,25.0518,1000,7,1,1766953504,1766974981,0
LTE,466,97,22290,26895030,-1,121.5452,25.0526,1000,1,1,1766953744,1766953744,0
LTE,466,97,22290,26886624,-1,121.5442,25.0515,1000,1,1,1766953954,1766953954,0
LTE,466,97,22290,26943669,-1,121.5441,25.05,1000,5,1,1766954114,1766983861,0
LTE,466,97,22290,26899086,-1,121.5441,25.0509,1000,1,1,1766955014,1766955014,0
LTE,466,97,22290,26899085,-1,121.5442,25.0496,1000,1,1,1766962959,1766962959,0
LTE,466,97,22290,26943670,-1,121.5442,25.0494,1000,1,1,1766962979,1766962979,0
LTE,466,97,22240,26712758,-1,121.5442,25.0492,1000,1,1,1766962999,1766962999,0
LTE,466,97,22290,26893494,-1,121.5442,25.0486,1000,3,1,1766963019,1766983861,0
LTE,466,97,22240,26640309,-1,121.5441,25.0477,1000,2,1,1766963139,1766983861,0
LTE,466,97,22290,26923249,-1,121.5441,25.0471,1000,3,1,1766963179,1766983861,0
LTE,466,97,22290,26943671,-1,121.5441,25.0456,1000,5,1,1766963189,1766983861,0
LTE,466,97,22290,26923195,-1,121.5441,25.0453,1000,4,1,1766963329,1766983861,0
LTE,466,97,22290,27153077,-1,121.5441,25.0451,1000,1,1,1766963459,1766963459,0
LTE,466,97,11290,27167160,-1,121.5439,25.0419,1000,1,1,1766963789,1766963789,0
LTE,466,97,11290,27167158,-1,121.5439,25.0419,1000,1,1,1766963859,1766963859,0
LTE,466,97,22530,81964276,-1,121.2126,25.0121,1000,1,1,1766967015,1766967015,0
LTE,466,97,22530,82014442,-1,121.2034,25.0023,1000,1,1,1766969488,1766969488,0
LTE,466,97,22710,29484421,-1,121.6403,25.06,1000,3,1,1767226355,1767247441,0
LTE,466,97,22710,56632452,-1,121.6438,25.0615,1000,8,1,1767226363,1775724362,0
LTE,466,97,22710,56578230,-1,121.646,25.0624,1000,9,1,1767226403,1767261482,0
LTE,466,97,22710,56578229,-1,121.6495,25.0633,1000,7,1,1767226423,1767261482,0
LTE,466,97,22710,56613333,-1,121.6609,25.0678,1000,1,1,1767226653,1767226653,0
LTE,466,97,22710,56625335,-1,121.661,25.0679,1000,1,1,1767226663,1767226663,0
LTE,466,97,22710,56592093,-1,121.661,25.0679,1000,1,1,1767226673,1767226673,0
LTE,466,97,22710,56613302,-1,121.662,25.0683,1000,2,1,1767226693,1767247441,0
LTE,466,97,22710,56613301,-1,121.661,25.0679,1000,1,1,1767226723,1767226723,0
LTE,466,97,22710,56591285,-1,121.6625,25.0686,1000,7,1,1767226743,1767247441,0
LTE,466,97,22710,56630710,-1,121.6626,25.069,1000,1,1,1767226983,1767226983,0
LTE,466,97,22710,56625333,-1,121.6641,25.0679,1000,5,1,1767227103,1767247441,0
LTE,466,97,22710,56631478,-1,121.6649,25.0668,1000,3,1,1767227283,1767247442,0
LTE,466,97,22710,56631477,-1,121.6649,25.0661,1000,1,1,1767227393,1767227393,0
LTE,466,97,22710,56620942,-1,121.6648,25.0661,1000,1,1,1767227413,1767227413,0
LTE,466,97,22710,56620912,-1,121.6645,25.066,1000,1,1,1767227443,1767227443,0
LTE,466,97,22710,56620932,-1,121.6645,25.066,1000,1,1,1767227473,1767227473,0
LTE,466,97,22710,56620931,-1,121.6645,25.066,1000,1,1,1767227483,1767227483,0
LTE,466,97,22710,56631408,-1,121.6645,25.066,1000,1,1,1767227503,1767227503,0
LTE,466,97,22710,56620943,-1,121.6615,25.0661,1000,1,1,1767239817,1767239817,0
LTE,466,97,22710,56614285,-1,121.661,25.0658,1000,2,1,1767239827,1767261481,0
LTE,466,97,22710,56614229,-1,121.6606,25.0656,1000,2,1,1767239837,1767261481,0
LTE,466,97,22710,56611253,-1,121.6596,25.0658,1000,4,1,1767239857,1767261482,0
LTE,466,97,22710,56613303,-1,121.6569,25.0664,1000,2,1,1767239967,1767261481,0
LTE,466,97,22710,56629174,-1,121.6592,25.0665,1000,1,1,1767240077,1767240077,0
LTE,466,97,22710,56584631,-1,121.6327,25.0566,1000,9,1,1767240667,1767261482,0
LTE,466,97,22710,56577975,-1,121.6293,25.0546,1000,8,1,1767240757,1767261482,0
LTE,466,97,22710,56633063,-1,121.6265,25.0552,1000,4,1,1767240787,1767261482,0
LTE,466,97,22710,56579983,-1,121.6242,25.055,1000,7,1,1767240797,1767261482,0
LTE,466,97,22710,29443214,-1,121.6211,25.055,1000,7,1,1767240817,1767261482,0
LTE,466,97,22710,29451761,-1,121.6184,25.0551,1000,3,1,1767240867,1767261482,0
LTE,466,97,22710,29443215,-1,121.6175,25.0552,1000,3,1,1767240937,1767261482,0
LTE,466,97,22710,29461429,-1,121.6179,25.0551,1000,2,1,1767240967,1767261482,0
LTE,466,97,22710,29448077,-1,121.6163,25.0548,1000,3,1,1767241117,1767261482,0
LTE,466,97,22710,29475726,-1,121.614,25.0544,1000,7,1,1767241147,1767261482,0
LTE,466,97,22710,29440398,-1,121.6114,25.0541,1000,5,1,1767241197,1767261482,0
LTE,466,97,22710,29487345,-1,121.609,25.0537,1000,5,1,1767241247,1767261482,0
LTE,466,97,22710,29449910,-1,121.6071,25.0536,1000,5,1,1767241267,1773716946,0
LTE,466,97,22710,29461941,-1,121.6088,25.0524,1000,8,1,1767241287,1774782914,0
LTE,466,97,22530,81989361,-1,121.2174,25.0137,1000,1,1,1767244374,1767244374,0
LTE,466,97,22530,81989362,-1,121.2185,25.0104,1000,3,1,1767245194,1772170381,0
LTE,466,97,22530,82012372,-1,121.2094,25.0038,500,25,1,1767410543,1784978342,0
LTE,466,97,22530,82012371,-1,121.2091,25.0045,1000,6,1,1767410563,1784978342,0
LTE,466,97,22530,86305001,-1,121.2087,25.0037,1000,5,1,1767410713,1784978342,0
LTE,466,97,22530,86304882,-1,121.2109,25.0049,1000,5,1,1767410683,1784978342,0
LTE,466,97,22530,82012392,-1,121.2087,25.0033,1000,2,1,1767410753,1784978342,0
LTE,466,97,22530,86304881,-1,121.21,25.0033,1000,9,1,1767410863,1784978342,0
LTE,466,1,19650,131065880,0,120.5265,24.2492,1000,1,1,1767908864,1767908864,0
LTE,466,1,19650,130911759,0,120.495,24.2579,1000,1,1,1767916140,1767916140,0
LTE,466,1,19650,130911785,0,120.5051,24.2363,1000,1,1,1767930726,1767930726,0
LTE,466,97,11430,60199714,-1,121.4783,25.0109,1000,7,1,1768083293,1774083121,0
LTE,466,97,11350,60173602,-1,121.4867,25.007,3226,10,1,1768083323,1781622063,0
LTE,466,97,11350,60178613,-1,121.4842,25.008,1000,2,1,1768083413,1781622062,0
LTE,466,97,11350,60178614,-1,121.4885,25.0053,1000,7,1,1768083423,1781622063,0
LTE,466,97,11420,60245479,-1,121.5146,24.9927,1000,1,1,1768084484,1768084484,0
LTE,466,97,11420,60252085,-1,121.5146,24.9927,1000,1,1,1768084534,1768084534,0
LTE,466,97,11420,60176565,-1,121.5146,24.9927,1000,1,1,1768084513,1768084513,0
LTE,466,97,11420,60189623,-1,121.5146,24.9927,1000,1,1,1768084664,1768084664,0
LTE,466,97,22530,86276584,-1,121.231,25.0291,1000,6,1,1768499201,1768519201,0
LTE,466,97,22530,86544420,-1,121.2495,25.046,1000,11,1,1768499251,1768519202,0
LTE,466,97,22600,86540578,-1,121.2596,25.0527,1000,11,1,1768499271,1768519202,0
LTE,466,97,22530,86302441,-1,121.2653,25.0553,1000,11,1,1768499280,1768519202,0
LTE,466,97,22600,86566613,-1,121.2715,25.0574,1000,11,1,1768499291,1768519202,0
LTE,466,97,22600,86571120,-1,121.2982,25.0587,1000,14,1,1768499331,1780822514,0
LTE,466,97,11340,56396510,-1,121.4692,25.0156,1000,6,1,1768499972,1771492381,0
LTE,466,97,11340,56362933,-1,121.4713,25.0188,1000,1,1,1768500782,1768500782,0
LTE,466,97,11340,56348342,-1,121.4766,25.0225,1000,1,1,1768501322,1768501322,0
LTE,466,97,11270,56354270,-1,121.4771,25.0252,1000,3,1,1768501782,1768523522,0
LTE,466,97,11340,56382646,-1,121.4711,25.0307,1000,10,1,1768502612,1768532461,0
LTE,466,97,11340,56382676,-1,121.4707,25.0313,1000,1,1,1768502782,1768502782,0
LTE,466,97,11340,56382677,-1,121.4707,25.0313,1000,1,1,1768503492,1768503492,0
LTE,466,97,11340,56382707,-1,121.4707,25.0313,1000,1,1,1768503512,1768503512,0
LTE,466,97,11340,56378549,-1,121.4692,25.0255,1000,1,1,1768511039,1768511039,0
LTE,466,97,11340,56385977,-1,121.4672,25.0217,1000,3,1,1768511659,1768532461,0
LTE,466,97,11340,56385979,-1,121.4656,25.0197,1000,1,1,1768512069,1768512069,0
LTE,466,97,11340,56329911,-1,121.4635,25.017,1000,3,1,1768512219,1768532461,0
LTE,466,97,11290,56347603,-1,121.4646,25.015,1000,1,1,1768512439,1768512439,0
LTE,466,97,11290,56347604,-1,121.4646,25.015,1000,1,1,1768512479,1768512479,0
LTE,466,97,11290,56410517,-1,121.4498,25.004,1000,5,1,1768513684,1768536961,0
LTE,466,97,11430,56409230,-1,121.4483,25.0041,1000,3,1,1768513695,1768536961,0
LTE,466,97,11430,56409234,-1,121.4457,25.0042,1000,8,1,1768513705,1768536961,0
LTE,466,97,11430,56342670,-1,121.4394,25.0048,1000,10,1,1768513805,1770436389,0
LTE,466,97,11440,61955214,-1,121.4339,25.0047,1000,4,1,1768513845,1768536961,0
LTE,466,97,11440,60954413,-1,121.4318,25.0034,1000,5,1,1768513855,1768536961,0
LTE,466,97,11440,60954412,-1,121.4304,25.0019,1000,5,1,1768513865,1768536961,0
LTE,466,97,11440,62011792,-1,121.4286,24.9994,1000,8,1,1768513875,1768536961,0
LTE,466,97,11440,60951281,-1,121.4272,24.9967,1000,4,1,1768513895,1768536961,0
LTE,466,97,11440,60951289,-1,121.4262,24.9947,1000,6,1,1768513905,1768536961,0
LTE,466,97,11440,60944269,-1,121.4254,24.9932,1000,2,1,1768513925,1768536961,0
LTE,466,97,11440,60936120,-1,121.4208,24.9866,1000,4,1,1768514075,1768536961,0
LTE,466,97,11440,60937181,-1,121.417,24.9847,1000,6,1,1768514095,1768536961,0
LTE,466,97,11440,60937183,-1,121.415,24.9837,1000,5,1,1768514105,1768536961,0
LTE,466,97,11440,60942960,-1,121.4054,24.9785,1000,11,1,1768514225,1768536962,0
LTE,466,97,11440,60930415,-1,121.4019,24.9761,1000,4,1,1768514255,1768536962,0
LTE,466,97,11440,60929719,-1,121.3916,24.9721,1000,9,1,1768514345,1768536962,0
LTE,466,97,11310,61188132,-1,121.3789,24.9633,1000,6,1,1768514445,1768536962,0
LTE,466,97,11310,60940266,-1,121.3768,24.9618,1000,6,1,1768514455,1768536962,0
LTE,466,97,11310,61188278,-1,121.3629,24.9564,1000,4,1,1768514525,1768536962,0
LTE,466,97,11310,61197011,-1,121.3566,24.9555,1000,3,1,1768514565,1768536962,0
LTE,466,97,11310,61187183,-1,121.3561,24.9552,1000,1,1,1768514575,1768514575,0
LTE,466,97,11310,61186007,-1,121.3503,24.9513,1000,4,1,1768514685,1768536962,0
LTE,466,97,11310,61195887,-1,121.3403,24.9487,1000,11,1,1768514725,1768536962,0
LTE,466,97,11310,61191863,-1,121.3361,24.9542,1000,7,1,1768514775,1768536963,0
LTE,466,97,11310,61187049,-1,121.339,24.9703,1000,4,1,1768514905,1768536963,0
LTE,466,97,11310,61197188,-1,121.3371,24.9724,1000,4,1,1768514925,1768536963,0
LTE,466,97,11310,61197237,-1,121.3351,24.9741,1000,5,1,1768514955,1768536963,0
LTE,466,97,11310,61188022,-1,121.3329,24.9763,1000,7,1,1768515025,1768536963,0
LTE,466,97,11310,61196469,-1,121.3307,24.9784,1000,4,1,1768515045,1768536963,0
LTE,466,97,11310,61196471,-1,121.3288,24.9807,1000,7,1,1768515055,1768536963,0
LTE,466,97,22570,85249207,-1,121.3235,24.9876,1000,7,1,1768515105,1768536963,0
LTE,466,97,22520,84501174,-1,121.2996,24.9862,1000,11,1,1768515365,1768536964,0
LTE,466,97,22520,84481207,-1,121.2887,24.9839,1000,11,1,1768515405,1768536964,0
LTE,466,97,22550,85514677,-1,121.2773,24.9815,1000,11,1,1768515445,1768536964,0
LTE,466,97,22550,85514679,-1,121.2689,24.9762,1000,8,1,1768515485,1768536964,0
LTE,466,97,22550,84497848,-1,121.2646,24.9748,1000,14,1,1768515525,1771571103,0
LTE,466,97,22550,82002644,-1,121.2572,24.9723,1000,7,1,1768515565,1784953201,0
LTE,466,97,22550,82002615,-1,121.2521,24.9695,1000,11,1,1768515685,1784953202,0
LTE,466,97,22550,81994677,-1,121.2474,24.9658,1000,6,1,1768515705,1768536964,0
LTE,466,97,22550,81928375,-1,121.2288,24.9547,1000,6,1,1768515815,1768536964,0
LTE,466,97,22550,81922486,-1,121.2272,24.9539,1000,3,1,1768515835,1768536964,0
LTE,466,97,22550,81921717,-1,121.2274,24.9607,1000,2,1,1768516715,1768536964,0
LTE,466,97,22550,82012853,-1,121.2271,24.9613,1000,4,1,1768516735,1784953202,0
LTE,466,97,22550,81993142,-1,121.221,24.9678,1000,1,1,1768518203,1768518203,0
LTE,466,97,22550,81968852,-1,121.2182,24.9747,1000,5,1,1768518323,1768539121,0
LTE,466,97,22530,81946806,-1,121.2022,25.0012,1000,4,1,1768519004,1784978342,0
LTE,466,97,22530,81994422,-1,121.2082,25.0042,1210,3,1,1768523645,1784978342,0
LTE,466,92,24600,106117142,-1,120.717,24.2499,1000,6,1,1761776060,1768723322,0
LTE,466,92,24600,106117145,-1,120.7162,24.2502,1000,1,1,1761776122,1761776122,0
LTE,466,92,24600,106126910,-1,120.7176,24.2497,1000,1,1,1761776731,1761776731,0
LTE,466,92,24500,109283854,-1,120.6998,24.2878,1000,4,1,1761849707,1768723322,0
LTE,466,92,24500,105713165,-1,120.7065,24.2865,1000,20,1,1761849737,1768723322,0
LTE,466,92,24600,109072929,-1,120.7236,24.2925,1000,6,1,1761850127,1768723323,0
LTE,466,92,24600,105433889,-1,120.7238,24.295,1000,7,1,1761850147,1768723323,0
LTE,466,92,24600,105863960,-1,120.724,24.2975,1000,7,1,1761850187,1768723323,0
LTE,466,92,24600,105433919,-1,120.7216,24.3063,2642,7,1,1761850227,1768723326,0
LTE,466,92,24600,105433899,-1,120.7316,24.2984,1000,9,1,1761850267,1768723323,0
LTE,466,92,24600,106747701,-1,120.7306,24.2984,1000,4,1,1761850277,1768723323,0
LTE,466,92,24600,106747937,-1,120.7349,24.2985,1000,4,1,1761850337,1768723323,0
LTE,466,92,24600,106747918,-1,120.7356,24.2995,1000,4,1,1761850357,1768723323,0
LTE,466,92,24600,105462838,-1,120.7356,24.3008,1000,4,1,1761850377,1768723323,0
LTE,466,92,24600,105530688,-1,120.7309,24.3054,1000,4,1,1761850457,1768723323,0
LTE,466,92,24600,105530668,-1,120.7307,24.3075,1000,7,1,1761850477,1768723323,0
LTE,466,92,24600,105530647,-1,120.7296,24.3093,1000,4,1,1761850537,1768723323,0
LTE,466,92,24600,108681230,-1,120.7248,24.3091,1000,9,1,1761850577,1768723323,0
LTE,466,92,24600,105863990,-1,120.7195,24.3093,1000,4,1,1761850687,1768723324,0
LTE,466,92,24600,105863980,-1,120.7174,24.3097,1000,7,1,1761850747,1768723324,0
LTE,466,92,24600,105864000,-1,120.7148,24.3102,1000,5,1,1761850777,1768723324,0
LTE,466,92,24500,106527758,-1,120.7126,24.3105,1000,5,1,1761850797,1768723324,0
LTE,466,92,24500,107186731,-1,120.7093,24.3111,1000,5,1,1761850867,1768723324,0
LTE,466,92,24500,107186732,-1,120.7069,24.3115,1000,6,1,1761850887,1768723324,0
LTE,466,92,24500,109283894,-1,120.7054,24.3117,1000,2,1,1761850907,1768723324,0
LTE,466,92,24500,108686379,-1,120.7046,24.3119,1000,2,1,1761850937,1768723324,0
LTE,466,92,24500,108686380,-1,120.6989,24.3129,1000,19,1,1761850987,1768723324,0
LTE,466,92,24500,109283883,-1,120.7026,24.3123,1000,3,1,1761850997,1768723324,0
LTE,466,92,24500,108686398,-1,120.6932,24.3138,1000,4,1,1761851097,1768723324,0
LTE,466,92,24500,108686400,-1,120.6916,24.314,1000,4,1,1761851117,1768723324,0
LTE,466,92,24500,105466904,-1,120.6895,24.3145,1000,5,1,1761851137,1768723324,0
LTE,466,92,24500,105466914,-1,120.6873,24.3164,1000,9,1,1761851157,1768723325,0
LTE,466,92,24500,109309464,-1,120.6845,24.3154,1000,6,1,1761851177,1768723325,0
LTE,466,92,24500,109309474,-1,120.6845,24.3167,1000,10,1,1761851207,1768723325,0
LTE,466,92,24500,109309473,-1,120.6825,24.3157,1000,1,1,1761851237,1761851237,0
LTE,466,92,24500,109309454,-1,120.6915,24.3178,1000,4,1,1761851337,1768723325,0
LTE,466,92,24500,107185984,-1,120.6952,24.3191,1000,14,1,1761851357,1768723325,0
LTE,466,92,24500,107185974,-1,120.698,24.3219,1000,11,1,1761851417,1768723325,0
LTE,466,92,24500,108530968,-1,120.7011,24.3238,1000,11,1,1761851537,1768723326,0
LTE,466,92,24500,108684844,-1,120.7042,24.3269,1000,8,1,1761851587,1768723326,0
LTE,466,92,24600,105571863,-1,120.7062,24.3275,1000,3,1,1761851617,1768723326,0
LTE,466,92,24500,108684833,-1,120.7072,24.3269,1000,3,1,1761851627,1768723326,0
LTE,466,92,24500,108684835,-1,120.7078,24.3265,1000,1,1,1761851657,1761851657,0
LTE,466,92,24500,108684834,-1,120.709,24.327,1000,5,1,1761851687,1768723326,0
LTE,466,92,24500,106690859,-1,120.7178,24.3263,1000,10,1,1761851787,1768723326,0
LTE,466,92,24600,109070369,-1,120.7213,24.3246,1000,8,1,1761851827,1768723326,0
LTE,466,92,24600,109070350,-1,120.7239,24.3251,1000,5,1,1761851877,1768723326,0
LTE,466,92,24600,105528353,-1,120.7281,24.3274,1000,20,1,1761851997,1768723326,0
LTE,466,92,24600,106690839,-1,120.7303,24.3336,1000,5,1,1761852117,1768723326,0
LTE,466,92,24600,105384215,-1,120.731,24.337,1000,7,1,1761852457,1768723381,0
LTE,466,92,24600,109461527,-1,120.7308,24.3357,1000,3,1,1761852887,1768723326,0
LTE,466,92,24600,105384225,-1,120.732,24.3409,1000,10,1,1761852917,1768723381,0
LTE,466,92,24500,106355007,-1,120.7356,24.3499,1000,8,1,1761852997,1768723507,0
LTE,466,92,24500,106354968,-1,120.7358,24.3545,1000,3,1,1761853057,1768723382,0
LTE,466,92,24500,105934605,-1,120.7191,24.3591,1078,18,1,1761853227,1768723382,0
LTE,466,92,24500,105934625,-1,120.7055,24.3608,1526,24,1,1761853327,1768723382,0
LTE,466,92,24500,106813985,-1,120.7023,24.3606,1000,13,1,1761853417,1768723382,0
LTE,466,92,24500,106989591,-1,120.6952,24.3608,1000,11,1,1761853477,1768723382,0
LTE,466,92,24500,106568983,-1,120.6943,24.3609,1000,4,1,1761853497,1768723382,0
LTE,466,92,24500,109503255,-1,120.6896,24.3617,1000,4,1,1761853527,1768723382,0
LTE,466,92,24500,108270359,-1,120.6889,24.3619,1000,1,1,1761853537,1761853537,0
LTE,466,92,24500,106757410,-1,120.688,24.3623,1000,4,1,1761853557,1768723382,0
LTE,466,92,24500,108270368,-1,120.686,24.3634,1000,6,1,1761853577,1768723382,0
LTE,466,92,24500,109097741,-1,120.6842,24.3643,1000,3,1,1761853597,1768723382,0
LTE,466,92,24500,109097762,-1,120.6801,24.366,1000,7,1,1761853607,1768723382,0
LTE,466,92,24500,108270371,-1,120.6772,24.3672,1000,4,1,1761853647,1768723382,0
LTE,466,92,24500,109097782,-1,120.676,24.3679,1000,3,1,1761853657,1768723382,0
LTE,466,92,24500,109097772,-1,120.6741,24.3688,1000,6,1,1761853667,1768723382,0
LTE,466,92,24500,108640546,-1,120.6617,24.3757,1000,6,1,1761853787,1768723382,0
LTE,466,92,24000,106157592,-1,120.6556,24.378,1000,10,1,1761853807,1768723383,0
LTE,466,92,24500,108640556,-1,120.6557,24.3823,1000,8,1,1761853817,1768723383,0
LTE,466,92,24000,106523691,-1,120.6565,24.3809,1000,4,1,1761853847,1768723383,0
LTE,466,92,24000,106157582,-1,120.6547,24.3819,1000,10,1,1761853917,1768723383,0
LTE,466,92,24000,106523701,-1,120.6529,24.3799,1000,10,1,1761854087,1768723383,0
LTE,466,92,24500,105697343,-1,120.6507,24.375,1000,3,1,1761854107,1768723383,0
LTE,466,92,24000,106157621,-1,120.6506,24.3802,1000,5,1,1761854237,1768723383,0
LTE,466,92,24000,106157622,-1,120.656,24.3858,1000,3,1,1761854357,1768723383,0
LTE,466,92,24000,105697303,-1,120.6556,24.3881,1000,3,1,1761854377,1768723383,0
LTE,466,92,24000,106523711,-1,120.6548,24.3889,1000,3,1,1761854387,1768723383,0
LTE,466,92,24000,106157612,-1,120.6541,24.3902,1000,6,1,1761854407,1768723383,0
LTE,466,92,24000,106155583,-1,120.655,24.3921,1000,4,1,1761854537,1768723383,0
LTE,466,92,24000,106504216,-1,120.6554,24.3926,1000,2,1,1761854547,1768723383,0
LTE,466,92,24500,108640526,-1,120.6565,24.3942,1000,6,1,1761854587,1768723383,0
LTE,466,92,24000,106155584,-1,120.6581,24.3963,1000,6,1,1761854607,1768723383,0
LTE,466,92,24000,106155574,-1,120.6592,24.398,1000,5,1,1761854627,1768723383,0
LTE,466,92,24000,106155545,-1,120.6582,24.3999,1000,6,1,1761854647,1768723383,0
LTE,466,92,24000,106155543,-1,120.6561,24.4017,1000,6,1,1761854667,1768723383,0
LTE,466,92,24000,105602594,-1,120.654,24.4035,1000,6,1,1761854687,1768723383,0
LTE,466,92,24000,106155534,-1,120.652,24.405,1000,6,1,1761854707,1768723383,0
LTE,466,92,24000,106155554,-1,120.6507,24.4057,1000,2,1,1761854727,1768723383,0
LTE,466,92,24000,106504206,-1,120.6494,24.4064,1000,5,1,1761854747,1768723383,0
LTE,466,92,24000,105602604,-1,120.6479,24.4072,1000,3,1,1761854787,1768723383,0
LTE,466,92,24000,106504226,-1,120.6464,24.4082,1000,6,1,1761854797,1768723383,0
LTE,466,92,24000,106501675,-1,120.647,24.4101,1000,6,1,1761854827,1768723383,0
LTE,466,92,24500,105981473,-1,120.6495,24.4144,1000,17,1,1761854857,1768723384,0
LTE,466,92,24500,105975319,-1,120.6497,24.4146,1000,3,1,1761854897,1768723383,0
LTE,466,92,24500,105981453,-1,120.6545,24.4186,1000,10,1,1761854937,1768723384,0
LTE,466,92,24500,105975309,-1,120.6548,24.4188,1000,1,1,1761854967,1761854967,0
LTE,466,92,24500,106937388,-1,120.6549,24.4188,1000,1,1,1761854997,1761854997,0
LTE,466,92,24500,105981454,-1,120.6551,24.419,1000,2,1,1761855037,1768723384,0
LTE,466,92,24500,106572055,-1,120.6569,24.4201,1000,3,1,1761855057,1768723384,0
LTE,466,92,24500,106572045,-1,120.659,24.4215,1000,8,1,1761855067,1768723384,0
LTE,466,92,24500,106960161,-1,120.661,24.4258,1000,14,1,1761855097,1768723384,0
LTE,466,92,24500,108548445,-1,120.6599,24.4285,1000,2,1,1761855207,1768723384,0
LTE,466,92,24500,106925090,-1,120.6608,24.4301,1000,9,1,1761855217,1768723384,0
LTE,466,92,24500,107000885,-1,120.6608,24.4326,1000,5,1,1761855267,1768723384,0
LTE,466,92,24500,107000895,-1,120.6598,24.4343,1000,4,1,1761855287,1768723384,0
LTE,466,92,24500,107000855,-1,120.6584,24.4367,1000,9,1,1761855307,1768723384,0
LTE,466,92,24500,107000856,-1,120.6574,24.4385,1000,2,1,1761855357,1768723384,0
LTE,466,92,24500,107000866,-1,120.6544,24.4399,1000,14,1,1761855367,1768723384,0
LTE,466,92,24500,105908494,-1,120.6511,24.4416,1000,4,1,1761855447,1768723384,0
LTE,466,92,24500,106917410,-1,120.6514,24.4426,1000,2,1,1761855547,1768723384,0
LTE,466,92,24500,106917390,-1,120.6515,24.4442,1000,8,1,1761855567,1768723384,0
LTE,466,92,24500,106917388,-1,120.6514,24.4435,1000,1,1,1761855907,1761855907,0
LTE,466,92,24500,106979894,-1,120.6531,24.4473,1000,8,1,1761855967,1768723384,0
LTE,466,92,24500,106917409,-1,120.6511,24.4437,1000,1,1,1761855987,1761855987,0
LTE,466,92,24500,105988375,-1,120.6564,24.4518,1000,11,1,1761856317,1768723384,0
LTE,466,92,24500,105988395,-1,120.6594,24.4561,1000,11,1,1761856337,1768723384,0
LTE,466,92,24500,105988365,-1,120.6613,24.4622,1000,6,1,1761856367,1768723384,0
LTE,466,92,24500,105738017,-1,120.6619,24.466,1000,11,1,1761856377,1768723384,0
LTE,466,92,24500,106941208,-1,120.6652,24.4753,1000,11,1,1761856417,1768723384,0
LTE,466,92,24500,106941198,-1,120.6679,24.4788,1000,9,1,1761856437,1768723385,0
LTE,466,92,24500,105716287,-1,120.67,24.4816,1000,7,1,1761856457,1768723385,0
LTE,466,92,24500,106001984,-1,120.672,24.4839,1000,6,1,1761856477,1768723385,0
LTE,466,92,24500,105716288,-1,120.6737,24.4857,1000,6,1,1761856497,1768723385,0
LTE,466,92,24500,105716277,-1,120.6755,24.4883,1000,9,1,1761856517,1768723385,0
LTE,466,92,24500,105716257,-1,120.6772,24.4907,1000,5,1,1761856557,1768723385,0
LTE,466,92,24500,105928226,-1,120.6792,24.493,1000,14,1,1761856577,1768723385,0
LTE,466,92,24500,105928224,-1,120.6783,24.492,1000,1,1,1761856747,1761856747,0
LTE,466,92,24500,105977161,-1,120.6832,24.4973,1000,12,1,1761857977,1768723385,0
LTE,466,92,24500,106353954,-1,120.6879,24.505,1000,11,1,1761858037,1768723385,0
LTE,466,92,24500,105977102,-1,120.6895,24.5095,1000,11,1,1761858057,1768723385,0
LTE,466,92,24500,107252012,-1,120.6907,24.5143,1000,5,1,1761858077,1768723385,0
LTE,466,92,24500,106728728,-1,120.6914,24.5188,1000,11,1,1761858097,1768723385,0
LTE,466,92,24500,106911245,-1,120.6919,24.5236,1000,11,1,1761858117,1768723385,0
LTE,466,92,24500,105913111,-1,120.693,24.5305,1000,11,1,1761858147,1768723385,0
LTE,466,92,24500,105913101,-1,120.6936,24.5337,1000,3,1,1761858187,1768723385,0
LTE,466,92,24500,105913121,-1,120.6943,24.5361,1000,8,1,1761858197,1768723385,0
LTE,466,92,24500,105934153,-1,120.6951,24.5392,1000,6,1,1761858227,1768723385,0
LTE,466,92,24500,105934143,-1,120.6953,24.5404,1000,1,1,1761858257,1761858257,0
LTE,466,92,24500,105934144,-1,120.6957,24.542,1000,8,1,1761858267,1768723385,0
LTE,466,92,24500,106941523,-1,120.6966,24.545,1000,6,1,1761858337,1768723385,0
LTE,466,92,24500,106941473,-1,120.6973,24.5475,1000,6,1,1761858357,1768723385,0
LTE,466,92,24500,106941455,-1,120.6988,24.5503,1000,7,1,1761858377,1768723385,0
LTE,466,92,24500,105913130,-1,120.7009,24.5537,1000,11,1,1761858397,1768723386,0
LTE,466,92,24500,105913131,-1,120.7028,24.5568,1000,6,1,1761858417,1768723386,0
LTE,466,92,24500,105928481,-1,120.7043,24.5592,1000,6,1,1761858437,1768723386,0
LTE,466,92,24500,105928461,-1,120.7062,24.5622,1000,10,1,1761858457,1768723386,0
LTE,466,92,24500,105928462,-1,120.7076,24.5644,1000,3,1,1761858497,1768723386,0
LTE,466,92,24500,110969142,-1,120.7096,24.5677,1000,8,1,1761858577,1768723386,0
LTE,466,92,24500,110969152,-1,120.7114,24.5709,1000,4,1,1761858617,1768723386,0
LTE,466,92,24500,110969102,-1,120.7116,24.5729,1000,4,1,1761858627,1768723386,0
LTE,466,92,24500,105934124,-1,120.7115,24.5748,1000,4,1,1761858637,1768723386,0
LTE,466,92,24500,105934123,-1,120.7124,24.5789,1000,12,1,1761858647,1768723386,0
LTE,466,92,24500,105910079,-1,120.7142,24.5838,1000,11,1,1761858677,1768723386,0
LTE,466,92,24500,105910070,-1,120.7154,24.587,1000,6,1,1761858697,1768723386,0
LTE,466,92,24500,105910060,-1,120.7169,24.5901,1000,11,1,1761858707,1768723386,0
LTE,466,92,24500,105910059,-1,120.7195,24.5942,1000,11,1,1761858727,1768723386,0
LTE,466,92,24500,105999127,-1,120.7225,24.5979,1000,11,1,1761858747,1768723386,0
LTE,466,92,24500,105999117,-1,120.726,24.6013,1000,11,1,1761858767,1768723386,0
LTE,466,92,24500,105999118,-1,120.7299,24.6043,1000,11,1,1761858787,1768723386,0
LTE,466,92,24500,105986593,-1,120.7372,24.6056,1000,21,1,1761858807,1768723386,0
LTE,466,92,24500,105986574,-1,120.7471,24.6082,1000,23,1,1761858847,1768723387,0
LTE,466,92,24500,105937441,-1,120.7545,24.6117,1000,11,1,1761858897,1768723387,0
LTE,466,92,24500,105937442,-1,120.758,24.612,1000,4,1,1761858937,1768723387,0
LTE,466,92,24500,105937422,-1,120.7623,24.6113,1000,13,1,1761859007,1768723387,0
LTE,466,92,24500,105847063,-1,120.7697,24.6071,1000,11,1,1761859037,1768723387,0
LTE,466,92,24500,106732321,-1,120.7758,24.6062,1000,6,1,1761859077,1768723387,0
LTE,466,92,24500,105918783,-1,120.7798,24.6078,1000,9,1,1761859097,1768723387,0
LTE,466,92,24500,105917483,-1,120.7841,24.6124,1000,9,1,1761859127,1768723387,0
LTE,466,92,24500,105917484,-1,120.7858,24.6145,1000,3,1,1761859157,1768723387,0
LTE,466,92,24500,105917454,-1,120.7873,24.6166,1000,9,1,1761859167,1768723387,0
LTE,466,92,24500,105852223,-1,120.7892,24.6191,1000,4,1,1761859257,1768723387,0
LTE,466,92,24500,105852224,-1,120.7907,24.6211,1000,4,1,1761859267,1768723387,0
LTE,466,92,24500,105852204,-1,120.7914,24.623,1000,6,1,1761859277,1768723387,0
LTE,466,92,24500,106955042,-1,120.7929,24.6273,1000,6,1,1761859297,1768723387,0
LTE,466,92,24500,106955041,-1,120.7942,24.6306,1000,11,1,1761859307,1768723387,0
LTE,466,92,24500,105917789,-1,120.7963,24.6343,1000,6,1,1761859327,1768723387,0
LTE,466,92,24500,105917788,-1,120.799,24.6387,1000,8,1,1761859347,1768723387,0
LTE,466,92,24500,105917729,-1,120.801,24.6419,1000,6,1,1761859387,1768723387,0
LTE,466,92,24500,106733119,-1,120.8077,24.6526,1000,11,1,1761859527,1768723388,0
LTE,466,92,24500,106733100,-1,120.8138,24.6586,649,26,1,1761859547,1768723388,0
LTE,466,92,24500,105986338,-1,120.8212,24.663,1000,11,1,1761859597,1768723388,0
LTE,466,92,24500,105986318,-1,120.8285,24.6648,1000,21,1,1761859617,1768723388,0
LTE,466,92,24500,106963479,-1,120.8406,24.6621,1000,11,1,1761859677,1768723388,0
LTE,466,92,24500,106354210,-1,120.8495,24.657,1000,19,1,1761859697,1768723388,0
LTE,466,92,24500,106354199,-1,120.8627,24.658,1000,8,1,1761859777,1768723441,0
LTE,466,92,24500,106354200,-1,120.8601,24.6574,1000,13,1,1761859797,1768723441,0
LTE,466,92,24500,105926413,-1,120.8669,24.6593,1000,6,1,1761859897,1768723441,0
LTE,466,92,24500,106803489,-1,120.869,24.6603,1000,6,1,1761859907,1768723441,0
LTE,466,92,24500,106942497,-1,120.8709,24.6618,1000,6,1,1761859917,1768723441,0
LTE,466,92,24500,106930229,-1,120.8733,24.6648,1000,7,1,1761859927,1768723441,0
LTE,466,92,24500,108480053,-1,120.8751,24.6675,1000,6,1,1761859947,1768723441,0
LTE,466,92,24500,106787903,-1,120.8782,24.6723,1000,11,1,1761859967,1768723441,0
LTE,466,92,24500,106787902,-1,120.8795,24.6751,1000,4,1,1761859987,1768723441,0
LTE,466,92,24500,105924620,-1,120.8804,24.6857,1000,2,1,1761860057,1768723441,0
LTE,466,92,24500,106779926,-1,120.8804,24.6861,1000,1,1,1761860077,1761860077,0
LTE,466,92,24500,104219918,-1,120.8805,24.6862,1000,1,1,1761860187,1761860187,0
LTE,466,92,24500,105911564,-1,120.8696,24.7202,1000,4,1,1761860477,1768723442,0
LTE,466,92,24500,106778135,-1,120.8707,24.7219,1000,4,1,1761860497,1768723442,0
LTE,466,92,13750,80275214,-1,120.9087,24.752,1000,9,1,1761860767,1768723442,0
LTE,466,92,13750,87993417,-1,120.9125,24.7597,1000,5,1,1761860817,1768723443,0
LTE,466,92,13701,81266446,-1,121.003,24.831,1000,4,1,1761861777,1768723445,0
LTE,466,92,13701,81013272,-1,121.0052,24.8344,1000,7,1,1761861807,1768723504,0
LTE,466,92,13701,80433676,-1,121.0116,24.8524,1000,7,1,1761861977,1768723445,0
LTE,466,92,13701,80205088,-1,120.9997,24.8586,1000,7,1,1761862037,1768723445,0
LTE,466,92,11104,55388950,-1,121.5206,25.0532,1000,2,1,1761881466,1768723445,0
LTE,466,92,11104,54456089,-1,121.5214,25.052,1000,1,1,1761881806,1761881806,0
LTE,466,92,11104,54677282,-1,121.5218,25.0516,1000,2,1,1761881846,1768723445,0
LTE,466,92,12600,28593443,-1,121.5162,25.0116,1000,6,1,1761885181,1768723446,0
LTE,466,92,12600,30226979,-1,121.5175,25.0114,1000,1,1,1761885391,1761885391,0
LTE,466,92,12600,28593423,-1,121.5177,25.0115,1000,1,1,1761885411,1761885411,0
LTE,466,92,12600,30264895,-1,121.5181,25.0117,1000,2,1,1761885431,1768723446,0
LTE,466,92,11100,54740750,-1,121.5173,25.03,1000,1,1,1761940377,1761940377,0
LTE,466,92,11100,55623714,-1,121.5167,25.0306,1000,3,1,1761940527,1768723446,0
LTE,466,92,11100,54368034,-1,121.5164,25.0311,1000,1,1,1761940657,1761940657,0
LTE,466,92,11100,54725666,-1,121.5146,25.0346,1000,1,1,1761941157,1761941157,0
LTE,466,92,11102,54360599,-1,121.5146,25.0362,1000,1,1,1761941427,1761941427,0
LTE,466,92,11100,55656501,-1,121.5144,25.0361,1000,1,1,1761941457,1761941457,0
LTE,466,92,11102,55612429,-1,121.5146,25.0365,1000,1,1,1761941525,1761941525,0
LTE,466,92,11101,63190582,-1,121.5336,25.0623,1000,8,1,1762012103,1768723446,0
LTE,466,92,11101,65750542,-1,121.538,25.0635,1000,5,1,1762012933,1768723446,0
LTE,466,92,11701,55363094,-1,121.5398,25.063,1000,6,1,1762013243,1768723446,0
LTE,466,92,11101,60630582,-1,121.5394,25.0637,1000,1,1,1762013813,1762013813,0
LTE,466,92,11101,55256079,-1,121.5398,25.0629,1000,1,1,1762014423,1762014423,0
LTE,466,92,12400,29608206,-1,121.4703,25.0181,1000,1,1,1762020405,1762020405,0
LTE,466,92,12400,29608216,-1,121.4689,25.0171,1000,7,1,1762020413,1768723446,0
LTE,466,92,12400,28679950,-1,121.4626,25.014,1000,2,1,1762020743,1768723446,0
LTE,466,92,12400,29902360,-1,121.4622,25.0129,1000,6,1,1762020763,1768723446,0
LTE,466,92,12400,30319158,-1,121.4559,25.0047,1000,4,1,1762020983,1768723446,0
LTE,466,92,12400,37943320,-1,121.4511,24.9993,1000,5,1,1762021153,1768723447,0
LTE,466,92,12700,29313816,-1,121.4468,24.9954,1000,4,1,1762021190,1768723447,0
LTE,466,92,12700,28576032,-1,121.4385,24.9811,1000,4,1,1762021279,1768723447,0
LTE,466,92,12700,30714656,-1,121.4371,24.9781,1000,4,1,1762021299,1768723447,0
LTE,466,92,12700,29438240,-1,121.436,24.9766,1000,4,1,1762021309,1768723447,0
LTE,466,92,12700,29438230,-1,121.4348,24.9753,1000,4,1,1762021319,1768723447,0
LTE,466,92,12700,29452310,-1,121.4336,24.9743,1000,4,1,1762021329,1768723447,0
LTE,466,92,12700,30246690,-1,121.4333,24.9689,1000,3,1,1762021379,1768723447,0
LTE,466,92,12700,29058318,-1,121.4326,24.9662,1000,10,1,1762021389,1768723447,0
LTE,466,92,13600,80312137,-1,121.1719,24.7975,1000,10,1,1762023537,1768723501,0
LTE,466,92,13600,82872078,-1,121.173,24.7967,1000,4,1,1762023557,1768723501,0
LTE,466,92,13600,80276750,-1,121.1754,24.7947,1000,9,1,1762023567,1768723448,0
LTE,466,92,13600,80276770,-1,121.1722,24.7892,506,30,1,1762023657,1768723563,0
LTE,466,92,13600,80386318,-1,121.1804,24.794,1000,10,1,1762024047,1768723563,0
LTE,466,92,13600,80276760,-1,121.175,24.7897,1000,21,1,1762024117,1768723563,0
LTE,466,92,13600,80386328,-1,121.1783,24.7912,771,40,1,1762024177,1768723564,0
LTE,466,92,13600,81259553,-1,121.1765,24.7895,1000,4,1,1762036914,1768723563,0
LTE,466,92,13600,81259552,-1,121.1753,24.7893,1000,4,1,1762042950,1768723563,0
LTE,466,92,13600,80386327,-1,121.1771,24.7902,1000,9,1,1762044270,1768723564,0
LTE,466,97,22510,78336489,-1,121.1765,24.7899,1000,2,1,1762044320,1768723563,0
LTE,466,92,22510,78336489,-1,121.1766,24.7898,1000,1,1,1762044873,1762044873,0
LTE,466,92,13600,80276758,-1,121.1764,24.7896,1000,4,1,1762045463,1768723563,0
LTE,466,92,13600,81550360,-1,121.1672,24.7986,1104,14,1,1762051453,1768723563,0
LTE,466,92,13600,80300568,-1,121.1523,24.8026,2335,6,1,1762051623,1768723563,0
LTE,466,92,13600,80278798,-1,121.1376,24.8099,1000,15,1,1762051683,1768723502,0
LTE,466,92,13600,80278818,-1,121.1248,24.8143,718,28,1,1762051813,1768723502,0
LTE,466,92,13600,80347660,-1,121.1174,24.8158,1000,3,1,1762051923,1768723502,0
LTE,466,92,13600,80347661,-1,121.1144,24.8163,1000,6,1,1762051933,1768723502,0
LTE,466,92,13600,80305944,-1,121.112,24.8166,1000,1,1,1762051983,1762051983,0
LTE,466,92,13600,81538062,-1,121.1102,24.8166,1000,7,1,1762052014,1768723502,0
LTE,466,92,13600,81538082,-1,121.1041,24.8175,1000,19,1,1762052043,1768723502,0
LTE,466,92,13600,80431640,-1,121.093,24.8225,1000,21,1,1762052103,1768723502,0
LTE,466,92,13600,80431630,-1,121.0852,24.8264,1000,5,1,1762052213,1768723502,0
LTE,466,92,13600,80274200,-1,121.0836,24.8268,1000,4,1,1762052234,1768723502,0
LTE,466,92,13600,80274210,-1,121.081,24.8275,1000,7,1,1762052253,1768723503,0
LTE,466,92,13600,85283616,-1,121.0798,24.8278,1000,2,1,1762052324,1768723502,0
LTE,466,92,13600,80918798,-1,121.0781,24.8278,1000,2,1,1762052353,1768723502,0
LTE,466,92,13600,81266702,-1,121.0773,24.8279,1000,2,1,1762052364,1768723502,0
LTE,466,92,13600,80918818,-1,121.076,24.8281,1000,4,1,1762052373,1768723503,0
LTE,466,92,13600,81266722,-1,121.0735,24.8279,1000,8,1,1762052394,1768723503,0
LTE,466,92,13600,81675534,-1,121.0709,24.8279,1000,3,1,1762052474,1768723503,0
LTE,466,92,13600,81543202,-1,121.0653,24.8257,1000,8,1,1762052554,1768723503,0
LTE,466,92,13600,80428302,-1,121.0631,24.825,1000,3,1,1762052583,1768723503,0
LTE,466,92,13600,80428322,-1,121.0601,24.8249,1000,10,1,1762052604,1768723503,0
LTE,466,92,13600,90403667,-1,121.0552,24.8259,1000,6,1,1762052674,1768723503,0
LTE,466,92,13600,82723627,-1,121.0493,24.8273,1000,9,1,1762052754,1768723503,0
LTE,466,92,13701,80452632,-1,121.0309,24.8323,1000,12,1,1762052914,1768723503,0
LTE,466,92,13701,80452622,-1,121.0278,24.8339,1000,3,1,1762052964,1768723503,0
LTE,466,92,13701,80452642,-1,121.0265,24.8342,1000,4,1,1762053014,1768723503,0
LTE,466,92,13701,81016600,-1,121.025,24.8343,1000,3,1,1762053034,1768723503,0
LTE,466,92,13701,81723662,-1,121.023,24.8346,1000,4,1,1762053064,1768723503,0
LTE,466,92,13701,81723672,-1,121.0218,24.8349,1000,4,1,1762053114,1782751501,0
LTE,466,92,13701,81900558,-1,121.0199,24.8355,1000,3,1,1762053123,1768723503,0
LTE,466,92,13701,81900568,-1,121.0177,24.8352,1000,6,1,1762053303,1768723503,0
LTE,466,92,13701,82721294,-1,121.0161,24.8351,1000,2,1,1762053353,1768723503,0
LTE,466,92,13701,80267042,-1,121.015,24.8352,1000,1,1,1762053373,1762053373,0
LTE,466,92,13701,80267032,-1,121.0154,24.8351,1000,1,1,1762053363,1762053363,0
LTE,466,92,13701,80267031,-1,121.0148,24.8352,1000,1,1,1762053414,1762053414,0
LTE,466,92,13701,80267022,-1,121.015,24.8352,1000,1,1,1762053383,1762053383,0
LTE,466,92,13701,80284192,-1,121.0072,24.8379,1000,6,1,1762053583,1768723503,0
LTE,466,92,13701,80919310,-1,121.0052,24.8374,1000,6,1,1762053614,1768723504,0
LTE,466,92,13701,80520472,-1,121.0053,24.8385,1000,2,1,1762053654,1768723504,0
LTE,466,92,13701,80919320,-1,121.0049,24.8357,1000,3,1,1762053713,1768723504,0
LTE,466,92,13701,81013262,-1,121.0045,24.8346,1000,3,1,1762053724,1768723504,0
LTE,466,92,13701,81532450,-1,121.0038,24.8328,1000,2,1,1762053744,1768723504,0
LTE,466,92,13701,81545230,-1,121.0012,24.8302,1000,3,1,1762053874,1768723504,0
LTE,466,92,13750,80314432,-1,120.9736,24.8041,1000,2,1,1762054604,1768723504,0
LTE,466,92,13750,80299032,-1,120.9708,24.8041,1000,6,1,1762054834,1768723504,0
LTE,466,92,13750,80262414,-1,120.9701,24.8044,1000,1,1,1762054864,1762054864,0
LTE,466,92,13750,80903694,-1,120.9716,24.8022,1000,1,1,1762055114,1762055114,0
LTE,466,92,13750,79714572,-1,120.9713,24.8016,1000,3,1,1762055124,1768723504,0
LTE,466,92,13750,82923042,-1,120.9718,24.8014,1000,1,1,1762055714,1762055714,0
LTE,466,92,24101,106020416,-1,120.6683,24.1567,1000,2,1,1762282899,1768723504,0
LTE,466,92,24600,105676045,-1,120.8242,24.2695,1000,5,1,1763713964,1768723505,0
LTE,466,92,24600,105864747,-1,120.7974,24.29,1000,9,1,1763714284,1768723505,0
LTE,466,92,24600,105717291,-1,120.8018,24.301,1000,4,1,1763714394,1768723505,0
LTE,466,92,24600,105864736,-1,120.8087,24.3035,1000,12,1,1763714484,1768723505,0
LTE,466,92,24600,105864716,-1,120.8142,24.3087,1000,15,1,1763714534,1768723506,0
LTE,466,92,24600,106805517,-1,120.815,24.3064,1000,4,1,1763714604,1768723505,0
LTE,466,92,24600,106913558,-1,120.819,24.3092,1000,4,1,1763714634,1768723505,0
LTE,466,92,24600,108491543,-1,120.8184,24.3103,1000,4,1,1763714654,1768723505,0
LTE,466,92,24600,108491554,-1,120.8135,24.3154,1000,7,1,1763714694,1768723506,0
LTE,466,92,24600,106813749,-1,120.8107,24.3179,1000,6,1,1763714714,1768723506,0
LTE,466,92,24600,106813719,-1,120.8083,24.3201,1000,7,1,1763714734,1768723506,0
LTE,466,92,24600,106813729,-1,120.7964,24.3254,1182,42,1,1763714754,1768723506,0
LTE,466,92,24600,106674721,-1,120.7727,24.3268,1332,17,1,1763714874,1768723506,0
LTE,466,92,24600,107250485,-1,120.7737,24.3242,1000,11,1,1763714914,1768723506,0
LTE,466,92,24600,105717301,-1,120.7728,24.3243,1000,7,1,1763714934,1768723506,0
LTE,466,92,24600,105571854,-1,120.7583,24.3314,1000,7,1,1763715014,1768723506,0
LTE,466,92,24600,105571853,-1,120.7554,24.3338,1000,7,1,1763715034,1768723506,0
LTE,466,92,24500,106933302,-1,120.7464,24.3433,1000,7,1,1763715114,1768723506,0
LTE,466,92,24500,106933291,-1,120.7448,24.3449,1000,3,1,1763715134,1768723506,0
LTE,466,92,24500,106354967,-1,120.7369,24.355,1000,3,1,1763715234,1768723507,0
LTE,466,92,24500,106933281,-1,120.7365,24.3561,1000,3,1,1763715244,1768723507,0
LTE,466,92,24500,108489486,-1,120.7554,24.3894,1000,7,1,1763715483,1768723507,0
LTE,466,92,24500,105670955,-1,120.7591,24.3912,1000,12,1,1763715563,1768723507,0
LTE,466,92,13600,80915726,-1,121.1882,24.802,1000,4,1,1763720398,1768723564,0
LTE,466,92,13500,81533710,-1,121.2101,24.8405,1000,17,1,1763720918,1768723564,0
LTE,466,92,13500,81007640,-1,121.2112,24.8436,1000,3,1,1763720928,1768723508,0
LTE,466,92,13500,80662295,-1,121.2065,24.8533,1097,15,1,1763720938,1768723565,0
LTE,466,92,13500,80737559,-1,121.2054,24.8543,1000,13,1,1763721048,1768723561,0
LTE,466,92,13500,80716065,-1,121.2106,24.8583,1000,10,1,1763721108,1768723561,0
LTE,466,92,13500,79831576,-1,121.2192,24.8614,1000,8,1,1763721398,1768723565,0
LTE,466,92,13500,79831586,-1,121.2196,24.8624,1000,7,1,1763721538,1768723565,0
LTE,466,92,13500,81901836,-1,121.205,24.8557,1000,6,1,1763755205,1768723561,0
LTE,466,92,13500,80250902,-1,121.2038,24.8549,1000,1,1,1763755225,1763755225,0
LTE,466,92,13500,80891681,-1,121.2036,24.8547,1000,1,1,1763755255,1763755255,0
LTE,466,92,13500,80252450,-1,121.2087,24.8458,1000,18,1,1763755315,1768723562,0
LTE,466,92,13500,80254488,-1,121.2025,24.835,1983,4,1,1763755475,1768723562,0
LTE,466,92,13500,80254498,-1,121.2028,24.8425,1000,15,1,1763755495,1768723562,0
LTE,466,92,13500,80687885,-1,121.1975,24.8434,1000,16,1,1763755555,1768723562,0
LTE,466,92,13500,80687895,-1,121.1952,24.8384,1000,10,1,1763755625,1768723562,0
LTE,466,92,13500,88378145,-1,121.1924,24.8283,1000,6,1,1763755745,1768723562,0
LTE,466,92,13500,80421646,-1,121.1919,24.8245,1000,10,1,1763755775,1768723562,0
LTE,466,92,13500,80845078,-1,121.1921,24.8199,1000,1,1,1763755855,1763755855,0
LTE,466,92,13500,80687894,-1,121.1923,24.8186,1000,7,1,1763755875,1768723562,0
LTE,466,92,13500,80826144,-1,121.1921,24.8199,1000,1,1,1763755995,1763755995,0
LTE,466,92,13500,81533730,-1,121.2074,24.8363,2385,12,1,1763756005,1768723564,0
LTE,466,92,13600,80275990,-1,121.1922,24.8129,1000,9,1,1763756365,1768723562,0
LTE,466,92,13600,80915746,-1,121.1865,24.8016,1000,3,1,1763756515,1768723563,0
LTE,466,1,49341,57353241,-1,121.1764,24.789,1000,1,1,1763766510,1763766510,0
LTE,466,97,22510,78343655,-1,121.1764,24.789,1000,1,1,1763766530,1763766530,0
LTE,466,1,49341,57353238,-1,121.1764,24.789,1000,1,1,1763767780,1763767780,0
LTE,466,92,22510,78343655,-1,121.1764,24.789,1000,1,1,1763767870,1763767870,0
LTE,466,92,49341,57353238,-1,121.1764,24.789,1000,1,1,1763769010,1763769010,0
LTE,466,92,49341,57353239,-1,121.1764,24.789,1000,1,1,1763768380,1763768380,0
LTE,466,92,13600,82872128,-1,121.18,24.7909,1000,3,1,1763775350,1768723564,0
LTE,466,92,13500,80252962,-1,121.205,24.8269,1000,4,1,1763777240,1768723564,0
LTE,466,92,13500,80252942,-1,121.2061,24.8291,1000,9,1,1763777260,1768723564,0
LTE,466,92,13500,80254478,-1,121.2115,24.8417,1000,4,1,1763777500,1768723564,0
LTE,466,92,13500,80965920,-1,121.2103,24.8451,1000,6,1,1763777550,1768723564,0
LTE,466,92,13500,80716054,-1,121.2062,24.8501,1000,21,1,1763777570,1768723565,0
LTE,466,92,13500,81548558,-1,121.2075,24.8568,1000,6,1,1763777690,1768723565,0
LTE,466,92,13500,80891682,-1,121.2097,24.8579,1000,6,1,1763777710,1768723565,0
LTE,466,92,13500,80737560,-1,121.2117,24.8587,1000,5,1,1763777730,1768723565,0
LTE,466,92,24300,106622478,-1,120.651,24.1383,1000,3,1,1764530904,1768723566,0
LTE,466,92,24300,106622479,-1,120.6511,24.139,1000,2,1,1764530994,1768723565,0
LTE,466,92,24300,106040897,-1,120.6518,24.1388,1000,2,1,1764531024,1768723566,0
LTE,466,92,24300,106041664,-1,120.6514,24.1375,1000,3,1,1764531407,1768723566,0
LTE,466,92,24300,106041644,-1,120.6526,24.1385,1000,13,1,1764532649,1768723566,0
LTE,466,92,24101,108599340,-1,120.6794,24.1721,1000,3,1,1765147418,1768723566,0
LTE,466,92,24101,106872886,-1,120.6786,24.1726,1000,5,1,1765147808,1768723566,0
LTE,466,92,24101,106872875,-1,120.6784,24.1729,1000,2,1,1765147908,1768723566,0
LTE,466,92,24101,106872885,-1,120.6786,24.173,1000,2,1,1765147938,1768723566,0
LTE,466,92,24101,109987351,-1,120.6825,24.1801,1000,4,1,1765150100,1768723566,0
LTE,466,92,24101,109987341,-1,120.6816,24.1804,1000,4,1,1765150198,1768723566,0
LTE,466,92,24101,109987371,-1,120.6816,24.1804,1000,1,1,1765150288,1765150288,0
LTE,466,92,24101,109987372,-1,120.6794,24.1798,1000,14,1,1765150318,1768723566,0
LTE,466,92,24101,106621198,-1,120.6784,24.179,1000,1,1,1765151718,1765151718,0
LTE,466,92,24101,106621218,-1,120.6787,24.1786,1000,3,1,1765151738,1768723566,0
LTE,466,92,24101,109987361,-1,120.6803,24.1782,1000,6,1,1765151868,1768723566,0
LTE,466,92,24100,106086956,-1,120.6828,24.1778,1000,5,1,1765152198,1768723566,0
LTE,466,92,24100,105241900,-1,120.6838,24.1777,1000,3,1,1765152338,1768723566,0
LTE,466,92,24100,104830734,-1,120.6859,24.1778,1000,3,1,1765152568,1768723566,0
LTE,466,92,24100,106086954,-1,120.6858,24.1775,1000,1,1,1765152608,1765152608,0
LTE,466,92,24100,106086986,-1,120.6858,24.1784,1000,1,1,1765152708,1765152708,0
LTE,466,92,24500,105430315,-1,120.6849,24.2153,1000,2,1,1765159388,1768723566,0
LTE,466,92,24300,106316833,-1,120.7031,24.1378,1000,3,1,1766345878,1768723566,0
LTE,466,92,24300,107182635,-1,120.7026,24.1375,1000,3,1,1766345925,1768723566,0
LTE,466,92,24300,106316822,-1,120.7028,24.1376,1000,3,1,1766345945,1768723566,0
LTE,466,92,24300,105664544,-1,120.7084,24.1445,1000,2,1,1766347425,1768723567,0
LTE,466,92,24300,106835518,-1,120.7076,24.145,1000,2,1,1766347646,1768723567,0
LTE,466,92,24300,106835519,-1,120.7076,24.1452,1000,9,1,1766347716,1768723567,0
LTE,466,92,24300,105874761,-1,120.7078,24.1456,1000,8,1,1766347816,1768723567,0
LTE,466,92,24400,108655679,-1,120.7379,24.176,1000,2,1,1766351868,1768723622,0
LTE,466,92,24500,105409551,-1,120.6581,24.1951,1000,1,1,1767032640,1767032640,0
LTE,466,92,24500,105409569,-1,120.6557,24.1941,1000,2,1,1767032750,1768723622,0
LTE,466,92,24500,105409548,-1,120.6554,24.1939,1000,1,1,1767033059,1767033059,0
LTE,466,92,24500,105409568,-1,120.6551,24.194,1000,1,1,1767033089,1767033089,0
LTE,466,92,24500,105409559,-1,120.6548,24.1935,1000,4,1,1767033100,1768723622,0
LTE,466,92,24500,107462690,-1,120.656,24.1924,1000,7,1,1767033749,1768723622,0
LTE,466,92,24500,105409550,-1,120.6542,24.1931,1000,3,1,1767033890,1768723622,0
LTE,466,92,24950,106871341,-1,120.6526,24.1922,1000,5,1,1767048626,1768723622,0
LTE,466,92,24950,106871339,-1,120.6542,24.1927,1000,10,1,1767056483,1768723622,0
LTE,466,92,24950,106871338,-1,120.6543,24.193,1000,1,1,1767057213,1767057213,0
LTE,466,92,24500,107462700,-1,120.6596,24.1928,1000,2,1,1767079195,1768723622,0
LTE,466,92,24500,107462699,-1,120.6602,24.1921,1000,3,1,1767079215,1768723622,0
LTE,466,92,24101,105524042,-1,120.6637,24.1862,1000,4,1,1767079295,1768723623,0
LTE,466,92,24101,106578248,-1,120.6644,24.1851,1000,4,1,1767079305,1768723623,0
LTE,466,92,24101,106578250,-1,120.6646,24.185,1000,2,1,1767079325,1768723623,0
LTE,466,92,24101,105891894,-1,120.6664,24.1867,1000,1,1,1767079605,1767079605,0
LTE,466,92,24400,107459628,-1,120.7283,24.1632,1000,11,1,1767560247,1768723623,0
LTE,466,92,24400,108460598,-1,120.7467,24.16,1000,13,1,1767560577,1768723623,0
LTE,466,92,24400,108460597,-1,120.75,24.1609,1000,4,1,1767560657,1768723623,0
LTE,466,92,24400,105898293,-1,120.7532,24.1587,1000,14,1,1767560677,1768723623,0
LTE,466,92,24600,105687093,-1,120.7587,24.1523,1000,6,1,1767560867,1768723623,0
LTE,466,92,24400,105458229,-1,120.7555,24.1455,1000,10,1,1767561077,1768723624,0
LTE,466,92,24400,106053657,-1,120.7542,24.1432,1000,5,1,1767562177,1768723624,0
LTE,466,92,24400,105485344,-1,120.7556,24.1433,1000,2,1,1767562737,1768723624,0
LTE,466,92,24400,106127137,-1,120.7556,24.1432,1000,1,1,1767562867,1767562867,0
LTE,466,92,24400,106131223,-1,120.7554,24.1431,1000,2,1,1767562887,1768723624,0
LTE,466,92,24400,106053654,-1,120.7551,24.1428,1000,1,1,1767563387,1767563387,0
LTE,466,92,24400,106550826,-1,120.755,24.1416,1000,4,1,1767563767,1768723624,0
LTE,466,1,29551,143659132,-1,120.7519,24.1405,1000,3,1,1767563907,1768723624,0
LTE,466,92,24400,105463308,-1,120.7551,24.1416,1000,2,1,1767563917,1768723624,0
LTE,466,92,24600,107185686,-1,120.754,24.1408,1000,3,1,1767564147,1768723624,0
LTE,466,92,24600,106881552,-1,120.7538,24.1407,1000,1,1,1767564267,1767564267,0
LTE,466,92,24400,106131233,-1,120.7532,24.1402,1000,2,1,1767564737,1768723624,0
LTE,466,1,29551,143659032,-1,120.7523,24.1397,1000,4,1,1767564947,1768723624,0
LTE,466,1,39640,143884402,-1,120.7525,24.1392,1000,1,1,1767565887,1767565887,0
LTE,466,92,24400,106075929,-1,120.7468,24.1385,1000,3,1,1767566287,1768723624,0
LTE,466,1,19551,143423612,-1,120.7527,24.1393,1000,1,1,1767566497,1767566497,0
LTE,466,92,24600,106499104,-1,120.7529,24.1397,1000,3,1,1767566577,1768723624,0
LTE,466,92,24500,106705945,-1,120.7531,24.1401,1000,1,1,1767566737,1767566737,0
LTE,466,97,33291,105248183,-1,120.7526,24.1399,1000,2,1,1767566907,1768723624,0
LTE,466,1,29551,143483772,-1,120.7519,24.1397,1000,3,1,1767567127,1768723624,0
LTE,466,1,29551,130985751,-1,120.7514,24.1396,1000,1,1,1767567417,1767567417,0
LTE,466,92,24400,109999631,-1,120.7496,24.1398,1000,2,1,1767567997,1768723624,0
LTE,466,92,24400,106904874,-1,120.7496,24.1398,1000,2,1,1767568327,1768723624,0
LTE,466,92,24400,109999641,-1,120.7494,24.14,1000,2,1,1767568847,1768723624,0
LTE,466,1,49640,131095053,-1,120.7489,24.14,1000,1,1,1767569037,1767569037,0
LTE,466,1,19551,131132429,-1,120.7489,24.1399,1000,1,1,1767569057,1767569057,0
LTE,466,92,24400,106904877,-1,120.7462,24.1394,1000,4,1,1767569127,1768723624,0
LTE,466,92,24400,106060302,-1,120.749,24.1397,1000,2,1,1767569097,1768723624,0
LTE,466,1,19511,130806071,-1,120.7493,24.1393,1000,1,1,1767569497,1767569497,0
LTE,466,1,19511,131031821,-1,120.7492,24.139,1000,2,1,1767569627,1768723624,0
LTE,466,1,49640,143416946,-1,120.749,24.139,1000,1,1,1767569757,1767569757,0
LTE,466,92,24400,105335851,-1,120.749,24.1389,1000,1,1,1767569817,1767569817,0
LTE,466,1,49640,143416846,-1,120.7485,24.1385,1000,4,1,1767569927,1768723624,0
LTE,466,92,49640,143416846,-1,120.7477,24.1382,1000,1,1,1767570357,1767570357,0
LTE,466,92,24400,105463564,-1,120.7454,24.1386,1000,4,1,1767570367,1768723624,0
LTE,466,1,29551,130619161,-1,120.747,24.1378,1000,1,1,1767570597,1767570597,0
LTE,466,92,24400,106053438,-1,120.7467,24.1383,1000,4,1,1767570617,1768723624,0
LTE,466,92,24400,106886157,-1,120.7461,24.1388,1000,1,1,1767570987,1767570987,0
LTE,466,92,24400,106063118,-1,120.7456,24.1392,1000,1,1,1767571297,1767571297,0
LTE,466,92,24400,106054159,-1,120.7445,24.1399,1000,2,1,1767571647,1768723624,0
LTE,466,92,24400,105373206,-1,120.7442,24.1396,1000,4,1,1767571717,1768723624,0
LTE,466,92,24300,105664554,-1,120.7447,24.1406,1000,1,1,1767571757,1767571757,0
LTE,466,92,24400,106705420,-1,120.7431,24.139,1000,11,1,1767571817,1768723624,0
LTE,466,92,25700,131775759,-1,120.7446,24.1404,1000,1,1,1767571797,1767571797,0
LTE,466,92,24400,106839851,-1,120.7442,24.1392,1000,1,1,1767572197,1767572197,0
LTE,466,92,24400,105527053,-1,120.7426,24.1379,1000,3,1,1767572567,1768723624,0
LTE,466,92,24400,106705421,-1,120.742,24.1385,1000,16,1,1767572577,1768723624,0
LTE,466,92,24400,106705450,-1,120.743,24.1393,1000,2,1,1767572647,1768723624,0
LTE,466,92,24400,106053439,-1,120.7418,24.1376,1000,3,1,1767574177,1768723624,0
LTE,466,92,24400,106060075,-1,120.742,24.138,1000,1,1,1767574557,1767574557,0
LTE,466,92,24400,105526058,-1,120.742,24.1371,1000,1,1,1767575157,1767575157,0
LTE,466,92,24400,106676257,-1,120.7421,24.1366,1000,3,1,1767575197,1768723624,0
LTE,466,92,24400,106676256,-1,120.7419,24.1369,1000,1,1,1767575177,1767575177,0
LTE,466,92,24400,106060331,-1,120.7421,24.1362,1000,1,1,1767575377,1767575377,0
LTE,466,92,24400,106060587,-1,120.742,24.1361,1000,1,1,1767575387,1767575387,0
LTE,466,92,24400,106060586,-1,120.7415,24.1358,1000,2,1,1767575427,1768723624,0
LTE,466,92,24400,106060588,-1,120.7386,24.1351,1000,11,1,1767575527,1768723624,0
LTE,466,92,24600,108031798,-1,120.8335,24.2472,1000,2,1,1768154232,1768723624,0
LTE,466,92,24600,108682796,-1,120.8338,24.2478,1000,1,1,1768154541,1768154541,0
LTE,466,92,24600,108031788,-1,120.8351,24.2486,1000,6,1,1768154561,1768723626,0
LTE,466,92,24600,108662847,-1,120.835,24.2499,1000,1,1,1768155391,1768155391,0
LTE,466,92,24600,108682795,-1,120.8351,24.2499,1000,1,1,1768155411,1768155411,0
LTE,466,92,24600,108662848,-1,120.8357,24.2497,1000,2,1,1768155881,1768723626,0
LTE,466,92,24600,108682806,-1,120.8359,24.2479,1000,1,1,1768156631,1768156631,0
LTE,466,92,24600,108031797,-1,120.8361,24.2474,1000,4,1,1768157061,1768723626,0
LTE,466,92,24600,105476897,-1,120.837,24.2485,1000,1,1,1768157401,1768157401,0
LTE,466,92,24600,107369780,-1,120.8369,24.2486,1000,1,1,1768157461,1768157461,0
LTE,466,92,24600,108662837,-1,120.8375,24.249,1000,3,1,1768159091,1768723626,0
LTE,466,92,24600,105475647,-1,120.8772,24.1836,1000,7,1,1768490037,1768723627,0
LTE,466,92,24600,105475627,-1,120.8755,24.1827,1000,7,1,1768490057,1768723627,0
LTE,466,92,24000,109268512,-1,120.8758,24.1853,1000,1,1,1768491067,1768491067,0
LTE,466,92,24600,106310964,-1,120.876,24.1822,1000,1,1,1768507109,1768507109,0
LTE,466,92,24600,106310965,-1,120.8763,24.1778,1000,1,1,1768508319,1768508319,0
LTE,466,92,24600,106310955,-1,120.8643,24.1651,1000,4,1,1768510089,1768723627,0
LTE,466,97,22240,26632375,-1,121.526,25.0504,1000,1,1,1767336284,1767336284,0
LTE,466,97,22240,26712553,-1,121.5252,25.0513,1000,4,1,1768874583,1773461523,0
LTE,466,97,22240,26712554,-1,121.5254,25.0519,1000,3,1,1768874583,1773461523,0
LTE,466,97,22240,26712501,-1,121.5263,25.0521,1000,7,1,1768874583,1773461524,0
LTE,466,97,22240,26635958,-1,121.5269,25.052,1000,1,1,1768874583,1768874583,0
LTE,466,97,22240,26635702,-1,121.5312,25.0521,1000,13,1,1768874583,1773461524,0
LTE,466,97,22240,26624695,-1,121.5341,25.052,1000,7,1,1768874583,1773461524,0
LTE,466,97,22240,26683063,-1,121.5357,25.052,1000,8,1,1768874583,1773461524,0
LTE,466,97,22240,26683062,-1,121.5375,25.052,1000,10,1,1768874583,1773461524,0
LTE,466,97,22240,26624439,-1,121.5397,25.052,1000,5,1,1768874583,1773461524,0
LTE,466,97,22240,26697716,-1,121.5437,25.052,1000,1,1,1768874583,1768874583,0
LTE,466,97,22290,26939318,-1,121.5444,25.0522,1000,1,1,1768874583,1768874583,0
LTE,466,97,22290,26885364,-1,121.5442,25.058,1000,3,1,1768874583,1773461523,0
LTE,466,97,22290,26643332,-1,121.5443,25.0601,1000,3,1,1768874583,1773461521,0
LTE,466,97,22290,26944183,-1,121.5442,25.0616,1000,3,1,1768874583,1773461524,0
LTE,466,97,22290,26944184,-1,121.5441,25.0631,1000,3,1,1768874583,1773461524,0
LTE,466,97,22290,26944181,-1,121.5443,25.0653,1000,1,1,1768874583,1768874583,0
LTE,466,97,22290,26884021,-1,121.5447,25.0665,1000,2,1,1768874583,1773461524,0
LTE,466,97,22290,26907574,-1,121.5486,25.0644,1000,5,1,1768874583,1773461524,0
LTE,466,97,22210,26658446,-1,121.5517,25.0833,1000,3,1,1768874583,1773461521,0
LTE,466,97,22210,26653837,-1,121.5518,25.0856,1000,1,1,1768874583,1768874583,0
LTE,466,97,22210,26636429,-1,121.5534,25.0855,1000,7,1,1768874583,1773461521,0
LTE,466,97,22210,26654902,-1,121.5593,25.0849,1000,2,1,1768874583,1768874642,0
LTE,466,97,22740,29232931,-1,121.5604,25.0848,1000,3,1,1768874583,1773461521,0
LTE,466,97,22210,26688035,-1,121.5607,25.0845,1000,1,1,1768874583,1768874583,0
LTE,466,97,22740,29275881,-1,121.5614,25.0843,1000,5,1,1768874583,1773461524,0
LTE,466,97,22740,29242346,-1,121.5651,25.0827,1000,4,1,1768874583,1773461524,0
LTE,466,97,22740,29190622,-1,121.5671,25.0819,1000,1,1,1768874583,1768874583,0
LTE,466,97,22740,29190583,-1,121.5675,25.0822,1000,3,1,1768874583,1773461524,0
LTE,466,97,22740,29184695,-1,121.5707,25.0812,1000,1,1,1768874583,1768874583,0
LTE,466,97,22270,26881165,-1,121.5702,25.0512,1000,5,1,1769488009,1780016947,0
LTE,466,97,22270,26885621,-1,121.5701,25.0537,1000,11,1,1769488027,1780016947,0
LTE,466,97,22270,29203853,-1,121.5719,25.0571,1000,12,1,1769488047,1780016946,0
LTE,466,97,22270,29195917,-1,121.5729,25.0619,1000,4,1,1769488097,1769510041,0
LTE,466,97,22270,29203085,-1,121.5726,25.0633,1000,4,1,1769488107,1769510041,0
LTE,466,97,22270,29262989,-1,121.5725,25.0646,1000,3,1,1769488117,1769510041,0
LTE,466,97,22270,29262959,-1,121.5724,25.0656,1000,2,1,1769488127,1769510041,0
LTE,466,97,22740,29245653,-1,121.5724,25.067,1000,6,1,1769488137,1769510041,0
LTE,466,97,22740,29245652,-1,121.5723,25.0663,1000,1,1,1769488187,1769488187,0
LTE,466,97,22740,29252463,-1,121.5734,25.0728,1000,11,1,1769488607,1780016946,0
LTE,466,97,22740,29230703,-1,121.5734,25.0768,1000,5,1,1769488687,1780016946,0
LTE,466,97,22740,29184469,-1,121.5729,25.0771,1000,1,1,1769488777,1769488777,0
LTE,466,97,22740,29230704,-1,121.5744,25.0763,1000,3,1,1769488817,1780016946,0
LTE,466,97,22740,29259221,-1,121.5743,25.0757,1000,5,1,1769488877,1780016946,0
LTE,466,97,22740,29259191,-1,121.5741,25.0757,1000,7,1,1769488917,1775523661,0
LTE,466,97,22740,29230775,-1,121.5732,25.0737,1000,14,1,1769489007,1775523662,0
LTE,466,97,22740,29185718,-1,121.5726,25.0745,1000,16,1,1769489017,1775523662,0
LTE,466,97,22740,29259190,-1,121.5729,25.0725,1000,2,1,1769489507,1769510101,0
LTE,466,97,22740,29252493,-1,121.5729,25.0721,1000,1,1,1769489537,1769489537,0
LTE,466,97,22740,29252495,-1,121.5715,25.0711,1000,12,1,1769489547,1775523606,0
LTE,466,97,22210,26674987,-1,121.5627,25.0714,1000,4,1,1769489707,1769510101,0
LTE,466,97,22210,26896113,-1,121.5567,25.0726,1000,11,1,1769489797,1775523606,0
LTE,466,97,22210,26896270,-1,121.5517,25.0733,1000,3,1,1769489847,1769510101,0
LTE,466,97,22210,26630798,-1,121.5521,25.0726,1000,10,1,1769489867,1780016946,0
LTE,466,97,22210,26630797,-1,121.5485,25.0734,1000,4,1,1769489877,1769510101,0
LTE,466,97,22210,26883470,-1,121.5465,25.0728,1000,8,1,1769489887,1775523606,0
LTE,466,97,22210,26883471,-1,121.5436,25.0735,1000,4,1,1769489907,1769510101,0
LTE,466,97,22210,26715624,-1,121.5433,25.0766,1000,7,1,1769489917,1773461522,0
LTE,466,97,22210,26711222,-1,121.5546,25.0832,1000,1,1,1769728416,1769728416,0
LTE,466,97,22210,26687089,-1,121.5546,25.0832,1000,1,1,1769727763,1769727763,0
LTE,466,97,22210,26687109,-1,121.5545,25.0832,1000,1,1,1769728735,1769728735,0
LTE,466,97,22210,26687107,-1,121.5547,25.0846,1000,3,1,1769730354,1773461524,0
LTE,466,97,22210,26654863,-1,121.5569,25.0833,1000,3,1,1769732259,1773461521,0
LTE,466,97,22210,26658033,-1,121.5554,25.0848,1000,11,1,1769732544,1773461521,0
LTE,466,97,22530,82012401,-1,121.2085,25.005,1000,4,1,1769818064,1777820701,0
LTE,466,97,22530,82012402,-1,121.2089,25.0035,1000,5,1,1769819509,1777820701,0
LTE,466,1,17313,54203169,-1,121.2307,25.0788,1000,2,1,1769347624,1770007866,0
LTE,466,1,17313,54161717,-1,121.2289,25.076,1000,4,1,1769350647,1770007866,0
LTE,466,1,17313,54288663,-1,121.224,25.0723,1000,8,1,1769350667,1770007866,0
LTE,466,1,17313,54288653,-1,121.2179,25.0664,1000,11,1,1769350717,1773716942,0
LTE,466,1,17313,53824277,-1,121.2193,25.0462,1000,8,1,1769350808,1770007866,0
LTE,466,1,27313,54305567,-1,121.22,25.0448,1000,1,1,1769350838,1769350838,0
LTE,466,1,27313,54247435,-1,121.2273,25.0379,1000,3,1,1769350878,1770007866,0
LTE,466,1,27313,54322976,-1,121.232,25.0364,1000,7,1,1769350898,1773716942,0
LTE,466,1,27313,54322975,-1,121.2349,25.0358,1000,2,1,1769350908,1770007866,0
LTE,466,1,27313,54322957,-1,121.2369,25.0352,1000,3,1,1769350918,1773716942,0
LTE,466,1,27313,54248481,-1,121.2426,25.0328,1000,8,1,1769350933,1773716942,0
LTE,466,97,11440,61952654,-1,121.4357,25.0052,1000,5,1,1770414677,1770436389,0
LTE,466,97,11340,56339432,-1,121.4642,25.0155,1000,1,1,1770415456,1770415456,0
LTE,466,97,11340,56377711,-1,121.4735,25.0137,1000,6,1,1770415606,1770436389,0
LTE,466,97,11350,60201653,-1,121.4832,25.0088,1000,4,1,1770415676,1770436389,0
LTE,466,97,11350,60173612,-1,121.4843,25.0082,1000,2,1,1770415696,1770436389,0
LTE,466,97,11350,60178676,-1,121.4855,25.0076,1000,8,1,1770415736,1771492382,0
LTE,466,97,11350,60172278,-1,121.4856,25.0076,1000,3,1,1770415746,1770436389,0
LTE,466,97,11350,60172277,-1,121.4861,25.0074,1000,1,1,1770415756,1770415756,0
LTE,466,97,11350,60178573,-1,121.4879,25.0066,1000,3,1,1770415766,1770436390,0
LTE,466,97,11350,60166797,-1,121.4896,25.0056,1000,3,1,1770415776,1770436390,0
LTE,466,97,11350,60175247,-1,121.4902,25.0047,1000,1,1,1770415796,1770415796,0
LTE,466,97,11420,60177078,-1,121.4999,24.9979,1000,13,1,1770416046,1780152902,0
LTE,466,97,11420,60214709,-1,121.5201,24.9913,1000,8,1,1770416296,1780152902,0
LTE,466,97,11420,60243383,-1,121.5238,24.9905,1000,6,1,1770416316,1780917487,0
LTE,466,97,11420,60243381,-1,121.5251,24.9904,1000,7,1,1770416336,1780917487,0
LTE,466,97,11420,60243382,-1,121.5288,24.9902,1000,17,1,1770416396,1780917487,0
LTE,466,97,11460,59186102,-1,121.5273,24.9806,1000,17,1,1770416516,1780917487,0
LTE,466,97,11460,59138487,-1,121.5315,24.9827,1000,5,1,1770416536,1771752664,0
LTE,466,97,11460,59186359,-1,121.5321,24.9827,1000,2,1,1770416547,1780917487,0
LTE,466,97,11290,29717430,-1,121.5412,24.9925,1000,2,1,1770417353,1780917487,0
LTE,466,97,11320,29729461,-1,121.5425,24.9917,1000,8,1,1770417363,1776091389,0
LTE,466,97,11320,29701261,-1,121.5432,24.9919,1000,5,1,1770417703,1776091388,0
LTE,466,97,22520,84506991,-1,121.2802,24.9963,1000,18,1,1770436056,1777697281,0
LTE,466,97,22520,84542420,-1,121.2838,25.0002,1000,10,1,1770436083,1777697281,0
LTE,466,97,22600,84486613,-1,121.2801,25.0104,1000,9,1,1770436144,1770457562,0
LTE,466,97,22600,86570707,-1,121.2584,25.0277,784,27,1,1770436273,1777697282,0
LTE,466,97,22600,86570510,-1,121.2519,25.0287,762,29,1,1770436284,1777697282,0
LTE,466,97,22530,86305136,-1,121.2367,25.0345,3248,21,1,1770436384,1780917484,0
LTE,466,97,22530,86305137,-1,121.2326,25.0308,1000,20,1,1770436474,1777697282,0
LTE,466,97,22290,26936975,-1,121.5454,25.0501,1000,6,1,1770148483,1770552841,0
LTE,466,97,22240,26712797,-1,121.5429,25.0499,1000,2,1,1770148903,1770552841,0
LTE,466,97,22240,26691982,-1,121.5423,25.0492,1000,4,1,1770148942,1770552841,0
LTE,466,97,22240,26643844,-1,121.5414,25.0483,1000,4,1,1770149132,1770552841,0
LTE,466,97,22240,26640362,-1,121.5415,25.0483,1000,1,1,1770149222,1770149222,0
LTE,466,97,22240,26643854,-1,121.5403,25.0484,1000,1,1,1770149322,1770149322,0
LTE,466,97,22240,26643853,-1,121.5401,25.0485,1000,2,1,1770149432,1770552841,0
LTE,466,97,22240,26643855,-1,121.5403,25.0485,1000,1,1,1770149412,1770149412,0
LTE,466,97,22240,26643843,-1,121.5396,25.0485,1000,2,1,1770149502,1770552841,0
LTE,466,97,22240,26625974,-1,121.5382,25.0486,1000,5,1,1770149742,1770552841,0
LTE,466,97,22240,26625780,-1,121.5368,25.0486,1000,2,1,1770150002,1770552841,0
LTE,466,97,22240,26630542,-1,121.5352,25.0488,1000,4,1,1770150072,1770552841,0
LTE,466,97,22240,26625679,-1,121.5347,25.0499,1000,2,1,1770150232,1770552841,0
LTE,466,97,22240,26639503,-1,121.5345,25.0501,1000,1,1,1770150282,1770150282,0
LTE,466,97,22240,26625677,-1,121.5345,25.0503,1000,2,1,1770150292,1770552841,0
LTE,466,97,22290,26942705,-1,121.5448,25.048,1000,4,1,1770531304,1770552841,0
LTE,466,97,22240,26640269,-1,121.5441,25.0476,1000,2,1,1770531383,1770552841,0
LTE,466,97,22290,26893454,-1,121.544,25.0468,1000,4,1,1770531402,1770552841,0
LTE,466,97,11240,27146933,-1,121.5452,25.0418,1000,4,1,1770532222,1770552842,0
LTE,466,97,11360,27196599,-1,121.5474,25.0418,1000,6,1,1770532412,1770552842,0
LTE,466,97,11360,27196548,-1,121.5481,25.0419,1000,1,1,1770532552,1770532552,0
LTE,466,97,22290,27195537,-1,121.549,25.0436,1000,4,1,1770532882,1784394841,0
LTE,466,97,22600,86556382,-1,121.2191,25.0086,1000,2,1,1770440257,1774079282,0
LTE,466,97,19242,53795349,-1,121.2191,25.0087,1000,2,1,1770440247,1786368122,0
LTE,466,97,22600,86556598,-1,121.2684,25.0246,935,28,1,1770541304,1777186566,0
LTE,466,97,22520,84542390,-1,121.2824,24.9923,810,31,1,1770541454,1777186566,0
LTE,466,97,11310,61192937,-1,121.3497,24.9347,1000,9,1,1770541874,1771110123,0
LTE,466,97,11440,60957809,-1,121.3806,24.9512,1000,19,1,1770542014,1777186564,0
LTE,466,97,11220,60418231,-1,121.4671,24.9791,1000,23,1,1770542404,1776091387,0
LTE,466,97,11220,60420277,-1,121.4723,24.983,1000,11,1,1770542414,1771110125,0
LTE,466,97,11420,60206221,-1,121.5049,24.9779,1000,11,1,1770542574,1771110125,0
LTE,466,97,11460,59137463,-1,121.5394,24.9587,1000,11,1,1770542754,1771110126,0
LTE,466,97,11460,59143863,-1,121.5441,24.9615,1000,7,1,1770542774,1771110126,0
LTE,466,97,11460,59192787,-1,121.5531,24.9724,1000,4,1,1770542844,1771110126,0
LTE,466,97,11460,59153846,-1,121.5546,24.9727,1000,9,1,1770542854,1773480782,0
LTE,466,97,11460,59192757,-1,121.5474,24.9736,1000,9,1,1770542914,1773480782,0
LTE,466,97,11460,59144916,-1,121.547,24.9764,1000,12,1,1770543014,1780917488,0
LTE,466,97,11460,59144915,-1,121.5469,24.9765,1000,3,1,1770543034,1771110126,0
LTE,466,97,11460,59195319,-1,121.5452,24.9786,1000,12,1,1770543064,1780917488,0
LTE,466,97,11460,59196854,-1,121.543,24.9838,1000,9,1,1770543284,1780917487,0
LTE,466,97,11460,59138013,-1,121.5366,24.9875,1000,11,1,1770543364,1776102481,0
LTE,466,97,11320,29738461,-1,121.5436,24.9917,1000,3,1,1770543494,1771110126,0
LTE,466,97,11320,29729503,-1,121.5426,24.9917,1000,5,1,1770543574,1776091388,0
LTE,466,97,11320,29729422,-1,121.5428,24.9917,1000,4,1,1770551075,1776091388,0
LTE,466,97,11320,29738421,-1,121.5427,24.9899,1000,14,1,1770551245,1777186562,0
LTE,466,97,11460,59197040,-1,121.5317,24.9901,1000,7,1,1770551625,1774079230,0
LTE,466,97,11460,59136626,-1,121.5317,24.9894,1000,21,1,1770551635,1777186562,0
LTE,466,97,11460,59186132,-1,121.5263,24.9796,1000,7,1,1770551765,1780123204,0
LTE,466,97,11460,59138930,-1,121.5214,24.9753,1000,16,1,1770551785,1771110127,0
LTE,466,97,11460,59153520,-1,121.5286,24.9716,1000,3,1,1770551835,1771110127,0
LTE,466,97,11220,60458965,-1,121.4174,24.9534,1000,13,1,1770552425,1773480726,0
LTE,466,97,11310,60956085,-1,121.3836,24.9518,1000,18,1,1770552565,1774079232,0
LTE,466,97,11310,60940215,-1,121.3817,24.9515,500,28,1,1770552575,1777186564,0
LTE,466,97,11310,61191054,-1,121.3475,24.935,1000,11,1,1770552735,1771110129,0
LTE,466,97,22520,84528055,-1,121.3106,24.9724,1182,30,1,1770552995,1777186565,0
LTE,466,97,22600,86556343,-1,121.2422,25.0394,1078,8,1,1771092057,1772355482,0
LTE,466,97,22600,86566357,-1,121.2554,25.0502,899,31,1,1771092067,1771752662,0
LTE,466,97,22600,86570195,-1,121.2658,25.0552,1182,22,1,1771092087,1781622062,0
LTE,466,97,22600,86566581,-1,121.2809,25.057,8254,20,1,1771092117,1780917484,0
LTE,466,97,22600,86545845,-1,121.2996,25.0584,1000,5,1,1771092147,1771115642,0
LTE,466,97,11440,60953527,-1,121.4182,25.0044,1000,11,1,1771092337,1771115642,0
LTE,466,97,11440,60935862,-1,121.4263,25.0039,1000,21,1,1771092347,1771115642,0
LTE,466,97,11440,61952694,-1,121.437,25.0048,1000,7,1,1771092377,1781622063,0
LTE,466,97,11440,61955254,-1,121.4412,25.0044,1000,11,1,1771092387,1771115643,0
LTE,466,97,11430,56409271,-1,121.4504,25.0039,1000,12,1,1771092417,1781622062,0
LTE,466,97,11430,56409270,-1,121.4524,25.0037,1000,2,1,1771092437,1771115643,0
LTE,466,97,11290,56386440,-1,121.4529,25.0037,1000,1,1,1771092487,1771092487,0
LTE,466,97,11290,56386439,-1,121.4529,25.0037,1000,1,1,1771092507,1771092507,0
LTE,466,97,11290,56386180,-1,121.4529,25.0037,1000,1,1,1771092527,1771092527,0
LTE,466,97,11290,56386181,-1,121.4529,25.0037,1000,1,1,1771092557,1771092557,0
LTE,466,97,11290,25664746,-1,121.4529,25.0037,1000,1,1,1771092687,1771092687,0
LTE,466,97,11290,25664748,-1,121.4529,25.0037,1000,1,1,1771092647,1771092647,0
LTE,466,97,11290,25664747,-1,121.4529,25.0037,1000,1,1,1771092667,1771092667,0
LTE,466,97,11340,56396470,-1,121.4706,25.0153,1000,7,1,1771094615,1780152903,0
LTE,466,97,11340,56346806,-1,121.4804,25.0101,1000,19,1,1771094765,1780917484,0
LTE,466,97,11350,60162486,-1,121.4895,25.0054,1000,6,1,1771094905,1776559982,0
LTE,466,97,11420,60169397,-1,121.4999,24.9982,1000,3,1,1771095205,1771115643,0
LTE,466,97,11420,60251575,-1,121.5226,24.9906,1000,9,1,1771095495,1780917487,0
LTE,466,97,11290,29717429,-1,121.5417,24.993,1000,3,1,1771096671,1780917487,0
LTE,466,97,11430,60165816,-1,121.4711,25.0044,1000,5,1,1771123268,1771144382,0
LTE,466,97,11430,60208309,-1,121.4694,25.0028,1000,4,1,1771123298,1771539423,0
LTE,466,97,11430,60181173,-1,121.4685,25.0033,1000,2,1,1771123408,1771144382,0
LTE,466,97,11430,56320438,-1,121.4661,25.0027,1000,5,1,1771123438,1771144382,0
LTE,466,97,11430,56320437,-1,121.4642,25.0055,1000,14,1,1771123538,1771144382,0
LTE,466,97,11340,56338870,-1,121.4637,25.011,1000,4,1,1771123788,1771144382,0
LTE,466,97,11340,56352694,-1,121.4633,25.0136,1000,4,1,1771123968,1780123203,0
LTE,466,97,11290,56386259,-1,121.4917,25.0427,4327,2,1,1771124428,1780822517,0
LTE,466,97,11290,56386518,-1,121.4917,25.0427,4327,2,1,1771124528,1780822517,0
LTE,466,97,11340,56396067,-1,121.4811,25.0097,1000,4,1,1771468659,1771492381,0
LTE,466,97,11350,60162487,-1,121.4838,25.0084,1000,1,1,1771468689,1771468689,0
LTE,466,97,11420,60177079,-1,121.4983,24.9996,1000,12,1,1771469049,1781622063,0
LTE,466,97,11420,60198326,-1,121.5262,24.9899,1000,5,1,1771469379,1776559982,0
LTE,466,97,11460,59186133,-1,121.5278,24.9842,1000,7,1,1771469469,1780123204,0
LTE,466,97,11460,59164854,-1,121.5228,24.9812,1000,4,1,1771506073,1771539422,0
LTE,466,97,11460,59164814,-1,121.5229,24.9798,1000,4,1,1771506083,1771539422,0
LTE,466,97,11350,60165007,-1,121.4814,25.0011,1000,2,1,1771506683,1771539423,0
LTE,466,97,11430,60181685,-1,121.4741,25.0007,1000,6,1,1771506843,1771539423,0
LTE,466,97,11430,60181686,-1,121.4731,25.0005,1000,7,1,1771506893,1771539423,0
LTE,466,97,11350,60162948,-1,121.4778,24.9998,1000,4,1,1771507464,1771539423,0
LTE,466,97,11350,60162947,-1,121.4792,24.9999,1000,4,1,1771507504,1771539423,0
LTE,466,97,11350,60164997,-1,121.4813,25.0011,1000,2,1,1771507543,1771539423,0
LTE,466,97,11350,60164995,-1,121.4822,25.0012,1000,3,1,1771507574,1771539423,0
LTE,466,97,11220,60418229,-1,121.467,24.979,1000,22,1,1771507804,1772355548,0
LTE,466,97,11220,60427959,-1,121.4355,24.9616,1000,11,1,1771507964,1771539424,0
LTE,466,97,11220,60442549,-1,121.4141,24.9511,1000,9,1,1771508074,1777186564,0
LTE,466,97,22580,85509853,-1,121.3124,24.9721,1000,15,1,1771508594,1771539482,0
LTE,466,97,22520,84526046,-1,121.283,24.9905,3040,22,1,1771508644,1771539483,0
LTE,466,97,22550,81956791,-1,121.1918,24.9695,1000,8,1,1771548736,1771571102,0
LTE,466,97,22550,81958582,-1,121.1946,24.9699,1000,1,1,1771548879,1771548879,0
LTE,466,97,22550,81958543,-1,121.1937,24.9699,1000,3,1,1771548889,1771571102,0
LTE,466,97,22550,81956742,-1,121.1912,24.9679,1000,3,1,1771549008,1771571102,0
LTE,466,97,22550,82009063,-1,121.1912,24.9673,1000,1,1,1771549038,1771549038,0
LTE,466,97,22550,82009065,-1,121.1912,24.9671,1000,1,1,1771549058,1771549058,0
LTE,466,97,22550,82009015,-1,121.1911,24.9661,1000,5,1,1771549118,1771571102,0
LTE,466,97,22550,82956676,-1,121.1907,24.964,1000,6,1,1771549369,1771571102,0
LTE,466,97,22550,82956578,-1,121.1904,24.9614,1000,8,1,1771549399,1771571102,0
LTE,466,97,22550,82005993,-1,121.1901,24.961,1000,1,1,1771549519,1771549519,0
LTE,466,97,22550,82949251,-1,121.1901,24.961,1000,1,1,1771549629,1771549629,0
LTE,466,97,22550,82006003,-1,121.1929,24.9585,1000,12,1,1771549659,1771571102,0
LTE,466,97,22550,81973430,-1,121.1966,24.9572,1000,7,1,1771549708,1771571102,0
LTE,466,97,22550,81994167,-1,121.2005,24.9571,1000,7,1,1771549809,1771571102,0
LTE,466,97,22550,81994166,-1,121.2045,24.9573,1000,5,1,1771549845,1771571102,0
LTE,466,97,22550,81947573,-1,121.2061,24.9574,1000,3,1,1771549860,1771571102,0
LTE,466,97,22550,82966453,-1,121.2075,24.9574,1000,5,1,1771549875,1771571102,0
LTE,466,97,22550,82975108,-1,121.2161,24.9556,1000,2,1,1771550105,1771571102,0
LTE,466,97,22550,81928068,-1,121.2167,24.9555,1000,2,1,1771550115,1771571102,0
LTE,466,97,22550,81925509,-1,121.2201,24.9554,1000,6,1,1771550155,1771571102,0
LTE,466,97,22550,81941430,-1,121.2223,24.9555,1000,6,1,1771550255,1771571102,0
LTE,466,97,22550,81995701,-1,121.2249,24.9594,1000,5,1,1771550325,1771571102,0
LTE,466,97,22550,82004179,-1,121.2262,24.961,1000,1,1,1771550355,1771550355,0
LTE,466,97,22550,82012885,-1,121.2279,24.9622,1000,4,1,1771550385,1771571102,0
LTE,466,97,22550,81954773,-1,121.2293,24.963,1000,4,1,1771550455,1771571102,0
LTE,466,97,22550,81939421,-1,121.2328,24.9636,1000,4,1,1771550496,1771571102,0
LTE,466,97,22550,81939246,-1,121.2365,24.9644,1000,4,1,1771550580,1771571102,0
LTE,466,97,22550,81986291,-1,121.2385,24.965,1000,5,1,1771550596,1771571102,0
LTE,466,97,22550,81986231,-1,121.2448,24.9673,1000,5,1,1771550652,1771571102,0
LTE,466,97,22580,81984754,-1,121.2493,24.9689,1000,4,1,1771550688,1771571103,0
LTE,466,97,22550,81925774,-1,121.2512,24.9696,1000,6,1,1771550700,1771571103,0
LTE,466,97,22550,81956084,-1,121.2537,24.9708,1000,5,1,1771550791,1771571103,0
LTE,466,97,22550,82003844,-1,121.2639,24.9746,1000,1,1,1771550908,1771550908,0
LTE,466,97,22550,84497849,-1,121.2693,24.9772,1000,9,1,1771551007,1784953202,0
LTE,466,97,22550,84503663,-1,121.2797,24.9875,1000,3,1,1771551256,1771571103,0
LTE,466,97,22600,86529974,-1,121.2761,25.0536,7640,8,1,1771723513,1781622062,0
LTE,466,97,22600,86546358,-1,121.2997,25.0585,1000,3,1,1771723543,1771752663,0
LTE,466,97,11340,56331508,-1,121.4648,25.0155,1000,1,1,1771724281,1771724281,0
LTE,466,97,11340,56336526,-1,121.4647,25.0155,1000,2,1,1771724293,1774083121,0
LTE,466,97,11350,60201655,-1,121.4838,25.0084,1000,4,1,1771724734,1780917485,0
LTE,466,97,11420,60210102,-1,121.4988,24.9994,1000,1,1,1771725084,1771725084,0
LTE,466,97,11420,60169399,-1,121.5003,24.9976,1000,15,1,1771725094,1780917485,0
LTE,466,97,11420,60213942,-1,121.5108,24.9927,1000,5,1,1771725234,1771752663,0
LTE,466,97,11420,60251573,-1,121.5202,24.9913,1000,7,1,1771725343,1780152902,0
LTE,466,97,11460,59136746,-1,121.5269,24.9876,1000,4,1,1771725454,1780123204,0
LTE,466,97,11320,29729423,-1,121.5424,24.9908,1000,1,1,1771732619,1771732619,0
LTE,466,97,11460,59136695,-1,121.5281,24.986,1000,4,1,1771754781,1772109062,0
LTE,466,97,11460,59186152,-1,121.5234,24.9777,1000,1,1,1771754872,1771754872,0
LTE,466,97,11460,59159783,-1,121.5242,24.9766,1000,9,1,1771754861,1776102481,0
LTE,466,97,11460,59159477,-1,121.5242,24.9709,1000,8,1,1771754962,1772109062,0
LTE,466,97,11220,60458935,-1,121.4155,24.9519,1000,6,1,1771755492,1772109122,0
LTE,466,97,11220,60461240,-1,121.4119,24.9506,1000,6,1,1771755502,1772109122,0
LTE,466,97,33332,130058471,-1,120.5126,24.1173,1000,1,1,1772159793,1772159793,0
LTE,466,97,22530,86304879,-1,121.2092,25.0069,1000,13,1,1772146543,1784978342,0
LTE,466,97,22530,86287287,-1,121.225,25.0197,1000,2,1,1772182361,1772355481,0
LTE,466,97,22530,86305256,-1,121.236,25.0332,1000,12,1,1772182601,1786768279,0
LTE,466,97,22581,85760949,-1,121.3336,24.9382,1000,18,1,1772183281,1772355541,0
LTE,466,97,11310,61188534,-1,121.3405,24.9365,1000,17,1,1772183361,1773480725,0
LTE,466,97,11220,60178398,-1,121.48,24.988,1000,16,1,1772184031,1772355548,0
LTE,466,97,11350,60161974,-1,121.4866,25.0003,1000,4,1,1772184131,1772355544,0
LTE,466,97,11350,60198582,-1,121.4873,24.9991,1000,8,1,1772184201,1772355544,0
LTE,466,97,11350,60216757,-1,121.4881,24.9991,1000,2,1,1772184221,1772355544,0
LTE,466,97,11350,60163253,-1,121.485,25.0023,1000,21,1,1772184551,1776102482,0
LTE,466,97,11350,60253621,-1,121.4851,25.0048,1000,3,1,1772184681,1772355544,0
LTE,466,97,11350,60161461,-1,121.4869,25.0047,1000,6,1,1772184701,1772355544,0
LTE,466,97,11350,60161463,-1,121.488,25.0026,1000,8,1,1772184761,1772355545,0
LTE,466,97,11350,60173237,-1,121.4854,24.9945,1000,7,1,1772184961,1772355545,0
LTE,466,97,11350,60247989,-1,121.4891,24.9873,1000,13,1,1772185031,1773480727,0
LTE,466,97,11350,60168118,-1,121.4931,24.9842,1000,16,1,1772185061,1773480727,0
LTE,466,97,11460,59193842,-1,121.5285,24.9647,1000,12,1,1772185251,1776091388,0
LTE,466,97,11460,59143821,-1,121.532,24.9613,904,40,1,1772185271,1776091388,0
LTE,466,97,11460,59143822,-1,121.5368,24.9586,1000,12,1,1772185301,1776091388,0
LTE,466,97,11460,59136500,-1,121.5413,24.9592,1000,4,1,1772185321,1772355546,0
LTE,466,97,11460,59136397,-1,121.5429,24.9606,1000,10,1,1772185331,1776091388,0
LTE,466,97,11460,59146382,-1,121.5532,24.9731,1000,8,1,1772185411,1772355546,0
LTE,466,97,11460,59153806,-1,121.5492,24.9736,1000,7,1,1772185461,1772355546,0
LTE,466,97,11460,59142797,-1,121.5476,24.9723,1000,8,1,1772185501,1773480782,0
LTE,466,97,11460,59192818,-1,121.5483,24.9732,1000,4,1,1772185571,1773480782,0
LTE,466,97,11460,59141263,-1,121.548,24.975,1000,6,1,1772185601,1772355546,0
LTE,466,97,11460,59144846,-1,121.5471,24.976,1000,18,1,1772185621,1773480782,0
LTE,466,97,11460,59195379,-1,121.5455,24.9786,1000,4,1,1772185661,1773480782,0
LTE,466,97,11460,59143567,-1,121.5448,24.9796,1000,3,1,1772185691,1772355546,0
LTE,466,97,11460,59144439,-1,121.5442,24.981,1000,4,1,1772185711,1772355546,0
LTE,466,97,11460,59195377,-1,121.5438,24.982,1000,1,1,1772185731,1772185731,0
LTE,466,97,11220,60432566,-1,121.4637,24.9768,1000,9,1,1772188161,1777186563,0
LTE,466,97,11220,60455508,-1,121.4154,24.9519,1000,8,1,1772188391,1774079232,0
LTE,466,97,11310,61189557,-1,121.325,24.9421,1000,9,1,1772188791,1772355550,0
LTE,466,97,22520,84528056,-1,121.304,24.9743,1000,11,1,1772188982,1772355550,0
LTE,466,97,22530,86305257,-1,121.2317,25.03,1000,17,1,1772189462,1777186567,0
LTE,466,97,22530,86304880,-1,121.2122,25.005,1000,4,1,1772334598,1772369701,0
LTE,466,97,22530,81957557,-1,121.2227,25.0073,1000,4,1,1772344063,1773480722,0
LTE,466,97,22530,82012403,-1,121.2078,25.0009,1000,3,1,1772348033,1776557041,0
LTE,466,97,22550,82002287,-1,121.219,25.0084,1000,1,1,1772349003,1772349003,0
LTE,466,1,49882,184716566,-1,120.3175,22.7478,1000,4,1,1772770868,1772791141,0
LTE,466,1,49882,184439062,-1,120.3186,22.7459,1000,6,1,1772770876,1772791141,0
LTE,466,1,49882,184635936,-1,120.3197,22.7438,1000,6,1,1772770886,1772791141,0
LTE,466,1,49882,184558358,-1,120.3213,22.7407,1000,11,1,1772770896,1772791141,0
LTE,466,1,49882,184558368,-1,120.3238,22.7369,1000,10,1,1772770916,1772791142,0
LTE,466,1,49882,184583692,-1,120.3256,22.7332,1000,9,1,1772770936,1772791142,0
LTE,466,1,49882,184658188,-1,120.325,22.7292,1000,6,1,1772770956,1772791142,0
LTE,466,1,49882,184622102,-1,120.3245,22.7279,1000,2,1,1772770976,1772791142,0
LTE,466,1,49882,184658191,-1,120.3236,22.7258,1000,3,1,1772770996,1772791142,0
LTE,466,1,49882,184658211,-1,120.3224,22.7223,1000,10,1,1772771066,1772791142,0
LTE,466,1,29882,184354828,-1,120.3225,22.7163,1000,9,1,1772771086,1772791142,0
LTE,466,1,29882,184354848,-1,120.3235,22.7117,1000,4,1,1772771126,1772791142,0
LTE,466,1,29882,184354849,-1,120.3237,22.7073,1000,14,1,1772771136,1772791142,0
LTE,466,1,39882,184502551,-1,120.319,22.6988,1000,14,1,1772771166,1772791142,0
LTE,466,1,39882,184502561,-1,120.3142,22.6938,1000,7,1,1772771216,1772791142,0
LTE,466,1,39882,184891926,-1,120.3119,22.6917,1000,7,1,1772771236,1772791142,0
LTE,466,1,39882,184891936,-1,120.3102,22.6901,1000,4,1,1772771256,1772791142,0
LTE,466,1,39882,184505871,-1,120.3087,22.6888,1000,6,1,1772771266,1772791142,0
LTE,466,1,39882,184505891,-1,120.3077,22.6879,1000,1,1,1772771306,1772771306,0
LTE,466,1,29863,184419853,-1,120.3709,22.6358,1000,6,1,1772787271,1772808601,0
LTE,466,1,29863,184416269,-1,120.3733,22.6369,1000,6,1,1772787281,1772808601,0
LTE,466,1,29863,184925453,-1,120.3771,22.6378,1000,11,1,1772787291,1772808601,0
LTE,466,1,19882,184571199,-1,120.3811,22.6386,1000,6,1,1772787311,1772808601,0
LTE,466,1,29833,184684313,-1,120.4108,22.6418,1000,6,1,1772787521,1772808601,0
LTE,466,1,29843,184509197,-1,120.4206,22.6535,1000,15,1,1772787611,1783748767,0
LTE,466,1,29843,184742955,-1,120.4316,22.6624,1000,19,1,1772787741,1772808602,0
LTE,466,1,29843,184927767,-1,120.4424,22.6622,1000,11,1,1772787811,1772808602,0
LTE,466,1,19843,187096097,-1,120.4713,22.6675,1000,7,1,1772788021,1772808602,0
LTE,466,1,19843,186881315,-1,120.4988,22.6584,1000,4,1,1772788331,1772808602,0
LTE,466,1,49833,187087639,-1,120.5252,22.6185,1000,8,1,1772788701,1772808603,0
LTE,466,1,29853,184370955,-1,120.2809,22.6368,1000,1,1,1772909660,1772909660,0
LTE,466,1,29853,184408865,-1,120.2794,22.6376,1000,5,1,1772910100,1772932921,0
LTE,466,1,49853,184336673,-1,120.2785,22.6382,1000,1,1,1772910210,1772910210,0
LTE,466,1,49853,184323105,-1,120.2785,22.6374,1000,3,1,1772910230,1772932921,0
LTE,466,1,29853,184408864,-1,120.2794,22.6357,1000,4,1,1772910280,1772932921,0
LTE,466,1,29853,184370976,-1,120.2795,22.6356,1000,5,1,1772910330,1772932921,0
LTE,466,1,39853,184346124,-1,120.2787,22.6349,1000,3,1,1772910680,1772932921,0
LTE,466,1,49853,184933664,-1,120.2792,22.6348,1000,2,1,1772911140,1772932921,0
LTE,466,1,39853,184332350,-1,120.2789,22.6349,1000,1,1,1772911160,1772911160,0
LTE,466,1,39853,184897036,-1,120.2771,22.6331,1000,16,1,1772911180,1772932922,0
LTE,466,1,39853,184346380,-1,120.2764,22.634,1000,2,1,1772911310,1772932921,0
LTE,466,1,39853,184332351,-1,120.2756,22.6273,1000,20,1,1772911420,1772932922,0
LTE,466,1,39853,184897057,-1,120.2773,22.628,1000,2,1,1772911460,1772932921,0
LTE,466,1,39853,184344865,-1,120.275,22.6264,1000,4,1,1772911520,1772932922,0
LTE,466,1,39853,184346401,-1,120.275,22.627,1000,3,1,1772911560,1772932922,0
LTE,466,1,19863,184404513,-1,120.2744,22.6268,1000,1,1,1772911700,1772911700,0
LTE,466,1,39853,184881441,-1,120.2742,22.6254,1000,2,1,1772911920,1772932922,0
LTE,466,1,19863,184796941,-1,120.2742,22.6254,1000,1,1,1772911930,1772911930,0
LTE,466,1,19863,184376599,-1,120.2879,22.5875,4437,17,1,1772912210,1772948942,0
LTE,466,1,39853,184492833,-1,120.2743,22.6254,1000,1,1,1772912310,1772912310,0
LTE,466,1,39853,184346399,-1,120.2744,22.6258,1000,8,1,1772912430,1772932922,0
LTE,466,1,29853,184345611,-1,120.2736,22.6254,1000,4,1,1772912900,1772932922,0
LTE,466,1,29853,184345612,-1,120.2731,22.6259,1000,3,1,1772912920,1772932922,0
LTE,466,1,19863,184833548,-1,120.3082,22.5608,1000,8,1,1772924832,1772948941,0
LTE,466,1,19863,184861974,-1,120.3066,22.5619,1000,1,1,1772924929,1772924929,0
LTE,466,1,19863,184861977,-1,120.3027,22.5664,643,26,1,1772924939,1772948942,0
LTE,466,1,19863,184861987,-1,120.2993,22.5721,1000,8,1,1772925199,1772948942,0
LTE,466,1,19863,184861985,-1,120.2976,22.5743,1000,6,1,1772925419,1772948942,0
LTE,466,1,19863,184714765,-1,120.2966,22.5756,1000,2,1,1772925909,1772948942,0
LTE,466,1,19863,184714785,-1,120.2932,22.58,1000,13,1,1772925929,1772948942,0
LTE,466,1,19863,184663331,-1,120.278,22.5985,1000,2,1,1772928009,1772948942,0
LTE,466,1,19863,184358945,-1,120.2764,22.6008,1000,5,1,1772928090,1772948942,0
LTE,466,1,19863,184563233,-1,120.2713,22.6065,1000,14,1,1772928259,1772948942,0
LTE,466,1,19863,184384035,-1,120.2683,22.6102,1000,1,1,1772928530,1772928530,0
LTE,466,1,19863,184563215,-1,120.2681,22.6106,1000,3,1,1772928550,1772948942,0
LTE,466,1,19863,184551971,-1,120.2683,22.6127,1000,4,1,1772928630,1772948942,0
LTE,466,97,22290,26894981,-1,121.5445,25.0524,1000,1,1,1770177878,1770177878,0
LTE,466,97,22290,26716302,-1,121.5442,25.0523,1000,2,1,1770177928,1773461523,0
LTE,466,97,22290,26883983,-1,121.5444,25.0655,1000,4,1,1770178223,1773461521,0
LTE,466,97,22290,26883981,-1,121.5443,25.066,1000,1,1,1770178243,1770178243,0
LTE,466,97,22290,26883982,-1,121.5453,25.0661,1000,3,1,1770178263,1773461521,0
LTE,466,97,22290,26907534,-1,121.5464,25.0653,1000,3,1,1770178283,1773461521,0
LTE,466,97,22210,26636431,-1,121.5506,25.0853,1000,1,1,1770178619,1770178619,0
LTE,466,97,22210,26687117,-1,121.5513,25.0856,1000,1,1,1770178624,1770178624,0
LTE,466,97,22210,26654861,-1,121.5584,25.0847,1000,4,1,1770178704,1773461521,0
LTE,466,97,22210,26654862,-1,121.5589,25.0849,1000,6,1,1770178714,1773461524,0
LTE,466,97,22740,29275891,-1,121.5607,25.0846,1000,5,1,1770178739,1773461524,0
LTE,466,97,22740,29242356,-1,121.5623,25.0839,1000,1,1,1770178754,1770178754,0
LTE,466,97,22740,29242254,-1,121.5631,25.0834,1000,1,1,1770178759,1770178759,0
LTE,466,97,22740,29186036,-1,121.564,25.083,1000,1,1,1770178764,1770178764,0
LTE,466,97,22740,29233038,-1,121.5659,25.0824,1000,4,1,1770178769,1773461521,0
LTE,466,97,22740,29190543,-1,121.5671,25.0821,1000,2,1,1770178789,1773461521,0
LTE,466,97,22740,29190645,-1,121.5678,25.0819,1000,2,1,1770178904,1773461521,0
LTE,466,97,22740,29190542,-1,121.5686,25.0819,1000,4,1,1770179009,1773461521,0
LTE,466,97,22740,29239027,-1,121.5699,25.0816,1000,4,1,1770179110,1773461521,0
LTE,466,97,22740,29184653,-1,121.5707,25.081,1000,1,1,1770179235,1770179235,0
LTE,466,97,22740,29270249,-1,121.568,25.0822,1000,3,1,1770214266,1773461524,0
LTE,466,97,22740,29186026,-1,121.5648,25.0827,1000,2,1,1770214376,1773461521,0
LTE,466,97,22210,26637956,-1,121.5496,25.0859,1000,2,1,1770214751,1773461522,0
LTE,466,97,22210,26637860,-1,121.5485,25.0814,1000,2,1,1770214867,1773461522,0
LTE,466,97,22210,26672359,-1,121.5469,25.0801,1000,3,1,1770214972,1773461522,0
LTE,466,97,22210,26698728,-1,121.5434,25.0724,1000,5,1,1770215112,1780016945,0
LTE,466,97,22210,26698729,-1,121.542,25.0725,1000,4,1,1770215162,1780016945,0
LTE,466,97,22290,26674819,-1,121.536,25.0728,1000,1,1,1770215418,1770215418,0
LTE,466,97,22240,26641107,-1,121.5332,25.0659,1000,2,1,1770215708,1773461522,0
LTE,466,97,22240,26641109,-1,121.5331,25.0639,1000,4,1,1770215728,1773461522,0
LTE,466,97,22240,26693745,-1,121.5332,25.0586,1000,2,1,1770215939,1773461522,0
LTE,466,97,22240,26628975,-1,121.5331,25.0574,1000,2,1,1770216059,1773461522,0
LTE,466,97,22240,26628977,-1,121.5332,25.0564,1000,2,1,1770216069,1773461522,0
LTE,466,97,22240,26709361,-1,121.5332,25.0552,1000,3,1,1770216079,1773461522,0
LTE,466,97,22240,26644336,-1,121.5332,25.0541,1000,1,1,1770216114,1770216114,0
LTE,466,97,22240,26630255,-1,121.5331,25.0524,1000,6,1,1770216119,1773461522,0
LTE,466,97,22240,26630256,-1,121.5331,25.0505,1000,2,1,1770216249,1773461522,0
LTE,466,97,22240,26630631,-1,121.5331,25.0495,1000,2,1,1770216259,1773461522,0
LTE,466,97,22240,26630633,-1,121.533,25.0482,1000,3,1,1770216269,1773461522,0
LTE,466,97,22240,25623530,-1,121.5326,25.0449,1000,3,1,1770216434,1773461522,0
LTE,466,97,22240,26671236,-1,121.528,25.0471,1000,1,1,1770218683,1770218683,0
LTE,466,97,11400,25603050,-1,121.5274,25.0473,1000,2,1,1770218703,1773461522,0
LTE,466,97,22240,26671235,-1,121.5263,25.0486,1000,1,1,1770218864,1770218864,0
LTE,466,97,22240,26676356,-1,121.5264,25.0491,1000,2,1,1770219014,1773461522,0
LTE,466,97,22240,26635139,-1,121.5255,25.0502,1000,1,1,1770263112,1770263112,0
LTE,466,97,22240,26625206,-1,121.5343,25.052,1000,2,1,1770263828,1773461523,0
LTE,466,97,22240,26692789,-1,121.5386,25.0519,1000,4,1,1770263888,1773461524,0
LTE,466,97,22240,26624437,-1,121.5405,25.052,1000,5,1,1770263898,1773461524,0
LTE,466,97,22240,26624369,-1,121.5408,25.0519,1000,1,1,1770264013,1770264013,0
LTE,466,97,22240,26624367,-1,121.5419,25.0519,1000,3,1,1770264019,1773461523,0
LTE,466,97,22290,26937065,-1,121.5444,25.0519,1000,1,1,1770264224,1770264224,0
LTE,466,97,22290,26894991,-1,121.5445,25.0523,1000,2,1,1770264254,1773461523,0
LTE,466,97,22290,26941682,-1,121.5439,25.0522,1000,1,1,1770264344,1770264344,0
LTE,466,97,22290,26886634,-1,121.5439,25.0521,1000,2,1,1770264479,1773461524,0
LTE,466,97,22290,26890127,-1,121.544,25.054,1000,4,1,1770264499,1773461524,0
LTE,466,97,22290,26890125,-1,121.544,25.0559,1000,3,1,1770264509,1773461524,0
LTE,466,97,22290,26885261,-1,121.544,25.0588,1000,1,1,1770264529,1770264529,0
LTE,466,97,22290,26643343,-1,121.5441,25.0604,1000,2,1,1770264539,1773461524,0
LTE,466,97,22290,26944233,-1,121.5441,25.0611,1000,1,1,1770264604,1770264604,0
LTE,466,97,22290,26907624,-1,121.5487,25.0642,1000,3,1,1770264690,1773461524,0
LTE,466,97,22210,26658436,-1,121.5502,25.0822,1000,4,1,1770264930,1773461524,0
LTE,466,97,22740,29275882,-1,121.5623,25.0839,1000,2,1,1770265151,1773461524,0
LTE,466,97,22740,29190635,-1,121.5671,25.0819,1000,1,1,1770265331,1770265331,0
LTE,466,97,22740,29247465,-1,121.5687,25.0819,1000,1,1,1770265506,1770265506,0
LTE,466,97,22740,29193703,-1,121.571,25.0812,1000,2,1,1770265651,1773461524,0
LTE,466,97,22740,29184746,-1,121.5707,25.081,1000,1,1,1770265671,1770265671,0
LTE,466,97,22740,29242293,-1,121.5646,25.0828,1000,2,1,1770299282,1773461524,0
LTE,466,97,22210,26687157,-1,121.5515,25.0857,1000,2,1,1770299432,1773461524,0
LTE,466,97,22210,26636471,-1,121.5503,25.0852,1000,1,1,1770299442,1770299442,0
LTE,466,97,22210,26658486,-1,121.548,25.0819,1000,2,1,1770299457,1773461524,0
LTE,466,97,22290,26643381,-1,121.5442,25.0607,1000,1,1,1770299928,1770299928,0
LTE,466,97,22290,26894477,-1,121.5441,25.0531,1000,2,1,1770299973,1773461524,0
LTE,466,97,22240,26712504,-1,121.5255,25.0521,1000,4,1,1770300860,1773461524,0
LTE,466,97,22240,26712503,-1,121.5252,25.0513,1000,7,1,1770300880,1773461524,0
LTE,466,97,22240,26629559,-1,121.5253,25.0503,1000,1,1,1770301035,1770301035,0
LTE,466,97,22240,26632437,-1,121.526,25.0503,1000,1,1,1770301246,1770301246,0
LTE,466,97,22240,26712534,-1,121.5252,25.0523,1000,1,1,1770348201,1770348201,0
LTE,466,97,22290,26886641,-1,121.544,25.0555,1000,1,1,1770349463,1770349463,0
LTE,466,97,11390,28249781,-1,121.5576,25.0337,1000,1,1,1773461485,1773461485,0
LTE,466,97,11390,28249782,-1,121.5575,25.0333,1000,1,1,1773461581,1773461581,0
LTE,466,97,11390,28249269,-1,121.5583,25.033,1000,3,1,1773461597,1773461641,0
LTE,466,97,11390,28249270,-1,121.5595,25.033,1000,3,1,1773461641,1773461701,0
LTE,466,97,11390,28162229,-1,121.5607,25.0324,1000,2,1,1773461677,1773461821,0
LTE,466,97,11390,28162230,-1,121.5613,25.0322,1000,4,1,1773461682,1773461881,0
LTE,466,97,11310,61192559,-1,121.3327,24.939,1000,4,1,1773458238,1773480725,0
LTE,466,97,11440,60957808,-1,121.3867,24.9518,1000,10,1,1773458518,1773480725,0
LTE,466,97,11220,60419549,-1,121.4138,24.9508,1000,7,1,1773458768,1773480726,0
LTE,466,97,11220,60419550,-1,121.4158,24.9518,1000,4,1,1773458788,1773480726,0
LTE,466,97,11460,59137423,-1,121.5389,24.9586,1000,13,1,1773459478,1776091388,0
LTE,466,97,11460,59181493,-1,121.5466,24.9728,1000,1,1,1773459658,1773459658,0
LTE,466,97,11460,59181423,-1,121.5467,24.9728,1000,1,1,1773459678,1773459678,0
LTE,466,97,11460,59144414,-1,121.5444,24.9807,1000,5,1,1773459918,1773480782,0
LTE,466,97,11460,59196895,-1,121.5435,24.9828,1000,8,1,1773459938,1776091388,0
LTE,466,97,11320,29729502,-1,121.5427,24.9914,1000,3,1,1773462082,1776091388,0
LTE,466,97,11320,29729501,-1,121.5413,24.9886,1000,3,1,1773462122,1774079229,0
LTE,466,1,17313,54039073,-1,121.2385,25.0767,1000,1,1,1773481639,1773481639,0
LTE,466,1,17313,54039063,-1,121.2392,25.0775,1000,3,1,1773481765,1773716941,0
LTE,466,1,17313,54039053,-1,121.2404,25.0795,1000,9,1,1773481795,1773716941,0
LTE,466,1,17313,54266647,-1,121.2399,25.0813,1000,1,1,1773482110,1773482110,0
LTE,466,1,17313,54038797,-1,121.2357,25.0809,1000,11,1,1773484138,1773716942,0
LTE,466,1,27313,54305558,-1,121.2254,25.0385,1000,4,1,1773500754,1773716942,0
LTE,466,1,27313,54248471,-1,121.2502,25.0289,1000,5,1,1773484644,1773716942,0
LTE,466,1,27313,53990669,-1,121.2582,25.0274,1000,7,1,1773484669,1773716942,0
LTE,466,1,27313,53989389,-1,121.2639,25.0273,1000,2,1,1773484704,1773716942,0
LTE,466,1,27313,53989399,-1,121.2664,25.0265,1000,3,1,1773484714,1773716942,0
LTE,466,1,27313,54044173,-1,121.2682,25.0254,1000,1,1,1773484729,1773484729,0
LTE,466,1,27313,53946145,-1,121.2727,25.0216,1000,11,1,1773484734,1773716942,0
LTE,466,1,27313,53801249,-1,121.2789,25.0228,1000,2,1,1773484794,1773716942,0
LTE,466,1,29381,53764414,-1,121.2895,25.0321,1000,2,1,1773484849,1773716942,0
LTE,466,1,27313,53798944,-1,121.2913,25.0333,1000,1,1,1773484859,1773484859,0
LTE,466,1,27313,53798945,-1,121.2944,25.0353,1000,4,1,1773484864,1773716942,0
LTE,466,1,27313,53792800,-1,121.2999,25.0387,1000,1,1,1773484894,1773484894,0
LTE,466,1,47313,53838881,-1,121.3183,25.0471,1000,3,1,1773484964,1773716942,0
LTE,466,1,47313,53838880,-1,121.3159,25.0463,1000,1,1,1773484959,1773484959,0
LTE,466,1,47313,53838860,-1,121.3229,25.0493,1000,5,1,1773484979,1773716942,0
LTE,466,1,47313,53761568,-1,121.332,25.0585,1000,17,1,1773485004,1773716942,0
LTE,466,1,47313,53761558,-1,121.3461,25.0651,1000,10,1,1773485089,1773716942,0
LTE,466,1,47313,53799693,-1,121.356,25.0647,1000,5,1,1773485139,1773716942,0
LTE,466,1,47313,54097185,-1,121.3603,25.0645,1000,1,1,1773485164,1773485164,0
LTE,466,1,47313,53872909,-1,121.3637,25.0645,1000,4,1,1773485169,1773716942,0
LTE,466,1,47313,54166797,-1,121.3699,25.0649,1000,3,1,1773485194,1773716942,0
LTE,466,1,47313,54289441,-1,121.3744,25.0655,1000,4,1,1773485209,1773716942,0
LTE,466,1,47313,54289421,-1,121.3816,25.0654,1000,8,1,1773485229,1773716942,0
LTE,466,1,47313,54165773,-1,121.3888,25.0653,1000,3,1,1773485269,1773716942,0
LTE,466,1,29323,51728161,-1,121.3991,25.0573,1000,4,1,1773485319,1773716943,0
LTE,466,1,29323,51365664,-1,121.4124,25.0592,1000,4,1,1773485379,1773716943,0
LTE,466,1,29323,51767575,-1,121.4198,25.0637,1000,3,1,1773485414,1773716943,0
LTE,466,1,29323,51425293,-1,121.424,25.0663,1000,4,1,1773485429,1773716943,0
LTE,466,1,29341,51823117,-1,121.435,25.0682,1000,4,1,1773485469,1773716943,0
LTE,466,1,29341,51226125,-1,121.4389,25.0679,1000,2,1,1773485489,1773716943,0
LTE,466,1,29341,51288609,-1,121.4607,25.0749,1000,2,1,1773485569,1773716943,0
LTE,466,1,19103,25714455,-1,121.5577,25.0721,1000,4,1,1773485909,1773716943,0
LTE,466,1,49103,25681165,-1,121.5723,25.065,1000,5,1,1773486004,1773716943,0
LTE,466,1,49103,25979917,-1,121.5732,25.0599,1000,6,1,1773486079,1773716943,0
LTE,466,1,49103,25979937,-1,121.5745,25.0559,1000,3,1,1773486109,1773716943,0
LTE,466,1,49103,25711629,-1,121.5765,25.0549,1000,2,1,1773486124,1773716943,0
LTE,466,1,49103,26364439,-1,121.5788,25.0557,1000,3,1,1773486134,1773716943,0
LTE,466,1,49103,26064653,-1,121.5821,25.0575,1000,4,1,1773486149,1773716943,0
LTE,466,1,49103,25868557,-1,121.5858,25.0596,1000,4,1,1773486169,1773716944,0
LTE,466,1,49103,26343437,-1,121.5885,25.0611,1000,2,1,1773486189,1773716944,0
LTE,466,1,49103,25842465,-1,121.5911,25.0609,1000,5,1,1773486199,1773716944,0
LTE,466,1,49103,25901591,-1,121.5943,25.0592,1000,3,1,1773486224,1773716944,0
LTE,466,1,39133,25883661,-1,121.5986,25.0584,1000,3,1,1773486239,1773716944,0
LTE,466,1,39133,26261005,-1,121.602,25.0585,1000,1,1,1773486264,1773486264,0
LTE,466,97,22270,29244088,-1,121.6082,25.0587,1000,8,1,1773486304,1773716944,0
LTE,466,97,22710,29446583,-1,121.612,25.0616,1000,1,1,1773486329,1773486329,0
LTE,466,97,22710,29446581,-1,121.6126,25.0624,1000,2,1,1773486334,1773716944,0
LTE,466,97,22710,29474948,-1,121.6085,25.0586,1000,2,1,1773486389,1773716944,0
LTE,466,97,22710,29449909,-1,121.6072,25.0561,1000,1,1,1773486429,1773486429,0
LTE,466,97,22710,29460150,-1,121.605,25.0529,1000,3,1,1773523158,1773716944,0
LTE,466,97,22710,29449911,-1,121.603,25.0526,1000,8,1,1773523333,1773716944,0
LTE,466,97,22710,29481910,-1,121.5999,25.0515,1000,11,1,1773523648,1773716944,0
LTE,466,97,22710,29481961,-1,121.5976,25.0507,1000,5,1,1773524064,1773716944,0
LTE,466,97,22710,29481912,-1,121.5957,25.051,1000,11,1,1773524109,1773716944,0
LTE,466,97,11390,28204471,-1,121.5677,25.0412,1000,1,1,1773525595,1773525595,0
LTE,466,97,11390,28165047,-1,121.5672,25.0399,1000,6,1,1773525605,1773716944,0
LTE,466,97,11390,28211382,-1,121.567,25.0392,1000,1,1,1773526040,1773526040,0
LTE,466,92,11401,54686743,-1,121.567,25.0377,1000,10,1,1773526175,1773716944,0
LTE,466,92,11401,54459169,-1,121.5667,25.0344,1000,3,1,1773527201,1773716944,0
LTE,466,92,11401,57856269,-1,121.5668,25.0401,1000,4,1,1773536779,1774782915,0
LTE,466,92,11400,55088662,-1,121.5458,25.0368,1000,6,1,1773541248,1773716945,0
LTE,466,92,11400,55088672,-1,121.5452,25.0368,1000,4,1,1773545252,1773716945,0
LTE,466,92,11400,54746126,-1,121.546,25.0341,1000,2,1,1773545782,1773716945,0
LTE,466,92,11400,57306136,-1,121.544,25.0331,1000,1,1,1773546127,1773546127,0
LTE,466,92,11400,54357797,-1,121.5437,25.0346,1000,6,1,1773546237,1773716945,0
LTE,466,92,11102,56925719,-1,121.5094,25.0426,1000,13,1,1773547884,1786423083,0
LTE,466,92,11102,55127073,-1,121.5105,25.0454,1000,2,1,1773548279,1773716945,0
LTE,466,92,11800,54529294,-1,121.6075,25.0528,1000,2,1,1773553892,1774782915,0
LTE,466,92,11800,54568224,-1,121.6064,25.0537,1000,2,1,1773555448,1773716945,0
LTE,466,92,11800,54471704,-1,121.599,25.0521,1000,2,1,1773603282,1773716945,0
LTE,466,92,11700,54745368,-1,121.5927,25.051,1000,4,1,1773603818,1773716945,0
LTE,466,92,11402,54682914,-1,121.544,25.0492,1000,1,1,1773627710,1773627710,0
LTE,466,92,11402,55782976,-1,121.544,25.0485,1000,1,1,1773627715,1773627715,0
LTE,466,92,11402,55782966,-1,121.544,25.0465,1000,4,1,1773627720,1773716946,0
LTE,466,97,22710,29487287,-1,121.6108,25.0525,1000,5,1,1773686152,1774782914,0
LTE,466,97,22710,29487285,-1,121.6118,25.0525,1000,4,1,1773686272,1774782914,0
LTE,466,97,22710,29487286,-1,121.6138,25.0528,1000,14,1,1773686327,1774782914,0
LTE,466,97,22710,29451704,-1,121.6154,25.0525,1000,7,1,1773686482,1774782914,0
LTE,466,97,22710,29451701,-1,121.6161,25.0529,1000,3,1,1773686652,1774782914,0
LTE,466,97,22710,29456311,-1,121.6157,25.0503,1000,15,1,1773689250,1774782914,0
LTE,466,97,22710,29449653,-1,121.6155,25.048,1000,7,1,1773689450,1774782914,0
LTE,466,97,22710,29486824,-1,121.6122,25.0426,1000,16,1,1773690376,1774782914,0
LTE,466,97,22710,29486826,-1,121.6115,25.0409,1000,4,1,1773691802,1774782914,0
LTE,466,97,11340,56339442,-1,121.465,25.015,1000,3,1,1774062259,1774083121,0
LTE,466,97,11340,56335287,-1,121.4742,25.0137,1000,9,1,1774062419,1781622063,0
LTE,466,97,11340,56346856,-1,121.48,25.0103,1000,4,1,1774062449,1774083121,0
LTE,466,97,11420,60240753,-1,121.5014,24.9955,1000,3,1,1774062859,1774083121,0
LTE,466,97,22710,29476585,-1,121.6123,25.0453,1000,7,1,1773721721,1774782914,0
LTE,466,97,22710,29476534,-1,121.6134,25.0484,1000,14,1,1773722051,1774782914,0
LTE,466,97,11250,29465269,-1,121.5795,25.0493,1000,2,1,1773727305,1774782914,0
LTE,466,97,22710,29459895,-1,121.6069,25.0528,1000,2,1,1773734597,1774782914,0
LTE,466,92,11100,55320334,-1,121.519,25.032,1000,1,1,1773786880,1773786880,0
LTE,466,92,11100,64730953,-1,121.5186,25.0323,1000,1,1,1773788316,1773788316,0
LTE,466,92,11400,54726412,-1,121.5437,25.0418,1000,4,1,1773790333,1774782914,0
LTE,466,92,11400,54068748,-1,121.5439,25.0431,1000,12,1,1773790618,1774782915,0
LTE,466,92,11400,54452236,-1,121.5445,25.0425,1000,1,1,1773791053,1773791053,0
LTE,466,92,11400,54709272,-1,121.5466,25.0411,1000,5,1,1773791459,1774782915,0
LTE,466,92,11400,54452002,-1,121.542,25.0424,1000,3,1,1773804380,1774782915,0
LTE,466,92,11400,54726434,-1,121.5416,25.043,1000,7,1,1773809580,1774782915,0
LTE,466,92,11401,57856270,-1,121.5671,25.0395,1000,7,1,1773810991,1774782915,0
LTE,466,92,11401,54049294,-1,121.567,25.0399,1000,1,1,1773813939,1773813939,0
LTE,466,92,11800,54529304,-1,121.6073,25.0528,1000,3,1,1773818443,1774782915,0
LTE,466,92,13201,80954381,-1,121.2885,25.0809,1000,8,1,1773885679,1774782915,0
LTE,466,92,13201,80954402,-1,121.2813,25.0811,1000,6,1,1773885719,1774782915,0
LTE,466,92,13200,80951822,-1,121.2696,25.0848,1000,2,1,1773885794,1774782915,0
LTE,466,92,13200,80014369,-1,121.2603,25.0897,1000,1,1,1773885844,1773885844,0
LTE,466,92,13200,80960802,-1,121.2384,25.0809,1000,9,1,1773898215,1782751504,0
LTE,466,92,13200,80971297,-1,121.2272,25.0662,1000,6,1,1773902517,1786538161,0
LTE,466,1,29862,184472598,-1,120.4534,22.9148,1000,2,1,1775362527,1775382902,0
LTE,466,1,29862,184472601,-1,120.4534,22.9147,1000,2,1,1775362587,1775382902,0
LTE,466,1,29862,184472597,-1,120.4533,22.9143,1000,1,1,1775362490,1775362490,0
LTE,466,1,29862,184472599,-1,120.4541,22.9158,1000,5,1,1775362707,1775382902,0
LTE,466,97,22520,84532201,-1,121.2787,24.9948,1000,5,1,1775496161,1780016942,0
LTE,466,97,22520,84507011,-1,121.2783,24.9939,1000,7,1,1775496171,1780016942,0
LTE,466,97,22520,84532199,-1,121.2805,24.9968,1000,12,1,1775496321,1780016942,0
LTE,466,97,22520,84542440,-1,121.2846,24.9999,1000,3,1,1775496341,1775523601,0
LTE,466,97,22520,84532200,-1,121.283,24.9984,1000,3,1,1775496351,1775523601,0
LTE,466,97,22520,84536809,-1,121.2901,25.0046,1000,6,1,1775496501,1780016942,0
LTE,466,97,22520,84542696,-1,121.2921,25.0065,1000,6,1,1775496521,1780016942,0
LTE,466,97,22520,84542697,-1,121.2908,25.0053,1000,3,1,1775496551,1780016942,0
LTE,466,97,22520,84539113,-1,121.2952,25.0091,1000,6,1,1775496811,1780016942,0
LTE,466,97,22520,84539111,-1,121.2969,25.0104,1000,14,1,1775496831,1780016942,0
LTE,466,97,22520,84492844,-1,121.3001,25.0121,1000,1,1,1775497021,1775497021,0
LTE,466,97,22520,84492726,-1,121.3,25.0127,1000,3,1,1775497064,1775523602,0
LTE,466,97,22520,84498101,-1,121.3023,25.0197,1000,4,1,1775497375,1775523602,0
LTE,466,97,22520,84498102,-1,121.3024,25.0197,1000,2,1,1775497388,1775523602,0
LTE,466,97,22520,84482230,-1,121.3036,25.0204,1000,4,1,1775497411,1775523602,0
LTE,466,97,22520,84482231,-1,121.3034,25.0217,1000,5,1,1775497530,1775523602,0
LTE,466,97,22520,84482283,-1,121.3028,25.0232,1000,15,1,1775497594,1780016942,0
LTE,466,97,22520,84521604,-1,121.3024,25.0239,1000,1,1,1775497621,1775497621,0
LTE,466,97,22520,84493860,-1,121.3016,25.0258,1000,7,1,1775497654,1780016942,0
LTE,466,97,22520,84521653,-1,121.3018,25.0253,1000,2,1,1775497680,1775523602,0
LTE,466,97,22520,84521655,-1,121.3019,25.0251,1000,1,1,1775497708,1775497708,0
LTE,466,97,22520,84521399,-1,121.3014,25.0262,1000,4,1,1775497769,1775523602,0
LTE,466,97,22520,84493859,-1,121.3008,25.0313,1000,14,1,1775497820,1780016943,0
LTE,466,97,22600,84536246,-1,121.3009,25.0285,1000,6,1,1775497863,1775523602,0
LTE,466,97,22600,84536245,-1,121.3007,25.0307,1000,6,1,1775497961,1775523602,0
LTE,466,97,22600,84483253,-1,121.2998,25.0352,1000,13,1,1775497981,1775523602,0
LTE,466,97,22600,86528437,-1,121.2977,25.038,1000,8,1,1775498057,1776102485,0
LTE,466,97,22600,85282851,-1,121.311,25.0442,1000,14,1,1775498261,1775523602,0
LTE,466,97,22600,85284484,-1,121.3358,25.0622,1000,4,1,1775498823,1775523603,0
LTE,466,97,22230,85260009,-1,121.354,25.0652,1000,5,1,1775499026,1775523603,0
LTE,466,97,22570,85297641,-1,121.3757,25.066,1000,4,1,1775499146,1775523603,0
LTE,466,97,22570,85297639,-1,121.3798,25.0657,826,25,1,1775499189,1776102484,0
LTE,466,97,22230,62222192,-1,121.4205,25.0643,1000,5,1,1775499522,1780016944,0
LTE,466,97,22230,62209166,-1,121.4253,25.0669,1000,5,1,1775499572,1780016945,0
LTE,466,97,22750,62226575,-1,121.4291,25.0681,1000,2,1,1775499682,1775523604,0
LTE,466,97,22750,62226573,-1,121.4314,25.0681,1000,7,1,1775499762,1780016945,0
LTE,466,97,22750,63509747,-1,121.4365,25.0685,1000,3,1,1775499932,1780016945,0
LTE,466,97,22750,63506614,-1,121.4379,25.0693,1000,9,1,1775499962,1776102483,0
LTE,466,97,22750,63494285,-1,121.4594,25.0746,1000,8,1,1775500252,1775523605,0
LTE,466,97,11380,61990641,-1,121.4621,25.0753,1000,5,1,1775500282,1775523605,0
LTE,466,97,22750,63261425,-1,121.467,25.0754,1000,11,1,1775500302,1775523605,0
LTE,466,97,22750,63489167,-1,121.4666,25.0756,1000,6,1,1775500322,1775523605,0
LTE,466,97,22750,63261427,-1,121.472,25.0748,1000,7,1,1775500362,1775523605,0
LTE,466,97,22700,61716110,-1,121.4784,25.0733,1000,6,1,1775500422,1780016945,0
LTE,466,97,22700,61700084,-1,121.4812,25.073,1000,4,1,1775500462,1775523605,0
LTE,466,97,22700,61762701,-1,121.484,25.0732,1000,4,1,1775500502,1775523605,0
LTE,466,97,11470,61711030,-1,121.4881,25.0741,1000,5,1,1775500542,1775523605,0
LTE,466,97,22700,61781942,-1,121.4952,25.0755,1000,4,1,1775500602,1775523605,0
LTE,466,97,22700,61696397,-1,121.4974,25.0761,1000,7,1,1775500612,1775523605,0
LTE,466,97,11270,61734797,-1,121.5069,25.0778,1000,7,1,1775500672,1775523605,0
LTE,466,97,22210,26377359,-1,121.5142,25.0776,1000,3,1,1775500755,1775523605,0
LTE,466,97,22210,26377357,-1,121.5168,25.0773,1000,8,1,1775500767,1775523605,0
LTE,466,97,22210,26633203,-1,121.539,25.0725,1000,7,1,1775501015,1775523605,0
LTE,466,97,22290,26939889,-1,121.5421,25.0724,1000,4,1,1775501055,1775523605,0
LTE,466,97,22210,26698608,-1,121.5439,25.0723,1000,4,1,1775501075,1775523605,0
LTE,466,97,22210,26630878,-1,121.5516,25.0722,1000,6,1,1775501145,1775523606,0
LTE,466,97,22740,29252494,-1,121.5728,25.0687,1000,6,1,1775501518,1775523662,0
LTE,466,97,22740,29238199,-1,121.5743,25.0703,1000,7,1,1775501545,1775523661,0
LTE,466,97,22740,29270965,-1,121.5744,25.0711,1000,10,1,1775501593,1775523661,0
LTE,466,97,22740,29271015,-1,121.5749,25.0698,1000,1,1,1775501626,1775501626,0
LTE,466,97,22740,29196216,-1,121.5746,25.0717,1000,1,1,1775501721,1775501721,0
LTE,466,97,22740,29185719,-1,121.5717,25.0759,1000,2,1,1775501913,1775523661,0
LTE,466,97,22740,29230723,-1,121.5717,25.0764,1000,1,1,1775502025,1775502025,0
LTE,466,97,22740,29242038,-1,121.5725,25.0765,1000,6,1,1775502048,1775523661,0
LTE,466,97,22740,29184439,-1,121.5724,25.0765,1000,1,1,1775502106,1775502106,0
LTE,466,97,22740,29230773,-1,121.5735,25.076,1000,2,1,1775502170,1775523661,0
LTE,466,97,22740,29230774,-1,121.5737,25.076,1000,1,1,1775502184,1775502184,0
LTE,466,97,22740,29216439,-1,121.5739,25.076,1000,1,1,1775502209,1775502209,0
LTE,466,97,22740,29238159,-1,121.5731,25.0708,1000,4,1,1775502702,1775523662,0
LTE,466,97,22270,29262979,-1,121.5724,25.0635,1000,11,1,1775502753,1780016946,0
LTE,466,97,22270,26885611,-1,121.5702,25.0546,1000,3,1,1775502843,1775523662,0
LTE,466,97,22270,26885559,-1,121.5701,25.0532,1000,6,1,1775502893,1775523662,0
LTE,466,97,22270,26881205,-1,121.5703,25.0514,1000,1,1,1775502994,1775502994,0
LTE,466,97,22270,26885557,-1,121.5702,25.0511,1000,1,1,1775503014,1775503014,0
LTE,466,97,22270,26943926,-1,121.5697,25.0507,1000,2,1,1775503064,1775523662,0
LTE,466,97,22270,26882262,-1,121.5685,25.0478,1000,6,1,1775503104,1780016947,0
LTE,466,97,22270,26882232,-1,121.5685,25.0488,1000,7,1,1775503115,1775523662,0
LTE,466,97,22270,26882292,-1,121.5684,25.0481,1000,7,1,1775503129,1780016947,0
LTE,466,97,22270,26882230,-1,121.567,25.0454,1000,4,1,1775503245,1775523662,0
LTE,466,97,11390,28214050,-1,121.5662,25.0442,1000,4,1,1775503271,1775523662,0
LTE,466,97,11390,28214051,-1,121.5656,25.0432,1000,2,1,1775503293,1775523662,0
LTE,466,97,11390,28170973,-1,121.5648,25.0418,1000,1,1,1775503365,1775503365,0
LTE,466,97,11390,28210402,-1,121.5645,25.0416,1000,2,1,1775503476,1775523662,0
LTE,466,97,11390,28210392,-1,121.565,25.041,1000,3,1,1775503513,1775523662,0
LTE,466,97,11390,28214031,-1,121.5648,25.041,1000,2,1,1775503563,1775523662,0
LTE,466,97,11390,28210391,-1,121.5655,25.0409,1000,1,1,1775503603,1775503603,0
LTE,466,97,11390,28170964,-1,121.5654,25.0409,1000,1,1,1775503643,1775503643,0
LTE,466,97,11230,59909045,-1,121.515,25.0176,1000,8,1,1775610956,1775634842,0
LTE,466,97,11230,59909047,-1,121.5154,25.0164,1000,3,1,1775613925,1775634842,0
LTE,466,97,11230,59907767,-1,121.5153,25.0157,1000,6,1,1775613994,1775634842,0
LTE,466,97,11230,59907765,-1,121.5154,25.0161,1000,1,1,1775614024,1775614024,0
LTE,466,97,11230,59910581,-1,121.5148,25.0139,1000,6,1,1775614195,1775724362,0
LTE,466,97,11400,25605097,-1,121.5178,25.0366,1000,4,1,1775635990,1775724361,0
LTE,466,97,11290,25631619,-1,121.5171,25.0352,1000,1,1,1775636453,1775636453,0
LTE,466,97,11290,25625043,-1,121.5171,25.0352,1000,1,1,1775636534,1775636534,0
LTE,466,97,11290,25625073,-1,121.5171,25.0352,1000,1,1,1775636554,1775636554,0
LTE,466,97,11230,59910541,-1,121.5143,25.0133,1000,8,1,1775646416,1775724362,0
LTE,466,97,11230,59910511,-1,121.5143,25.0131,500,25,1,1775681347,1775724362,0
LTE,466,97,11230,59907213,-1,121.515,25.0136,1000,1,1,1775685370,1775685370,0
LTE,466,97,11230,59910531,-1,121.515,25.0136,1000,1,1,1775685921,1775685921,0
LTE,466,97,11290,59928275,-1,121.5157,25.0143,1000,1,1,1775686804,1775686804,0
LTE,466,97,22710,29484420,-1,121.6399,25.0591,1000,6,1,1775690505,1775724362,0
LTE,466,97,22710,56626151,-1,121.6435,25.0614,1000,4,1,1775690526,1775724362,0
LTE,466,97,22710,56628975,-1,121.651,25.0635,1000,4,1,1775690567,1775724362,0
LTE,466,97,22710,56628972,-1,121.6531,25.0643,1000,4,1,1775690576,1775724362,0
LTE,466,97,22710,56628973,-1,121.6549,25.0649,1000,4,1,1775690586,1775724362,0
LTE,466,97,22710,56583812,-1,121.657,25.0657,1000,4,1,1775690596,1775724362,0
LTE,466,97,22710,56591237,-1,121.6622,25.0688,1000,4,1,1775690627,1775724362,0
LTE,466,97,22710,56591235,-1,121.6637,25.0701,1000,4,1,1775690637,1775724362,0
LTE,466,97,22710,56623491,-1,121.6649,25.0716,1000,4,1,1775690647,1775724362,0
LTE,466,97,22710,56630660,-1,121.6655,25.0734,1000,4,1,1775690657,1775724362,0
LTE,466,97,22710,56577770,-1,121.666,25.076,1000,7,1,1775690666,1775724362,0
LTE,466,97,22710,56620675,-1,121.6733,25.0817,1000,4,1,1775690717,1775724362,0
LTE,466,97,22710,56591848,-1,121.6773,25.0825,1000,3,1,1775690737,1775724362,0
LTE,466,97,22261,52743911,-1,121.6845,25.0803,1000,14,1,1775690757,1775724362,0
LTE,466,97,22261,52736744,-1,121.6889,25.0788,1000,5,1,1775690787,1775724362,0
LTE,466,97,22261,52743912,-1,121.6915,25.078,1000,7,1,1775690798,1775724362,0
LTE,466,97,22261,52739973,-1,121.6942,25.0781,1000,4,1,1775690817,1775724362,0
LTE,466,97,22261,52739560,-1,121.6962,25.0787,1000,4,1,1775690827,1775724362,0
LTE,466,97,22261,52748008,-1,121.7011,25.0806,1000,17,1,1775690837,1775724363,0
LTE,466,97,22261,52748007,-1,121.7051,25.0847,1000,7,1,1775690887,1775724363,0
LTE,466,97,22261,52746115,-1,121.7059,25.0877,1000,7,1,1775690907,1775724363,0
LTE,466,97,22261,52747397,-1,121.7082,25.09,1000,8,1,1775690927,1775724363,0
LTE,466,97,22261,52738485,-1,121.7122,25.0921,1000,4,1,1775690957,1775724363,0
LTE,466,97,22261,52736439,-1,121.7137,25.0929,1000,4,1,1775690967,1775724363,0
LTE,466,97,22261,52739766,-1,121.7152,25.0938,1000,4,1,1775690977,1775724363,0
LTE,466,97,22261,52739765,-1,121.7183,25.0963,1000,12,1,1775690987,1775724363,0
LTE,466,97,22261,52745348,-1,121.7246,25.1027,1000,8,1,1775691027,1775724363,0
LTE,466,97,22261,52483205,-1,121.7313,25.1094,1000,4,1,1775691107,1775724363,0
LTE,466,97,22261,52483203,-1,121.7342,25.1081,1000,4,1,1775691128,1775724363,0
LTE,466,97,22261,52484386,-1,121.7365,25.1038,1000,4,1,1775691157,1775724363,0
LTE,466,97,22261,52487913,-1,121.7377,25.1028,1000,4,1,1775691168,1775724363,0
LTE,466,97,22261,52488067,-1,121.756,25.1029,1000,3,1,1775691277,1775724363,0
LTE,466,97,22710,57356066,-1,121.7653,25.1028,1000,19,1,1775691307,1775724364,0
LTE,466,97,22710,57354373,-1,121.7763,25.1035,1000,11,1,1775691357,1775724364,0
LTE,466,97,22710,57354371,-1,121.7802,25.1038,1000,5,1,1775691387,1775724364,0
LTE,466,97,22710,57357445,-1,121.7829,25.1047,1000,4,1,1775691397,1775724364,0
LTE,466,97,22710,57357443,-1,121.785,25.1073,1000,11,1,1775691407,1775724364,0
LTE,466,97,22710,57353704,-1,121.8047,25.1095,1000,4,1,1775691537,1775724364,0
LTE,466,97,22710,57353447,-1,121.8064,25.1092,1000,4,1,1775691547,1775724364,0
LTE,466,97,22710,57356009,-1,121.8129,25.1082,1000,1,1,1775691598,1775691598,0
LTE,466,97,11330,66983299,-1,121.8777,24.9131,1000,13,1,1775693323,1775724364,0
LTE,466,97,11330,66823399,-1,121.8598,24.901,1000,9,1,1775693408,1775724365,0
LTE,466,97,11330,66825327,-1,121.8579,24.8973,1000,6,1,1775693438,1775724364,0
LTE,466,97,11330,66825328,-1,121.8555,24.8946,1000,9,1,1775693448,1775724365,0
LTE,466,97,11330,66822099,-1,121.8538,24.8936,1000,1,1,1775693468,1775693468,0
LTE,466,97,11330,66822100,-1,121.8504,24.8916,1000,4,1,1775693478,1775724365,0
LTE,466,97,11330,66822120,-1,121.8486,24.8895,1000,5,1,1775693488,1775724365,0
LTE,466,97,11330,66817747,-1,121.8481,24.888,1000,2,1,1775693498,1775724365,0
LTE,466,97,11330,66817748,-1,121.8424,24.8808,1000,8,1,1775693518,1775724365,0
LTE,466,97,11330,66824303,-1,121.8394,24.8773,1000,5,1,1775693548,1775724365,0
LTE,466,97,11330,66824304,-1,121.8375,24.8751,1000,6,1,1775693558,1775724365,0
LTE,466,97,11330,66825839,-1,121.8289,24.867,1000,7,1,1775693598,1775724365,0
LTE,466,97,11330,66825959,-1,121.8277,24.8659,1000,3,1,1775693608,1775724365,0
LTE,466,97,11330,66825911,-1,121.8273,24.8654,1000,1,1,1775693628,1775693628,0
LTE,466,97,11330,66816694,-1,121.8273,24.8654,1000,1,1,1775693638,1775693638,0
LTE,466,97,11330,66816439,-1,121.8273,24.8654,1000,1,1,1775693668,1775693668,0
LTE,466,97,11330,66816398,-1,121.8157,24.8496,2112,14,1,1775693718,1775724365,0
LTE,466,97,11330,66824845,-1,121.8219,24.8568,1108,3,1,1775693728,1775724365,0
LTE,466,97,11330,66824847,-1,121.8187,24.8516,1000,1,1,1775693764,1775693764,0
LTE,466,97,11330,66824846,-1,121.8172,24.8502,1000,6,1,1775693748,1775724365,0
LTE,466,97,11330,66817059,-1,121.8011,24.8381,1000,6,1,1775693858,1775724365,0
LTE,466,97,11330,66817010,-1,121.7951,24.8367,1000,11,1,1775693878,1775724365,0
LTE,466,97,11330,66817009,-1,121.7916,24.8365,1000,5,1,1775693898,1775724365,0
LTE,466,97,11330,67080835,-1,121.769,24.8115,1000,6,1,1775694048,1775724366,0
LTE,466,97,11330,67082215,-1,121.7631,24.7873,1000,6,1,1775694158,1775724422,0
LTE,466,97,11330,67082216,-1,121.762,24.7826,1000,16,1,1775694168,1775724422,0
LTE,466,97,11330,66575235,-1,121.7609,24.7766,1000,11,1,1775694198,1775724422,0
LTE,466,97,11330,66575237,-1,121.7613,24.773,1000,6,1,1775694218,1775724422,0
LTE,466,97,11330,66566887,-1,121.7618,24.7706,1000,6,1,1775694228,1775724422,0
LTE,466,97,11330,66566888,-1,121.7624,24.766,1000,6,1,1775694248,1775724422,0
LTE,466,97,11330,66567043,-1,121.7618,24.7637,1000,5,1,1775694258,1775724422,0
LTE,466,97,11330,66572531,-1,121.7594,24.7577,1000,6,1,1775694288,1775724422,0
LTE,466,97,11330,66574223,-1,121.7586,24.7556,1000,6,1,1775694298,1775724422,0
LTE,466,97,11330,66564082,-1,121.7575,24.7525,1000,11,1,1775694308,1775724422,0
LTE,466,97,11330,66560653,-1,121.7568,24.7494,1000,6,1,1775694328,1775724422,0
LTE,466,97,11330,66560654,-1,121.7574,24.7473,1000,6,1,1775694338,1775724422,0
LTE,466,97,11330,66560655,-1,121.7584,24.7453,1000,6,1,1775694348,1775724422,0
LTE,466,97,11330,66560498,-1,121.7595,24.7432,1000,6,1,1775694358,1775724422,0
LTE,466,97,11330,66562190,-1,121.7606,24.7411,1000,6,1,1775694368,1775724422,0
LTE,466,97,11330,66577285,-1,121.7618,24.7388,1000,6,1,1775694378,1775724422,0
LTE,466,97,11330,66560999,-1,121.7644,24.7336,1000,6,1,1775694398,1775724423,0
LTE,466,97,11330,66561010,-1,121.7684,24.7258,1000,6,1,1775694428,1775724423,0
LTE,466,97,11330,66569457,-1,121.7698,24.7232,1000,6,1,1775694438,1775724422,0
LTE,466,97,11330,66569458,-1,121.771,24.7205,1000,6,1,1775694448,1775724423,0
LTE,466,97,11450,68608693,-1,121.7737,24.709,1000,11,1,1775694488,1775724423,0
LTE,466,97,11450,68614356,-1,121.775,24.7031,1000,6,1,1775694518,1775724423,0
LTE,466,97,11450,68614767,-1,121.7754,24.7008,1000,6,1,1775694528,1775724423,0
LTE,466,97,11450,68614769,-1,121.7754,24.6984,1000,6,1,1775694538,1775724423,0
LTE,466,97,11450,68616148,-1,121.7752,24.6948,1000,11,1,1775694548,1775724423,0
LTE,466,97,11450,68608497,-1,121.7749,24.6876,1000,21,1,1775694568,1775724423,0
LTE,466,97,11450,68608499,-1,121.7747,24.6817,1000,6,1,1775694608,1775724423,0
LTE,466,97,11450,67850226,-1,121.7746,24.6795,1000,6,1,1775694618,1775724423,0
LTE,466,97,11450,67843571,-1,121.7745,24.6764,1000,10,1,1775694628,1775724423,0
LTE,466,97,11450,67842803,-1,121.7748,24.6733,1000,5,1,1775694648,1775724423,0
LTE,466,97,11450,67848047,-1,121.7754,24.671,1000,6,1,1775694658,1775724423,0
LTE,466,97,11450,67842415,-1,121.7759,24.6688,1000,6,1,1775694668,1775724423,0
LTE,466,97,11450,67842547,-1,121.7771,24.6637,1000,6,1,1775694688,1775724423,0
LTE,466,97,11450,68872559,-1,121.7781,24.6611,1000,5,1,1775694698,1775724423,0
LTE,466,97,11450,68872561,-1,121.7799,24.6575,1000,8,1,1775694708,1775724423,0
LTE,466,97,11450,68865767,-1,121.7836,24.6506,1000,11,1,1775694728,1775724424,0
LTE,466,97,11450,68864744,-1,121.7892,24.6405,1000,6,1,1775694778,1775724423,0
LTE,466,97,11450,68871557,-1,121.7951,24.6339,1000,8,1,1775694788,1775724424,0
LTE,466,97,11450,68866023,-1,121.793,24.6359,1000,6,1,1775694798,1775724424,0
LTE,466,97,11450,68866948,-1,121.8053,24.623,1000,16,1,1775694848,1775724424,0
LTE,466,97,11452,69121513,-1,121.8086,24.6187,1000,6,1,1775694878,1775724424,0
LTE,466,97,11452,69121512,-1,121.8174,24.6156,623,25,1,1775694898,1775724424,0
LTE,466,97,11452,69130473,-1,121.8244,24.6149,1000,4,1,1775694998,1775724424,0
LTE,466,97,11452,69123815,-1,121.8269,24.6108,1000,17,1,1775695008,1775724424,0
LTE,466,97,11452,69123816,-1,121.83,24.6062,1000,4,1,1775695058,1775724424,0
LTE,466,97,11452,69130727,-1,121.8317,24.6039,1000,7,1,1775695068,1775724424,0
LTE,466,97,11452,69130729,-1,121.8326,24.6002,1000,8,1,1775695088,1775724424,0
LTE,466,97,11452,69127023,-1,121.8321,24.5967,1000,7,1,1775695108,1775724424,0
LTE,466,97,11452,69127045,-1,121.8341,24.5935,1000,7,1,1775695128,1775724424,0
LTE,466,97,11452,69122949,-1,121.8364,24.5914,1000,4,1,1775695148,1775724424,0
LTE,466,97,11452,69130963,-1,121.8378,24.5901,1000,4,1,1775695158,1775724424,0
LTE,466,97,11452,69130764,-1,121.8388,24.5892,1000,2,1,1775695168,1775724424,0
LTE,466,97,11452,69130795,-1,121.8392,24.5889,1000,1,1,1775695178,1775695178,0
LTE,466,97,11452,69124485,-1,121.842,24.5861,1000,5,1,1775695189,1775724424,0
LTE,466,97,11452,69130767,-1,121.8437,24.5842,1000,4,1,1775695198,1775724424,0
LTE,466,97,11452,69130799,-1,121.8446,24.5825,1000,3,1,1775695208,1775724424,0
LTE,466,97,11452,69130798,-1,121.8451,24.5814,1000,1,1,1775695218,1775695218,0
LTE,466,97,11452,69125999,-1,121.8456,24.5773,1000,6,1,1775695228,1775724424,0
LTE,466,97,11452,69126021,-1,121.8454,24.5732,1000,11,1,1775695238,1775724424,0
LTE,466,97,11452,69129959,-1,121.8439,24.5674,1000,16,1,1775695258,1775724425,0
LTE,466,97,11452,69128560,-1,121.8425,24.5636,1000,3,1,1775695288,1775724424,0
LTE,466,97,11451,69636051,-1,121.8424,24.5631,1000,1,1,1775695368,1775695368,0
LTE,466,97,11451,69636209,-1,121.8424,24.5631,1000,1,1,1775695428,1775695428,0
LTE,466,97,11451,69638377,-1,121.8424,24.5631,1000,1,1,1775695438,1775695438,0
LTE,466,97,11452,69124307,-1,121.8424,24.5631,1000,1,1,1775695448,1775695448,0
LTE,466,97,11452,69125509,-1,121.8424,24.5631,1000,1,1,1775695458,1775695458,0
LTE,466,97,11452,69124227,-1,121.8424,24.5631,1000,1,1,1775695468,1775695468,0
LTE,466,97,11452,69125353,-1,121.8424,24.5631,1000,1,1,1775695478,1775695478,0
LTE,466,97,11452,69128935,-1,121.8424,24.5631,1000,1,1,1775695488,1775695488,0
LTE,466,97,11452,69128817,-1,121.8424,24.5631,1000,1,1,1775695499,1775695499,0
LTE,466,97,11452,69128948,-1,121.8424,24.5631,1000,1,1,1775695518,1775695518,0
LTE,466,97,11452,69129457,-1,121.8424,24.5631,1000,1,1,1775695559,1775695559,0
LTE,466,97,11452,69129072,-1,121.8122,24.4826,9463,5,1,1775695668,1775724425,0
LTE,466,97,11451,69632981,-1,121.8023,24.4628,1000,6,1,1775695698,1775724425,0
LTE,466,97,11451,69632368,-1,121.7943,24.4641,1000,10,1,1775695709,1775724425,0
LTE,466,97,11451,69632488,-1,121.7946,24.4642,1000,12,1,1775695718,1775724425,0
LTE,466,97,11451,69632367,-1,121.7846,24.4634,1000,10,1,1775695759,1775724425,0
LTE,466,97,11451,69637233,-1,121.782,24.4624,1000,1,1,1775695779,1775695779,0
LTE,466,97,11451,69637263,-1,121.782,24.4624,1000,1,1,1775695789,1775695789,0
LTE,466,97,11451,69637095,-1,121.782,24.4624,1000,1,1,1775695798,1775695798,0
LTE,466,97,11451,69637097,-1,121.782,24.4624,1000,1,1,1775695839,1775695839,0
LTE,466,97,11451,69636583,-1,121.7796,24.4421,2265,25,1,1775695849,1775724425,0
LTE,466,97,11451,69636593,-1,121.7812,24.4358,1000,1,1,1775695898,1775695898,0
LTE,466,97,11451,69636464,-1,121.7812,24.4355,1000,1,1,1775696067,1775696067,0
LTE,466,97,11451,69636719,-1,121.7735,24.3654,7832,4,1,1775696077,1775724425,0
LTE,466,97,11451,69635184,-1,121.7701,24.3394,1000,4,1,1775696208,1775724425,0
LTE,466,97,11451,69632623,-1,121.7687,24.3353,1000,11,1,1775696218,1775724425,0
LTE,466,97,11451,69632624,-1,121.7657,24.3278,1000,12,1,1775696238,1775724425,0
LTE,466,97,11451,69639640,-1,121.7658,24.3278,1000,6,1,1775696248,1775724425,0
LTE,466,97,11451,69639441,-1,121.7632,24.3221,1000,6,1,1775696269,1775724425,0
LTE,466,97,11451,69639442,-1,121.7616,24.3175,1000,8,1,1775696279,1775724425,0
LTE,466,97,11372,248834792,-1,121.7602,24.3133,1000,6,1,1775696299,1775724425,0
LTE,466,97,11451,69633512,-1,121.7592,24.3104,1000,6,1,1775696309,1775724425,0
LTE,466,97,11372,248833000,-1,121.7577,24.3061,1000,11,1,1775696319,1775724425,0
LTE,466,97,11372,248833001,-1,121.756,24.3014,1000,6,1,1775696339,1775724425,0
LTE,466,97,11372,248836584,-1,121.755,24.2984,1000,6,1,1775696350,1775724425,0
LTE,466,97,11372,248836585,-1,121.752,24.2908,1000,15,1,1775696360,1775724426,0
LTE,466,97,11372,248842707,-1,121.7471,24.2813,1000,17,1,1775696400,1775724426,0
LTE,466,97,11372,248842708,-1,121.7442,24.2741,1000,11,1,1775696431,1775724426,0
LTE,466,97,11372,248839279,-1,121.7424,24.2686,1000,11,1,1775696452,1775724426,0
LTE,466,97,11372,248839180,-1,121.7407,24.2641,1000,5,1,1775696472,1775724426,0
LTE,466,97,11372,248839410,-1,121.74,24.2628,1000,1,1,1775696493,1775696493,0
LTE,466,97,11372,248837154,-1,121.7188,24.2466,2808,9,1,1775696535,1775724426,0
LTE,466,97,11372,248837331,-1,121.7136,24.2428,1000,5,1,1775696585,1775724426,0
LTE,466,97,11372,248837333,-1,121.7119,24.2405,1000,7,1,1775696595,1775724426,0
LTE,466,97,11372,248842966,-1,121.7106,24.2385,1000,4,1,1775696615,1775724426,0
LTE,466,97,11372,248837136,-1,121.709,24.2359,1000,7,1,1775696625,1775724426,0
LTE,466,97,11372,248837135,-1,121.7074,24.2338,1000,3,1,1775696656,1775724426,0
LTE,466,97,11372,248837157,-1,121.707,24.2332,1000,1,1,1775696676,1775696676,0
LTE,466,97,11372,248840716,-1,121.707,24.2332,1000,1,1,1775696737,1775696737,0
LTE,466,97,11372,248840935,-1,121.6922,24.2205,2057,5,1,1775696747,1775724426,0
LTE,466,97,11372,248840736,-1,121.6879,24.2169,1000,1,1,1775696777,1775696777,0
LTE,466,97,11372,248840227,-1,121.6879,24.2169,1000,1,1,1775696787,1775696787,0
LTE,466,97,11372,248840224,-1,121.6726,24.2077,1853,6,1,1775696827,1775724426,0
LTE,466,97,11372,248840225,-1,121.6689,24.2051,1000,1,1,1775696857,1775696857,0
LTE,466,97,11372,248840681,-1,121.6617,24.1909,1722,3,1,1775696867,1775724426,0
LTE,466,97,11372,248840660,-1,121.6582,24.1822,1000,7,1,1775696997,1775724426,0
LTE,466,97,11372,248843887,-1,121.6562,24.1738,1000,22,1,1775697037,1775724426,0
LTE,466,97,11372,248832723,-1,121.6557,24.1691,1190,13,1,1775697047,1775724427,0
LTE,466,97,11372,248843889,-1,121.6545,24.1655,1000,11,1,1775697167,1775724427,0
LTE,466,97,11372,248832724,-1,121.655,24.1574,1000,6,1,1775697207,1775724426,0
LTE,466,97,11372,248832725,-1,121.6545,24.154,1000,11,1,1775697217,1775724427,0
LTE,466,97,11370,248576999,-1,121.6483,24.1424,1000,11,1,1775697267,1775724427,0
LTE,466,97,11372,248833668,-1,121.646,24.1383,1000,6,1,1775697287,1775724427,0
LTE,466,97,11372,248843752,-1,121.6323,24.1188,816,26,1,1775697347,1775724427,0
LTE,466,97,11372,248841584,-1,121.6247,24.1134,1000,6,1,1775697397,1775724427,0
LTE,466,97,11372,248834947,-1,121.6103,24.0891,1000,16,1,1775697477,1775724428,0
LTE,466,97,11372,248834949,-1,121.6082,24.0815,1000,6,1,1775697517,1775724428,0
LTE,466,97,11372,248834948,-1,121.6069,24.0736,1000,15,1,1775697527,1775724428,0
LTE,466,97,11370,248584425,-1,121.6055,24.0659,1000,6,1,1775697567,1775724428,0
LTE,466,97,11372,248839911,-1,121.6047,24.0612,1000,11,1,1775697577,1775724428,0
LTE,466,97,11370,248584835,-1,121.6039,24.0565,1000,6,1,1775697597,1775724428,0
LTE,466,97,11370,248584837,-1,121.6033,24.0534,1000,6,1,1775697607,1775724428,0
LTE,466,97,11370,248579460,-1,121.6015,24.0429,1000,11,1,1775697637,1775724428,0
LTE,466,97,11370,248582787,-1,121.6011,24.0371,1000,11,1,1775697657,1775724428,0
LTE,466,97,11370,248582788,-1,121.6014,24.0327,1000,6,1,1775697677,1775724428,0
LTE,466,97,11370,248584580,-1,121.6015,24.0298,1000,6,1,1775697687,1775724428,0
LTE,466,97,11370,248581351,-1,121.6045,24.0157,1000,6,1,1775697737,1775724428,0
LTE,466,97,11370,248342247,-1,121.605,24.013,1000,6,1,1775697747,1775724428,0
LTE,466,97,11370,248341226,-1,121.6057,24.0088,1000,4,1,1775697767,1775724428,0
LTE,466,97,11370,248322023,-1,121.6047,24.0007,1000,4,1,1775697817,1775724428,0
LTE,466,97,11370,248328579,-1,121.6038,23.9988,1000,7,1,1775697827,1775724428,0
LTE,466,97,11370,248328580,-1,121.6022,23.9954,1000,11,1,1775697847,1775724429,0
LTE,466,97,11370,248339433,-1,121.5985,23.9881,1000,5,1,1775698177,1775724429,0
LTE,466,97,11370,249088643,-1,121.5976,23.986,1000,6,1,1775698197,1775724429,0
LTE,466,97,11370,249100520,-1,121.5942,23.9791,1000,7,1,1775698247,1775724429,0
LTE,466,97,11370,248321768,-1,121.5908,23.9734,1000,4,1,1775698287,1775724429,0
LTE,466,97,11370,249104004,-1,121.588,23.9714,1000,9,1,1775698297,1775724429,0
LTE,466,97,11370,249100264,-1,121.5852,23.9696,1000,6,1,1775698317,1775724429,0
LTE,466,97,11370,249089000,-1,121.583,23.9681,1000,6,1,1775698327,1775724429,0
LTE,466,97,11370,249101187,-1,121.578,23.9646,1000,6,1,1775698347,1775724429,0
LTE,466,97,11370,249101189,-1,121.5739,23.9619,1000,11,1,1775698357,1775724429,0
LTE,466,97,11370,249091816,-1,121.5698,23.9591,1000,6,1,1775698377,1775724429,0
LTE,466,97,11370,249096679,-1,121.5602,23.9525,1000,11,1,1775698407,1775724429,0
LTE,466,97,11370,249096681,-1,121.5548,23.9488,1000,11,1,1775698427,1775724429,0
LTE,466,97,11370,249093154,-1,121.5509,23.9461,1000,6,1,1775698447,1775724429,0
LTE,466,97,11370,249093351,-1,121.5489,23.9448,1000,5,1,1775698457,1775724429,0
LTE,466,97,11370,249102311,-1,121.5454,23.9423,1000,4,1,1775698477,1775724429,0
LTE,466,97,11370,249102467,-1,121.5438,23.9412,1000,4,1,1775698487,1775724429,0
LTE,466,97,11370,249102468,-1,121.5407,23.9375,1000,15,1,1775698497,1775724429,0
LTE,466,97,11372,248834536,-1,121.5373,23.9307,1000,16,1,1775698537,1775724430,0
LTE,466,97,11371,249344643,-1,121.5322,23.9172,1118,18,1,1775698567,1775724430,0
LTE,466,97,11371,249344723,-1,121.5337,23.9224,1000,6,1,1775698577,1775724430,0
LTE,466,97,11371,249344645,-1,121.5288,23.9058,1000,11,1,1775698627,1775724430,0
LTE,466,97,11371,249351657,-1,121.5274,23.9013,1000,6,1,1775698647,1775724430,0
LTE,466,97,11371,249347460,-1,121.5265,23.8982,1000,6,1,1775698657,1775724430,0
LTE,466,97,11371,249345512,-1,121.5243,23.8908,1000,21,1,1775698667,1775724430,0
LTE,466,97,11371,249345513,-1,121.5177,23.8785,850,29,1,1775698707,1775724430,0
LTE,466,97,11371,249349095,-1,121.5124,23.8712,1000,10,1,1775698777,1775724430,0
LTE,466,97,11371,249349096,-1,121.5109,23.869,1000,3,1,1775698807,1775724430,0
LTE,466,97,11371,249349097,-1,121.509,23.8664,1000,6,1,1775698817,1775724430,0
LTE,466,97,11371,249344899,-1,121.5061,23.8624,1000,11,1,1775698837,1775724430,0
LTE,466,97,11371,249353347,-1,121.5034,23.8587,1000,6,1,1775698857,1775724430,0
LTE,466,97,11371,249344487,-1,121.5,23.8539,1000,13,1,1775698867,1775724430,0
LTE,466,97,11371,249344488,-1,121.4951,23.8471,1000,11,1,1775698897,1775724430,0
LTE,466,97,11371,249352167,-1,121.4865,23.8352,1237,22,1,1775698918,1775724431,0
LTE,466,97,11371,249355651,-1,121.4866,23.8353,1000,6,1,1775698947,1775724430,0
LTE,466,97,11371,249352169,-1,121.4787,23.8244,1000,4,1,1775698987,1775724431,0
LTE,466,97,11371,249354471,-1,121.4765,23.8203,1000,8,1,1775698998,1775724431,0
LTE,466,97,11371,249354352,-1,121.4752,23.8178,1000,1,1,1775699017,1775699017,0
LTE,466,97,11371,249604583,-1,121.475,23.8175,1000,1,1,1775699027,1775699027,0
LTE,466,97,11371,249604584,-1,121.4652,23.802,1993,3,1,1775699077,1775724431,0
LTE,466,97,11371,249601001,-1,121.4595,23.7909,1000,11,1,1775699107,1775724431,0
LTE,466,97,11371,249603047,-1,121.4582,23.7832,1000,16,1,1775699127,1775724431,0
LTE,466,97,11371,249603049,-1,121.4572,23.7771,1000,6,1,1775699157,1775724431,0
LTE,466,97,11371,249603048,-1,121.4565,23.7724,1000,8,1,1775699167,1775724431,0
LTE,466,97,11371,249601155,-1,121.4551,23.7644,1000,10,1,1775699187,1775724431,0
LTE,466,97,11371,249601157,-1,121.4517,23.7561,1000,16,1,1775699217,1775724431,0
LTE,466,97,11371,249601513,-1,121.4481,23.7491,1000,11,1,1775699247,1775724431,0
LTE,466,97,11371,249603559,-1,121.446,23.7449,1000,6,1,1775699267,1775724431,0
LTE,466,97,11371,249603561,-1,121.4445,23.7418,1000,3,1,1775699277,1775724431,0
LTE,466,97,11371,249600489,-1,121.4417,23.7367,1000,13,1,1775699287,1775724431,0
LTE,466,97,11371,249601767,-1,121.4394,23.7325,1000,11,1,1775699307,1775724431,0
LTE,466,97,11371,249601569,-1,121.4294,23.7244,1000,8,1,1775699337,1775724431,0
LTE,466,97,11371,250625904,-1,121.4251,23.7197,1000,11,1,1775699367,1775724431,0
LTE,466,97,11371,249602003,-1,121.4201,23.7135,1000,16,1,1775699387,1775724432,0
LTE,466,97,11371,249602005,-1,121.4161,23.7086,1000,6,1,1775699417,1775724432,0
LTE,466,97,11371,250625905,-1,121.414,23.7061,1000,6,1,1775699427,1775724432,0
LTE,466,97,11371,249604719,-1,121.4114,23.7022,1000,10,1,1775699437,1775724432,0
LTE,466,97,11371,249604820,-1,121.41,23.6984,1000,4,1,1775699457,1775724432,0
LTE,466,97,11371,249860081,-1,121.4163,23.6838,1625,4,1,1775699477,1775724432,0
LTE,466,97,11371,249860082,-1,121.4207,23.6746,1000,18,1,1775699547,1775724432,0
LTE,466,97,11371,249860749,-1,121.4219,23.6701,1000,4,1,1775699617,1775724432,0
LTE,466,97,11371,249856653,-1,121.4214,23.6677,1000,9,1,1775699637,1775724432,0
LTE,466,97,11371,249856655,-1,121.4205,23.6645,1000,8,1,1775699687,1775724432,0
LTE,466,97,11371,249860751,-1,121.4186,23.6581,1000,22,1,1775699737,1775724432,0
LTE,466,97,11371,249858535,-1,121.4172,23.6526,1000,4,1,1775699817,1775724432,0
LTE,466,97,11371,249860841,-1,121.4166,23.6505,1000,6,1,1775699827,1775724432,0
LTE,466,97,11371,249858536,-1,121.4145,23.6434,1000,12,1,1775699837,1775724432,0
LTE,466,97,11371,249860327,-1,121.4103,23.6345,1000,16,1,1775699877,1775724432,0
LTE,466,97,11371,249860329,-1,121.4042,23.6293,1000,11,1,1775699907,1775724432,0
LTE,466,97,11371,249860583,-1,121.3972,23.622,1000,17,1,1775699927,1775724481,0
LTE,466,97,11371,249860585,-1,121.3933,23.6158,1000,6,1,1775699968,1775724481,0
LTE,466,97,11371,249856999,-1,121.3907,23.6102,1000,16,1,1775699977,1775724481,0
LTE,466,97,11371,249857001,-1,121.3892,23.6025,1000,8,1,1775700008,1775724481,0
LTE,466,97,11371,250369511,-1,121.3887,23.5979,1000,6,1,1775700028,1775724481,0
LTE,466,97,11371,250369491,-1,121.3825,23.5857,1111,23,1,1775700037,1775724481,0
LTE,466,97,11371,250369493,-1,121.3788,23.5729,1000,7,1,1775700107,1775724481,0
LTE,466,97,11371,250369492,-1,121.3778,23.5603,1030,22,1,1775700127,1775724482,0
LTE,466,97,11371,250371439,-1,121.3771,23.54,1892,32,1,1775700187,1775724482,0
LTE,466,97,11371,250372207,-1,121.3773,23.5341,1000,6,1,1775700237,1775724482,0
LTE,466,97,11371,250372208,-1,121.3775,23.5294,1000,11,1,1775700247,1775724482,0
LTE,466,97,11371,250369135,-1,121.3765,23.5184,1000,16,1,1775700278,1775724482,0
LTE,466,97,11371,250369137,-1,121.3759,23.5078,1000,13,1,1775700308,1775724483,0
LTE,466,97,11371,250369903,-1,121.3764,23.5008,1000,6,1,1775700348,1775724483,0
LTE,466,97,11371,250369905,-1,121.3767,23.4973,1000,6,1,1775700357,1775724483,0
LTE,466,97,11371,250368723,-1,121.3768,23.4942,1000,6,1,1775700378,1775724483,0
LTE,466,97,11371,250368724,-1,121.3736,23.4883,695,26,1,1775700387,1775724483,0
LTE,466,97,11371,250368725,-1,121.3664,23.4823,1000,11,1,1775700438,1775724483,0
LTE,466,97,11371,250372819,-1,121.3608,23.4797,1000,10,1,1775700458,1775724483,0
LTE,466,97,11371,250372821,-1,121.3561,23.4752,1000,11,1,1775700478,1775724483,0
LTE,466,97,11371,250371951,-1,121.3523,23.4688,1000,14,1,1775700497,1775724483,0
LTE,466,97,11371,250371952,-1,121.3509,23.4649,1000,1,1,1775700528,1775700528,0
LTE,466,97,11371,250372081,-1,121.3509,23.4649,1000,1,1,1775700537,1775700537,0
LTE,466,97,11371,251394957,-1,121.3505,23.4535,1273,2,1,1775700547,1775724483,0
LTE,466,97,11371,251394958,-1,121.3486,23.4348,1000,16,1,1775700598,1775724484,0
LTE,466,97,11371,251139284,-1,121.3451,23.4242,1000,16,1,1775700647,1775724484,0
LTE,466,97,11371,251143791,-1,121.3413,23.4152,1000,13,1,1775700678,1775724484,0
LTE,466,97,11371,251143793,-1,121.3386,23.4081,1000,11,1,1775700708,1775724484,0
LTE,466,97,11371,251143279,-1,121.3369,23.4037,1000,6,1,1775700727,1775724484,0
LTE,466,97,11371,251143281,-1,121.3347,23.3977,1000,16,1,1775700738,1775724484,0
LTE,466,97,11371,251138259,-1,121.3298,23.3878,1000,12,1,1775700768,1775724484,0
LTE,466,97,11371,251394416,-1,121.3307,23.3891,1000,6,1,1775700778,1775724484,0
LTE,466,97,11371,251139541,-1,121.3262,23.3759,1385,12,1,1775700788,1775724484,0
LTE,466,97,11371,251138261,-1,121.3255,23.3744,876,26,1,1775700808,1775724484,0
LTE,466,97,11371,251141863,-1,121.3199,23.3533,1206,37,1,1775700868,1775724484,0
LTE,466,97,11371,251139461,-1,121.3222,23.3569,1000,6,1,1775700888,1775724484,0
LTE,466,97,11371,251139815,-1,121.314,23.3415,1000,11,1,1775700970,1775724484,0
LTE,466,97,11371,251139816,-1,121.3127,23.3384,1000,4,1,1775700999,1775724484,0
LTE,466,97,11371,251139817,-1,121.3121,23.3356,1000,10,1,1775701009,1775724485,0
LTE,466,97,11371,251141351,-1,121.3116,23.3318,1000,8,1,1775701040,1775724485,0
LTE,466,97,11371,251141353,-1,121.311,23.3245,1000,19,1,1775701190,1775724485,0
LTE,466,97,11371,251138537,-1,121.3106,23.3234,1000,6,1,1775701220,1775724485,0
LTE,466,97,11371,251140841,-1,121.3107,23.3212,1000,6,1,1775701230,1775724485,0
LTE,466,97,11371,251138535,-1,121.3113,23.316,1000,6,1,1775701250,1775724485,0
LTE,466,97,11371,251141607,-1,121.312,23.3086,1000,21,1,1775701260,1775724485,0
LTE,466,97,11371,251139048,-1,121.308,23.2842,1383,21,1,1775701300,1775724485,0
LTE,466,97,11371,251141608,-1,121.3103,23.2948,1000,6,1,1775701320,1775724485,0
LTE,466,97,11371,251648999,-1,121.3033,23.271,1000,16,1,1775701390,1775724485,0
LTE,466,97,11371,251139049,-1,121.2946,23.2568,2040,12,1,1775701420,1775724486,0
LTE,466,97,11371,251649001,-1,121.2964,23.2568,1000,16,1,1775701440,1775724485,0
LTE,466,97,11371,251650947,-1,121.2917,23.2487,1000,16,1,1775701470,1775724486,0
LTE,466,97,11371,251648743,-1,121.2829,23.2399,1000,22,1,1775701500,1775724486,0
LTE,466,97,11371,251394791,-1,121.2718,23.2069,3190,21,1,1775701550,1775724498,0
LTE,466,97,11371,251652327,-1,121.2792,23.2282,1000,6,1,1775701570,1775724486,0
LTE,466,97,11371,251652329,-1,121.2728,23.2087,1189,17,1,1775701620,1775724486,0
LTE,466,97,11371,251651972,-1,121.2588,23.1901,1048,22,1,1775701690,1775724486,0
LTE,466,97,11371,251649769,-1,121.2587,23.1902,1000,11,1,1775701710,1775724486,0
LTE,466,97,11371,251648487,-1,121.2503,23.1824,1000,6,1,1775701750,1775724486,0
LTE,466,97,11371,251648488,-1,121.2487,23.1797,1000,6,1,1775701760,1775724486,0
LTE,466,97,11371,251649059,-1,121.2473,23.1772,1000,5,1,1775701770,1775724486,0
LTE,466,97,11371,251650692,-1,121.2456,23.1741,1000,6,1,1775701780,1775724487,0
LTE,466,97,11371,251649257,-1,121.2416,23.1672,1000,21,1,1775701790,1775724487,0
LTE,466,97,11371,251650535,-1,121.2384,23.154,839,26,1,1775701830,1775724487,0
LTE,466,97,11371,251650536,-1,121.2345,23.1395,859,31,1,1775701880,1775724487,0
LTE,466,97,44263,245248487,-1,121.2216,23.1279,1027,25,1,1775701940,1775724487,0
LTE,466,97,44263,245251047,-1,121.2264,23.1312,1000,6,1,1775701950,1775724487,0
LTE,466,97,44263,245250435,-1,121.2218,23.128,1000,8,1,1775701970,1775724487,0
LTE,466,97,44263,245251304,-1,121.2136,23.1225,1000,5,1,1775702020,1775724487,0
LTE,466,97,44263,245248999,-1,121.2113,23.1221,1000,6,1,1775702030,1775724487,0
LTE,466,97,44263,245248489,-1,121.1955,23.1195,1110,22,1,1775702040,1775724488,0
LTE,466,97,44264,244993057,-1,121.182,23.1123,1000,16,1,1775702130,1775724488,0
LTE,466,97,44260,244737155,-1,121.1775,23.1038,1000,16,1,1775702160,1775724488,0
LTE,466,97,44260,244737156,-1,121.1775,23.0906,805,26,1,1775702200,1775724488,0
LTE,466,97,44260,244738535,-1,121.1765,23.0821,1000,6,1,1775702250,1775724488,0
LTE,466,97,44260,244738536,-1,121.176,23.0793,1000,6,1,1775702260,1775724488,0
LTE,466,97,44260,244736743,-1,121.1702,23.0626,1790,22,1,1775702270,1775724488,0
LTE,466,97,44260,244737767,-1,121.1736,23.0725,1000,11,1,1775702280,1775724488,0
LTE,466,97,44260,244737769,-1,121.1711,23.0658,1000,16,1,1775702300,1775724488,0
LTE,466,97,44260,244736745,-1,121.1654,23.0482,1000,10,1,1775702360,1775724488,0
LTE,466,97,44260,244738279,-1,121.1656,23.0489,1000,6,1,1775702370,1775724488,0
LTE,466,97,44260,244738281,-1,121.1641,23.0445,1000,13,1,1775702380,1775724488,0
LTE,466,97,44260,244736489,-1,121.1596,23.0302,1000,17,1,1775702450,1775724489,0
LTE,466,97,44260,244737511,-1,121.1572,23.0225,1000,6,1,1775702530,1775724489,0
LTE,466,97,44260,244737512,-1,121.1539,23.0121,1037,31,1,1775702540,1775724489,0
LTE,466,97,44260,244737000,-1,121.1516,22.9977,1000,21,1,1775702600,1775724489,0
LTE,466,97,44263,244483047,-1,121.1555,22.9811,1000,17,1,1775702650,1775724489,0
LTE,466,97,44263,244483049,-1,121.1589,22.9694,1000,12,1,1775702700,1775724489,0
LTE,466,97,44263,244482791,-1,121.1599,22.9622,1000,11,1,1775702730,1775724489,0
LTE,466,97,44263,244480743,-1,121.1594,22.9576,1000,6,1,1775702750,1775724489,0
LTE,466,97,44263,244482792,-1,121.159,22.9545,1000,6,1,1775702760,1775724489,0
LTE,466,97,44263,244480744,-1,121.1586,22.9481,1000,12,1,1775702770,1775724489,0
LTE,466,97,44263,244480745,-1,121.1535,22.936,1127,22,1,1775702800,1775724490,0
LTE,466,97,44263,244481255,-1,121.138,22.9109,2093,21,1,1775702860,1775724490,0
LTE,466,97,44263,244481411,-1,121.1393,22.9088,1690,10,1,1775702880,1775724490,0
LTE,466,97,44263,244481412,-1,121.1402,22.8946,1000,11,1,1775703000,1775724490,0
LTE,466,97,44263,244481256,-1,121.144,22.8824,1004,22,1,1775703020,1775724491,0
LTE,466,97,44263,244229843,-1,121.1468,22.8733,1000,5,1,1775703110,1775724490,0
LTE,466,97,44263,244229845,-1,121.145,22.8693,1000,15,1,1775703130,1775724491,0
LTE,466,97,44263,244227439,-1,121.1412,22.8644,1000,13,1,1775703200,1775724491,0
LTE,466,97,44263,244227440,-1,121.1337,22.858,1000,8,1,1775703250,1775724491,0
LTE,466,97,44263,244227441,-1,121.1345,22.8591,1000,18,1,1775703260,1775724491,0
LTE,466,97,44263,244228463,-1,121.1301,22.8539,1000,1,1,1775703390,1775703390,0
LTE,466,97,44263,244228464,-1,121.1267,22.8308,2594,2,1,1775703430,1775724491,0
LTE,466,97,44260,243213425,-1,121.1231,22.7991,1000,20,1,1775703510,1775724491,0
LTE,466,97,44260,243220081,-1,121.1224,22.7938,1000,5,1,1775703570,1775724491,0
LTE,466,97,44260,243220201,-1,121.1239,22.7928,1000,9,1,1775703770,1775724541,0
LTE,466,97,44260,243214723,-1,121.1246,22.7915,1000,2,1,1775704520,1775724541,0
LTE,466,97,22530,81948659,-1,121.2216,25.013,1000,7,1,1776064835,1777186567,0
LTE,466,97,22600,86570540,-1,121.2575,25.0275,1000,11,1,1776065295,1776091383,0
LTE,466,97,22600,86570737,-1,121.2642,25.0271,1000,16,1,1776065315,1776091383,0
LTE,466,97,22550,85514608,-1,121.3234,24.946,4736,21,1,1776065585,1776091402,0
LTE,466,97,11220,60420278,-1,121.4731,24.9838,1000,11,1,1776066445,1776091387,0
LTE,466,97,11460,59154153,-1,121.5433,24.9611,1000,4,1,1776066795,1776091388,0
LTE,466,97,11460,59192807,-1,121.549,24.9736,1000,9,1,1776066915,1776091388,0
LTE,466,97,11460,59144939,-1,121.5461,24.9777,1000,5,1,1776067015,1776091388,0
LTE,466,97,11460,59195369,-1,121.5452,24.979,1000,3,1,1776067035,1776091388,0
LTE,466,97,11460,59144429,-1,121.5446,24.98,1000,4,1,1776067075,1776091388,0
LTE,466,97,11460,59195367,-1,121.5439,24.9817,1000,4,1,1776067095,1776091388,0
LTE,466,97,11350,60201174,-1,121.4841,25.006,1000,9,1,1776078445,1776102482,0
LTE,466,97,11350,60173582,-1,121.4815,25.0093,1110,6,1,1776078565,1781622063,0
LTE,466,97,11350,60190901,-1,121.4818,25.0094,1000,2,1,1776078645,1776102482,0
LTE,466,97,11340,56335541,-1,121.4696,25.0211,1000,5,1,1776078975,1776102482,0
LTE,466,97,11340,56334192,-1,121.4671,25.0253,1000,1,1,1776079065,1776079065,0
LTE,466,97,11340,56334262,-1,121.4668,25.0259,1000,3,1,1776079075,1776102482,0
LTE,466,97,11340,56334263,-1,121.4663,25.0269,1000,3,1,1776079145,1776102482,0
LTE,466,97,11340,56334261,-1,121.4655,25.0283,1000,6,1,1776079155,1776102482,0
LTE,466,97,11340,56379831,-1,121.4643,25.0305,1000,5,1,1776079175,1776102483,0
LTE,466,97,11340,56379829,-1,121.4626,25.0339,1000,11,1,1776079195,1776102483,0
LTE,466,97,11380,61964214,-1,121.4614,25.0367,1000,4,1,1776079225,1776102483,0
LTE,466,97,11380,61964726,-1,121.4609,25.038,1000,4,1,1776079235,1776102483,0
LTE,466,97,11380,61964727,-1,121.4603,25.0399,1000,6,1,1776079245,1776102483,0
LTE,466,97,11380,61956279,-1,121.4601,25.0418,1000,4,1,1776079265,1776102483,0
LTE,466,97,11380,61956277,-1,121.46,25.0443,1000,8,1,1776079345,1776102483,0
LTE,466,97,11380,61954741,-1,121.46,25.0468,1000,4,1,1776079375,1776102483,0
LTE,466,97,11380,61989303,-1,121.46,25.0481,1000,2,1,1776079395,1776102483,0
LTE,466,97,11380,61989302,-1,121.46,25.0495,1000,5,1,1776079405,1776102483,0
LTE,466,97,11380,62013879,-1,121.4599,25.0508,1000,3,1,1776079465,1776102483,0
LTE,466,97,11380,61988278,-1,121.4599,25.052,1000,3,1,1776079475,1776102483,0
LTE,466,97,11380,61988277,-1,121.4599,25.0534,1000,4,1,1776079485,1776102483,0
LTE,466,97,11380,62026422,-1,121.4599,25.0562,1000,5,1,1776079505,1776102483,0
LTE,466,97,11380,62026421,-1,121.4598,25.0592,1000,6,1,1776079605,1776102483,0
LTE,466,97,11380,61964471,-1,121.4588,25.0604,1000,4,1,1776079625,1776102483,0
LTE,466,97,11470,61697205,-1,121.4565,25.0605,1000,7,1,1776079635,1776102483,0
LTE,466,97,11380,63491510,-1,121.4526,25.0606,1000,7,1,1776079655,1776102483,0
LTE,466,97,11380,62011317,-1,121.4498,25.0604,1000,4,1,1776079675,1776102483,0
LTE,466,97,11380,62015157,-1,121.447,25.0596,1000,10,1,1776079685,1776102483,0
LTE,466,97,11380,62015158,-1,121.4429,25.0589,1000,7,1,1776079715,1776102483,0
LTE,466,97,11380,63491511,-1,121.4403,25.0623,1000,7,1,1776079765,1776102483,0
LTE,466,97,11380,62015190,-1,121.441,25.0611,1000,3,1,1776079775,1776102483,0
LTE,466,97,22750,62213301,-1,121.4387,25.065,1000,7,1,1776079855,1776102483,0
LTE,466,97,22750,63509687,-1,121.4338,25.0686,1000,4,1,1776080035,1776102483,0
LTE,466,97,22230,62210998,-1,121.4208,25.0649,1000,6,1,1776080095,1776102483,0
LTE,466,97,22230,62222262,-1,121.4185,25.0636,1000,6,1,1776080105,1776102484,0
LTE,466,97,22570,85253557,-1,121.3635,25.0654,1000,10,1,1776080335,1776102484,0
LTE,466,97,22230,62485429,-1,121.3583,25.0654,1000,11,1,1776080355,1776102484,0
LTE,466,97,22600,85256206,-1,121.3267,25.0537,615,28,1,1776080495,1780016943,0
LTE,466,97,22600,86552503,-1,121.2944,25.0363,1000,6,1,1776080645,1776102485,0
LTE,466,97,22600,86533611,-1,121.2894,25.0326,1000,13,1,1776080655,1776102485,0
LTE,466,97,22520,84542439,-1,121.2844,25.0287,1000,5,1,1776080695,1776102485,0
LTE,466,97,22600,86561719,-1,121.2722,25.0217,1000,4,1,1776080765,1776102485,0
LTE,466,97,22530,86305138,-1,121.231,25.0292,1000,2,1,1776080995,1776102486,0
LTE,466,97,11420,60214710,-1,121.5198,24.9913,1000,11,1,1776539875,1780917487,0
LTE,466,97,22530,81948657,-1,121.2216,25.0141,1000,4,1,1776594665,1777186567,0
LTE,466,97,22530,81994255,-1,121.2025,25.0017,1000,1,1,1777100573,1777100573,0
LTE,466,97,22530,81957617,-1,121.2186,25.0073,1000,3,1,1777103093,1777186567,0
LTE,466,97,22530,83977613,-1,121.1443,25.0077,1000,12,1,1777160374,1777186568,0
LTE,466,97,22530,83984085,-1,121.1514,25.0036,1000,7,1,1777160464,1777186568,0
LTE,466,97,22530,83984084,-1,121.1575,24.9999,1000,22,1,1777160524,1777186568,0
LTE,466,97,22530,83970189,-1,121.1643,24.9955,1397,10,1,1777160484,1777186568,0
LTE,466,97,22530,83970190,-1,121.1699,24.9929,1000,7,1,1777160684,1777186568,0
LTE,466,97,22530,83970230,-1,121.1736,24.9917,1000,9,1,1777160704,1777186568,0
LTE,466,97,22530,81940919,-1,121.1773,24.9902,1000,7,1,1777160734,1777186568,0
LTE,466,97,22530,81990767,-1,121.1811,24.9884,1000,5,1,1777160784,1777186568,0
LTE,466,97,22530,81940918,-1,121.1858,24.9855,1000,6,1,1777160824,1777186568,0
LTE,466,97,22580,81978581,-1,121.19,24.9881,1000,18,1,1777160934,1777186568,0
LTE,466,97,22580,81978579,-1,121.1968,24.9949,1000,10,1,1777160994,1777186568,0
LTE,466,97,22530,81946737,-1,121.2022,25.0002,1000,7,1,1777161094,1777186568,0
LTE,466,97,22520,84506924,-1,121.2786,24.9912,1000,4,1,1777675832,1777697281,0
LTE,466,97,22520,84641391,-1,121.2783,24.9922,1000,1,1,1777675872,1777675872,0
LTE,466,97,22520,84641647,-1,121.2784,24.9929,1000,4,1,1777675882,1777697281,0
LTE,466,97,22520,84542450,-1,121.2845,25.0011,1000,9,1,1777676002,1777697282,0
LTE,466,97,33200,111366797,0,120.5173,24.2663,1000,1,1,1778062004,1778062004,0
LTE,466,97,33410,111631493,0,120.515,24.2886,1000,1,1,1778105556,1778105556,0
LTE,466,97,33200,111365045,0,120.5201,24.2748,1000,1,1,1778192099,1778192099,0
LTE,466,97,22550,81931240,-1,121.2421,24.9881,1000,3,1,1778277604,1778298961,0
LTE,466,97,22550,82005125,-1,121.2421,24.9876,1000,1,1,1778277668,1778277668,0
LTE,466,97,22550,81929398,-1,121.2393,24.9875,1000,8,1,1778277728,1778298961,0
LTE,466,97,22550,81954026,-1,121.2392,24.9902,1000,2,1,1778277798,1778298961,0
LTE,466,97,22550,81921512,-1,121.2392,24.9912,1000,3,1,1778277838,1778298961,0
LTE,466,97,22550,81929451,-1,121.233,24.9843,1000,6,1,1778278048,1778298961,0
LTE,466,97,22550,81927043,-1,121.223,24.9757,1000,6,1,1778278098,1778298961,0
LTE,466,97,22550,82010599,-1,121.2127,24.9674,1000,9,1,1778278118,1778298961,0
LTE,466,97,22550,82004355,-1,121.215,24.9689,1000,8,1,1778278138,1778298961,0
LTE,466,97,22550,82004356,-1,121.2125,24.9669,1000,5,1,1778278158,1778298961,0
LTE,466,97,22550,82010549,-1,121.2067,24.9631,1000,6,1,1778278188,1778298961,0
LTE,466,97,22550,82010551,-1,121.2046,24.9617,1000,6,1,1778278198,1778298961,0
LTE,466,97,22550,81994097,-1,121.199,24.9564,1000,6,1,1778278228,1778298962,0
LTE,466,97,22550,82956145,-1,121.1976,24.9543,1000,6,1,1778278238,1778298962,0
LTE,466,97,22540,82976726,-1,121.1944,24.9336,1000,9,1,1778278348,1778298962,0
LTE,466,97,22540,83480944,-1,121.1885,24.9357,1000,5,1,1778278358,1778298962,0
LTE,466,97,22540,82976725,-1,121.1939,24.9288,1000,7,1,1778278528,1778298962,0
LTE,466,97,22540,82978578,-1,121.1905,24.9261,1000,12,1,1778278548,1778298962,0
LTE,466,97,22540,83456754,-1,121.1855,24.919,1000,4,1,1778278738,1778298962,0
LTE,466,97,22540,83473550,-1,121.1848,24.9189,1000,3,1,1778278768,1778298962,0
LTE,466,97,33370,109569934,0,120.6241,24.2358,1000,1,1,1778581195,1778581195,0
LTE,466,97,33370,109569924,0,120.6241,24.2365,1000,1,1,1778630164,1778630164,0
LTE,466,97,33370,109569935,0,120.6135,24.2326,1000,1,1,1778641953,1778641953,0
LTE,466,97,11430,60181174,-1,121.4689,25.0014,1000,1,1,1779124234,1779124234,0
LTE,466,97,33410,111631492,0,120.5245,24.2925,1000,1,1,1779128901,1779128901,0
LTE,466,97,33410,111622642,0,120.5404,24.2863,1000,1,1,1779265015,1779265015,0
LTE,466,97,22520,84542441,-1,121.2851,25.0002,1000,11,1,1779989816,1780016942,0
LTE,466,97,22520,84541473,-1,121.3021,25.0247,1000,2,1,1779991156,1780016942,0
LTE,466,97,22600,84536296,-1,121.3008,25.0292,1000,5,1,1779991481,1780016942,0
LTE,466,97,22600,84536295,-1,121.3007,25.0304,1000,2,1,1779991496,1780016942,0
LTE,466,97,22600,85283048,-1,121.306,25.042,1000,5,1,1779991656,1780016943,0
LTE,466,97,22600,85282928,-1,121.3079,25.043,1000,4,1,1779991676,1780016943,0
LTE,466,97,22230,62491249,-1,121.3658,25.0649,1000,9,1,1779992526,1780016944,0
LTE,466,97,22230,62208880,-1,121.393,25.0631,1000,6,1,1779992866,1780016944,0
LTE,466,97,22750,63495154,-1,121.4325,25.0683,1000,5,1,1779993226,1780016945,0
LTE,466,97,22750,63509716,-1,121.4402,25.0691,1000,8,1,1779993376,1780016945,0
LTE,466,97,22750,63506644,-1,121.4389,25.0689,1000,9,1,1779993386,1780016945,0
LTE,466,97,22750,63508181,-1,121.446,25.0707,1000,14,1,1779993516,1780016945,0
LTE,466,97,22750,63506799,-1,121.4474,25.0712,1000,2,1,1779993596,1780016945,0
LTE,466,97,22750,63508179,-1,121.4506,25.0721,1000,6,1,1779993636,1780016945,0
LTE,466,97,22700,61699817,-1,121.4883,25.0738,1000,2,1,1779994026,1780016945,0
LTE,466,97,22700,61699816,-1,121.4931,25.0751,1000,3,1,1779994061,1780016945,0
LTE,466,97,22700,61779077,-1,121.5005,25.0769,1000,6,1,1779994113,1780016945,0
LTE,466,97,22700,61779075,-1,121.5028,25.0774,1000,5,1,1779994133,1780016945,0
LTE,466,97,11270,61779331,-1,121.5075,25.0779,1000,3,1,1779994173,1780016945,0
LTE,466,97,22270,26895246,-1,121.5695,25.0709,1000,2,1,1779994993,1780016946,0
LTE,466,97,22740,29270996,-1,121.5745,25.0693,1000,3,1,1779995103,1780016946,0
LTE,466,97,22740,29270995,-1,121.5748,25.0709,1000,4,1,1779995193,1780016946,0
LTE,466,97,22740,29259220,-1,121.5737,25.073,1000,1,1,1779995343,1779995343,0
LTE,466,97,22270,26898053,-1,121.5715,25.0562,1000,1,1,1779996393,1779996393,0
LTE,466,97,22270,26898061,-1,121.5704,25.0551,1000,2,1,1779996543,1780016946,0
LTE,466,97,22270,29224078,-1,121.5701,25.0547,1000,1,1,1779996573,1779996573,0
LTE,466,97,22270,26889613,-1,121.5695,25.0499,1000,3,1,1779996863,1780016947,0
LTE,466,97,22270,26932594,-1,121.569,25.049,1000,2,1,1779996903,1780016947,0
LTE,466,97,22270,26882282,-1,121.5677,25.0464,1000,3,1,1779997023,1780016947,0
LTE,466,97,22270,26882190,-1,121.5673,25.0458,1000,2,1,1779997043,1780016947,0
LTE,466,97,11420,60194129,-1,121.5082,24.9931,1000,4,1,1780101967,1780123203,0
LTE,466,97,11460,59186151,-1,121.5273,24.9886,1000,3,1,1780102197,1780123204,0
LTE,466,97,11460,59150115,-1,121.5266,24.9854,1000,2,1,1780102237,1780123204,0
LTE,466,97,11460,59182805,-1,121.5272,24.9849,1000,2,1,1780102247,1780123204,0
LTE,466,97,11460,59149526,-1,121.5287,24.9839,1000,4,1,1780102307,1780123204,0
LTE,466,97,11420,60198325,-1,121.5262,24.9902,1000,1,1,1780131285,1780131285,0
LTE,466,97,11420,60251574,-1,121.5222,24.9907,1000,5,1,1780131345,1780152902,0
LTE,466,92,12800,208598287,-1,121.7485,24.7458,1000,1,1,1780425481,1780425481,0
LTE,466,92,12800,208598543,-1,121.744,24.7459,1000,2,1,1780429998,1780450682,0
LTE,466,92,12800,208365081,-1,121.7443,24.7458,1000,1,1,1780430028,1780430028,0
LTE,466,97,22530,86544419,-1,121.2551,25.05,1000,11,1,1780771380,1780822513,0
LTE,466,97,22600,86545333,-1,121.2669,25.0546,6985,20,1,1780771410,1781622062,0
LTE,466,97,22600,86538934,-1,121.2936,25.0592,1000,11,1,1780771440,1780822514,0
LTE,466,97,11400,26397622,-1,121.5207,25.0483,1000,1,1,1780772822,1780772822,0
LTE,466,97,22240,26713969,-1,121.5214,25.049,1000,3,1,1780772872,1780822514,0
LTE,466,97,11400,26376117,-1,121.5219,25.05,1000,3,1,1780772892,1780822514,0
LTE,466,97,22240,26631350,-1,121.5228,25.0538,1000,3,1,1780772982,1780822514,0
LTE,466,97,22240,26628021,-1,121.5229,25.0553,1000,5,1,1780773002,1780822514,0
LTE,466,97,22240,26697911,-1,121.523,25.0566,1000,3,1,1780773102,1780822514,0
LTE,466,97,22240,26697909,-1,121.523,25.0585,1000,6,1,1780773122,1780822514,0
LTE,466,97,22240,26640823,-1,121.523,25.0614,1000,8,1,1780773162,1780822514,0
LTE,466,97,22240,26640821,-1,121.5227,25.0632,1000,2,1,1780773282,1780822514,0
LTE,466,97,22240,26637494,-1,121.5225,25.0639,1000,2,1,1780773302,1780822514,0
LTE,466,97,22240,26637495,-1,121.5225,25.0659,1000,7,1,1780773322,1780822514,0
LTE,466,97,22210,26642869,-1,121.5227,25.0674,1000,2,1,1780773392,1780822514,0
LTE,466,97,22210,26628280,-1,121.523,25.0685,1000,4,1,1780773402,1780822514,0
LTE,466,97,22210,26628278,-1,121.5234,25.0699,1000,4,1,1780773422,1780822514,0
LTE,466,97,22210,26639286,-1,121.5238,25.0713,1000,4,1,1780773442,1780822514,0
LTE,466,97,22210,26639287,-1,121.524,25.0722,1000,2,1,1780773462,1780822514,0
LTE,466,97,22210,26639285,-1,121.5255,25.074,1000,14,1,1780773472,1780822514,0
LTE,466,97,22210,26661557,-1,121.5274,25.0744,1000,4,1,1780773592,1780822514,0
LTE,466,97,22210,28474354,-1,121.5246,25.0759,1000,5,1,1780773672,1780822514,0
LTE,466,97,22210,28431287,-1,121.5201,25.079,1000,9,1,1780773752,1780822514,0
LTE,466,97,22210,26377437,-1,121.5176,25.0808,1000,2,1,1780773842,1780822514,0
LTE,466,97,22210,28428214,-1,121.5153,25.083,1000,6,1,1780773892,1780822515,0
LTE,466,97,22210,28428215,-1,121.5148,25.0859,1000,9,1,1780773932,1780822515,0
LTE,466,97,22730,28417975,-1,121.5109,25.0951,1000,1,1,1780774162,1780774162,0
LTE,466,97,22730,28473269,-1,121.5099,25.0969,1000,9,1,1780774172,1780822516,0
LTE,466,97,22730,28473199,-1,121.506,25.0971,1000,12,1,1780774312,1780822516,0
LTE,466,97,22730,28435085,-1,121.5022,25.0979,1000,5,1,1780774392,1780822515,0
LTE,466,97,22730,28424690,-1,121.4987,25.1048,1000,8,1,1780774562,1780822515,0
LTE,466,97,22730,28677814,-1,121.5038,25.1268,1000,11,1,1780775503,1780822515,0
LTE,466,97,22730,28687031,-1,121.5058,25.1271,1000,7,1,1780775763,1780822515,0
LTE,466,97,22730,28694641,-1,121.5068,25.1276,1000,8,1,1780775863,1780822515,0
LTE,466,97,22730,28733551,-1,121.5071,25.1284,1000,3,1,1780775973,1780822515,0
LTE,466,97,22730,28733652,-1,121.5071,25.1285,1000,1,1,1780776523,1780776523,0
LTE,466,97,22730,28695262,-1,121.5067,25.1273,1000,1,1,1780792329,1780792329,0
LTE,466,97,22730,28435125,-1,121.5035,25.0975,1000,6,1,1780793659,1780822516,0
LTE,466,97,22730,28482997,-1,121.5095,25.0974,1000,3,1,1780793769,1780822516,0
LTE,466,97,22730,28417973,-1,121.5127,25.0988,1000,10,1,1780793809,1780822516,0
LTE,466,97,22730,28450487,-1,121.5162,25.0999,1000,6,1,1780793929,1780822516,0
LTE,466,97,22730,28450535,-1,121.5215,25.0994,1000,15,1,1780793979,1780822516,0
LTE,466,97,22730,28466800,-1,121.5213,25.1011,1000,2,1,1780794089,1780822516,0
LTE,466,97,22730,28466869,-1,121.5218,25.1015,1000,4,1,1780794139,1780822516,0
LTE,466,97,22730,28466920,-1,121.5223,25.101,1000,1,1,1780794799,1780794799,0
LTE,466,97,22730,28432241,-1,121.5223,25.101,1000,1,1,1780794679,1780794679,0
LTE,466,97,22730,28432309,-1,121.5226,25.1022,1000,3,1,1780795249,1780822516,0
LTE,466,97,22730,28431029,-1,121.5255,25.0954,1000,6,1,1780795619,1780822516,0
LTE,466,97,22730,28429750,-1,121.526,25.094,1000,2,1,1780795639,1780822516,0
LTE,466,97,22730,28464606,-1,121.5261,25.0936,1000,1,1,1780795649,1780795649,0
LTE,466,97,22730,28441013,-1,121.5264,25.0926,1000,5,1,1780795659,1780822516,0
LTE,466,97,22210,28434141,-1,121.5271,25.0901,1000,5,1,1780795719,1780822516,0
LTE,466,97,22210,28419766,-1,121.525,25.085,1000,1,1,1780795789,1780795789,0
LTE,466,97,22210,28482416,-1,121.525,25.085,1000,1,1,1780795809,1780795809,0
LTE,466,97,22210,28431285,-1,121.525,25.085,1000,1,1,1780795879,1780795879,0
LTE,466,97,22210,26710229,-1,121.52,25.072,1000,1,1,1780795949,1780795949,0
LTE,466,97,22210,26678966,-1,121.52,25.072,1000,1,1,1780796019,1780796019,0
LTE,466,97,11290,26384260,-1,121.52,25.072,1000,1,1,1780796059,1780796059,0
LTE,466,97,11290,26384339,-1,121.52,25.072,1000,1,1,1780796119,1780796119,0
LTE,466,97,11290,26384084,-1,121.52,25.072,1000,1,1,1780796159,1780796159,0
LTE,466,97,11290,26383828,-1,121.52,25.072,1000,1,1,1780796269,1780796269,0
LTE,466,97,11290,25626039,-1,121.52,25.072,1000,1,1,1780796399,1780796399,0
LTE,466,97,11290,25620407,-1,121.52,25.072,1000,1,1,1780796709,1780796709,0
LTE,466,97,11290,25629622,-1,121.52,25.072,1000,1,1,1780796729,1780796729,0
LTE,466,97,11290,25646261,-1,121.52,25.072,1000,1,1,1780796569,1780796569,0
LTE,466,97,11290,25620662,-1,121.52,25.072,1000,1,1,1780796959,1780796959,0
LTE,466,97,11290,25620661,-1,121.52,25.072,1000,1,1,1780797109,1780797109,0
LTE,466,97,11290,25619925,-1,121.52,25.072,1000,1,1,1780797129,1780797129,0
LTE,466,97,11290,25619924,-1,121.52,25.072,1000,1,1,1780797210,1780797210,0
LTE,466,97,11290,25619845,-1,121.52,25.072,1000,1,1,1780797190,1780797190,0
LTE,466,97,11290,25619844,-1,121.52,25.072,1000,1,1,1780797279,1780797279,0
LTE,466,97,11290,56386520,-1,121.52,25.072,1000,1,1,1780797660,1780797660,0
LTE,466,97,11430,56334773,-1,121.52,25.072,1000,1,1,1780797730,1780797730,0
LTE,466,97,11440,60953782,-1,121.52,25.072,1000,1,1,1780797790,1780797790,0
LTE,466,97,11440,60956783,-1,121.52,25.072,1000,1,1,1780797800,1780797800,0
LTE,466,97,11440,60953529,-1,121.52,25.072,1000,1,1,1780797830,1780797830,0
LTE,466,97,22530,81977527,-1,121.52,25.072,1000,1,1,1780798250,1780798250,0
LTE,466,97,22530,81977557,-1,121.52,25.072,1000,1,1,1780798280,1780798280,0
LTE,466,92,25501,131957004,0,120.5695,23.9841,1000,1,1,1780552804,1780552804,0
LTE,466,97,22600,86566327,-1,121.215,25.0129,1000,1,1,1780873877,1780873877,0
LTE,466,97,22600,86534837,-1,121.2873,25.0541,8606,10,1,1780873947,1781622062,0
LTE,466,97,22570,85287826,-1,121.215,25.0129,1000,1,1,1780874097,1780874097,0
LTE,466,97,11420,60164022,-1,121.5158,24.9921,1000,1,1,1780876078,1780876078,0
LTE,466,97,11290,59182006,-1,121.5416,24.993,1000,1,1,1780886401,1780886401,0
LTE,466,97,11290,59182005,-1,121.5416,24.993,1000,1,1,1780886541,1780886541,0
LTE,466,97,11460,59186357,-1,121.5416,24.993,1000,1,1,1780886661,1780886661,0
LTE,466,97,11460,59195317,-1,121.544,24.981,1000,5,1,1780887301,1780917487,0
LTE,466,97,11460,59234229,-1,121.5442,24.9804,1000,1,1,1780887431,1780887431,0
LTE,466,97,11460,59234485,-1,121.5447,24.9795,1000,2,1,1780887521,1780917488,0
LTE,466,97,11460,59144885,-1,121.5463,24.9768,1000,2,1,1780887902,1780917488,0
LTE,466,97,11460,59144918,-1,121.5466,24.9761,1000,1,1,1780888052,1780888052,0
LTE,466,92,25501,132232500,0,120.5725,23.9806,1000,1,1,1781237457,1781237457,0
LTE,466,97,22530,81994472,-1,121.2028,25.0019,1000,1,1,1781507296,1781507296,0
LTE,466,97,22600,86566583,-1,121.2716,25.0578,1000,6,1,1781585111,1781622062,0
LTE,466,97,22570,85269872,-1,121.3,25.0584,1000,1,1,1781585241,1781585241,0
LTE,466,97,11440,60932535,-1,121.3,25.0584,1000,1,1,1781585451,1781585451,0
LTE,466,97,11340,56336566,-1,121.4643,25.0152,1000,1,1,1781586239,1781586239,0
LTE,466,97,11350,60201141,-1,121.4723,25.0147,1000,1,1,1781586559,1781586559,0
LTE,466,97,11240,27227575,-1,121.5436,25.033,1000,3,1,1781588581,1781622063,0
LTE,466,97,11240,27147445,-1,121.5434,25.0329,1000,1,1,1781588592,1781588592,0
LTE,466,97,11240,27147446,-1,121.5436,25.032,1000,5,1,1781588712,1781622063,0
LTE,466,97,11240,27208631,-1,121.5435,25.0299,1000,6,1,1781588722,1781622063,0
LTE,466,97,11240,27139509,-1,121.5435,25.0268,1000,12,1,1781588742,1781622063,0
LTE,466,97,11240,27139511,-1,121.5439,25.0249,1000,1,1,1781588812,1781588812,0
LTE,466,97,11240,27139551,-1,121.545,25.0247,1000,5,1,1781588822,1781622063,0
LTE,466,97,11360,27153493,-1,121.547,25.0246,1000,9,1,1781588842,1781622063,0
LTE,466,97,11360,27222709,-1,121.5496,25.0246,1000,7,1,1781588862,1781622063,0
LTE,466,97,11360,27188662,-1,121.5534,25.0235,1000,10,1,1781588902,1781622063,0
LTE,466,97,11360,27188661,-1,121.5518,25.0243,1000,5,1,1781589002,1781622063,0
LTE,466,97,11360,27153589,-1,121.5452,25.0249,1000,5,1,1781590812,1781622063,0
LTE,466,97,11240,27147447,-1,121.5437,25.0328,1000,2,1,1781590962,1781622063,0
LTE,466,97,11290,27168439,-1,121.5437,25.0329,1000,1,1,1781591012,1781591012,0
LTE,466,97,11290,27168437,-1,121.5437,25.0329,1000,1,1,1781591082,1781591082,0
LTE,466,97,11420,60240821,-1,121.5061,24.9935,1000,2,1,1781592864,1781622063,0
LTE,466,97,11420,60241521,-1,121.5005,24.9979,1000,6,1,1781593234,1781622063,0
LTE,466,97,11350,60204981,-1,121.4969,25.0015,1000,2,1,1781593324,1781622063,0
LTE,466,97,11340,56354772,-1,121.468,25.016,1000,2,1,1781593804,1781622063,0
LTE,466,1,19242,54178831,-1,121.2038,25.0015,1000,1,1,1781940731,1781940731,0
LTE,466,1,19242,54179104,-1,121.2039,25.0017,1000,1,1,1781940761,1781940761,0
LTE,466,1,19242,54179095,-1,121.2058,25.0016,1000,2,1,1781940687,1781986982,0
LTE,466,1,19242,54179094,-1,121.2061,25.0019,1000,10,1,1781940781,1781986982,0
LTE,466,1,19242,54318379,-1,121.2076,25.001,1000,2,1,1781941131,1781986982,0
LTE,466,1,19242,53830935,-1,121.2082,25.0006,1000,3,1,1781941231,1781986982,0
LTE,466,1,19242,53830934,-1,121.2095,25.0007,1000,3,1,1781941381,1781986982,0
LTE,466,1,19242,53784608,-1,121.2103,25.0008,1000,1,1,1781941421,1781941421,0
LTE,466,1,19242,53784609,-1,121.212,25.0022,1000,9,1,1781941431,1781986982,0
LTE,466,1,19242,54269196,-1,121.2177,25.0063,1000,10,1,1781941761,1783091701,0
LTE,466,1,19242,54050572,-1,121.219,25.0082,1000,3,1,1781941801,1783091702,0
LTE,466,1,19242,54208525,-1,121.2193,25.0078,1000,6,1,1781941821,1783091701,0
LTE,466,1,19242,54212375,-1,121.2195,25.0085,1000,4,1,1781941911,1783091701,0
LTE,466,1,19242,54212373,-1,121.2191,25.0085,1000,4,1,1781942101,1786368122,0
LTE,466,1,19242,53795349,-1,121.2191,25.0085,1000,3,1,1781942151,1786368122,0
LTE,466,1,22530,81957599,-1,121.2191,25.0085,1000,1,1,1781942171,1781942171,0
LTE,466,1,22530,81930964,-1,121.2191,25.0085,1000,1,1,1781942181,1781942181,0
LTE,466,1,22600,86559089,-1,121.2191,25.0085,1000,1,1,1781942201,1781942201,0
LTE,466,1,22530,81957489,-1,121.2191,25.0078,1000,7,1,1781942351,1783091702,0
LTE,466,1,22530,81957559,-1,121.2191,25.008,1000,6,1,1781942371,1783091702,0
LTE,466,1,22530,81957619,-1,121.2191,25.0085,1000,1,1,1781943021,1781943021,0
LTE,466,92,25501,132232501,0,120.5728,23.9816,1000,1,1,1782365084,1782365084,0
LTE,466,92,13200,80892942,-1,121.2243,25.0722,1000,8,1,1782470975,1782751503,0
LTE,466,92,13200,80892962,-1,121.2169,25.0654,1000,23,1,1782471015,1782751503,0
LTE,466,92,13200,80886808,-1,121.2112,25.0633,1000,2,1,1782471085,1782478022,0
LTE,466,92,13200,80724001,-1,121.2042,25.0702,1000,2,1,1782471125,1782478022,0
LTE,466,92,13200,80886795,-1,121.1936,25.0745,1000,2,1,1782471296,1782478022,0
LTE,466,92,13200,85818697,-1,121.1802,25.0835,1000,2,1,1782471476,1782478022,0
LTE,466,92,13200,80655630,-1,121.1791,25.0829,1000,2,1,1782471486,1782478022,0
LTE,466,92,13200,80655633,-1,121.1769,25.0822,1000,4,1,1782471496,1782478022,0
LTE,466,92,13200,80887074,-1,121.174,25.0815,1000,2,1,1782471516,1782478022,0
LTE,466,92,13200,81754658,-1,121.1705,25.0804,1000,4,1,1782471526,1782478022,0
LTE,466,92,13200,79700001,-1,121.1611,25.0771,1000,4,1,1782471566,1782478022,0
LTE,466,92,13202,80734733,-1,121.1473,25.0743,1000,8,1,1782471611,1782478022,0
LTE,466,92,13202,80734743,-1,121.1411,25.0713,1000,3,1,1782471651,1782478022,0
LTE,466,92,13202,80734753,-1,121.1353,25.0702,1000,6,1,1782471666,1782478022,0
LTE,466,92,13202,80173325,-1,121.124,25.0698,1000,2,1,1782471716,1782478022,0
LTE,466,92,13202,80173326,-1,121.1201,25.0689,1000,4,1,1782471726,1782478022,0
LTE,466,92,13202,80672526,-1,121.112,25.065,1000,10,1,1782471746,1782478023,0
LTE,466,92,13202,80672545,-1,121.1027,25.0587,1000,8,1,1782471796,1782478023,0
LTE,466,92,13202,80174113,-1,121.0896,25.052,1000,6,1,1782471856,1782478023,0
LTE,466,92,13202,80760609,-1,121.0838,25.049,1000,4,1,1782471887,1782478023,0
LTE,466,92,13202,80760599,-1,121.0806,25.0469,1000,2,1,1782471907,1782478023,0
LTE,466,92,13202,80709901,-1,121.077,25.0436,1000,2,1,1782471927,1782478023,0
LTE,466,92,13202,81866530,-1,121.0681,25.0387,1000,1,1,1782471967,1782471967,0
LTE,466,92,13202,83270946,-1,121.0609,25.0354,1000,4,1,1782471992,1782478023,0
LTE,466,92,13202,80699150,-1,121.0536,25.0296,1000,2,1,1782472037,1782478023,0
LTE,466,92,13202,81522444,-1,121.0501,25.0265,1000,2,1,1782472057,1782478023,0
LTE,466,92,13202,81522464,-1,121.0484,25.0249,1000,2,1,1782472067,1782478023,0
LTE,466,92,13202,80891927,-1,121.044,25.0209,1000,4,1,1782472087,1782478023,0
LTE,466,92,13202,80699425,-1,121.0388,25.0161,1000,8,1,1782472107,1782478023,0
LTE,466,92,13202,80177943,-1,121.027,25.0018,1000,4,1,1782472197,1782478023,0
LTE,466,92,13202,80718861,-1,121.0211,24.9891,1000,2,1,1782472257,1782478023,0
LTE,466,92,13202,80177697,-1,121.0184,24.9769,1000,4,1,1782472297,1782478023,0
LTE,466,92,13202,80001303,-1,121.0106,24.9606,1000,2,1,1782472367,1782478023,0
LTE,466,92,13202,80001294,-1,121.0087,24.9584,1000,2,1,1782472377,1782478023,0
LTE,466,92,13202,80001314,-1,121.0066,24.9563,1000,2,1,1782472387,1782478023,0
LTE,466,92,13202,80128033,-1,120.9964,24.9496,1000,2,1,1782472427,1782478023,0
LTE,466,92,13202,81554958,-1,120.9911,24.9442,1000,4,1,1782472447,1782478023,0
LTE,466,92,13202,81554978,-1,120.9763,24.9263,1000,2,1,1782472538,1782478023,0
LTE,466,92,13701,80271886,-1,120.9746,24.9244,1000,2,1,1782472548,1782478023,0
LTE,466,92,13701,80271906,-1,120.972,24.9181,1000,2,1,1782472578,1782478023,0
LTE,466,92,13701,80304142,-1,120.9725,24.9044,1000,4,1,1782472628,1782478023,0
LTE,466,92,13701,80304162,-1,120.971,24.9009,1000,2,1,1782472648,1782478023,0
LTE,466,92,13701,80524302,-1,120.9674,24.8978,1000,2,1,1782472668,1782478023,0
LTE,466,92,13701,80524312,-1,120.9658,24.8966,1000,2,1,1782472678,1782478023,0
LTE,466,92,13701,80524322,-1,120.9645,24.8957,1000,2,1,1782472688,1782478023,0
LTE,466,92,13701,80161303,-1,120.9649,24.8957,1000,1,1,1782472728,1782472728,0
LTE,466,92,13701,80161314,-1,120.9538,24.8739,1000,1,1,1782472818,1782472818,0
LTE,466,92,13701,80270606,-1,120.9539,24.8737,1000,4,1,1782472838,1782478023,0
LTE,466,92,13701,80270616,-1,120.9536,24.8706,1000,4,1,1782472858,1782478023,0
LTE,466,92,13701,80270626,-1,120.9533,24.8684,1000,2,1,1782472878,1782478023,0
LTE,466,92,13701,86040618,-1,120.9532,24.8668,1000,2,1,1782472888,1782478023,0
LTE,466,92,13701,81724962,-1,120.9427,24.8519,1000,23,1,1782472959,1782478024,0
LTE,466,92,13701,81906190,-1,120.9368,24.8453,1000,6,1,1782473129,1782478024,0
LTE,466,92,13701,80302094,-1,120.9454,24.8374,1000,4,1,1782473229,1782478024,0
LTE,466,92,13701,79719461,-1,120.9522,24.8334,1000,4,1,1782473249,1782478024,0
LTE,466,92,13701,79719458,-1,120.9593,24.8304,1000,4,1,1782473269,1782478024,0
LTE,466,92,13701,81267746,-1,120.9615,24.8292,1000,4,1,1782473299,1782478024,0
LTE,466,92,13701,79719438,-1,120.9698,24.8266,1000,6,1,1782473329,1782478024,0
LTE,466,92,13701,80256546,-1,120.9758,24.8251,1000,4,1,1782473359,1782478024,0
LTE,466,92,13701,81000462,-1,120.9827,24.8233,1000,8,1,1782473379,1782478024,0
LTE,466,92,13701,81553433,-1,120.9892,24.8216,1000,2,1,1782473419,1782478024,0
LTE,466,92,13701,81553432,-1,120.9917,24.8209,1000,2,1,1782473429,1782478024,0
LTE,466,92,13701,80269861,-1,120.9942,24.8201,1000,2,1,1782473439,1782478024,0
LTE,466,92,13701,80269839,-1,120.9974,24.8187,1000,4,1,1782473449,1782478024,0
LTE,466,92,13701,80514573,-1,121.0018,24.8163,1000,2,1,1782473479,1782478024,0
LTE,466,92,13701,81016867,-1,121.0033,24.8154,1000,2,1,1782473489,1782478024,0
LTE,466,92,13701,81016866,-1,121.0072,24.8129,1000,6,1,1782473510,1782478024,0
LTE,466,92,13701,81016847,-1,121.0096,24.8113,1000,2,1,1782473540,1782478024,0
LTE,466,92,13701,80322318,-1,121.0163,24.8064,1000,12,1,1782473585,1782478024,0
LTE,466,92,13700,90632000,-1,121.0146,24.8066,1000,1,1,1782473625,1782473625,0
LTE,466,92,13701,80322315,-1,121.0151,24.8062,1000,1,1,1782473650,1782473650,0
LTE,466,92,13701,80444962,-1,121.0189,24.8075,1000,2,1,1782473825,1782478024,0
LTE,466,92,13701,80427555,-1,121.0235,24.8135,1000,4,1,1782473920,1782478024,0
LTE,466,92,13701,80427545,-1,121.0256,24.8166,1000,1,1,1782474010,1782474010,0
LTE,466,92,13701,80319768,-1,121.0266,24.8177,1000,2,1,1782474071,1782478024,0
LTE,466,92,13701,80427537,-1,121.0272,24.8185,1000,2,1,1782474081,1782478024,0
LTE,466,92,13701,80270371,-1,121.0271,24.8206,1000,3,1,1782474141,1782478025,0
LTE,466,92,13701,81018146,-1,121.0286,24.8212,1000,3,1,1782477268,1782478025,0
LTE,466,92,13701,80450061,-1,121.0283,24.8205,1000,1,1,1782478004,1782478004,0
LTE,466,92,13701,80270368,-1,121.0281,24.8205,1000,2,1,1782478004,1782478025,0
LTE,466,92,13701,80358421,-1,121.0251,24.821,1000,4,1,1782478004,1782751501,0
LTE,466,92,13701,80358424,-1,121.025,24.821,1000,6,1,1782478004,1782751501,0
LTE,466,92,13701,80358435,-1,121.024,24.8208,1000,4,1,1782478004,1782751501,0
LTE,466,92,13701,80358434,-1,121.024,24.82,1000,3,1,1782478004,1782478025,0
LTE,466,92,13701,81557270,-1,121.0227,24.8185,1000,7,1,1782478004,1782478024,0
LTE,466,92,13701,80323637,-1,121.0249,24.8212,1000,3,1,1782478004,1782478025,0
LTE,466,92,13701,80358425,-1,121.0258,24.8214,1000,2,1,1782478004,1782478025,0
LTE,466,92,13701,80323638,-1,121.0261,24.8211,1000,4,1,1782478004,1782751501,0
LTE,466,92,13701,80427535,-1,121.0282,24.8206,1000,1,1,1782478004,1782478004,0
LTE,466,92,13701,80358433,-1,121.0228,24.8219,1000,2,1,1782711776,1782751501,0
LTE,466,92,13701,80358431,-1,121.0214,24.8223,1000,4,1,1782711786,1782751501,0
LTE,466,92,13701,80348184,-1,121.0218,24.8328,1000,2,1,1782711886,1782751501,0
LTE,466,92,13701,80161816,-1,121.0224,24.8367,1000,2,1,1782711906,1782751501,0
LTE,466,92,13701,80161806,-1,121.0224,24.8401,1000,4,1,1782711916,1782751501,0
LTE,466,92,13701,81261070,-1,121.0156,24.8515,1000,4,1,1782711976,1782751501,0
LTE,466,92,13701,80917272,-1,121.0454,24.8767,1000,2,1,1782712186,1782751501,0
LTE,466,92,13701,80421909,-1,121.0604,24.8762,1000,2,1,1782712246,1782751501,0
LTE,466,92,13701,81903394,-1,121.1032,24.892,1000,8,1,1782712407,1782751502,0
LTE,466,92,13500,80893198,-1,121.1389,24.8971,1000,2,1,1782712567,1782751502,0
LTE,466,92,13500,81190680,-1,121.1623,24.9048,1000,2,1,1782712667,1782751502,0
LTE,466,92,13400,79764002,-1,121.1929,24.9397,1000,4,1,1782712867,1782751502,0
LTE,466,92,13500,80253720,-1,121.1941,24.943,1000,2,1,1782712887,1782751502,0
LTE,466,92,13400,85829184,-1,121.1985,24.9547,1000,3,1,1782712937,1782751502,0
LTE,466,92,13400,80861986,-1,121.2067,24.9627,1000,4,1,1782712978,1782751502,0
LTE,466,92,13400,80246304,-1,121.2284,24.9799,1000,2,1,1782713098,1782751502,0
LTE,466,92,13200,80717850,-1,121.2641,25.0111,1000,10,1,1782713268,1782751503,0
LTE,466,92,13200,80717840,-1,121.27,25.0156,1000,2,1,1782713318,1782751503,0
LTE,466,92,13200,80694549,-1,121.2721,25.0212,1000,5,1,1782713388,1782751503,0
LTE,466,92,13200,81685536,-1,121.2554,25.0275,1000,1,1,1782713538,1782713538,0
LTE,466,92,13200,80977933,-1,121.2352,25.0357,1000,5,1,1782713623,1782751503,0
LTE,466,92,13200,80977953,-1,121.2287,25.0375,1000,6,1,1782713648,1782751503,0
LTE,466,92,13200,81562124,-1,121.2246,25.0389,1000,1,1,1782713678,1782713678,0
LTE,466,92,13200,80974614,-1,121.223,25.0399,1000,2,1,1782713683,1782751503,0
LTE,466,92,13200,80974615,-1,121.2197,25.0445,1000,8,1,1782713693,1782751503,0
LTE,466,92,13200,80974605,-1,121.2163,25.0518,1000,7,1,1782713733,1782751503,0
LTE,466,92,13200,81517850,-1,121.2332,25.0782,1000,4,1,1782714499,1782751504,0
LTE,466,92,13200,81517840,-1,121.2355,25.0786,1000,2,1,1782714560,1782751504,0
LTE,466,97,33332,130058351,-1,120.5127,24.1172,1000,1,1,1782903950,1782903950,0
LTE,466,97,33332,130059140,-1,120.5127,24.1173,1000,1,1,1782903950,1782903950,0
LTE,466,1,19242,54208524,-1,121.2186,25.0073,1000,4,1,1782547088,1783091701,0
LTE,466,1,19242,54212374,-1,121.2191,25.0085,1000,2,1,1782547368,1783091702,0
LTE,466,1,19242,54208523,-1,121.2192,25.0087,1000,1,1,1782547378,1782547378,0
LTE,466,1,19242,53795353,-1,121.2191,25.0085,1000,2,1,1782547578,1783091702,0
LTE,466,1,22530,81989747,-1,121.2197,25.0083,1000,2,1,1783065672,1783091702,0
LTE,466,1,22530,81957488,-1,121.2183,25.0069,1000,2,1,1783065892,1783091701,0
LTE,466,1,22530,82007508,-1,121.2183,25.007,1000,5,1,1783065912,1783091702,0
LTE,466,1,22530,82007478,-1,121.217,25.0058,1000,7,1,1783065982,1783091702,0
LTE,466,1,22530,81934191,-1,121.2165,25.005,1000,1,1,1783066002,1783066002,0
LTE,466,1,22530,81934261,-1,121.2146,25.0044,1000,17,1,1783066022,1783091702,0
LTE,466,1,22530,82007479,-1,121.2151,25.0051,1000,8,1,1783066112,1783091702,0
LTE,466,1,22530,81934263,-1,121.2109,25.0017,1000,8,1,1783066252,1783091702,0
LTE,466,1,22530,82012373,-1,121.2074,25.001,1000,9,1,1783066412,1783091701,0
LTE,466,1,22530,81968616,-1,121.2054,25.0009,1000,10,1,1783066482,1783091702,0
LTE,466,1,22530,81968615,-1,121.2052,25.0017,1000,2,1,1783066502,1783091701,0
LTE,466,1,22530,81968566,-1,121.2043,25.0018,1000,20,1,1783066512,1783091702,0
LTE,466,1,22530,81968565,-1,121.2061,25.002,1000,5,1,1783066552,1783091702,0
LTE,466,1,22530,81968567,-1,121.203,25.0021,1000,3,1,1783067303,1783091701,0
LTE,466,1,22530,81994422,-1,121.2027,25.0021,1000,1,1,1783067383,1783067383,0
LTE,466,1,22530,81994452,-1,121.2027,25.0021,1000,1,1,1783067453,1783067453,0
LTE,466,1,22530,81934213,-1,121.2083,25.0005,1000,1,1,1783068853,1783068853,0
LTE,466,1,22530,82007518,-1,121.2174,25.0059,1000,2,1,1783069263,1783091702,0
LTE,466,1,22530,82007477,-1,121.2197,25.0082,1000,1,1,1783069383,1783069383,0
LTE,466,1,29792,182073623,-1,120.2504,23.0371,1000,5,1,1774755431,1783748762,0
LTE,466,1,29792,182052119,-1,120.2501,23.0356,1000,3,1,1774755446,1783748762,0
LTE,466,1,29792,181978155,-1,120.2497,23.0334,1000,7,1,1774755456,1783748762,0
LTE,466,1,29792,181978147,-1,120.2494,23.0307,1000,4,1,1774755476,1783748762,0
LTE,466,1,29772,181810721,-1,120.25,23.0159,1000,16,1,1774755526,1783748762,0
LTE,466,1,29772,181994007,-1,120.2485,23.0087,1000,6,1,1774755586,1783748762,0
LTE,466,1,29772,181781793,-1,120.2481,23.0022,1000,13,1,1774755596,1783748763,0
LTE,466,1,29772,182152481,-1,120.2481,22.9956,1000,7,1,1774755636,1783748763,0
LTE,466,1,29772,181919255,-1,120.2482,22.9907,1000,5,1,1774755656,1783748763,0
LTE,466,1,39792,181806349,-1,120.2484,22.9793,1000,13,1,1774755706,1783748763,0
LTE,466,1,39792,181781283,-1,120.2495,22.9712,1000,4,1,1774755756,1783748763,0
LTE,466,1,39792,181786380,-1,120.25,22.965,1000,5,1,1774755786,1783748763,0
LTE,466,1,39792,181786420,-1,120.2493,22.9557,1000,7,1,1774755836,1783748763,0
LTE,466,1,39792,181786440,-1,120.2489,22.9523,1000,7,1,1774755856,1783748764,0
LTE,466,1,39792,181782314,-1,120.2488,22.9476,1000,6,1,1774755876,1783748764,0
LTE,466,1,39792,181782315,-1,120.251,22.9385,1000,15,1,1774755916,1783748764,0
LTE,466,1,39792,181782295,-1,120.2551,22.9294,1000,16,1,1774755956,1783748764,0
LTE,466,1,39772,181788705,-1,120.2635,22.9108,1065,22,1,1774756106,1783748764,0
LTE,466,1,39792,181788429,-1,120.2607,22.917,1000,6,1,1774756156,1783748764,0
LTE,466,1,39772,181788715,-1,120.2698,22.8972,1000,16,1,1774756306,1783748764,0
LTE,466,1,19862,184930849,-1,120.273,22.8909,1000,5,1,1774756456,1783748765,0
LTE,466,1,19862,184433942,-1,120.28,22.8778,734,31,1,1774756536,1783748765,0
LTE,466,1,19862,197234054,-1,120.2896,22.856,1852,23,1,1774756766,1783748766,0
LTE,466,1,19862,197228924,-1,120.2877,22.8436,1000,14,1,1774756966,1783748766,0
LTE,466,1,19862,197663356,-1,120.2748,22.8482,1560,37,1,1774756996,1783748766,0
LTE,466,1,19862,184447757,-1,120.2789,22.8436,1000,4,1,1774757146,1783748766,0
LTE,466,1,19862,184863255,-1,120.2765,22.8455,1000,10,1,1774757186,1783748766,0
LTE,466,1,19862,197663256,-1,120.2747,22.8469,1000,1,1,1774757226,1774757226,0
LTE,466,1,19862,184863253,-1,120.274,22.8475,1000,4,1,1774757256,1783748766,0
LTE,466,1,29833,184456463,-1,120.3954,22.6412,1000,10,1,1783728758,1783748766,0
LTE,466,1,29833,184684320,-1,120.4043,22.6415,1000,6,1,1783728800,1783748766,0
LTE,466,1,29833,184684301,-1,120.409,22.6416,1000,15,1,1783728810,1783748766,0
LTE,466,1,29843,184509217,-1,120.4171,22.6448,1000,22,1,1783728841,1783748767,0
LTE,466,1,29843,184509237,-1,120.42,22.6506,1000,4,1,1783728901,1783748767,0
LTE,466,92,12700,29484565,-1,121.4172,24.9532,1000,5,1,1783557770,1783987922,0
LTE,466,92,13300,28499224,-1,121.4084,24.8725,1000,16,1,1783559328,1783987924,0
LTE,466,92,13300,29523469,-1,121.41,24.8722,1000,5,1,1783565007,1783987923,0
LTE,466,92,13300,28499223,-1,121.4095,24.8717,1000,4,1,1783565391,1783987923,0
LTE,466,92,13300,28499214,-1,121.408,24.8716,1000,3,1,1783565631,1783987924,0
LTE,466,92,13200,85795598,0,121.2376,25.0838,1000,1,1,1784030299,1784030299,0
LTE,466,97,22290,27195536,-1,121.5508,25.0435,1000,5,1,1770533181,1784394841,0
LTE,466,1,17313,54161696,0,121.2324,25.0859,1000,1,1,1784659606,1784659606,0
LTE,466,92,13200,81680654,0,121.256,25.0946,1000,1,1,1784662390,1784662390,0
LTE,466,1,17313,54024205,0,121.2558,25.0955,1000,1,1,1784670596,1784670596,0
LTE,466,92,13200,81680652,0,121.2561,25.0945,1000,1,1,1784684028,1784684028,0
LTE,466,92,13200,81680651,0,121.2569,25.0949,1000,1,1,1784684595,1784684595,0
LTE,466,1,17313,54288163,0,121.2563,25.0917,1000,1,1,1784692232,1784692232,0
LTE,466,92,13200,81680655,0,121.2555,25.0953,1000,1,1,1784700081,1784700081,0
LTE,466,97,22530,86282125,0,121.2574,25.0941,1000,1,1,1784754297,1784754297,0
LTE,466,1,17313,54024210,0,121.2617,25.0969,1000,1,1,1784797582,1784797582,0
LTE,466,97,22550,82002645,-1,121.254,24.9711,1000,5,1,1780782673,1784953201,0
LTE,466,97,22580,81984725,-1,121.2477,24.9684,1000,10,1,1780782813,1784953202,0
LTE,466,97,22550,81939383,-1,121.2353,24.9641,1000,1,1,1780783028,1780783028,0
LTE,466,97,22550,81938317,-1,121.2348,24.9639,1000,3,1,1780783040,1784953202,0
LTE,466,97,22550,81924535,-1,121.223,24.9628,1000,1,1,1780783325,1780783325,0
LTE,466,97,22550,81924596,-1,121.2231,24.9631,1000,1,1,1780783358,1780783358,0
LTE,466,97,22550,84508905,-1,121.2719,24.9788,1000,3,1,1784932445,1784953202,0
LTE,466,97,22550,82002676,-1,121.2535,24.9718,1000,1,1,1784932918,1784932918,0
LTE,466,97,22550,81975340,-1,121.2535,24.9719,1000,1,1,1784932933,1784932933,0
LTE,466,97,22550,81975310,-1,121.2535,24.9719,1000,1,1,1784933039,1784933039,0
LTE,466,97,22600,86530013,0,121.2794,25.0616,1000,1,1,1784853789,1784853789,0
LTE,466,1,27313,53777429,0,121.2729,25.0608,1000,1,1,1784854961,1784854961,0
LTE,466,1,27313,54261778,0,121.2743,25.0586,1000,1,1,1784856484,1784856484,0
LTE,466,97,22600,86537960,0,121.2878,25.0724,1000,1,1,1784860649,1784860649,0
LTE,466,92,13200,80401700,0,121.293,25.0657,1000,1,1,1784866638,1784866638,0
LTE,466,92,13201,80652055,0,121.2873,25.0721,1000,1,1,1784866638,1784866638,0
LTE,466,1,37313,54194454,0,121.2897,25.0712,1000,1,1,1784866807,1784866807,0
LTE,466,92,13201,80652044,0,121.2889,25.0709,1000,1,1,1784876878,1784876878,0
LTE,466,97,22600,86537970,0,121.2882,25.0721,1000,1,1,1784882294,1784882294,0
LTE,466,97,22520,84513463,-1,121.3133,24.9955,1000,2,1,1784945675,1784965681,0
LTE,466,97,22530,86305000,-1,121.2163,25.0047,1000,1,1,1784934471,1784934471,0
LTE,466,97,22530,81939935,-1,121.1997,25.0029,1000,4,1,1784934846,1784978342,0
LTE,466,97,22530,82007664,-1,121.1997,25.0033,1000,1,1,1784934886,1784934886,0
LTE,466,97,22530,81994275,-1,121.1997,25.0033,1000,1,1,1784934916,1784934916,0
LTE,466,97,22580,81978599,-1,121.1968,24.9981,1000,2,1,1784935476,1786854689,0
LTE,466,97,22530,86279607,-1,121.2191,25.0087,1000,1,1,1784957358,1784957358,0
LTE,466,97,19242,54208525,-1,121.2189,25.0075,1000,9,1,1784972034,1786368122,0
LTE,466,97,19242,54212375,-1,121.2195,25.0082,1000,5,1,1784972001,1786368122,0
LTE,466,97,19242,54208535,-1,121.2206,25.0067,1000,5,1,1784972264,1784993821,0
LTE,466,97,19242,54208524,-1,121.2188,25.0077,1000,3,1,1784972824,1786368122,0
LTE,466,97,19242,54212373,-1,121.2191,25.0085,1000,3,1,1784972834,1786368122,0
LTE,466,97,19242,54212374,-1,121.2191,25.0082,1000,4,1,1784972854,1786368122,0
LTE,466,92,13201,80652056,0,121.288,25.0717,1000,1,1,1784963063,1784963063,0
LTE,466,1,37313,53818905,0,121.2853,25.0735,1000,1,1,1785091545,1785091545,0
LTE,466,1,37313,54194453,0,121.2898,25.0716,1000,1,1,1785092068,1785092068,0
LTE,466,97,22600,86537961,0,121.2854,25.0719,1000,1,1,1785134913,1785134913,0
LTE,466,1,39863,184332566,-1,120.3052,22.6113,1000,1,1,1785229693,1785229693,0
LTE,466,1,39863,184878358,-1,120.3065,22.6083,1000,6,1,1785229703,1785251581,0
LTE,466,1,39863,184662048,-1,120.3061,22.6092,1000,3,1,1785229713,1785251581,0
LTE,466,1,39863,184678688,-1,120.3065,22.6082,1000,3,1,1785229723,1785251581,0
LTE,466,1,39863,184362272,-1,120.3078,22.606,1000,4,1,1785229823,1785251581,0
LTE,466,1,39863,184362273,-1,120.3088,22.605,1000,3,1,1785229868,1785251581,0
LTE,466,1,39863,184362271,-1,120.3092,22.6043,1000,1,1,1785229903,1785229903,0
LTE,466,1,39863,184362275,-1,120.31,22.6034,1000,5,1,1785229963,1785251581,0
LTE,466,1,19863,184932363,-1,120.316,22.5959,1000,11,1,1785230023,1785251582,0
LTE,466,1,19863,184772375,-1,120.3188,22.5925,1000,10,1,1785230053,1785251582,0
LTE,466,1,19863,184564759,-1,120.3218,22.589,1000,2,1,1785230193,1785251582,0
LTE,466,1,19863,184564761,-1,120.3233,22.5871,1000,10,1,1785230214,1785251582,0
LTE,466,1,49863,184712719,-1,120.3256,22.5843,1000,7,1,1785230293,1785251582,0
LTE,466,1,19863,184740367,-1,120.3278,22.5818,1000,7,1,1785230313,1785251582,0
LTE,466,1,19863,197174808,-1,120.3288,22.5807,1000,1,1,1785230343,1785230343,0
LTE,466,1,19863,184739863,-1,120.3351,22.5732,1000,13,1,1785230464,1785251583,0
LTE,466,1,39833,184353805,-1,120.3362,22.5718,1000,4,1,1785230513,1785251582,0
LTE,466,1,39833,184353825,-1,120.3407,22.5696,1000,7,1,1785230543,1785251583,0
LTE,466,1,39833,184353814,-1,120.3431,22.5696,1000,3,1,1785230563,1785251583,0
LTE,466,1,39833,184669718,-1,120.3458,22.5695,1000,8,1,1785230574,1785251583,0
LTE,466,1,39833,184535564,-1,120.3488,22.5693,1000,6,1,1785230664,1785251583,0
LTE,466,1,39833,184567329,-1,120.3508,22.5679,1000,6,1,1785230683,1785251583,0
LTE,466,1,39833,184567319,-1,120.3527,22.5659,1000,6,1,1785230703,1785251583,0
LTE,466,1,39833,184346637,-1,120.3552,22.5631,1000,8,1,1785230724,1785251583,0
LTE,466,1,39833,184346667,-1,120.3576,22.5601,1000,4,1,1785230864,1785251583,0
LTE,466,1,39833,184346657,-1,120.3596,22.5576,1000,6,1,1785230874,1785251583,0
LTE,466,1,39833,184835853,-1,120.3625,22.554,1000,10,1,1785230903,1785251583,0
LTE,466,1,39833,184835873,-1,120.3648,22.551,1000,7,1,1785231024,1785251583,0
LTE,466,1,39833,184835863,-1,120.3672,22.5477,1000,7,1,1785231043,1785251583,0
LTE,466,1,39833,184394509,-1,120.3704,22.5424,1000,18,1,1785231073,1785251583,0
LTE,466,1,39833,184404257,-1,120.3689,22.5389,1000,4,1,1785231193,1785251583,0
LTE,466,1,39833,184402447,-1,120.3662,22.5367,1000,12,1,1785231203,1785251584,0
LTE,466,1,39833,184402457,-1,120.362,22.5335,1000,11,1,1785231284,1785251584,0
LTE,466,1,39833,184364319,-1,120.3598,22.5319,1000,1,1,1785231414,1785231414,0
LTE,466,1,39833,184397077,-1,120.3598,22.5319,1000,1,1,1785231433,1785231433,0
LTE,466,1,39833,184397079,-1,120.3598,22.5319,1000,1,1,1785231454,1785231454,0
LTE,466,1,39833,184382731,-1,120.3598,22.5319,1000,1,1,1785231544,1785231544,0
LTE,466,1,19242,53928971,0,121.1847,25.0105,1000,1,1,1785200641,1785200641,0
LTE,466,92,13202,80769829,0,121.1824,25.0111,1000,1,1,1785200647,1785200647,0
LTE,466,92,13202,80769823,0,121.1771,25.018,1000,1,1,1785201654,1785201654,0
LTE,466,92,13202,80961825,0,121.1769,25.0184,1000,1,1,1785201656,1785201656,0
LTE,466,1,19242,54311456,0,121.1736,25.0174,1000,1,1,1785202205,1785202205,0
LTE,466,1,19242,53928992,0,121.1754,25.0059,1000,1,1,1785202839,1785202839,0
LTE,466,92,13202,80714765,0,121.1719,25.0156,1000,1,1,1785272022,1785272022,0
LTE,466,1,19242,53929999,0,121.1763,25.0104,1000,1,1,1785272034,1785272034,0
LTE,466,92,13500,80013088,0,121.2045,24.9221,1000,1,1,1785285228,1785285228,0
LTE,466,92,13500,80774161,0,121.2053,24.9216,1000,1,1,1785285235,1785285235,0
LTE,466,1,29242,53877007,0,121.2084,24.9243,1000,1,1,1785285267,1785285267,0
LTE,466,1,19242,54119695,0,121.1786,24.9765,1000,1,1,1785315259,1785315259,0
LTE,466,1,19242,54310431,0,121.1873,25.0264,1000,1,1,1785315318,1785315318,0
LTE,466,92,13202,80961819,0,121.1764,25.014,1000,1,1,1785353478,1785353478,0
LTE,466,92,13202,80961814,0,121.1758,25.0138,1000,1,1,1785375001,1785375001,0
LTE,466,1,19242,54105867,0,121.1726,25.0094,1000,1,1,1785396636,1785396636,0
LTE,466,1,17313,53761076,0,121.2356,25.0972,1000,1,1,1785474547,1785474547,0
LTE,466,92,13200,80867605,0,121.2468,25.0944,1000,1,1,1785474606,1785474606,0
LTE,466,92,13200,80792085,0,121.2453,25.0921,1000,1,1,1785475462,1785475462,0
LTE,466,1,17313,53871627,0,121.2248,25.1062,1000,1,1,1785475484,1785475484,0
LTE,466,92,13200,80867606,0,121.2461,25.093,1000,1,1,1785476594,1785476594,0
LTE,466,1,17313,54288161,0,121.2552,25.0914,1000,1,1,1785476594,1785476594,0
LTE,466,1,17313,54288150,0,121.2596,25.1044,1000,1,1,1785482169,1785482169,0
LTE,466,1,17313,54288149,0,121.261,25.1027,1000,1,1,1785484269,1785484269,0
LTE,466,92,13200,80867596,0,121.2613,25.1024,1000,1,1,1785485003,1785485003,0
LTE,466,92,13200,80867595,0,121.2606,25.1021,1000,1,1,1785485094,1785485094,0
LTE,466,1,37313,53872672,0,121.256,25.0978,1000,1,1,1785485962,1785485962,0
LTE,466,1,37313,53872675,0,121.2564,25.0977,1000,1,1,1785490494,1785490494,0
LTE,466,92,13200,80867597,0,121.2606,25.1021,1000,1,1,1785490651,1785490651,0
LTE,466,1,17313,54288153,0,121.2562,25.0965,1000,1,1,1785491431,1785491431,0
LTE,466,1,27313,54322979,0,121.2313,25.0384,1000,1,1,1785497939,1785497939,0
LTE,466,92,13200,80977932,0,121.237,25.0358,1000,1,1,1785497950,1785497950,0
LTE,466,1,27313,54262048,0,121.2429,25.0402,1000,1,1,1785497956,1785497956,0
LTE,466,1,27313,54248479,0,121.2429,25.0326,1000,1,1,1785497973,1785497973,0
LTE,466,92,13200,80228881,0,121.242,25.0324,1000,1,1,1785497966,1785497966,0
LTE,466,97,22530,86560991,0,121.2393,25.0336,1000,1,1,1785497978,1785497978,0
LTE,466,1,27313,53762575,0,121.2449,25.0311,1000,1,1,1785498010,1785498010,0
LTE,466,92,13400,80196123,0,121.2458,24.9974,1000,1,1,1785498268,1785498268,0
LTE,466,1,47242,53791254,0,121.195,24.9527,1000,1,1,1785498724,1785498724,0
LTE,466,1,47242,53791247,0,121.1962,24.9549,1000,1,1,1785498741,1785498741,0
LTE,466,92,13500,81528080,0,121.1892,24.9422,1000,1,1,1785498867,1785498867,0
LTE,466,1,47242,53789196,0,121.1881,24.9423,1000,1,1,1785498896,1785498896,0
LTE,466,92,13500,80721946,0,121.1909,24.9422,1000,1,1,1785498951,1785498951,0
LTE,466,1,47242,53785376,0,121.1919,24.9392,1000,1,1,1785498973,1785498973,0
LTE,466,92,13500,80253708,0,121.1985,24.9447,1000,1,1,1785499008,1785499008,0
LTE,466,1,47242,53785386,0,121.1965,24.9439,1000,1,1,1785499666,1785499666,0
LTE,466,1,47242,66591253,0,121.1964,24.9521,1000,1,1,1785499861,1785499861,0
LTE,466,1,47242,53883427,0,121.1896,24.9411,1000,1,1,1785499922,1785499922,0
LTE,466,92,13500,80253713,0,121.1957,24.9446,1000,1,1,1785500540,1785500540,0
LTE,466,1,47242,53785355,0,121.1947,24.9445,1000,1,1,1785541506,1785541506,0
LTE,466,92,13200,80890891,0,121.2412,25.0879,1000,1,1,1785617392,1785617392,0
LTE,466,1,17313,53888523,0,121.2381,25.0847,1000,1,1,1785617420,1785617420,0
LTE,466,1,17313,53847052,0,121.2431,25.0871,1000,1,1,1785617440,1785617440,0
LTE,466,97,22530,86280680,0,121.2469,25.0962,1000,1,1,1785617543,1785617543,0
LTE,466,92,13200,80890893,0,121.2428,25.0873,1000,1,1,1785618282,1785618282,0
LTE,466,92,13200,81749028,0,121.2432,25.09,1000,1,1,1785618290,1785618290,0
LTE,466,97,22530,86283662,0,121.2292,25.0834,1000,1,1,1785618320,1785618320,0
LTE,466,97,22530,86281092,0,121.2384,25.0936,1000,1,1,1785618326,1785618326,0
LTE,466,97,22530,86280690,0,121.2489,25.0958,1000,1,1,1785619263,1785619263,0
LTE,466,92,13200,80228112,0,121.2279,25.0788,1000,1,1,1785619284,1785619284,0
LTE,466,97,22530,86282165,0,121.2553,25.0952,1000,1,1,1785620194,1785620194,0
LTE,466,92,13200,81749008,0,121.2484,25.0912,1000,1,1,1785622077,1785622077,0
LTE,466,92,13202,80961813,0,121.1769,25.0132,1000,1,1,1785673675,1785673675,0
LTE,466,1,17313,54161719,0,121.2294,25.0776,1000,1,1,1785690653,1785690653,0
LTE,466,97,22530,86280630,0,121.2483,25.0955,1000,1,1,1785691407,1785691407,0
LTE,466,92,13200,80895265,0,121.2595,25.108,1000,1,1,1785692313,1785692313,0
LTE,466,1,17313,53871629,0,121.241,25.0945,1000,1,1,1785692336,1785692336,0
LTE,466,1,17313,53871628,0,121.2289,25.1078,1000,1,1,1785692527,1785692527,0
LTE,466,92,13200,79834127,0,121.2382,25.0856,1000,1,1,1785693872,1785693872,0
LTE,466,92,13400,81867286,0,121.2023,24.9455,1000,1,1,1785701652,1785701652,0
LTE,466,92,13400,81867291,0,121.2013,24.9452,1000,1,1,1785701899,1785701899,0
LTE,466,92,13500,80253711,0,121.1979,24.945,1000,1,1,1785702575,1785702575,0
LTE,466,92,13500,80253728,0,121.1931,24.9431,1000,1,1,1785702587,1785702587,0
LTE,466,1,29242,53842709,0,121.1934,24.9338,1000,1,1,1785702773,1785702773,0
LTE,466,92,13500,81911333,0,121.1963,24.9316,1000,1,1,1785702779,1785702779,0
LTE,466,92,13500,81911328,0,121.1963,24.9325,1000,1,1,1785702835,1785702835,0
LTE,466,92,13500,81388817,0,121.1959,24.9336,1000,1,1,1785702881,1785702881,0
LTE,466,92,13500,80894754,0,121.2145,24.929,1000,1,1,1785702987,1785702987,0
LTE,466,92,13500,80667672,0,121.2042,24.9333,1000,1,1,1785703025,1785703025,0
LTE,466,1,29242,54139926,0,121.2063,24.929,1000,1,1,1785703411,1785703411,0
LTE,466,92,13500,80013091,0,121.205,24.9216,1000,1,1,1785703528,1785703528,0
LTE,466,92,13500,80013090,0,121.2047,24.9215,1000,1,1,1785703540,1785703540,0
LTE,466,92,13500,80708365,0,121.2056,24.9201,1000,1,1,1785703966,1785703966,0
LTE,466,1,29242,53877003,0,121.2092,24.927,1000,1,1,1785704348,1785704348,0
LTE,466,92,13500,80708363,0,121.2056,24.9202,1000,1,1,1785704650,1785704650,0
LTE,466,1,29242,53877034,0,121.2057,24.9201,1000,1,1,1785705288,1785705288,0
LTE,466,1,17313,54024223,0,121.2543,25.0937,1000,1,1,1785709587,1785709587,0
LTE,466,1,17313,54024224,0,121.2544,25.0947,1000,1,1,1785729036,1785729036,0
LTE,466,92,13500,80774171,0,121.2049,24.9197,1000,1,1,1785733614,1785733614,0
LTE,466,97,22530,86282167,0,121.2542,25.0964,1000,1,1,1785764764,1785764764,0
LTE,466,1,19242,54105874,0,121.1709,25.0103,1000,1,1,1785792066,1785792066,0
LTE,466,1,29242,53877033,0,121.2039,24.9182,1000,1,1,1785812619,1785812619,0
LTE,466,92,13500,80708375,0,121.2058,24.92,1000,1,1,1785812651,1785812651,0
LTE,466,92,13500,80817420,0,121.2085,24.9236,1000,1,1,1785812818,1785812818,0
LTE,466,92,13500,80708373,0,121.2058,24.92,1000,1,1,1785812828,1785812828,0
LTE,466,92,13500,80013083,0,121.2006,24.9176,1000,1,1,1785812830,1785812830,0
LTE,466,92,13500,80013073,0,121.2068,24.9159,1000,1,1,1785817444,1785817444,0
LTE,466,92,13500,80695312,0,121.1763,24.9181,1000,1,1,1785817459,1785817459,0
LTE,466,92,13500,80013080,0,121.2048,24.9178,1000,1,1,1785830392,1785830392,0
LTE,466,92,13500,80013093,0,121.2031,24.9237,1000,1,1,1785837819,1785837819,0
LTE,466,1,17313,54288156,0,121.2635,25.0993,1000,1,1,1785838738,1785838738,0
LTE,466,1,29242,54238477,0,121.2066,24.9199,1000,1,1,1785839448,1785839448,0
LTE,466,1,17313,54029836,0,121.2525,25.0897,1000,1,1,1785840983,1785840983,0
LTE,466,92,13200,81517087,0,121.2532,25.0903,1000,1,1,1785840989,1785840989,0
LTE,466,1,17313,54029835,0,121.253,25.0898,1000,1,1,1785841096,1785841096,0
LTE,466,92,13200,81517088,0,121.253,25.0894,1000,1,1,1785841097,1785841097,0
LTE,466,1,17313,54029839,0,121.2531,25.0899,1000,1,1,1785841101,1785841101,0
LTE,466,1,17313,53871637,0,121.2495,25.0904,1000,1,1,1785841159,1785841159,0
LTE,466,1,17313,53871638,0,121.248,25.0899,1000,1,1,1785841165,1785841165,0
LTE,466,92,13400,81529893,0,121.2526,25.0024,1000,1,1,1785841963,1785841963,0
LTE,466,1,39242,53885984,0,121.2352,24.9915,1000,1,1,1785842032,1785842032,0
LTE,466,1,39242,53923340,0,121.2378,24.9879,1000,1,1,1785842039,1785842039,0
LTE,466,1,39242,66723339,0,121.2378,24.9875,1000,1,1,1785842039,1785842039,0
LTE,466,1,39242,53787670,0,121.2304,24.9815,1000,1,1,1785842094,1785842094,0
LTE,466,97,22540,83484404,0,121.1916,24.9398,1000,1,1,1785843790,1785843790,0
LTE,466,1,47242,53965839,0,121.1926,24.9269,1000,1,1,1785863437,1785863437,0
LTE,466,1,47242,54025237,0,121.2013,24.9456,1000,1,1,1785875223,1785875223,0
LTE,466,92,13400,81867285,0,121.2019,24.9449,1000,1,1,1785875472,1785875472,0
LTE,466,1,29242,53831189,0,121.2134,24.9283,1000,1,1,1785876163,1785876163,0
LTE,466,92,13500,80769051,0,121.2132,24.9209,1000,1,1,1785876235,1785876235,0
LTE,466,1,29242,53811491,0,121.2298,24.921,1000,1,1,1785876325,1785876325,0
LTE,466,1,29242,66595196,0,121.2277,24.9131,1000,1,1,1785876339,1785876339,0
LTE,466,1,29242,53795103,0,121.228,24.9129,1000,1,1,1785876341,1785876341,0
LTE,466,1,29242,54016523,0,121.2298,24.9085,1000,1,1,1785876353,1785876353,0
LTE,466,92,13500,80006161,0,121.2302,24.9067,1000,1,1,1785876361,1785876361,0
LTE,466,92,13500,80006166,0,121.2343,24.9032,1000,1,1,1785876375,1785876375,0
LTE,466,1,29242,54016533,0,121.2322,24.904,1000,1,1,1785876398,1785876398,0
LTE,466,92,13500,80006169,0,121.2333,24.9035,1000,1,1,1785876407,1785876407,0
LTE,466,1,29242,53809931,0,121.2412,24.9021,1000,1,1,1785876415,1785876415,0
LTE,466,1,49321,54050827,0,121.2597,24.8976,1000,1,1,1785876499,1785876499,0
LTE,466,1,49381,53907743,0,121.3269,24.9643,1000,1,1,1785877098,1785877098,0
LTE,466,92,13300,81199909,0,121.3232,24.9639,1000,1,1,1785877173,1785877173,0
LTE,466,92,13300,90918483,0,121.3225,24.9613,1000,1,1,1785877192,1785877192,0
LTE,466,1,49381,66578566,0,121.3232,24.962,1000,1,1,1785877258,1785877258,0
LTE,466,1,49381,53778453,0,121.3244,24.9634,1000,1,1,1785877274,1785877274,0
LTE,466,1,49381,53778457,0,121.3232,24.9642,1000,1,1,1785877284,1785877284,0
LTE,466,92,13300,81199904,0,121.3231,24.9641,1000,1,1,1785877323,1785877323,0
LTE,466,1,49381,53778467,0,121.3223,24.9657,1000,1,1,1785877360,1785877360,0
LTE,466,92,13300,81200406,0,121.3225,24.9685,1000,1,1,1785877388,1785877388,0
LTE,466,92,13300,81200160,0,121.3159,24.9701,1000,1,1,1785877567,1785877567,0
LTE,466,1,49381,53799961,0,121.3202,24.9639,1000,1,1,1785878372,1785878372,0
LTE,466,1,49381,66600060,0,121.3219,24.9598,1000,1,1,1785879133,1785879133,0
LTE,466,1,49381,53799957,0,121.3216,24.9606,1000,1,1,1785879147,1785879147,0
LTE,466,1,49381,53799958,0,121.3208,24.9625,1000,1,1,1785879157,1785879157,0
LTE,466,92,13300,81200140,0,121.3207,24.9617,1000,1,1,1785879211,1785879211,0
LTE,466,92,13300,80764448,0,121.3182,24.9581,1000,1,1,1785879452,1785879452,0
LTE,466,92,13300,81568526,0,121.3185,24.9508,1000,1,1,1785879764,1785879764,0
LTE,466,1,59381,53910540,0,121.3196,24.95,1000,1,1,1785879911,1785879911,0
LTE,466,92,13300,88372819,0,121.3187,24.9492,1000,1,1,1785879987,1785879987,0
LTE,466,92,13300,81568529,0,121.3191,24.9493,1000,1,1,1785880154,1785880154,0
LTE,466,1,59381,66710539,0,121.3198,24.9509,1000,1,1,1785884780,1785884780,0
LTE,466,1,59381,54206475,0,121.3037,24.9365,1000,1,1,1785895022,1785895022,0
LTE,466,92,13300,80688674,0,121.3184,24.9486,1000,1,1,1785895020,1785895020,0
LTE,466,92,13300,80688675,0,121.3185,24.9484,1000,1,1,1785895023,1785895023,0
LTE,466,1,59381,54206476,0,121.303,24.936,1000,1,1,1785895044,1785895044,0
LTE,466,1,59381,54053643,0,121.298,24.9334,1000,1,1,1785895060,1785895060,0
LTE,466,92,13300,80688673,0,121.3184,24.9486,1000,1,1,1785895359,1785895359,0
LTE,466,1,59381,53907235,0,121.3186,24.9479,1000,1,1,1785895959,1785895959,0
LTE,466,1,59381,53907231,0,121.3168,24.9461,1000,1,1,1785896944,1785896944,0
LTE,466,92,13300,80222731,0,121.3093,24.9401,1000,1,1,1785897347,1785897347,0
LTE,466,1,59381,53871884,0,121.311,24.9407,1000,1,1,1785902514,1785902514,0
LTE,466,1,59381,53907232,0,121.3176,24.9471,1000,1,1,1785908058,1785908058,0
LTE,466,97,22530,86288340,0,121.2604,25.102,1000,1,1,1785913495,1785913495,0
LTE,466,92,13200,81517071,0,121.2555,25.0853,1000,1,1,1785920512,1785920512,0
LTE,466,1,17313,54029849,0,121.2556,25.0857,1000,1,1,1785920543,1785920543,0
LTE,466,97,22530,86279921,0,121.2572,25.0821,1000,1,1,1785920558,1785920558,0
LTE,466,1,17313,53760523,0,121.2572,25.0824,1000,1,1,1785920568,1785920568,0
LTE,466,1,17313,54029846,0,121.2571,25.0833,1000,1,1,1785920607,1785920607,0
LTE,466,1,17313,53914646,0,121.261,25.0703,1000,1,1,1785920689,1785920689,0
LTE,466,1,37313,54304544,0,121.2836,25.0645,1000,1,1,1785921493,1785921493,0
LTE,466,1,37313,54304543,0,121.2821,25.0635,1000,1,1,1785921504,1785921504,0
LTE,466,1,37313,54304545,0,121.283,25.0631,1000,1,1,1785921505,1785921505,0
LTE,466,97,22600,86541299,0,121.2852,25.0639,1000,1,1,1785921522,1785921522,0
LTE,466,97,22600,86541297,0,121.2856,25.0659,1000,1,1,1785922443,1785922443,0
LTE,466,92,13200,81755158,0,121.2829,25.0634,1000,1,1,1785922569,1785922569,0
LTE,466,1,37313,54136611,0,121.2867,25.0646,1000,1,1,1785924292,1785924292,0
LTE,466,92,13200,81755162,0,121.2808,25.0634,1000,1,1,1785929055,1785929055,0
LTE,466,97,22580,85516273,0,121.3099,24.94,1000,1,1,1785936220,1785936220,0
LTE,466,92,13300,80688657,0,121.3213,24.9539,1000,1,1,1785940009,1785940009,0
LTE,466,92,13300,80873740,0,121.3125,24.9451,1000,1,1,1785945008,1785945008,0
LTE,466,92,13200,80951843,-1,121.2667,25.0863,1000,2,1,1786026681,1786038482,0
LTE,466,92,13201,80954403,-1,121.2843,25.0808,1000,1,1,1786026771,1786026771,0
LTE,466,92,13201,80954383,-1,121.2876,25.0808,1000,4,1,1786026777,1786038483,0
LTE,466,92,13201,81201945,-1,121.2901,25.0809,1000,2,1,1786026807,1786038482,0
LTE,466,92,13201,80016931,-1,121.2967,25.0802,1000,1,1,1786026846,1786026846,0
LTE,466,92,13201,80016921,-1,121.3103,25.0775,1000,1,1,1786026909,1786026909,0
LTE,466,92,13201,80016417,-1,121.3242,25.0714,1000,2,1,1786026974,1786038482,0
LTE,466,92,13201,81514253,-1,121.3468,25.0683,1000,1,1,1786027110,1786027110,0
LTE,466,92,12000,29594637,-1,121.3526,25.0709,1000,1,1,1786027124,1786027124,0
LTE,466,92,12000,29568535,-1,121.3616,25.0656,1000,1,1,1786027166,1786027166,0
LTE,466,92,13201,80668685,-1,121.3719,25.0586,1000,1,1,1786027315,1786027315,0
LTE,466,92,13201,80013591,-1,121.3849,25.0455,1000,3,1,1786027441,1786038483,0
LTE,466,92,12000,29353997,-1,121.4135,25.0302,1000,1,1,1786027728,1786027728,0
LTE,466,92,12000,28664097,-1,121.4191,25.0323,1000,1,1,1786027767,1786027767,0
LTE,466,92,12000,29049377,-1,121.4304,25.0403,1000,1,1,1786027863,1786027863,0
LTE,466,92,12000,29343501,-1,121.4378,25.0499,1000,1,1,1786027907,1786027907,0
LTE,466,92,12000,30468139,-1,121.4265,25.044,1000,1,1,1786027877,1786027877,0
LTE,466,92,12000,29081633,-1,121.4388,25.0505,1000,1,1,1786027923,1786027923,0
LTE,466,92,12000,29350423,-1,121.4434,25.057,1000,1,1,1786027962,1786027962,0
LTE,466,92,12000,29808397,-1,121.4475,25.0599,1000,2,1,1786027978,1786038483,0
LTE,466,92,12000,29327373,-1,121.4534,25.0614,1000,1,1,1786028012,1786028012,0
LTE,466,92,12000,29252641,-1,121.4558,25.0613,1000,7,1,1786028022,1786435202,0
LTE,466,92,12000,29252631,-1,121.4584,25.0616,1000,9,1,1786028052,1786435202,0
LTE,466,92,12000,29574679,-1,121.4667,25.0689,1000,1,1,1786028252,1786028252,0
LTE,466,92,12000,29210124,-1,121.4727,25.0669,1000,1,1,1786028292,1786028292,0
LTE,466,92,12000,28919830,-1,121.475,25.0642,1000,1,1,1786028306,1786028306,0
LTE,466,92,12000,29314838,-1,121.4789,25.063,1000,2,1,1786028323,1786038483,0
LTE,466,92,12000,29577484,-1,121.4809,25.0614,1000,1,1,1786028337,1786028337,0
LTE,466,92,12100,29360406,-1,121.4817,25.0603,1000,1,1,1786028341,1786028341,0
LTE,466,92,12100,29525517,-1,121.4807,25.058,1000,1,1,1786028353,1786028353,0
LTE,466,92,12100,29259543,-1,121.4833,25.0555,1000,1,1,1786028365,1786028365,0
LTE,466,92,12100,29314593,-1,121.4856,25.0493,1000,4,1,1786028397,1786038483,0
LTE,466,92,12100,31206709,-1,121.4884,25.0491,1000,4,1,1786028432,1786435202,0
LTE,466,92,12100,31206679,-1,121.4935,25.0525,1000,2,1,1786028476,1786435202,0
LTE,466,92,11100,55129111,-1,121.5134,25.0491,1000,3,1,1786028755,1786038483,0
LTE,466,92,11100,55129121,-1,121.5126,25.0493,1000,3,1,1786028853,1786038483,0
LTE,466,92,11102,53990711,-1,121.5134,25.0478,1000,6,1,1786029344,1786038483,0
LTE,466,92,11100,54367522,-1,121.5146,25.0452,1000,2,1,1786029884,1786038483,0
LTE,466,92,11100,55318304,-1,121.5146,25.0433,1000,3,1,1786030259,1786038483,0
LTE,466,92,11100,59823382,-1,121.5141,25.0429,1000,1,1,1786030358,1786030358,0
LTE,466,92,11100,55069964,-1,121.5136,25.0424,1000,3,1,1786030376,1786038483,0
LTE,466,92,11100,54604064,-1,121.5117,25.0423,1000,4,1,1786030573,1786038483,0
LTE,466,92,11102,54365708,-1,121.5116,25.0423,1000,1,1,1786030660,1786030660,0
LTE,466,92,11102,63336460,-1,121.5094,25.0424,1000,5,1,1786030820,1786370341,0
LTE,466,92,11102,56925718,-1,121.5097,25.0428,1000,3,1,1786030866,1786361701,0
LTE,466,92,11102,63336459,-1,121.5094,25.0426,1000,2,1,1786030935,1786423082,0
LTE,466,92,11102,56925717,-1,121.5086,25.0425,1000,12,1,1786031023,1786435201,0
LTE,466,92,11102,63336465,-1,121.5093,25.0423,1000,21,1,1786031401,1786170901,0
LTE,466,92,11102,54062619,-1,121.5091,25.0434,1000,6,1,1786034756,1786038483,0
LTE,466,92,11102,56925723,-1,121.5093,25.0429,1000,4,1,1786034846,1786110721,0
LTE,466,92,11102,56925733,-1,121.5086,25.0443,1000,1,1,1786035066,1786035066,0
LTE,466,92,11102,54349595,-1,121.5073,25.0447,1000,6,1,1786035094,1786038484,0
LTE,466,92,11102,54349605,-1,121.5058,25.0449,1000,5,1,1786036647,1786361641,0
LTE,466,92,11102,56909605,-1,121.5059,25.0453,1000,3,1,1786036710,1786361641,0
LTE,466,92,11102,55072273,-1,121.5046,25.0453,1000,3,1,1786036750,1786038484,0
LTE,466,92,11102,54422819,-1,121.5035,25.0456,1000,2,1,1786036985,1786038484,0
LTE,466,92,11102,54422816,-1,121.5034,25.0456,1000,5,1,1786038456,1786302302,0
LTE,466,92,11102,55072271,-1,121.504,25.0454,1000,1,1,1786038456,1786038456,0
LTE,466,92,11102,54920717,-1,121.506,25.0449,1000,1,1,1786038456,1786038456,0
LTE,466,92,11102,53990719,-1,121.5073,25.044,1000,2,1,1786038456,1786423083,0
LTE,466,92,11102,63336462,-1,121.5096,25.0409,1000,14,1,1786038456,1786423082,0
LTE,466,92,11102,54350636,-1,121.5093,25.0424,1000,8,1,1786071614,1786415341,0
LTE,466,97,22580,85516263,0,121.3097,24.9398,1000,1,1,1785956571,1785956571,0
LTE,466,1,37313,54194464,0,121.2837,25.0707,1000,1,1,1785963113,1785963113,0
LTE,466,97,22600,86537774,0,121.2735,25.0676,1000,1,1,1785963114,1785963114,0
LTE,466,1,27313,53996047,0,121.2797,25.0619,1000,1,1,1785963544,1785963544,0
LTE,466,92,13200,80828941,0,121.2787,25.0617,1000,1,1,1785963544,1785963544,0
LTE,466,97,22600,86530015,0,121.2757,25.0582,1000,1,1,1785964054,1785964054,0
LTE,466,1,27313,66796063,0,121.2765,25.0582,1000,1,1,1785964063,1785964063,0
LTE,466,97,22600,86530036,0,121.2761,25.0593,1000,1,1,1785964068,1785964068,0
LTE,466,1,27313,53997590,0,121.2661,25.0582,1000,1,1,1785964479,1785964479,0
LTE,466,92,13200,80211221,0,121.264,25.0581,1000,1,1,1785964511,1785964511,0
LTE,466,1,27313,53997593,0,121.2679,25.0572,1000,1,1,1785964977,1785964977,0
LTE,466,1,27313,53997591,0,121.267,25.059,1000,1,1,1785964999,1785964999,0
LTE,466,97,22600,86546665,0,121.2674,25.06,1000,1,1,1785964995,1785964995,0
LTE,466,1,37313,54065187,0,121.2773,25.0665,1000,1,1,1785965415,1785965415,0
LTE,466,1,37313,54065174,0,121.2809,25.0654,1000,1,1,1785965437,1785965437,0
LTE,466,1,37313,54065177,0,121.2817,25.0631,1000,1,1,1785965476,1785965476,0
LTE,466,1,37313,54136587,0,121.2867,25.0687,1000,1,1,1785965933,1785965933,0
LTE,466,1,37313,54089996,0,121.2894,25.0591,1000,1,1,1785970101,1785970101,0
LTE,466,1,37313,54221581,0,121.2884,25.0701,1000,1,1,1785971898,1785971898,0
LTE,466,97,22530,86288360,0,121.2582,25.1037,1000,1,1,1785977576,1785977576,0
LTE,466,1,59381,54053650,0,121.3021,24.9367,1000,1,1,1785979255,1785979255,0
LTE,466,92,13300,80688683,0,121.3181,24.9486,1000,1,1,1785980011,1785980011,0
LTE,466,92,13300,81568539,0,121.3174,24.9493,1000,1,1,1785980957,1785980957,0
LTE,466,92,13300,81568533,0,121.3177,24.9489,1000,1,1,1785980959,1785980959,0
LTE,466,92,13300,80221221,0,121.3187,24.9484,1000,1,1,1785980974,1785980974,0
LTE,466,1,59381,66710549,0,121.3181,24.9488,1000,1,1,1785980987,1785980987,0
LTE,466,92,13201,80652043,0,121.2918,25.0705,1000,1,1,1786035147,1786035147,0
LTE,466,92,11102,55298594,-1,121.5093,25.0423,1000,2,1,1786088043,1786110721,0
LTE,466,92,11102,55125006,-1,121.5086,25.0424,1000,2,1,1786093869,1786110721,0
LTE,466,92,11100,54060300,-1,121.5172,25.0462,1000,2,1,1786093869,1786110721,0
LTE,466,92,11100,54628364,-1,121.5177,25.0461,1000,2,1,1786093869,1786110721,0
LTE,466,92,11100,55003148,-1,121.5234,25.0448,1000,2,1,1786093869,1786110721,0
LTE,466,92,11400,55003659,-1,121.5325,25.0424,1000,9,1,1786093869,1786110721,0
LTE,466,92,11400,54709036,-1,121.5322,25.0435,1000,5,1,1786093869,1786110721,0
LTE,466,92,11400,64730891,-1,121.5324,25.0445,1000,6,1,1786093869,1786110721,0
LTE,466,92,11400,54709035,-1,121.5327,25.0437,1000,4,1,1786093869,1786110721,0
LTE,466,92,11400,55003660,-1,121.5323,25.0425,1000,3,1,1786102154,1786110722,0
LTE,466,92,11100,55003151,-1,121.5233,25.0448,1000,1,1,1786102396,1786102396,0
LTE,466,92,11100,54628367,-1,121.5176,25.0461,1000,2,1,1786102454,1786110722,0
LTE,466,92,11102,55125282,-1,121.5087,25.0421,1000,1,1,1786102624,1786102624,0
LTE,466,92,11102,53990730,-1,121.5092,25.0422,1000,1,1,1786102861,1786102861,0
LTE,466,92,11102,55394325,-1,121.509,25.0459,1000,1,1,1786103094,1786103094,0
LTE,466,92,11102,55394331,-1,121.509,25.0459,1000,1,1,1786106430,1786106430,0
LTE,466,92,11102,54350609,-1,121.5079,25.0438,1000,1,1,1786106545,1786106545,0
LTE,466,92,11102,54062617,-1,121.5085,25.0429,1000,5,1,1786106610,1786423083,0
LTE,466,92,11102,55125007,-1,121.5088,25.0433,1000,9,1,1786106705,1786423083,0
LTE,466,92,11102,55125263,-1,121.5083,25.0421,1000,1,1,1786106715,1786106715,0
LTE,466,92,11102,55125273,-1,121.5086,25.0419,1000,1,1,1786106741,1786106741,0
LTE,466,92,11102,55125293,-1,121.5087,25.0422,1000,1,1,1786106775,1786106775,0
LTE,466,92,11400,55003665,-1,121.5326,25.0424,1000,1,1,1786107097,1786107097,0
LTE,466,92,11100,54310169,-1,121.5303,25.0439,1000,3,1,1786110666,1786110722,0
LTE,466,92,11400,54709037,-1,121.5321,25.0437,1000,2,1,1786110666,1786110722,0
LTE,466,92,11100,54354447,-1,121.532,25.0428,1000,3,1,1786110666,1786110722,0
LTE,466,92,11100,55003161,-1,121.5247,25.0445,1000,1,1,1786110666,1786110666,0
LTE,466,92,11102,55125283,-1,121.5086,25.0419,1000,1,1,1786110666,1786110666,0
LTE,466,92,11102,63336463,-1,121.5094,25.0424,1000,8,1,1786110666,1786361641,0
LTE,466,92,11102,56925721,-1,121.5102,25.0426,1000,17,1,1786110666,1786435201,0
LTE,466,92,11102,63336461,-1,121.5094,25.0424,1000,5,1,1786110666,1786423083,0
LTE,466,92,13300,80688651,0,121.3195,24.9555,1000,1,1,1786044483,1786044483,0
LTE,466,92,13201,80652045,0,121.2889,25.0713,1000,1,1,1786044635,1786044635,0
LTE,466,92,13200,81680661,0,121.2664,25.0906,1000,1,1,1786053179,1786053179,0
LTE,466,92,13200,81680674,0,121.2539,25.0936,1000,1,1,1786053231,1786053231,0
LTE,466,92,13200,81517090,0,121.253,25.0897,1000,1,1,1786053297,1786053297,0
LTE,466,92,13200,80211232,0,121.2648,25.064,1000,1,1,1786053655,1786053655,0
LTE,466,1,27313,53997603,0,121.2643,25.0634,1000,1,1,1786053654,1786053654,0
LTE,466,92,13200,80211235,0,121.2657,25.0638,1000,1,1,1786053681,1786053681,0
LTE,466,92,13200,80732961,0,121.2754,25.0584,1000,1,1,1786054061,1786054061,0
LTE,466,1,27313,53763596,0,121.278,25.0575,1000,1,1,1786054181,1786054181,0
LTE,466,92,13200,80828950,0,121.2788,25.059,1000,1,1,1786054306,1786054306,0
LTE,466,92,13200,80828940,0,121.2781,25.0615,1000,1,1,1786054340,1786054340,0
LTE,466,92,13200,81755161,0,121.2834,25.0633,1000,1,1,1786055187,1786055187,0
LTE,466,1,17313,54250531,0,121.2623,25.0676,1000,1,1,1786059012,1786059012,0
LTE,466,1,17313,53914652,0,121.261,25.0693,1000,1,1,1786059023,1786059023,0
LTE,466,92,13200,80191766,0,121.2609,25.0702,1000,1,1,1786059027,1786059027,0
LTE,466,97,22600,86567923,0,121.265,25.0757,1000,1,1,1786059030,1786059030,0
LTE,466,92,13200,80761877,0,121.2707,25.0685,1000,1,1,1786059044,1786059044,0
LTE,466,1,27313,53997600,0,121.2634,25.0635,1000,1,1,1786059052,1786059052,0
LTE,466,1,27313,53997601,0,121.2643,25.0637,1000,1,1,1786059149,1786059149,0
LTE,466,92,13200,80690445,0,121.2805,25.0634,1000,1,1,1786061254,1786061254,0
LTE,466,92,13200,80002326,0,121.2799,25.0641,1000,1,1,1786061270,1786061270,0
LTE,466,97,22600,86566899,0,121.2796,25.0631,1000,1,1,1786061275,1786061275,0
LTE,466,92,13200,80690443,0,121.2775,25.0623,1000,1,1,1786061278,1786061278,0
LTE,466,92,13200,80002336,0,121.2761,25.0652,1000,1,1,1786061293,1786061293,0
LTE,466,1,37313,54267936,0,121.2781,25.063,1000,1,1,1786061298,1786061298,0
LTE,466,92,13200,80732959,0,121.2758,25.0581,1000,1,1,1786061996,1786061996,0
LTE,466,92,13200,80804376,0,121.2695,25.0614,1000,1,1,1786062176,1786062176,0
LTE,466,1,27313,53777441,0,121.2684,25.0619,1000,1,1,1786062190,1786062190,0
LTE,466,92,13200,80804375,0,121.27,25.0611,1000,1,1,1786062191,1786062191,0
LTE,466,1,27313,66577522,0,121.2711,25.0656,1000,1,1,1786062191,1786062191,0
LTE,466,97,22600,86573033,0,121.2696,25.0607,1000,1,1,1786062220,1786062220,0
LTE,466,1,27313,53777440,0,121.2678,25.0621,1000,1,1,1786062243,1786062243,0
LTE,466,1,27313,53777439,0,121.2679,25.062,1000,1,1,1786062252,1786062252,0
LTE,466,97,22600,86573043,0,121.2688,25.0613,1000,1,1,1786062265,1786062265,0
LTE,466,1,27313,53777443,0,121.2686,25.0618,1000,1,1,1786062338,1786062338,0
LTE,466,92,13201,80970519,0,121.2805,25.0691,1000,1,1,1786063134,1786063134,0
LTE,466,92,13200,83253056,0,121.2833,25.0675,1000,1,1,1786063307,1786063307,0
LTE,466,97,22600,86566897,0,121.2813,25.0652,1000,1,1,1786063340,1786063340,0
LTE,466,1,37313,54267926,0,121.2842,25.0643,1000,1,1,1786063369,1786063369,0
LTE,466,97,22600,86566867,0,121.2812,25.0654,1000,1,1,1786063407,1786063407,0
LTE,466,97,22600,86566887,0,121.2821,25.0657,1000,1,1,1786063435,1786063435,0
LTE,466,92,13200,83253055,0,121.2854,25.0673,1000,1,1,1786064246,1786064246,0
LTE,466,97,22600,86550996,0,121.2831,25.0667,1000,1,1,1786064298,1786064298,0
LTE,466,1,37313,54121504,0,121.2815,25.07,1000,1,1,1786064376,1786064376,0
LTE,466,97,22600,86551016,0,121.2816,25.0672,1000,1,1,1786064383,1786064383,0
LTE,466,92,13200,80002318,0,121.2787,25.0675,1000,1,1,1786064426,1786064426,0
LTE,466,1,37313,54065184,0,121.2778,25.0668,1000,1,1,1786064434,1786064434,0
LTE,466,97,22600,86550927,0,121.2791,25.0665,1000,1,1,1786064460,1786064460,0
LTE,466,92,13200,80002316,0,121.2791,25.0675,1000,1,1,1786064521,1786064521,0
LTE,466,92,13200,80002319,0,121.2786,25.0671,1000,1,1,1786064556,1786064556,0
LTE,466,1,37313,54065183,0,121.2761,25.0668,1000,1,1,1786064646,1786064646,0
LTE,466,97,22600,86537972,0,121.2825,25.0731,1000,1,1,1786064756,1786064756,0
LTE,466,97,22600,86537910,0,121.2875,25.0729,1000,1,1,1786065641,1786065641,0
LTE,466,92,13201,80652057,0,121.2876,25.0721,1000,1,1,1786065696,1786065696,0
LTE,466,92,13201,80652046,0,121.2886,25.0731,1000,1,1,1786066644,1786066644,0
LTE,466,1,37313,54194455,0,121.2888,25.0728,1000,1,1,1786066696,1786066696,0
LTE,466,1,37313,54194465,0,121.2837,25.0719,1000,1,1,1786066701,1786066701,0
LTE,466,92,13201,80652054,0,121.2879,25.0714,1000,1,1,1786070581,1786070581,0
LTE,466,92,11102,59823393,-1,121.5093,25.0429,1000,2,1,1786157345,1786423083,0
LTE,466,92,11200,58073367,-1,121.5355,25.0146,1000,2,1,1786158773,1786184101,0
LTE,466,92,11200,57306647,-1,121.5384,25.0143,1000,1,1,1786159062,1786159062,0
LTE,466,92,11200,55318069,-1,121.5407,25.0128,1000,4,1,1786159280,1786181821,0
LTE,466,92,11200,54746647,-1,121.5426,25.0152,1000,7,1,1786159731,1786246502,0
LTE,466,92,11200,55318051,-1,121.5427,25.0147,1000,9,1,1786170891,1786279441,0
LTE,466,92,11200,54870031,-1,121.5426,25.0151,1000,17,1,1786170891,1786262761,0
LTE,466,92,11200,54870053,-1,121.5427,25.0145,1000,12,1,1786170891,1786279441,0
LTE,466,92,11200,54870033,-1,121.5427,25.0153,1000,3,1,1786170891,1786170902,0
LTE,466,92,11200,54700321,-1,121.5404,25.012,1000,6,1,1786181766,1786181821,0
LTE,466,92,11200,55513397,-1,121.5384,25.0146,1000,1,1,1786181766,1786181766,0
LTE,466,92,11200,58073377,-1,121.5359,25.0148,1000,1,1,1786184059,1786184059,0
LTE,466,92,11900,55140635,-1,121.529,25.0199,1000,1,1,1786184059,1786184059,0
LTE,466,92,11900,55140123,-1,121.5231,25.0262,1000,2,1,1786184059,1786184101,0
LTE,466,92,11900,55140113,-1,121.5224,25.0272,1000,1,1,1786184059,1786184059,0
LTE,466,92,11102,54350635,-1,121.5085,25.043,1000,8,1,1786192485,1786435201,0
LTE,466,92,11102,55125015,-1,121.5087,25.0422,1000,1,1,1786246235,1786246235,0
LTE,466,92,11900,55140620,-1,121.5284,25.0206,1000,4,1,1786246462,1786246502,0
LTE,466,92,11900,55140630,-1,121.5287,25.0201,1000,3,1,1786246462,1786246502,0
LTE,466,92,11200,55141132,-1,121.5342,25.0149,1000,2,1,1786246462,1786246502,0
LTE,466,92,11200,55140876,-1,121.5342,25.0151,1000,1,1,1786246462,1786246462,0
LTE,466,92,11200,55141142,-1,121.5347,25.0145,1000,1,1,1786246462,1786246462,0
LTE,466,92,11200,58073366,-1,121.5352,25.0145,1000,2,1,1786246462,1786246502,0
LTE,466,92,11200,58073386,-1,121.5358,25.0147,1000,1,1,1786246462,1786246462,0
LTE,466,92,11200,58073376,-1,121.5362,25.0149,1000,1,1,1786246462,1786246462,0
LTE,466,92,11200,58073356,-1,121.5365,25.0151,1000,1,1,1786246462,1786246462,0
LTE,466,92,11200,57306646,-1,121.5371,25.0152,1000,2,1,1786246462,1786246502,0
LTE,466,92,11200,54703944,-1,121.5376,25.0154,1000,1,1,1786246462,1786246462,0
LTE,466,92,11200,55513396,-1,121.5383,25.0146,1000,1,1,1786246462,1786246462,0
LTE,466,92,11200,55373580,-1,121.5387,25.0142,1000,2,1,1786246462,1786246502,0
LTE,466,92,11200,55318038,-1,121.5395,25.0135,1000,4,1,1786246462,1786246502,0
LTE,466,92,11200,55318068,-1,121.5407,25.0129,1000,3,1,1786246462,1786246502,0
LTE,466,92,11200,54870048,-1,121.5425,25.0141,1000,1,1,1786246462,1786246462,0
LTE,466,1,29242,53877027,0,121.2042,24.9204,1000,1,1,1786152975,1786152975,0
LTE,466,1,37313,54136591,0,121.2868,25.0692,1000,1,1,1786183451,1786183451,0
LTE,466,92,13500,80013078,0,121.2045,24.918,1000,1,1,1786200768,1786200768,0
LTE,466,92,11200,54870051,-1,121.5427,25.0147,1000,9,1,1786254532,1786265161,0
LTE,466,92,11200,54870041,-1,121.5432,25.0148,1000,2,1,1786255501,1786262761,0
LTE,466,92,11200,54746645,-1,121.5426,25.0153,1000,1,1,1786262721,1786262721,0
LTE,466,92,11200,54870043,-1,121.5426,25.0152,1000,7,1,1786279392,1786279441,0
LTE,466,92,11200,55318033,-1,121.5437,25.0155,1000,1,1,1786279392,1786279392,0
LTE,466,92,11200,57306648,-1,121.5405,25.0166,1000,8,1,1786279392,1786279441,0
LTE,466,92,11200,58073358,-1,121.5369,25.0152,1000,1,1,1786279392,1786279392,0
LTE,466,92,11200,58073378,-1,121.5363,25.015,1000,1,1,1786279392,1786279392,0
LTE,466,92,11200,58073368,-1,121.5353,25.0146,1000,1,1,1786279392,1786279392,0
LTE,466,92,11100,55139093,-1,121.5173,25.034,1000,2,1,1786279392,1786279441,0
LTE,466,92,11102,55394328,-1,121.5098,25.0427,1000,2,1,1786291691,1786302301,0
LTE,466,92,11102,55072268,-1,121.5045,25.0452,1000,3,1,1786302295,1786302302,0
LTE,466,92,11102,56925728,-1,121.5086,25.0443,1000,3,1,1786302295,1786302302,0
LTE,466,92,11102,54350634,-1,121.5092,25.0429,1000,2,1,1786302295,1786361641,0
LTE,466,92,11102,54373388,-1,121.5093,25.0424,1000,5,1,1786302295,1786302302,0
LTE,466,97,22600,86537971,0,121.2855,25.0723,1000,1,1,1786299244,1786299244,0
LTE,466,92,11102,54373391,-1,121.5095,25.043,1000,5,1,1786359411,1786361641,0
LTE,466,92,11102,56909602,-1,121.5055,25.0453,1000,1,1,1786361628,1786361628,0
LTE,466,92,11102,54062629,-1,121.5069,25.0456,1000,3,1,1786361628,1786361641,0
LTE,466,92,11102,56909585,-1,121.5081,25.0453,1000,3,1,1786361628,1786361641,0
LTE,466,92,11102,54062609,-1,121.5093,25.0452,1000,4,1,1786361628,1786361641,0
LTE,466,92,11102,57263393,-1,121.51,25.0453,1000,5,1,1786361628,1786423083,0
LTE,466,92,11102,55125004,-1,121.509,25.0439,1000,6,1,1786361628,1786361641,0
LTE,466,97,19242,54269197,-1,121.2177,25.0068,1000,2,1,1786342616,1786368121,0
LTE,466,97,19242,54269196,-1,121.2172,25.0058,1000,5,1,1786342646,1786368122,0
LTE,466,97,19242,54050572,-1,121.2165,25.0052,1000,4,1,1786342686,1786368122,0
LTE,466,97,19242,54269207,-1,121.2159,25.0053,1000,9,1,1786342696,1786368122,0
LTE,466,97,19242,53784589,-1,121.2139,25.0042,1000,11,1,1786342786,1786368122,0
LTE,466,97,19242,53784609,-1,121.2118,25.0024,1000,7,1,1786342857,1786368122,0
LTE,466,97,19242,53830935,-1,121.2087,25.0009,1000,3,1,1786342977,1786368121,0
LTE,466,97,19242,53830934,-1,121.2054,25.001,1000,11,1,1786342997,1786368122,0
LTE,466,97,19242,54072588,-1,121.2056,25.0009,1000,2,1,1786343077,1786368121,0
LTE,466,97,19242,54179084,-1,121.2056,25.0035,1000,7,1,1786343177,1786368122,0
LTE,466,97,19242,54179087,-1,121.2053,25.0033,1000,5,1,1786343197,1786368122,0
LTE,466,97,19242,54178831,-1,121.2032,25.0022,1000,4,1,1786343217,1786368122,0
LTE,466,97,19242,54178829,-1,121.2027,25.002,1000,1,1,1786343767,1786343767,0
LTE,466,97,19242,54178828,-1,121.2029,25.0021,1000,2,1,1786343887,1786368122,0
LTE,466,97,19242,54179094,-1,121.2044,25.0028,1000,4,1,1786344917,1786368122,0
LTE,466,97,19242,53795363,-1,121.2076,25.0054,1000,3,1,1786345477,1786368122,0
LTE,466,97,19242,54318379,-1,121.2098,25.0042,1000,8,1,1786345567,1786368122,0
LTE,466,97,19242,54318369,-1,121.2104,25.0033,1000,3,1,1786345637,1786368122,0
LTE,466,97,19242,54269217,-1,121.2086,25.0051,1000,1,1,1786345657,1786345657,0
LTE,466,97,19242,54269216,-1,121.2086,25.0051,1000,1,1,1786345687,1786345687,0
LTE,466,97,19242,54318349,-1,121.2093,25.005,1000,3,1,1786345707,1786368122,0
LTE,466,97,19242,54269206,-1,121.216,25.0047,1000,1,1,1786346067,1786346067,0
LTE,466,97,19242,54050573,-1,121.2167,25.0055,1000,3,1,1786346107,1786368122,0
LTE,466,97,19242,54269205,-1,121.2169,25.0057,1000,1,1,1786346247,1786346247,0
LTE,466,97,19242,54268941,-1,121.2184,25.0072,1000,1,1,1786346497,1786346497,0
LTE,466,97,19242,54268940,-1,121.2185,25.0074,1000,1,1,1786346507,1786346507,0
LTE,466,1,27313,54187551,-1,121.2191,25.0085,1000,1,1,1786347177,1786347177,0
LTE,466,1,27313,54045216,-1,121.2191,25.0085,1000,1,1,1786347167,1786347167,0
LTE,466,1,37313,53818908,0,121.2856,25.073,1000,1,1,1786304952,1786304952,0
LTE,466,92,13201,80652066,0,121.2873,25.0751,1000,1,1,1786341770,1786341770,0
LTE,466,92,11102,54350637,-1,121.5082,25.0428,1000,5,1,1786423078,1786423083,0
LTE,466,92,11102,54350615,-1,121.5069,25.0435,1000,1,1,1786423078,1786423078,0
LTE,466,92,11102,54350617,-1,121.5061,25.0438,1000,8,1,1786423078,1786423083,0
LTE,466,92,11102,54422809,-1,121.5053,25.0439,1000,2,1,1786423078,1786423083,0
LTE,466,92,11102,55072281,-1,121.505,25.0438,1000,1,1,1786423078,1786423078,0
LTE,466,92,11102,54237711,-1,121.5061,25.0437,1000,1,1,1786423078,1786423078,0
LTE,466,92,11102,53990721,-1,121.507,25.0435,1000,2,1,1786423078,1786423083,0
LTE,466,92,11102,53990731,-1,121.5086,25.0421,1000,1,1,1786434957,1786434957,0
LTE,466,92,11102,55125003,-1,121.5087,25.0425,1000,1,1,1786435030,1786435030,0
LTE,466,92,11102,55125259,-1,121.5085,25.0422,1000,1,1,1786435105,1786435105,0
LTE,466,92,11100,54060303,-1,121.517,25.0463,1000,2,1,1786435177,1786435201,0
LTE,466,92,11100,54628633,-1,121.5173,25.0462,1000,1,1,1786435177,1786435177,0
LTE,466,92,11100,54628623,-1,121.5178,25.0467,1000,2,1,1786435177,1786435202,0
LTE,466,92,11100,54484771,-1,121.5173,25.0473,1000,3,1,1786435177,1786435201,0
LTE,466,92,11100,57044748,-1,121.5176,25.0472,1000,1,1,1786435177,1786435177,0
LTE,466,92,11100,54484761,-1,121.517,25.0481,1000,3,1,1786435177,1786435202,0
LTE,466,92,11100,54059545,-1,121.5163,25.0484,1000,1,1,1786435177,1786435177,0
LTE,466,92,11100,55129103,-1,121.5154,25.0487,1000,7,1,1786435177,1786435202,0
LTE,466,92,11100,55129113,-1,121.514,25.0489,1000,5,1,1786435177,1786435202,0
LTE,466,92,11100,55129379,-1,121.5142,25.0491,1000,5,1,1786435177,1786435202,0
LTE,466,92,11100,55129359,-1,121.5144,25.0489,1000,1,1,1786435177,1786435177,0
LTE,466,92,12100,29259554,-1,121.4828,25.0549,1000,1,1,1786435177,1786435177,0
LTE,466,92,12100,29525518,-1,121.4822,25.0561,1000,2,1,1786435177,1786435202,0
LTE,466,92,12100,29499170,-1,121.4814,25.0576,1000,1,1,1786435177,1786435177,0
LTE,466,92,12100,29499150,-1,121.4799,25.0605,1000,1,1,1786435177,1786435177,0
LTE,466,92,12100,29672472,-1,121.4794,25.0615,1000,1,1,1786435177,1786435177,0
LTE,466,92,12000,29314830,-1,121.4752,25.0658,1000,2,1,1786435177,1786435202,0
LTE,466,92,13200,80756749,-1,121.2334,25.0773,1000,4,1,1786435179,1786435202,0
LTE,466,92,13200,81518092,-1,121.2325,25.0764,1000,2,1,1786435179,1786445762,0
LTE,466,92,13200,80756750,-1,121.2328,25.0765,1000,5,1,1786435671,1786450141,0
UMTS,466,92,10313,20532451,-1,121.2322,25.0766,1000,8,1,1786443434,1786450141,0
UMTS,466,92,10313,20531198,-1,121.2323,25.0765,1000,12,1,1786443434,1786450141,0
LTE,466,1,17313,53859351,-1,121.2328,25.0764,1000,2,1,1786443445,1786443481,0
LTE,466,92,13200,80756748,-1,121.2321,25.0766,1000,2,1,1786445756,1786445762,0
UMTS,466,92,10313,20541197,-1,121.2331,25.0769,1000,7,1,1786450126,1786450141,0
UMTS,466,92,10313,20551197,-1,121.2327,25.0773,1000,1,1,1786450126,1786450126,0
UMTS,466,92,10313,20541198,-1,121.2313,25.0745,500,35,1,1786450126,1786538161,0
LTE,466,92,13200,80960290,-1,121.2331,25.0763,1000,3,1,1786450128,1786450141,0
LTE,466,92,13200,80960289,-1,121.2315,25.0748,1000,17,1,1786450128,1786450141,0
LTE,466,92,13200,80960279,-1,121.2315,25.0749,1000,7,1,1786450128,1786538161,0
LTE,466,92,13200,80960280,-1,121.231,25.0744,1000,15,1,1786450196,1786538161,0
UMTS,466,92,0,20541198,-1,121.2313,25.0737,1000,3,1,1786538152,1786538161,0
LTE,466,92,13200,80191520,-1,121.2314,25.0741,1000,2,1,1786463141,1786538161,0
LTE,466,92,13200,80971296,-1,121.2312,25.0737,1000,2,1,1786463170,1786538161,0
LTE,466,1,37313,54221580,0,121.2889,25.0704,1000,1,1,1786651555,1786651555,0
LTE,466,92,13200,80826914,0,121.2902,25.0668,1000,1,1,1786651624,1786651624,0
LTE,466,97,22600,86550760,0,121.2912,25.0643,1000,1,1,1786651667,1786651667,0
LTE,466,92,13200,80809242,0,121.2929,25.0454,1000,1,1,1786652110,1786652110,0
LTE,466,1,27313,54081817,0,121.2947,25.0428,1000,1,1,1786652148,1786652148,0
LTE,466,92,13200,81512474,0,121.2912,25.0336,1000,1,1,1786652308,1786652308,0
LTE,466,92,13201,80218912,0,121.3291,25.0561,1000,1,1,1786652348,1786652348,0
LTE,466,92,13200,80180240,0,121.2878,25.0323,1000,1,1,1786652352,1786652352,0
LTE,466,97,22600,86563887,0,121.2891,25.0316,1000,1,1,1786652428,1786652428,0
LTE,466,1,27313,53989145,0,121.2853,25.0257,1000,1,1,1786652433,1786652433,0
LTE,466,92,13200,80180241,0,121.2874,25.0329,1000,1,1,1786652492,1786652492,0
LTE,466,1,27313,53946137,0,121.2808,25.0257,1000,1,1,1786652667,1786652667,0
LTE,466,92,13200,81759761,0,121.2822,25.0267,1000,1,1,1786652667,1786652667,0
LTE,466,97,22600,84485361,0,121.2796,25.0241,1000,1,1,1786652688,1786652688,0
LTE,466,97,22600,84485362,0,121.2763,25.0217,1000,1,1,1786652743,1786652743,0
LTE,466,97,22600,86536333,0,121.2712,25.0176,1000,1,1,1786652829,1786652829,0
LTE,466,92,13300,80754967,0,121.3014,24.9744,1000,1,1,1786653083,1786653083,0
LTE,466,1,49381,53762083,0,121.3015,24.9742,1000,1,1,1786653083,1786653083,0
LTE,466,92,13300,80764430,0,121.3207,24.9601,1000,1,1,1786653363,1786653363,0
LTE,466,1,59381,54054943,0,121.3184,24.9577,1000,1,1,1786653372,1786653372,0
LTE,466,97,22580,85519090,0,121.3158,24.9562,1000,1,1,1786653455,1786653455,0
LTE,466,92,13300,80688652,0,121.3187,24.9559,1000,1,1,1786653475,1786653475,0
LTE,466,92,13300,80688654,0,121.3201,24.9569,1000,1,1,1786653488,1786653488,0
LTE,466,97,22580,85518323,0,121.3136,24.9554,1000,1,1,1786653510,1786653510,0
LTE,466,97,22580,85518303,0,121.3144,24.9521,1000,1,1,1786653549,1786653549,0
LTE,466,1,59381,53910553,0,121.3181,24.952,1000,1,1,1786653580,1786653580,0
LTE,466,1,59381,53910560,0,121.3167,24.9506,1000,1,1,1786653593,1786653593,0
LTE,466,97,22580,85518313,0,121.3169,24.9481,1000,1,1,1786653598,1786653598,0
LTE,466,97,22580,85518321,0,121.3179,24.9537,1000,1,1,1786653754,1786653754,0
LTE,466,92,13300,81568549,0,121.3171,24.951,1000,1,1,1786653858,1786653858,0
LTE,466,1,59381,53910571,0,121.3185,24.9542,1000,1,1,1786654022,1786654022,0
LTE,466,1,59381,54165013,0,121.3181,24.9544,1000,1,1,1786654311,1786654311,0
LTE,466,1,59381,53910541,0,121.3185,24.95,1000,1,1,1786672757,1786672757,0
LTE,466,1,59381,54054944,0,121.3183,24.9578,1000,1,1,1786673504,1786673504,0
LTE,466,92,13300,80843281,0,121.2896,24.9765,1000,1,1,1786673830,1786673830,0
LTE,466,97,22520,84535261,0,121.2869,24.9929,1000,1,1,1786673927,1786673927,0
LTE,466,97,22520,84496625,0,121.282,25.0057,1000,1,1,1786673949,1786673949,0
LTE,466,92,13200,80712736,0,121.2421,25.0328,1000,1,1,1786674182,1786674182,0
LTE,466,1,27313,54322986,0,121.2342,25.0304,1000,1,1,1786674437,1786674437,0
LTE,466,92,13200,80977944,0,121.2323,25.0299,1000,1,1,1786674437,1786674437,0
LTE,466,97,22530,81964266,0,121.2114,25.0124,1000,1,1,1786674788,1786674788,0
LTE,466,92,13202,80821024,0,121.207,25.0122,1000,1,1,1786674883,1786674883,0
LTE,466,92,13202,81059851,0,121.2008,25.0076,1000,1,1,1786675094,1786675094,0
LTE,466,97,22530,81950695,0,121.1771,25.0096,1000,1,1,1786675308,1786675308,0
LTE,466,92,13202,80192024,0,121.1797,24.9931,1000,1,1,1786675376,1786675376,0
LTE,466,1,19242,53930016,0,121.1789,24.99,1000,1,1,1786675376,1786675376,0
LTE,466,92,13202,81525282,0,121.1679,24.9927,1000,1,1,1786675713,1786675713,0
LTE,466,92,13202,80822027,0,121.1673,24.9938,1000,1,1,1786675823,1786675823,0
LTE,466,92,13202,80714769,0,121.1698,25.0166,1000,1,1,1786685517,1786685517,0
LTE,466,92,13202,80714763,0,121.1703,25.0167,1000,1,1,1786685554,1786685554,0
LTE,466,92,13200,81517327,0,121.1875,25.0468,1000,1,1,1786685977,1786685977,0
LTE,466,92,13200,80655643,0,121.1813,25.0644,1000,1,1,1786685997,1786685997,0
LTE,466,92,13200,80797974,0,121.1967,25.0612,1000,1,1,1786686368,1786686368,0
LTE,466,92,13200,80797977,0,121.196,25.0623,1000,1,1,1786686460,1786686460,0
LTE,466,92,13200,81517336,0,121.1851,25.0455,1000,1,1,1786687155,1786687155,0
LTE,466,92,13202,80961824,0,121.1713,25.021,1000,1,1,1786687489,1786687489,0
LTE,466,1,19381,53945891,0,121.319,24.9751,1000,1,1,1786722706,1786722706,0
LTE,466,97,22530,81950705,0,121.1766,25.0097,1000,1,1,1786733421,1786733421,0
LTE,466,1,19242,54310432,0,121.1882,25.0265,1000,1,1,1786733449,1786733449,0
LTE,466,92,13202,80248854,0,121.1637,24.9954,1000,1,1,1786733839,1786733839,0
LTE,466,92,13202,80249871,0,121.1408,25.0097,1000,1,1,1786734283,1786734283,0
LTE,466,92,13202,80249870,0,121.1401,25.01,1000,1,1,1786734283,1786734283,0
LTE,466,92,13202,80249888,0,121.1347,25.0142,1000,1,1,1786734621,1786734621,0
LTE,466,1,19242,54000416,0,121.1314,25.0096,1000,1,1,1786734644,1786734644,0
LTE,466,92,13202,80576269,0,121.1312,25.016,1000,1,1,1786734666,1786734666,0
LTE,466,92,13202,80250402,0,121.1177,25.0221,1000,1,1,1786734776,1786734776,0
LTE,466,97,22530,83973006,0,121.0842,25.0267,1000,1,1,1786735299,1786735299,0
LTE,466,92,13202,80864269,0,121.0676,25.028,1000,1,1,1786735493,1786735493,0
LTE,466,92,13202,80864279,0,121.063,25.0257,1000,1,1,1786735509,1786735509,0
LTE,466,92,13202,80864268,0,121.0688,25.0289,1000,1,1,1786735517,1786735517,0
LTE,466,92,13202,83270938,0,121.0697,25.0319,1000,1,1,1786735544,1786735544,0
LTE,466,92,13202,80726806,0,121.0676,25.0223,1000,1,1,1786735606,1786735606,0
LTE,466,1,17242,53847308,0,121.0428,25.013,1000,1,1,1786735767,1786735767,0
LTE,466,92,13202,80859674,0,121.0517,25.025,1000,1,1,1786735769,1786735769,0
LTE,466,97,22530,83969935,0,121.0768,25.0344,1000,1,1,1786736235,1786736235,0
LTE,466,92,13202,81380120,0,121.0849,25.0245,1000,1,1,1786736430,1786736430,0
LTE,466,92,13202,81380110,0,121.0882,25.0252,1000,1,1,1786736469,1786736469,0
LTE,466,92,13202,81380109,0,121.0881,25.0252,1000,1,1,1786736485,1786736485,0
LTE,466,92,13202,80652321,0,121.1055,25.0314,1000,1,1,1786736660,1786736660,0
LTE,466,92,13202,80697613,0,121.1098,25.0365,1000,1,1,1786736726,1786736726,0
LTE,466,92,13202,81404951,0,121.1211,25.0415,1000,1,1,1786736895,1786736895,0
LTE,466,92,13202,80697611,0,121.1152,25.0374,1000,1,1,1786737030,1786737030,0
LTE,466,92,13202,80697622,0,121.1034,25.0348,1000,1,1,1786737054,1786737054,0
LTE,466,92,13202,80697623,0,121.103,25.0346,1000,1,1,1786737070,1786737070,0
LTE,466,92,13202,80652320,0,121.1052,25.0316,1000,1,1,1786737097,1786737097,0
LTE,466,92,13202,80652311,0,121.1081,25.0274,1000,1,1,1786737136,1786737136,0
LTE,466,92,13202,85838625,0,121.1537,25.0026,1000,1,1,1786737856,1786737856,0
LTE,466,92,13202,80714773,0,121.1712,25.0061,1000,1,1,1786738018,1786738018,0
LTE,466,97,22530,81944809,0,121.1812,25.0073,1000,1,1,1786738232,1786738232,0
LTE,466,92,13202,81059853,0,121.195,25.0076,1000,1,1,1786741076,1786741076,0
LTE,466,92,13202,81406737,0,121.202,25.0071,1000,1,1,1786741149,1786741149,0
LTE,466,92,13202,81665314,0,121.2038,25.0075,1000,1,1,1786741222,1786741222,0
LTE,466,92,13202,81665313,0,121.2036,25.0081,1000,1,1,1786741226,1786741226,0
LTE,466,92,13202,80955409,0,121.2057,25.0033,1000,1,1,1786741407,1786741407,0
LTE,466,92,13202,81665292,0,121.2053,25.0071,1000,1,1,1786741509,1786741509,0
LTE,466,92,13202,81665297,0,121.2051,25.0072,1000,1,1,1786756026,1786756026,0
LTE,466,92,13202,80955406,0,121.2056,25.0034,1000,1,1,1786757968,1786757968,0
LTE,466,92,13202,80955404,0,121.2055,25.0033,1000,1,1,1786758682,1786758682,0
LTE,466,92,13202,80955407,0,121.2054,25.0033,1000,1,1,1786758708,1786758708,0
LTE,466,92,13202,81406747,0,121.2041,25.0004,1000,1,1,1786758802,1786758802,0
LTE,466,92,13202,80242700,0,121.1889,24.9864,1000,1,1,1786758980,1786758980,0
LTE,466,92,13202,81363745,0,121.16,24.9976,1000,1,1,1786759645,1786759645,0
LTE,466,97,22530,83984104,0,121.1553,25.0023,1000,1,1,1786759708,1786759708,0
LTE,466,92,13202,81363744,0,121.1598,24.9978,1000,1,1,1786759719,1786759719,0
LTE,466,92,13202,80249868,0,121.1415,25.0096,1000,1,1,1786760105,1786760105,0
LTE,466,1,17242,53999392,0,121.1125,25.025,1000,1,1,1786761367,1786761367,0
LTE,466,92,13202,80652310,0,121.1083,25.0267,1000,1,1,1786761606,1786761606,0
LTE,466,92,13202,83270975,0,121.0813,25.0251,1000,1,1,1786762065,1786762065,0
LTE,466,1,17242,54218262,0,121.0607,25.0247,1000,1,1,1786762291,1786762291,0
LTE,466,92,13202,80578315,0,121.0449,25.0112,1000,1,1,1786762421,1786762421,0
LTE,466,92,13202,80578317,0,121.0488,25.0057,1000,1,1,1786762461,1786762461,0
LTE,466,97,22530,83714804,0,121.0435,25.0094,1000,1,1,1786762723,1786762723,0
LTE,466,1,17242,53847318,0,121.056,25.0048,1000,1,1,1786763332,1786763332,0
LTE,466,92,13202,81531665,0,121.063,25.008,1000,1,1,1786763492,1786763492,0
LTE,466,97,22530,83714783,0,121.0466,25.0023,1000,1,1,1786763656,1786763656,0
LTE,466,97,22530,83714794,0,121.0445,25.009,1000,1,1,1786763893,1786763893,0
LTE,466,92,13202,80404001,0,121.0898,24.9774,1000,1,1,1786765362,1786765362,0
LTE,466,92,13202,80403980,0,121.0975,24.9739,1000,1,1,1786765503,1786765503,0
LTE,466,97,22530,83721962,0,121.098,24.9726,1000,1,1,1786765521,1786765521,0
LTE,466,1,17242,53850892,0,121.1027,24.9736,1000,1,1,1786765710,1786765710,0
LTE,466,97,22530,83712695,0,121.104,24.9727,1000,1,1,1786765749,1786765749,0
LTE,466,92,13202,80846872,0,121.1048,24.9727,1000,1,1,1786765749,1786765749,0
LTE,466,92,13202,80846873,0,121.1046,24.9728,1000,1,1,1786765780,1786765780,0
LTE,466,92,13202,80249359,0,121.1118,24.9709,1000,1,1,1786766010,1786766010,0
LTE,466,92,13202,83270669,0,121.1224,24.9717,1000,1,1,1786766136,1786766136,0
LTE,466,92,13202,80238350,0,121.1304,24.9719,1000,1,1,1786766218,1786766218,0
LTE,466,97,22530,83713257,0,121.1418,24.9638,1000,1,1,1786766457,1786766457,0
LTE,466,92,13202,80703836,0,121.1597,24.9623,1000,1,1,1786766621,1786766621,0
LTE,466,1,19242,53957644,0,121.158,24.9664,1000,1,1,1786766622,1786766622,0
LTE,466,97,22530,82011889,0,121.1599,24.9645,1000,1,1,1786766655,1786766655,0
LTE,466,92,13202,80703837,0,121.1591,24.9624,1000,1,1,1786766722,1786766722,0
LTE,466,92,13202,80803096,0,121.1676,24.9575,1000,1,1,1786766823,1786766823,0
LTE,466,1,19242,53928460,0,121.1675,24.9582,1000,1,1,1786766834,1786766834,0
LTE,466,92,13202,81743128,0,121.1894,24.9601,1000,1,1,1786767104,1786767104,0
LTE,466,92,13400,80253967,0,121.1923,24.9582,1000,1,1,1786767243,1786767243,0
LTE,466,97,22550,81973481,0,121.1937,24.9578,1000,1,1,1786767391,1786767391,0
LTE,466,92,13400,80696601,0,121.2011,24.9644,1000,1,1,1786767657,1786767657,0
LTE,466,92,13400,80696588,0,121.2043,24.9648,1000,1,1,1786767748,1786767748,0
LTE,466,92,13400,80820770,0,121.2022,24.9689,1000,1,1,1786767776,1786767776,0
LTE,466,1,39242,53929484,0,121.2039,24.9659,1000,1,1,1786767835,1786767835,0
LTE,466,1,19242,54321942,0,121.1926,24.9821,1000,1,1,1786768101,1786768101,0
LTE,466,92,13200,80960033,0,121.1925,25.0172,1000,1,1,1786768595,1786768595,0
LTE,466,1,19242,53925664,0,121.1938,25.0275,1000,1,1,1786768770,1786768770,0
LTE,466,97,22530,86302133,0,121.1943,25.0424,1000,1,1,1786768836,1786768836,0
LTE,466,92,13200,80646412,0,121.1904,25.0525,1000,1,1,1786768876,1786768876,0
LTE,466,92,13200,83258657,0,121.1959,25.0479,1000,1,1,1786768898,1786768898,0
LTE,466,97,22530,86292455,0,121.1989,25.06,1000,1,1,1786769264,1786769264,0
LTE,466,1,17313,54023948,0,121.1961,25.0645,1000,1,1,1786769710,1786769710,0
LTE,466,97,22530,86285042,0,121.1964,25.0638,1000,1,1,1786770202,1786770202,0
LTE,466,1,17313,54023951,0,121.1955,25.065,1000,1,1,1786770368,1786770368,0
LTE,466,92,13200,80228122,0,121.1926,25.0608,1000,1,1,1786770500,1786770500,0
LTE,466,1,17313,66579058,0,121.1918,25.0534,1000,1,1,1786770710,1786770710,0
LTE,466,97,22530,86284420,0,121.1873,25.0469,1000,1,1,1786771135,1786771135,0
LTE,466,1,17313,53867533,0,121.1803,25.0385,1000,1,1,1786771270,1786771270,0
LTE,466,92,13200,80646432,0,121.1936,25.0358,1000,1,1,1786771330,1786771330,0
LTE,466,92,13200,80960012,0,121.186,25.0304,1000,1,1,1786771335,1786771335,0
