縣市,統計期,業者名稱,類別,基地臺
宜蘭縣,1150731,中華電信股份有限公司,4G,760
宜蘭縣,1150731,台灣大哥大股份有限公司,5G,552
宜蘭縣,1150731,遠傳電信股份有限公司,4G,482
宜蘭縣,1150731,中華電信股份有限公司,5G,827
宜蘭縣,1150731,台灣大哥大股份有限公司,4G,506
宜蘭縣,1150731,遠傳電信股份有限公司,5G,602
花蓮縣,1150731,台灣大哥大股份有限公司,5G,614
花蓮縣,1150731,遠傳電信股份有限公司,4G,548
花蓮縣,1150731,台灣大哥大股份有限公司,4G,488
花蓮縣,1150731,中華電信股份有限公司,4G,803
花蓮縣,1150731,遠傳電信股份有限公司,5G,704
花蓮縣,1150731,中華電信股份有限公司,5G,776
金門縣,1150731,遠傳電信股份有限公司,5G,70
金門縣,1150731,中華電信股份有限公司,5G,232
金門縣,1150731,中華電信股份有限公司,4G,390
金門縣,1150731,台灣大哥大股份有限公司,4G,80
金門縣,1150731,台灣大哥大股份有限公司,5G,78
金門縣,1150731,遠傳電信股份有限公司,4G,122
南投縣,1150731,台灣大哥大股份有限公司,4G,620
南投縣,1150731,台灣大哥大股份有限公司,5G,545
南投縣,1150731,中華電信股份有限公司,4G,806
南投縣,1150731,遠傳電信股份有限公司,5G,711
南投縣,1150731,中華電信股份有限公司,5G,911
南投縣,1150731,遠傳電信股份有限公司,4G,578
屏東縣,1150731,中華電信股份有限公司,4G,1158
屏東縣,1150731,台灣大哥大股份有限公司,5G,663
屏東縣,1150731,台灣大哥大股份有限公司,4G,786
屏東縣,1150731,遠傳電信股份有限公司,5G,753
屏東縣,1150731,中華電信股份有限公司,5G,1008
屏東縣,1150731,遠傳電信股份有限公司,4G,768
苗栗縣,1150731,台灣大哥大股份有限公司,4G,647
苗栗縣,1150731,中華電信股份有限公司,5G,1025
苗栗縣,1150731,中華電信股份有限公司,4G,1049
苗栗縣,1150731,遠傳電信股份有限公司,4G,654
苗栗縣,1150731,遠傳電信股份有限公司,5G,747
苗栗縣,1150731,台灣大哥大股份有限公司,5G,589
桃園市,1150731,中華電信股份有限公司,5G,2435
桃園市,1150731,中華電信股份有限公司,4G,1691
桃園市,1150731,台灣大哥大股份有限公司,4G,1601
桃園市,1150731,台灣大哥大股份有限公司,5G,1841
桃園市,1150731,遠傳電信股份有限公司,5G,1590
桃園市,1150731,遠傳電信股份有限公司,4G,1318
高雄市,1150731,遠傳電信股份有限公司,5G,2076
高雄市,1150731,台灣大哥大股份有限公司,4G,1920
高雄市,1150731,台灣大哥大股份有限公司,5G,2162
高雄市,1150731,中華電信股份有限公司,4G,2745
高雄市,1150731,中華電信股份有限公司,5G,2732
高雄市,1150731,遠傳電信股份有限公司,4G,1727
基隆市,1150731,中華電信股份有限公司,5G,378
基隆市,1150731,台灣大哥大股份有限公司,4G,217
基隆市,1150731,遠傳電信股份有限公司,4G,279
基隆市,1150731,中華電信股份有限公司,4G,319
基隆市,1150731,遠傳電信股份有限公司,5G,330
基隆市,1150731,台灣大哥大股份有限公司,5G,259
連江縣,1150731,台灣大哥大股份有限公司,5G,40
連江縣,1150731,遠傳電信股份有限公司,5G,41
連江縣,1150731,中華電信股份有限公司,5G,73
連江縣,1150731,台灣大哥大股份有限公司,4G,26
連江縣,1150731,遠傳電信股份有限公司,4G,28
連江縣,1150731,中華電信股份有限公司,4G,91
雲林縣,1150731,台灣大哥大股份有限公司,4G,496
雲林縣,1150731,台灣大哥大股份有限公司,5G,558
雲林縣,1150731,中華電信股份有限公司,4G,860
雲林縣,1150731,遠傳電信股份有限公司,5G,562
雲林縣,1150731,中華電信股份有限公司,5G,915
雲林縣,1150731,遠傳電信股份有限公司,4G,545
新北市,1150731,中華電信股份有限公司,4G,2435
新北市,1150731,台灣大哥大股份有限公司,4G,2338
新北市,1150731,遠傳電信股份有限公司,5G,2281
新北市,1150731,台灣大哥大股份有限公司,5G,2738
新北市,1150731,中華電信股份有限公司,5G,3089
新北市,1150731,遠傳電信股份有限公司,4G,1915
新竹市,1150731,中華電信股份有限公司,5G,549
新竹市,1150731,中華電信股份有限公司,4G,406
新竹市,1150731,台灣大哥大股份有限公司,5G,422
新竹市,1150731,遠傳電信股份有限公司,4G,342
新竹市,1150731,遠傳電信股份有限公司,5G,486
新竹市,1150731,台灣大哥大股份有限公司,4G,287
新竹縣,1150731,中華電信股份有限公司,5G,990
新竹縣,1150731,中華電信股份有限公司,4G,998
新竹縣,1150731,遠傳電信股份有限公司,4G,466
新竹縣,1150731,遠傳電信股份有限公司,5G,712
新竹縣,1150731,台灣大哥大股份有限公司,5G,582
新竹縣,1150731,台灣大哥大股份有限公司,4G,589
嘉義市,1150731,遠傳電信股份有限公司,5G,182
嘉義市,1150731,台灣大哥大股份有限公司,5G,177
嘉義市,1150731,中華電信股份有限公司,5G,265
嘉義市,1150731,中華電信股份有限公司,4G,211
嘉義市,1150731,台灣大哥大股份有限公司,4G,158
嘉義市,1150731,遠傳電信股份有限公司,4G,135
嘉義縣,1150731,中華電信股份有限公司,5G,796
嘉義縣,1150731,遠傳電信股份有限公司,5G,500
嘉義縣,1150731,台灣大哥大股份有限公司,4G,498
嘉義縣,1150731,中華電信股份有限公司,4G,828
嘉義縣,1150731,台灣大哥大股份有限公司,5G,458
嘉義縣,1150731,遠傳電信股份有限公司,4G,448
彰化縣,1150731,台灣大哥大股份有限公司,5G,852
彰化縣,1150731,中華電信股份有限公司,4G,1127
彰化縣,1150731,遠傳電信股份有限公司,5G,815
彰化縣,1150731,遠傳電信股份有限公司,4G,810
彰化縣,1150731,中華電信股份有限公司,5G,1336
彰化縣,1150731,台灣大哥大股份有限公司,4G,777
臺中市,1150731,台灣大哥大股份有限公司,4G,2479
臺中市,1150731,台灣大哥大股份有限公司,5G,2809
臺中市,1150731,中華電信股份有限公司,5G,3006
臺中市,1150731,中華電信股份有限公司,4G,2761
臺中市,1150731,遠傳電信股份有限公司,5G,2710
臺中市,1150731,遠傳電信股份有限公司,4G,2418
臺北市,1150731,中華電信股份有限公司,4G,2112
臺北市,1150731,遠傳電信股份有限公司,5G,2342
臺北市,1150731,中華電信股份有限公司,5G,2743
臺北市,1150731,台灣大哥大股份有限公司,5G,2214
臺北市,1150731,台灣大哥大股份有限公司,4G,1863
臺北市,1150731,遠傳電信股份有限公司,4G,2247
臺東縣,1150731,台灣大哥大股份有限公司,5G,289
臺東縣,1150731,中華電信股份有限公司,5G,426
臺東縣,1150731,遠傳電信股份有限公司,4G,358
臺東縣,1150731,中華電信股份有限公司,4G,523
臺東縣,1150731,台灣大哥大股份有限公司,4G,394
臺東縣,1150731,遠傳電信股份有限公司,5G,296
臺南市,1150731,遠傳電信股份有限公司,5G,1463
臺南市,1150731,台灣大哥大股份有限公司,4G,1447
臺南市,1150731,中華電信股份有限公司,4G,1942
臺南市,1150731,遠傳電信股份有限公司,4G,1156
臺南市,1150731,中華電信股份有限公司,5G,1752
臺南市,1150731,台灣大哥大股份有限公司,5G,1696
澎湖縣,1150731,中華電信股份有限公司,5G,172
澎湖縣,1150731,遠傳電信股份有限公司,4G,123
澎湖縣,1150731,台灣大哥大股份有限公司,4G,128
澎湖縣,1150731,中華電信股份有限公司,4G,181
澎湖縣,1150731,台灣大哥大股份有限公司,5G,125
澎湖縣,1150731,遠傳電信股份有限公司,5G,123
宜蘭縣,1150630,遠傳電信股份有限公司,5G,596
宜蘭縣,1150630,台灣大哥大股份有限公司,4G,506
宜蘭縣,1150630,中華電信股份有限公司,4G,759
宜蘭縣,1150630,中華電信股份有限公司,5G,819
宜蘭縣,1150630,遠傳電信股份有限公司,4G,481
宜蘭縣,1150630,台灣大哥大股份有限公司,5G,552
花蓮縣,1150630,台灣大哥大股份有限公司,4G,486
花蓮縣,1150630,遠傳電信股份有限公司,4G,541
花蓮縣,1150630,遠傳電信股份有限公司,5G,689
花蓮縣,1150630,台灣大哥大股份有限公司,5G,611
花蓮縣,1150630,中華電信股份有限公司,4G,799
花蓮縣,1150630,中華電信股份有限公司,5G,769
金門縣,1150630,台灣大哥大股份有限公司,4G,80
金門縣,1150630,中華電信股份有限公司,5G,231
金門縣,1150630,中華電信股份有限公司,4G,392
金門縣,1150630,遠傳電信股份有限公司,4G,125
金門縣,1150630,遠傳電信股份有限公司,5G,67
金門縣,1150630,台灣大哥大股份有限公司,5G,78
南投縣,1150630,遠傳電信股份有限公司,5G,695
南投縣,1150630,遠傳電信股份有限公司,4G,571
南投縣,1150630,台灣大哥大股份有限公司,5G,542
南投縣,1150630,台灣大哥大股份有限公司,4G,618
南投縣,1150630,中華電信股份有限公司,4G,806
南投縣,1150630,中華電信股份有限公司,5G,913
屏東縣,1150630,中華電信股份有限公司,5G,1003
屏東縣,1150630,遠傳電信股份有限公司,5G,748
屏東縣,1150630,遠傳電信股份有限公司,4G,769
屏東縣,1150630,中華電信股份有限公司,4G,1156
屏東縣,1150630,台灣大哥大股份有限公司,4G,786
屏東縣,1150630,台灣大哥大股份有限公司,5G,663
苗栗縣,1150630,遠傳電信股份有限公司,4G,638
苗栗縣,1150630,中華電信股份有限公司,4G,1049
苗栗縣,1150630,中華電信股份有限公司,5G,1025
苗栗縣,1150630,遠傳電信股份有限公司,5G,723
苗栗縣,1150630,台灣大哥大股份有限公司,5G,587
苗栗縣,1150630,台灣大哥大股份有限公司,4G,646
桃園市,1150630,遠傳電信股份有限公司,4G,1308
桃園市,1150630,台灣大哥大股份有限公司,5G,1841
桃園市,1150630,中華電信股份有限公司,4G,1687
桃園市,1150630,台灣大哥大股份有限公司,4G,1581
桃園市,1150630,中華電信股份有限公司,5G,2407
桃園市,1150630,遠傳電信股份有限公司,5G,1581
高雄市,1150630,遠傳電信股份有限公司,4G,1724
高雄市,1150630,台灣大哥大股份有限公司,4G,1920
高雄市,1150630,中華電信股份有限公司,5G,2724
高雄市,1150630,中華電信股份有限公司,4G,2759
高雄市,1150630,台灣大哥大股份有限公司,5G,2162
高雄市,1150630,遠傳電信股份有限公司,5G,2061
基隆市,1150630,台灣大哥大股份有限公司,5G,257
基隆市,1150630,遠傳電信股份有限公司,5G,330
基隆市,1150630,遠傳電信股份有限公司,4G,279
基隆市,1150630,中華電信股份有限公司,5G,374
基隆市,1150630,中華電信股份有限公司,4G,314
基隆市,1150630,台灣大哥大股份有限公司,4G,217
連江縣,1150630,台灣大哥大股份有限公司,5G,40
連江縣,1150630,中華電信股份有限公司,4G,91
連江縣,1150630,中華電信股份有限公司,5G,73
連江縣,1150630,台灣大哥大股份有限公司,4G,26
連江縣,1150630,遠傳電信股份有限公司,4G,28
連江縣,1150630,遠傳電信股份有限公司,5G,41
雲林縣,1150630,遠傳電信股份有限公司,4G,541
雲林縣,1150630,中華電信股份有限公司,5G,915
雲林縣,1150630,台灣大哥大股份有限公司,4G,489
雲林縣,1150630,中華電信股份有限公司,4G,861
雲林縣,1150630,台灣大哥大股份有限公司,5G,551
雲林縣,1150630,遠傳電信股份有限公司,5G,547
新北市,1150630,遠傳電信股份有限公司,4G,1897
新北市,1150630,中華電信股份有限公司,5G,3077
新北市,1150630,中華電信股份有限公司,4G,2429
新北市,1150630,台灣大哥大股份有限公司,5G,2732
新北市,1150630,台灣大哥大股份有限公司,4G,2308
新北市,1150630,遠傳電信股份有限公司,5G,2253
新竹市,1150630,中華電信股份有限公司,4G,406
新竹市,1150630,台灣大哥大股份有限公司,5G,422
新竹市,1150630,中華電信股份有限公司,5G,549
新竹市,1150630,遠傳電信股份有限公司,5G,486
新竹市,1150630,台灣大哥大股份有限公司,4G,287
新竹市,1150630,遠傳電信股份有限公司,4G,342
新竹縣,1150630,台灣大哥大股份有限公司,5G,582
新竹縣,1150630,中華電信股份有限公司,4G,998
新竹縣,1150630,遠傳電信股份有限公司,4G,466
新竹縣,1150630,中華電信股份有限公司,5G,990
新竹縣,1150630,遠傳電信股份有限公司,5G,711
新竹縣,1150630,台灣大哥大股份有限公司,4G,589
嘉義市,1150630,遠傳電信股份有限公司,5G,182
嘉義市,1150630,中華電信股份有限公司,5G,263
嘉義市,1150630,台灣大哥大股份有限公司,5G,177
嘉義市,1150630,遠傳電信股份有限公司,4G,135
嘉義市,1150630,中華電信股份有限公司,4G,209
嘉義市,1150630,台灣大哥大股份有限公司,4G,158
嘉義縣,1150630,中華電信股份有限公司,4G,821
嘉義縣,1150630,中華電信股份有限公司,5G,791
嘉義縣,1150630,遠傳電信股份有限公司,5G,500
嘉義縣,1150630,台灣大哥大股份有限公司,5G,458
嘉義縣,1150630,遠傳電信股份有限公司,4G,448
嘉義縣,1150630,台灣大哥大股份有限公司,4G,498
彰化縣,1150630,中華電信股份有限公司,5G,1336
彰化縣,1150630,遠傳電信股份有限公司,5G,771
彰化縣,1150630,台灣大哥大股份有限公司,5G,849
彰化縣,1150630,台灣大哥大股份有限公司,4G,773
彰化縣,1150630,中華電信股份有限公司,4G,1127
彰化縣,1150630,遠傳電信股份有限公司,4G,803
臺中市,1150630,台灣大哥大股份有限公司,5G,2796
臺中市,1150630,中華電信股份有限公司,5G,3005
臺中市,1150630,台灣大哥大股份有限公司,4G,2471
臺中市,1150630,遠傳電信股份有限公司,4G,2389
臺中市,1150630,中華電信股份有限公司,4G,2761
臺中市,1150630,遠傳電信股份有限公司,5G,2598
臺北市,1150630,遠傳電信股份有限公司,4G,2224
臺北市,1150630,遠傳電信股份有限公司,5G,2303
臺北市,1150630,台灣大哥大股份有限公司,4G,1863
臺北市,1150630,台灣大哥大股份有限公司,5G,2177
臺北市,1150630,中華電信股份有限公司,4G,2057
臺北市,1150630,中華電信股份有限公司,5G,2722
臺東縣,1150630,台灣大哥大股份有限公司,5G,289
臺東縣,1150630,遠傳電信股份有限公司,5G,296
臺東縣,1150630,遠傳電信股份有限公司,4G,358
臺東縣,1150630,台灣大哥大股份有限公司,4G,394
臺東縣,1150630,中華電信股份有限公司,5G,417
臺東縣,1150630,中華電信股份有限公司,4G,520
臺南市,1150630,中華電信股份有限公司,4G,1948
臺南市,1150630,遠傳電信股份有限公司,4G,1151
臺南市,1150630,台灣大哥大股份有限公司,5G,1696
臺南市,1150630,中華電信股份有限公司,5G,1746
臺南市,1150630,遠傳電信股份有限公司,5G,1440
臺南市,1150630,台灣大哥大股份有限公司,4G,1447
澎湖縣,1150630,中華電信股份有限公司,4G,181
澎湖縣,1150630,中華電信股份有限公司,5G,171
澎湖縣,1150630,遠傳電信股份有限公司,5G,123
澎湖縣,1150630,遠傳電信股份有限公司,4G,123
澎湖縣,1150630,台灣大哥大股份有限公司,5G,125
澎湖縣,1150630,台灣大哥大股份有限公司,4G,128
宜蘭縣,1150531,中華電信股份有限公司,4G,757
宜蘭縣,1150531,台灣大哥大股份有限公司,5G,552
宜蘭縣,1150531,中華電信股份有限公司,5G,794
宜蘭縣,1150531,遠傳電信股份有限公司,4G,481
宜蘭縣,1150531,遠傳電信股份有限公司,5G,596
宜蘭縣,1150531,台灣大哥大股份有限公司,4G,506
花蓮縣,1150531,遠傳電信股份有限公司,4G,542
花蓮縣,1150531,中華電信股份有限公司,4G,799
花蓮縣,1150531,中華電信股份有限公司,5G,769
花蓮縣,1150531,台灣大哥大股份有限公司,4G,486
花蓮縣,1150531,台灣大哥大股份有限公司,5G,611
花蓮縣,1150531,遠傳電信股份有限公司,5G,689
金門縣,1150531,台灣大哥大股份有限公司,5G,78
金門縣,1150531,中華電信股份有限公司,4G,390
金門縣,1150531,遠傳電信股份有限公司,4G,125
金門縣,1150531,中華電信股份有限公司,5G,229
金門縣,1150531,遠傳電信股份有限公司,5G,67
金門縣,1150531,台灣大哥大股份有限公司,4G,80
南投縣,1150531,台灣大哥大股份有限公司,5G,542
南投縣,1150531,中華電信股份有限公司,5G,895
南投縣,1150531,遠傳電信股份有限公司,5G,694
南投縣,1150531,中華電信股份有限公司,4G,804
南投縣,1150531,遠傳電信股份有限公司,4G,573
南投縣,1150531,台灣大哥大股份有限公司,4G,618
屏東縣,1150531,中華電信股份有限公司,4G,1147
屏東縣,1150531,台灣大哥大股份有限公司,5G,658
屏東縣,1150531,中華電信股份有限公司,5G,910
屏東縣,1150531,台灣大哥大股份有限公司,4G,782
屏東縣,1150531,遠傳電信股份有限公司,5G,747
屏東縣,1150531,遠傳電信股份有限公司,4G,770
苗栗縣,1150531,中華電信股份有限公司,5G,1013
苗栗縣,1150531,中華電信股份有限公司,4G,1045
苗栗縣,1150531,遠傳電信股份有限公司,4G,638
苗栗縣,1150531,台灣大哥大股份有限公司,5G,587
苗栗縣,1150531,台灣大哥大股份有限公司,4G,646
苗栗縣,1150531,遠傳電信股份有限公司,5G,723
桃園市,1150531,遠傳電信股份有限公司,4G,1308
桃園市,1150531,台灣大哥大股份有限公司,4G,1581
桃園市,1150531,中華電信股份有限公司,5G,2396
桃園市,1150531,中華電信股份有限公司,4G,1687
桃園市,1150531,台灣大哥大股份有限公司,5G,1841
桃園市,1150531,遠傳電信股份有限公司,5G,1581
高雄市,1150531,中華電信股份有限公司,5G,2704
高雄市,1150531,中華電信股份有限公司,4G,2735
高雄市,1150531,台灣大哥大股份有限公司,4G,1914
高雄市,1150531,遠傳電信股份有限公司,5G,2060
高雄市,1150531,台灣大哥大股份有限公司,5G,2156
高雄市,1150531,遠傳電信股份有限公司,4G,1725
基隆市,1150531,台灣大哥大股份有限公司,5G,257
基隆市,1150531,中華電信股份有限公司,4G,314
基隆市,1150531,台灣大哥大股份有限公司,4G,217
基隆市,1150531,遠傳電信股份有限公司,5G,330
基隆市,1150531,中華電信股份有限公司,5G,374
基隆市,1150531,遠傳電信股份有限公司,4G,280
連江縣,1150531,台灣大哥大股份有限公司,5G,40
連江縣,1150531,台灣大哥大股份有限公司,4G,26
連江縣,1150531,中華電信股份有限公司,4G,91
連江縣,1150531,遠傳電信股份有限公司,4G,28
連江縣,1150531,中華電信股份有限公司,5G,73
連江縣,1150531,遠傳電信股份有限公司,5G,41
雲林縣,1150531,遠傳電信股份有限公司,4G,541
雲林縣,1150531,台灣大哥大股份有限公司,5G,551
雲林縣,1150531,台灣大哥大股份有限公司,4G,489
雲林縣,1150531,中華電信股份有限公司,4G,860
雲林縣,1150531,中華電信股份有限公司,5G,909
雲林縣,1150531,遠傳電信股份有限公司,5G,547
新北市,1150531,台灣大哥大股份有限公司,4G,2308
新北市,1150531,中華電信股份有限公司,5G,3065
新北市,1150531,中華電信股份有限公司,4G,2427
新北市,1150531,遠傳電信股份有限公司,5G,2253
新北市,1150531,台灣大哥大股份有限公司,5G,2732
新北市,1150531,遠傳電信股份有限公司,4G,1898
新竹市,1150531,中華電信股份有限公司,5G,542
新竹市,1150531,遠傳電信股份有限公司,5G,486
新竹市,1150531,中華電信股份有限公司,4G,403
新竹市,1150531,台灣大哥大股份有限公司,4G,287
新竹市,1150531,遠傳電信股份有限公司,4G,342
新竹市,1150531,台灣大哥大股份有限公司,5G,422
新竹縣,1150531,遠傳電信股份有限公司,4G,466
新竹縣,1150531,中華電信股份有限公司,5G,966
新竹縣,1150531,遠傳電信股份有限公司,5G,711
新竹縣,1150531,中華電信股份有限公司,4G,981
新竹縣,1150531,台灣大哥大股份有限公司,4G,589
新竹縣,1150531,台灣大哥大股份有限公司,5G,582
嘉義市,1150531,中華電信股份有限公司,5G,261
嘉義市,1150531,台灣大哥大股份有限公司,5G,177
嘉義市,1150531,台灣大哥大股份有限公司,4G,157
嘉義市,1150531,遠傳電信股份有限公司,4G,135
嘉義市,1150531,中華電信股份有限公司,4G,208
嘉義市,1150531,遠傳電信股份有限公司,5G,182
嘉義縣,1150531,中華電信股份有限公司,4G,813
嘉義縣,1150531,遠傳電信股份有限公司,4G,448
嘉義縣,1150531,台灣大哥大股份有限公司,5G,454
嘉義縣,1150531,中華電信股份有限公司,5G,785
嘉義縣,1150531,遠傳電信股份有限公司,5G,500
嘉義縣,1150531,台灣大哥大股份有限公司,4G,496
彰化縣,1150531,中華電信股份有限公司,4G,1123
彰化縣,1150531,台灣大哥大股份有限公司,5G,849
彰化縣,1150531,中華電信股份有限公司,5G,1326
彰化縣,1150531,台灣大哥大股份有限公司,4G,773
彰化縣,1150531,遠傳電信股份有限公司,5G,765
彰化縣,1150531,遠傳電信股份有限公司,4G,809
臺中市,1150531,台灣大哥大股份有限公司,4G,2473
臺中市,1150531,遠傳電信股份有限公司,4G,2404
臺中市,1150531,中華電信股份有限公司,5G,2973
臺中市,1150531,中華電信股份有限公司,4G,2779
臺中市,1150531,台灣大哥大股份有限公司,5G,2798
臺中市,1150531,遠傳電信股份有限公司,5G,2587
臺北市,1150531,遠傳電信股份有限公司,4G,2225
臺北市,1150531,台灣大哥大股份有限公司,4G,1863
臺北市,1150531,中華電信股份有限公司,5G,2709
臺北市,1150531,台灣大哥大股份有限公司,5G,2177
臺北市,1150531,中華電信股份有限公司,4G,2057
臺北市,1150531,遠傳電信股份有限公司,5G,2303
臺東縣,1150531,中華電信股份有限公司,5G,414
臺東縣,1150531,中華電信股份有限公司,4G,518
臺東縣,1150531,遠傳電信股份有限公司,4G,358
臺東縣,1150531,台灣大哥大股份有限公司,5G,282
臺東縣,1150531,台灣大哥大股份有限公司,4G,394
臺東縣,1150531,遠傳電信股份有限公司,5G,296
臺南市,1150531,中華電信股份有限公司,5G,1728
臺南市,1150531,中華電信股份有限公司,4G,1938
臺南市,1150531,遠傳電信股份有限公司,4G,1157
臺南市,1150531,台灣大哥大股份有限公司,4G,1443
臺南市,1150531,台灣大哥大股份有限公司,5G,1688
臺南市,1150531,遠傳電信股份有限公司,5G,1435
澎湖縣,1150531,中華電信股份有限公司,4G,178
澎湖縣,1150531,遠傳電信股份有限公司,5G,123
澎湖縣,1150531,台灣大哥大股份有限公司,4G,128
澎湖縣,1150531,台灣大哥大股份有限公司,5G,125
澎湖縣,1150531,中華電信股份有限公司,5G,170
澎湖縣,1150531,遠傳電信股份有限公司,4G,123
宜蘭縣,1150430,中華電信股份有限公司,4G,756
宜蘭縣,1150430,遠傳電信股份有限公司,5G,591
宜蘭縣,1150430,遠傳電信股份有限公司,4G,479
宜蘭縣,1150430,台灣大哥大股份有限公司,4G,506
宜蘭縣,1150430,中華電信股份有限公司,5G,818
宜蘭縣,1150430,台灣大哥大股份有限公司,5G,528
花蓮縣,1150430,台灣大哥大股份有限公司,5G,597
花蓮縣,1150430,中華電信股份有限公司,4G,799
花蓮縣,1150430,中華電信股份有限公司,5G,760
花蓮縣,1150430,台灣大哥大股份有限公司,4G,486
花蓮縣,1150430,遠傳電信股份有限公司,4G,539
花蓮縣,1150430,遠傳電信股份有限公司,5G,685
金門縣,1150430,台灣大哥大股份有限公司,5G,77
金門縣,1150430,中華電信股份有限公司,4G,390
金門縣,1150430,台灣大哥大股份有限公司,4G,80
金門縣,1150430,中華電信股份有限公司,5G,227
金門縣,1150430,遠傳電信股份有限公司,5G,67
金門縣,1150430,遠傳電信股份有限公司,4G,125
南投縣,1150430,中華電信股份有限公司,4G,801
南投縣,1150430,台灣大哥大股份有限公司,4G,618
南投縣,1150430,中華電信股份有限公司,5G,883
南投縣,1150430,遠傳電信股份有限公司,5G,700
南投縣,1150430,遠傳電信股份有限公司,4G,583
南投縣,1150430,台灣大哥大股份有限公司,5G,542
屏東縣,1150430,遠傳電信股份有限公司,5G,745
屏東縣,1150430,台灣大哥大股份有限公司,5G,654
屏東縣,1150430,中華電信股份有限公司,5G,906
屏東縣,1150430,遠傳電信股份有限公司,4G,772
屏東縣,1150430,中華電信股份有限公司,4G,1139
屏東縣,1150430,台灣大哥大股份有限公司,4G,777
苗栗縣,1150430,遠傳電信股份有限公司,5G,739
苗栗縣,1150430,中華電信股份有限公司,5G,978
苗栗縣,1150430,中華電信股份有限公司,4G,1031
苗栗縣,1150430,台灣大哥大股份有限公司,5G,579
苗栗縣,1150430,台灣大哥大股份有限公司,4G,646
苗栗縣,1150430,遠傳電信股份有限公司,4G,650
桃園市,1150430,遠傳電信股份有限公司,5G,1581
桃園市,1150430,台灣大哥大股份有限公司,4G,1580
桃園市,1150430,中華電信股份有限公司,4G,1676
桃園市,1150430,中華電信股份有限公司,5G,2366
桃園市,1150430,遠傳電信股份有限公司,4G,1308
桃園市,1150430,台灣大哥大股份有限公司,5G,1795
高雄市,1150430,中華電信股份有限公司,5G,2696
高雄市,1150430,台灣大哥大股份有限公司,5G,2149
高雄市,1150430,中華電信股份有限公司,4G,2733
高雄市,1150430,遠傳電信股份有限公司,4G,1738
高雄市,1150430,台灣大哥大股份有限公司,4G,1901
高雄市,1150430,遠傳電信股份有限公司,5G,2049
基隆市,1150430,中華電信股份有限公司,4G,314
基隆市,1150430,遠傳電信股份有限公司,4G,279
基隆市,1150430,中華電信股份有限公司,5G,374
基隆市,1150430,台灣大哥大股份有限公司,5G,244
基隆市,1150430,台灣大哥大股份有限公司,4G,217
基隆市,1150430,遠傳電信股份有限公司,5G,330
連江縣,1150430,中華電信股份有限公司,4G,91
連江縣,1150430,台灣大哥大股份有限公司,5G,40
連江縣,1150430,中華電信股份有限公司,5G,70
連江縣,1150430,遠傳電信股份有限公司,4G,28
連江縣,1150430,台灣大哥大股份有限公司,4G,26
連江縣,1150430,遠傳電信股份有限公司,5G,41
雲林縣,1150430,台灣大哥大股份有限公司,5G,547
雲林縣,1150430,遠傳電信股份有限公司,5G,555
雲林縣,1150430,台灣大哥大股份有限公司,4G,489
雲林縣,1150430,中華電信股份有限公司,4G,856
雲林縣,1150430,中華電信股份有限公司,5G,856
雲林縣,1150430,遠傳電信股份有限公司,4G,541
新北市,1150430,台灣大哥大股份有限公司,5G,2658
新北市,1150430,中華電信股份有限公司,4G,2412
新北市,1150430,台灣大哥大股份有限公司,4G,2307
新北市,1150430,遠傳電信股份有限公司,5G,2251
新北市,1150430,遠傳電信股份有限公司,4G,1897
新北市,1150430,中華電信股份有限公司,5G,3032
新竹市,1150430,台灣大哥大股份有限公司,4G,287
新竹市,1150430,遠傳電信股份有限公司,5G,486
新竹市,1150430,中華電信股份有限公司,4G,401
新竹市,1150430,中華電信股份有限公司,5G,528
新竹市,1150430,台灣大哥大股份有限公司,5G,422
新竹市,1150430,遠傳電信股份有限公司,4G,342
新竹縣,1150430,台灣大哥大股份有限公司,4G,587
新竹縣,1150430,中華電信股份有限公司,4G,968
新竹縣,1150430,台灣大哥大股份有限公司,5G,579
新竹縣,1150430,中華電信股份有限公司,5G,945
新竹縣,1150430,遠傳電信股份有限公司,5G,711
新竹縣,1150430,遠傳電信股份有限公司,4G,466
嘉義市,1150430,台灣大哥大股份有限公司,5G,176
嘉義市,1150430,遠傳電信股份有限公司,4G,135
嘉義市,1150430,中華電信股份有限公司,4G,208
嘉義市,1150430,遠傳電信股份有限公司,5G,182
嘉義市,1150430,中華電信股份有限公司,5G,260
嘉義市,1150430,台灣大哥大股份有限公司,4G,157
嘉義縣,1150430,中華電信股份有限公司,5G,782
嘉義縣,1150430,台灣大哥大股份有限公司,5G,449
嘉義縣,1150430,遠傳電信股份有限公司,4G,448
嘉義縣,1150430,中華電信股份有限公司,4G,813
嘉義縣,1150430,台灣大哥大股份有限公司,4G,496
嘉義縣,1150430,遠傳電信股份有限公司,5G,500
彰化縣,1150430,遠傳電信股份有限公司,5G,792
彰化縣,1150430,中華電信股份有限公司,4G,1120
彰化縣,1150430,遠傳電信股份有限公司,4G,831
彰化縣,1150430,中華電信股份有限公司,5G,1266
彰化縣,1150430,台灣大哥大股份有限公司,4G,773
彰化縣,1150430,台灣大哥大股份有限公司,5G,847
臺中市,1150430,中華電信股份有限公司,5G,2861
臺中市,1150430,台灣大哥大股份有限公司,5G,2768
臺中市,1150430,中華電信股份有限公司,4G,2778
臺中市,1150430,台灣大哥大股份有限公司,4G,2472
臺中市,1150430,遠傳電信股份有限公司,5G,2655
臺中市,1150430,遠傳電信股份有限公司,4G,2410
臺北市,1150430,中華電信股份有限公司,5G,2700
臺北市,1150430,遠傳電信股份有限公司,5G,2282
臺北市,1150430,中華電信股份有限公司,4G,2037
臺北市,1150430,台灣大哥大股份有限公司,4G,1864
臺北市,1150430,遠傳電信股份有限公司,4G,2210
臺北市,1150430,台灣大哥大股份有限公司,5G,2151
臺東縣,1150430,台灣大哥大股份有限公司,5G,282
臺東縣,1150430,台灣大哥大股份有限公司,4G,393
臺東縣,1150430,中華電信股份有限公司,5G,413
臺東縣,1150430,遠傳電信股份有限公司,4G,359
臺東縣,1150430,中華電信股份有限公司,4G,518
臺東縣,1150430,遠傳電信股份有限公司,5G,295
臺南市,1150430,中華電信股份有限公司,5G,1712
臺南市,1150430,遠傳電信股份有限公司,5G,1430
臺南市,1150430,中華電信股份有限公司,4G,1929
臺南市,1150430,台灣大哥大股份有限公司,4G,1438
臺南市,1150430,台灣大哥大股份有限公司,5G,1681
臺南市,1150430,遠傳電信股份有限公司,4G,1163
澎湖縣,1150430,中華電信股份有限公司,4G,173
澎湖縣,1150430,台灣大哥大股份有限公司,4G,127
澎湖縣,1150430,遠傳電信股份有限公司,5G,123
澎湖縣,1150430,遠傳電信股份有限公司,4G,123
澎湖縣,1150430,中華電信股份有限公司,5G,170
澎湖縣,1150430,台灣大哥大股份有限公司,5G,125
宜蘭縣,1150331,中華電信股份有限公司,4G,754
宜蘭縣,1150331,台灣大哥大股份有限公司,4G,496
宜蘭縣,1150331,中華電信股份有限公司,5G,814
宜蘭縣,1150331,遠傳電信股份有限公司,4G,479
宜蘭縣,1150331,遠傳電信股份有限公司,5G,591
宜蘭縣,1150331,台灣大哥大股份有限公司,5G,528
花蓮縣,1150331,中華電信股份有限公司,5G,736
花蓮縣,1150331,遠傳電信股份有限公司,4G,539
花蓮縣,1150331,台灣大哥大股份有限公司,5G,597
花蓮縣,1150331,中華電信股份有限公司,4G,795
花蓮縣,1150331,遠傳電信股份有限公司,5G,685
花蓮縣,1150331,台灣大哥大股份有限公司,4G,485
金門縣,1150331,中華電信股份有限公司,5G,227
金門縣,1150331,遠傳電信股份有限公司,4G,125
金門縣,1150331,中華電信股份有限公司,4G,390
金門縣,1150331,遠傳電信股份有限公司,5G,67
金門縣,1150331,台灣大哥大股份有限公司,5G,77
金門縣,1150331,台灣大哥大股份有限公司,4G,79
南投縣,1150331,遠傳電信股份有限公司,5G,700
南投縣,1150331,中華電信股份有限公司,4G,801
南投縣,1150331,台灣大哥大股份有限公司,5G,537
南投縣,1150331,中華電信股份有限公司,5G,883
南投縣,1150331,台灣大哥大股份有限公司,4G,618
南投縣,1150331,遠傳電信股份有限公司,4G,583
屏東縣,1150331,中華電信股份有限公司,4G,1136
屏東縣,1150331,台灣大哥大股份有限公司,5G,646
屏東縣,1150331,遠傳電信股份有限公司,4G,773
屏東縣,1150331,中華電信股份有限公司,5G,896
屏東縣,1150331,遠傳電信股份有限公司,5G,732
屏東縣,1150331,台灣大哥大股份有限公司,4G,775
苗栗縣,1150331,中華電信股份有限公司,5G,978
苗栗縣,1150331,台灣大哥大股份有限公司,5G,575
苗栗縣,1150331,中華電信股份有限公司,4G,1031
苗栗縣,1150331,台灣大哥大股份有限公司,4G,642
苗栗縣,1150331,遠傳電信股份有限公司,5G,738
苗栗縣,1150331,遠傳電信股份有限公司,4G,651
桃園市,1150331,台灣大哥大股份有限公司,4G,1548
桃園市,1150331,中華電信股份有限公司,5G,2353
桃園市,1150331,中華電信股份有限公司,4G,1667
桃園市,1150331,台灣大哥大股份有限公司,5G,1784
桃園市,1150331,遠傳電信股份有限公司,4G,1308
桃園市,1150331,遠傳電信股份有限公司,5G,1561
高雄市,1150331,中華電信股份有限公司,5G,2668
高雄市,1150331,遠傳電信股份有限公司,5G,2012
高雄市,1150331,中華電信股份有限公司,4G,2725
高雄市,1150331,台灣大哥大股份有限公司,4G,1877
高雄市,1150331,台灣大哥大股份有限公司,5G,2139
高雄市,1150331,遠傳電信股份有限公司,4G,1728
基隆市,1150331,中華電信股份有限公司,5G,372
基隆市,1150331,台灣大哥大股份有限公司,5G,244
基隆市,1150331,中華電信股份有限公司,4G,313
基隆市,1150331,遠傳電信股份有限公司,5G,330
基隆市,1150331,台灣大哥大股份有限公司,4G,217
基隆市,1150331,遠傳電信股份有限公司,4G,279
連江縣,1150331,遠傳電信股份有限公司,5G,41
連江縣,1150331,中華電信股份有限公司,5G,69
連江縣,1150331,台灣大哥大股份有限公司,5G,40
連江縣,1150331,台灣大哥大股份有限公司,4G,26
連江縣,1150331,中華電信股份有限公司,4G,91
連江縣,1150331,遠傳電信股份有限公司,4G,28
雲林縣,1150331,中華電信股份有限公司,5G,859
雲林縣,1150331,中華電信股份有限公司,4G,856
雲林縣,1150331,台灣大哥大股份有限公司,5G,540
雲林縣,1150331,台灣大哥大股份有限公司,4G,484
雲林縣,1150331,遠傳電信股份有限公司,5G,555
雲林縣,1150331,遠傳電信股份有限公司,4G,541
新北市,1150331,台灣大哥大股份有限公司,5G,2639
新北市,1150331,中華電信股份有限公司,4G,2392
新北市,1150331,遠傳電信股份有限公司,5G,2221
新北市,1150331,遠傳電信股份有限公司,4G,1897
新北市,1150331,台灣大哥大股份有限公司,4G,2262
新北市,1150331,中華電信股份有限公司,5G,3007
新竹市,1150331,遠傳電信股份有限公司,5G,486
新竹市,1150331,中華電信股份有限公司,5G,509
新竹市,1150331,台灣大哥大股份有限公司,4G,287
新竹市,1150331,中華電信股份有限公司,4G,399
新竹市,1150331,台灣大哥大股份有限公司,5G,422
新竹市,1150331,遠傳電信股份有限公司,4G,328
新竹縣,1150331,遠傳電信股份有限公司,5G,711
新竹縣,1150331,台灣大哥大股份有限公司,5G,579
新竹縣,1150331,中華電信股份有限公司,5G,918
新竹縣,1150331,台灣大哥大股份有限公司,4G,587
新竹縣,1150331,中華電信股份有限公司,4G,965
新竹縣,1150331,遠傳電信股份有限公司,4G,461
嘉義市,1150331,台灣大哥大股份有限公司,5G,176
嘉義市,1150331,台灣大哥大股份有限公司,4G,156
嘉義市,1150331,中華電信股份有限公司,5G,259
嘉義市,1150331,中華電信股份有限公司,4G,207
嘉義市,1150331,遠傳電信股份有限公司,4G,134
嘉義市,1150331,遠傳電信股份有限公司,5G,179
嘉義縣,1150331,中華電信股份有限公司,4G,813
嘉義縣,1150331,中華電信股份有限公司,5G,778
嘉義縣,1150331,遠傳電信股份有限公司,4G,446
嘉義縣,1150331,台灣大哥大股份有限公司,5G,446
嘉義縣,1150331,台灣大哥大股份有限公司,4G,495
嘉義縣,1150331,遠傳電信股份有限公司,5G,492
彰化縣,1150331,中華電信股份有限公司,4G,1120
彰化縣,1150331,台灣大哥大股份有限公司,4G,768
彰化縣,1150331,中華電信股份有限公司,5G,1267
彰化縣,1150331,台灣大哥大股份有限公司,5G,843
彰化縣,1150331,遠傳電信股份有限公司,4G,831
彰化縣,1150331,遠傳電信股份有限公司,5G,792
臺中市,1150331,中華電信股份有限公司,4G,2778
臺中市,1150331,中華電信股份有限公司,5G,2862
臺中市,1150331,台灣大哥大股份有限公司,5G,2744
臺中市,1150331,台灣大哥大股份有限公司,4G,2440
臺中市,1150331,遠傳電信股份有限公司,4G,2411
臺中市,1150331,遠傳電信股份有限公司,5G,2654
臺北市,1150331,遠傳電信股份有限公司,4G,2210
臺北市,1150331,台灣大哥大股份有限公司,4G,1832
臺北市,1150331,中華電信股份有限公司,5G,2635
臺北市,1150331,中華電信股份有限公司,4G,1998
臺北市,1150331,台灣大哥大股份有限公司,5G,2151
臺北市,1150331,遠傳電信股份有限公司,5G,2282
臺東縣,1150331,台灣大哥大股份有限公司,4G,391
臺東縣,1150331,台灣大哥大股份有限公司,5G,275
臺東縣,1150331,中華電信股份有限公司,5G,409
臺東縣,1150331,中華電信股份有限公司,4G,518
臺東縣,1150331,遠傳電信股份有限公司,4G,360
臺東縣,1150331,遠傳電信股份有限公司,5G,284
臺南市,1150331,中華電信股份有限公司,4G,1922
臺南市,1150331,中華電信股份有限公司,5G,1683
臺南市,1150331,台灣大哥大股份有限公司,5G,1673
臺南市,1150331,台灣大哥大股份有限公司,4G,1416
臺南市,1150331,遠傳電信股份有限公司,4G,1167
臺南市,1150331,遠傳電信股份有限公司,5G,1416
澎湖縣,1150331,台灣大哥大股份有限公司,5G,125
澎湖縣,1150331,遠傳電信股份有限公司,5G,123
澎湖縣,1150331,中華電信股份有限公司,4G,173
澎湖縣,1150331,台灣大哥大股份有限公司,4G,127
澎湖縣,1150331,中華電信股份有限公司,5G,170
澎湖縣,1150331,遠傳電信股份有限公司,4G,123
宜蘭縣,1150228,中華電信股份有限公司,5G,814
宜蘭縣,1150228,台灣大哥大股份有限公司,4G,496
宜蘭縣,1150228,台灣大哥大股份有限公司,5G,528
宜蘭縣,1150228,遠傳電信股份有限公司,4G,479
宜蘭縣,1150228,中華電信股份有限公司,4G,754
宜蘭縣,1150228,遠傳電信股份有限公司,5G,591
花蓮縣,1150228,中華電信股份有限公司,4G,795
花蓮縣,1150228,台灣大哥大股份有限公司,4G,485
花蓮縣,1150228,中華電信股份有限公司,5G,736
花蓮縣,1150228,台灣大哥大股份有限公司,5G,597
花蓮縣,1150228,遠傳電信股份有限公司,5G,685
花蓮縣,1150228,遠傳電信股份有限公司,4G,539
金門縣,1150228,中華電信股份有限公司,4G,387
金門縣,1150228,台灣大哥大股份有限公司,4G,79
金門縣,1150228,台灣大哥大股份有限公司,5G,77
金門縣,1150228,遠傳電信股份有限公司,5G,67
金門縣,1150228,中華電信股份有限公司,5G,225
金門縣,1150228,遠傳電信股份有限公司,4G,125
南投縣,1150228,台灣大哥大股份有限公司,4G,618
南投縣,1150228,中華電信股份有限公司,5G,883
南投縣,1150228,台灣大哥大股份有限公司,5G,537
南投縣,1150228,遠傳電信股份有限公司,5G,678
南投縣,1150228,中華電信股份有限公司,4G,801
南投縣,1150228,遠傳電信股份有限公司,4G,592
屏東縣,1150228,中華電信股份有限公司,5G,885
屏東縣,1150228,中華電信股份有限公司,4G,1130
屏東縣,1150228,台灣大哥大股份有限公司,5G,646
屏東縣,1150228,遠傳電信股份有限公司,5G,732
屏東縣,1150228,台灣大哥大股份有限公司,4G,775
屏東縣,1150228,遠傳電信股份有限公司,4G,773
苗栗縣,1150228,中華電信股份有限公司,4G,1031
苗栗縣,1150228,台灣大哥大股份有限公司,4G,642
苗栗縣,1150228,台灣大哥大股份有限公司,5G,575
苗栗縣,1150228,中華電信股份有限公司,5G,978
苗栗縣,1150228,遠傳電信股份有限公司,4G,651
苗栗縣,1150228,遠傳電信股份有限公司,5G,738
桃園市,1150228,台灣大哥大股份有限公司,5G,1784
桃園市,1150228,中華電信股份有限公司,4G,1644
桃園市,1150228,台灣大哥大股份有限公司,4G,1548
桃園市,1150228,中華電信股份有限公司,5G,2336
桃園市,1150228,遠傳電信股份有限公司,4G,1308
桃園市,1150228,遠傳電信股份有限公司,5G,1561
高雄市,1150228,中華電信股份有限公司,5G,2641
高雄市,1150228,遠傳電信股份有限公司,4G,1728
高雄市,1150228,台灣大哥大股份有限公司,5G,2139
高雄市,1150228,中華電信股份有限公司,4G,2729
高雄市,1150228,遠傳電信股份有限公司,5G,2012
高雄市,1150228,台灣大哥大股份有限公司,4G,1877
基隆市,1150228,台灣大哥大股份有限公司,5G,244
基隆市,1150228,中華電信股份有限公司,5G,372
基隆市,1150228,遠傳電信股份有限公司,5G,330
基隆市,1150228,中華電信股份有限公司,4G,313
基隆市,1150228,遠傳電信股份有限公司,4G,279
基隆市,1150228,台灣大哥大股份有限公司,4G,217
連江縣,1150228,中華電信股份有限公司,5G,69
連江縣,1150228,中華電信股份有限公司,4G,91
連江縣,1150228,遠傳電信股份有限公司,4G,28
連江縣,1150228,台灣大哥大股份有限公司,4G,26
連江縣,1150228,遠傳電信股份有限公司,5G,41
連江縣,1150228,台灣大哥大股份有限公司,5G,40
雲林縣,1150228,中華電信股份有限公司,4G,856
雲林縣,1150228,台灣大哥大股份有限公司,4G,484
雲林縣,1150228,遠傳電信股份有限公司,4G,539
雲林縣,1150228,中華電信股份有限公司,5G,859
雲林縣,1150228,台灣大哥大股份有限公司,5G,540
雲林縣,1150228,遠傳電信股份有限公司,5G,550
新北市,1150228,遠傳電信股份有限公司,5G,2221
新北市,1150228,中華電信股份有限公司,5G,3000
新北市,1150228,中華電信股份有限公司,4G,2389
新北市,1150228,遠傳電信股份有限公司,4G,1897
新北市,1150228,台灣大哥大股份有限公司,4G,2262
新北市,1150228,台灣大哥大股份有限公司,5G,2639
新竹市,1150228,台灣大哥大股份有限公司,5G,422
新竹市,1150228,中華電信股份有限公司,5G,509
新竹市,1150228,台灣大哥大股份有限公司,4G,287
新竹市,1150228,中華電信股份有限公司,4G,399
新竹市,1150228,遠傳電信股份有限公司,4G,342
新竹市,1150228,遠傳電信股份有限公司,5G,486
新竹縣,1150228,中華電信股份有限公司,4G,965
新竹縣,1150228,台灣大哥大股份有限公司,4G,587
新竹縣,1150228,遠傳電信股份有限公司,5G,711
新竹縣,1150228,中華電信股份有限公司,5G,918
新竹縣,1150228,遠傳電信股份有限公司,4G,468
新竹縣,1150228,台灣大哥大股份有限公司,5G,579
嘉義市,1150228,遠傳電信股份有限公司,4G,134
嘉義市,1150228,中華電信股份有限公司,5G,256
嘉義市,1150228,中華電信股份有限公司,4G,206
嘉義市,1150228,台灣大哥大股份有限公司,5G,177
嘉義市,1150228,台灣大哥大股份有限公司,4G,156
嘉義市,1150228,遠傳電信股份有限公司,5G,179
嘉義縣,1150228,台灣大哥大股份有限公司,5G,446
嘉義縣,1150228,中華電信股份有限公司,5G,767
嘉義縣,1150228,中華電信股份有限公司,4G,809
嘉義縣,1150228,台灣大哥大股份有限公司,4G,495
嘉義縣,1150228,遠傳電信股份有限公司,5G,492
嘉義縣,1150228,遠傳電信股份有限公司,4G,446
彰化縣,1150228,台灣大哥大股份有限公司,4G,768
彰化縣,1150228,中華電信股份有限公司,4G,1121
彰化縣,1150228,台灣大哥大股份有限公司,5G,843
彰化縣,1150228,遠傳電信股份有限公司,4G,833
彰化縣,1150228,中華電信股份有限公司,5G,1267
彰化縣,1150228,遠傳電信股份有限公司,5G,790
臺中市,1150228,中華電信股份有限公司,5G,2871
臺中市,1150228,中華電信股份有限公司,4G,2778
臺中市,1150228,台灣大哥大股份有限公司,4G,2440
臺中市,1150228,台灣大哥大股份有限公司,5G,2744
臺中市,1150228,遠傳電信股份有限公司,4G,2427
臺中市,1150228,遠傳電信股份有限公司,5G,2608
臺北市,1150228,中華電信股份有限公司,4G,1983
臺北市,1150228,中華電信股份有限公司,5G,2685
臺北市,1150228,遠傳電信股份有限公司,4G,2210
臺北市,1150228,遠傳電信股份有限公司,5G,2282
臺北市,1150228,台灣大哥大股份有限公司,5G,2151
臺北市,1150228,台灣大哥大股份有限公司,4G,1832
臺東縣,1150228,中華電信股份有限公司,4G,517
臺東縣,1150228,中華電信股份有限公司,5G,408
臺東縣,1150228,台灣大哥大股份有限公司,4G,391
臺東縣,1150228,遠傳電信股份有限公司,4G,361
臺東縣,1150228,台灣大哥大股份有限公司,5G,275
臺東縣,1150228,遠傳電信股份有限公司,5G,283
臺南市,1150228,台灣大哥大股份有限公司,4G,1417
臺南市,1150228,中華電信股份有限公司,4G,1920
臺南市,1150228,中華電信股份有限公司,5G,1670
臺南市,1150228,遠傳電信股份有限公司,5G,1414
臺南市,1150228,台灣大哥大股份有限公司,5G,1673
臺南市,1150228,遠傳電信股份有限公司,4G,1168
澎湖縣,1150228,中華電信股份有限公司,5G,168
澎湖縣,1150228,遠傳電信股份有限公司,5G,122
澎湖縣,1150228,中華電信股份有限公司,4G,173
澎湖縣,1150228,台灣大哥大股份有限公司,4G,127
澎湖縣,1150228,遠傳電信股份有限公司,4G,124
澎湖縣,1150228,台灣大哥大股份有限公司,5G,125
宜蘭縣,1150131,中華電信股份有限公司,4G,750
宜蘭縣,1150131,台灣大哥大股份有限公司,4G,496
宜蘭縣,1150131,台灣大哥大股份有限公司,5G,528
宜蘭縣,1150131,中華電信股份有限公司,5G,804
宜蘭縣,1150131,遠傳電信股份有限公司,4G,475
宜蘭縣,1150131,遠傳電信股份有限公司,5G,579
花蓮縣,1150131,遠傳電信股份有限公司,5G,678
花蓮縣,1150131,中華電信股份有限公司,5G,726
花蓮縣,1150131,遠傳電信股份有限公司,4G,536
花蓮縣,1150131,中華電信股份有限公司,4G,795
花蓮縣,1150131,台灣大哥大股份有限公司,5G,597
花蓮縣,1150131,台灣大哥大股份有限公司,4G,485
金門縣,1150131,台灣大哥大股份有限公司,5G,77
金門縣,1150131,台灣大哥大股份有限公司,4G,79
金門縣,1150131,中華電信股份有限公司,5G,224
金門縣,1150131,中華電信股份有限公司,4G,386
金門縣,1150131,遠傳電信股份有限公司,4G,125
金門縣,1150131,遠傳電信股份有限公司,5G,67
南投縣,1150131,中華電信股份有限公司,5G,869
南投縣,1150131,遠傳電信股份有限公司,4G,589
南投縣,1150131,台灣大哥大股份有限公司,5G,537
南投縣,1150131,中華電信股份有限公司,4G,797
南投縣,1150131,台灣大哥大股份有限公司,4G,615
南投縣,1150131,遠傳電信股份有限公司,5G,675
屏東縣,1150131,遠傳電信股份有限公司,4G,773
屏東縣,1150131,中華電信股份有限公司,5G,883
屏東縣,1150131,遠傳電信股份有限公司,5G,732
屏東縣,1150131,中華電信股份有限公司,4G,1125
屏東縣,1150131,台灣大哥大股份有限公司,4G,773
屏東縣,1150131,台灣大哥大股份有限公司,5G,646
苗栗縣,1150131,台灣大哥大股份有限公司,4G,638
苗栗縣,1150131,台灣大哥大股份有限公司,5G,575
苗栗縣,1150131,中華電信股份有限公司,4G,1028
苗栗縣,1150131,中華電信股份有限公司,5G,969
苗栗縣,1150131,遠傳電信股份有限公司,4G,650
苗栗縣,1150131,遠傳電信股份有限公司,5G,730
桃園市,1150131,台灣大哥大股份有限公司,4G,1548
桃園市,1150131,遠傳電信股份有限公司,5G,1583
桃園市,1150131,中華電信股份有限公司,4G,1644
桃園市,1150131,台灣大哥大股份有限公司,5G,1784
桃園市,1150131,遠傳電信股份有限公司,4G,1308
桃園市,1150131,中華電信股份有限公司,5G,2336
高雄市,1150131,台灣大哥大股份有限公司,5G,2135
高雄市,1150131,中華電信股份有限公司,5G,2628
高雄市,1150131,中華電信股份有限公司,4G,2727
高雄市,1150131,台灣大哥大股份有限公司,4G,1873
高雄市,1150131,遠傳電信股份有限公司,4G,1715
高雄市,1150131,遠傳電信股份有限公司,5G,1989
基隆市,1150131,中華電信股份有限公司,4G,313
基隆市,1150131,台灣大哥大股份有限公司,5G,244
基隆市,1150131,遠傳電信股份有限公司,5G,323
基隆市,1150131,台灣大哥大股份有限公司,4G,217
基隆市,1150131,中華電信股份有限公司,5G,366
基隆市,1150131,遠傳電信股份有限公司,4G,275
連江縣,1150131,遠傳電信股份有限公司,4G,28
連江縣,1150131,台灣大哥大股份有限公司,4G,26
連江縣,1150131,台灣大哥大股份有限公司,5G,40
連江縣,1150131,中華電信股份有限公司,5G,69
連江縣,1150131,中華電信股份有限公司,4G,91
連江縣,1150131,遠傳電信股份有限公司,5G,41
雲林縣,1150131,台灣大哥大股份有限公司,4G,479
雲林縣,1150131,台灣大哥大股份有限公司,5G,539
雲林縣,1150131,中華電信股份有限公司,4G,853
雲林縣,1150131,中華電信股份有限公司,5G,850
雲林縣,1150131,遠傳電信股份有限公司,5G,545
雲林縣,1150131,遠傳電信股份有限公司,4G,538
新北市,1150131,中華電信股份有限公司,5G,2998
新北市,1150131,台灣大哥大股份有限公司,4G,2262
新北市,1150131,中華電信股份有限公司,4G,2388
新北市,1150131,台灣大哥大股份有限公司,5G,2639
新北市,1150131,遠傳電信股份有限公司,5G,2240
新北市,1150131,遠傳電信股份有限公司,4G,1893
新竹市,1150131,台灣大哥大股份有限公司,4G,282
新竹市,1150131,中華電信股份有限公司,4G,396
新竹市,1150131,遠傳電信股份有限公司,4G,342
新竹市,1150131,遠傳電信股份有限公司,5G,486
新竹市,1150131,中華電信股份有限公司,5G,499
新竹市,1150131,台灣大哥大股份有限公司,5G,421
新竹縣,1150131,遠傳電信股份有限公司,4G,468
新竹縣,1150131,台灣大哥大股份有限公司,5G,572
新竹縣,1150131,台灣大哥大股份有限公司,4G,573
新竹縣,1150131,中華電信股份有限公司,5G,888
新竹縣,1150131,中華電信股份有限公司,4G,955
新竹縣,1150131,遠傳電信股份有限公司,5G,711
嘉義市,1150131,中華電信股份有限公司,4G,206
嘉義市,1150131,台灣大哥大股份有限公司,5G,174
嘉義市,1150131,台灣大哥大股份有限公司,4G,156
嘉義市,1150131,中華電信股份有限公司,5G,256
嘉義市,1150131,遠傳電信股份有限公司,5G,177
嘉義市,1150131,遠傳電信股份有限公司,4G,134
嘉義縣,1150131,中華電信股份有限公司,5G,761
嘉義縣,1150131,中華電信股份有限公司,4G,804
嘉義縣,1150131,台灣大哥大股份有限公司,4G,488
嘉義縣,1150131,遠傳電信股份有限公司,4G,446
嘉義縣,1150131,台灣大哥大股份有限公司,5G,442
嘉義縣,1150131,遠傳電信股份有限公司,5G,483
彰化縣,1150131,遠傳電信股份有限公司,5G,783
彰化縣,1150131,中華電信股份有限公司,5G,1255
彰化縣,1150131,中華電信股份有限公司,4G,1120
彰化縣,1150131,台灣大哥大股份有限公司,5G,843
彰化縣,1150131,台灣大哥大股份有限公司,4G,764
彰化縣,1150131,遠傳電信股份有限公司,4G,831
臺中市,1150131,中華電信股份有限公司,4G,2763
臺中市,1150131,台灣大哥大股份有限公司,4G,2434
臺中市,1150131,中華電信股份有限公司,5G,2849
臺中市,1150131,遠傳電信股份有限公司,4G,2417
臺中市,1150131,台灣大哥大股份有限公司,5G,2744
臺中市,1150131,遠傳電信股份有限公司,5G,2596
臺北市,1150131,中華電信股份有限公司,4G,1978
臺北市,1150131,中華電信股份有限公司,5G,2670
臺北市,1150131,遠傳電信股份有限公司,5G,2254
臺北市,1150131,台灣大哥大股份有限公司,5G,2151
臺北市,1150131,台灣大哥大股份有限公司,4G,1832
臺北市,1150131,遠傳電信股份有限公司,4G,2184
臺東縣,1150131,中華電信股份有限公司,4G,516
臺東縣,1150131,台灣大哥大股份有限公司,4G,387
臺東縣,1150131,中華電信股份有限公司,5G,407
臺東縣,1150131,遠傳電信股份有限公司,4G,361
臺東縣,1150131,遠傳電信股份有限公司,5G,283
臺東縣,1150131,台灣大哥大股份有限公司,5G,274
臺南市,1150131,台灣大哥大股份有限公司,4G,1412
臺南市,1150131,中華電信股份有限公司,4G,1914
臺南市,1150131,台灣大哥大股份有限公司,5G,1661
臺南市,1150131,中華電信股份有限公司,5G,1661
臺南市,1150131,遠傳電信股份有限公司,4G,1168
臺南市,1150131,遠傳電信股份有限公司,5G,1411
澎湖縣,1150131,中華電信股份有限公司,5G,168
澎湖縣,1150131,台灣大哥大股份有限公司,4G,126
澎湖縣,1150131,中華電信股份有限公司,4G,171
澎湖縣,1150131,遠傳電信股份有限公司,4G,124
澎湖縣,1150131,台灣大哥大股份有限公司,5G,123
澎湖縣,1150131,遠傳電信股份有限公司,5G,121
宜蘭縣,1141231,遠傳電信股份有限公司,4G,475
宜蘭縣,1141231,台灣大哥大股份有限公司,5G,528
宜蘭縣,1141231,台灣大哥大股份有限公司,4G,496
宜蘭縣,1141231,遠傳電信股份有限公司,5G,575
宜蘭縣,1141231,中華電信股份有限公司,4G,750
宜蘭縣,1141231,中華電信股份有限公司,5G,804
花蓮縣,1141231,遠傳電信股份有限公司,5G,669
花蓮縣,1141231,台灣大哥大股份有限公司,4G,485
花蓮縣,1141231,中華電信股份有限公司,4G,795
花蓮縣,1141231,中華電信股份有限公司,5G,726
花蓮縣,1141231,台灣大哥大股份有限公司,5G,597
花蓮縣,1141231,遠傳電信股份有限公司,4G,533
金門縣,1141231,中華電信股份有限公司,5G,222
金門縣,1141231,遠傳電信股份有限公司,5G,67
金門縣,1141231,中華電信股份有限公司,4G,385
金門縣,1141231,台灣大哥大股份有限公司,4G,79
金門縣,1141231,台灣大哥大股份有限公司,5G,77
金門縣,1141231,遠傳電信股份有限公司,4G,125
南投縣,1141231,台灣大哥大股份有限公司,4G,615
南投縣,1141231,遠傳電信股份有限公司,4G,590
南投縣,1141231,台灣大哥大股份有限公司,5G,537
南投縣,1141231,中華電信股份有限公司,4G,797
南投縣,1141231,遠傳電信股份有限公司,5G,675
南投縣,1141231,中華電信股份有限公司,5G,869
屏東縣,1141231,中華電信股份有限公司,4G,1124
屏東縣,1141231,台灣大哥大股份有限公司,5G,646
屏東縣,1141231,台灣大哥大股份有限公司,4G,762
屏東縣,1141231,遠傳電信股份有限公司,5G,719
屏東縣,1141231,中華電信股份有限公司,5G,878
屏東縣,1141231,遠傳電信股份有限公司,4G,767
苗栗縣,1141231,台灣大哥大股份有限公司,5G,575
苗栗縣,1141231,遠傳電信股份有限公司,5G,729
苗栗縣,1141231,中華電信股份有限公司,5G,969
苗栗縣,1141231,中華電信股份有限公司,4G,1029
苗栗縣,1141231,遠傳電信股份有限公司,4G,650
苗栗縣,1141231,台灣大哥大股份有限公司,4G,638
桃園市,1141231,台灣大哥大股份有限公司,4G,1549
桃園市,1141231,中華電信股份有限公司,4G,1601
桃園市,1141231,遠傳電信股份有限公司,5G,1583
桃園市,1141231,中華電信股份有限公司,5G,2301
桃園市,1141231,台灣大哥大股份有限公司,5G,1785
桃園市,1141231,遠傳電信股份有限公司,4G,1309
高雄市,1141231,台灣大哥大股份有限公司,5G,2126
高雄市,1141231,中華電信股份有限公司,5G,2623
高雄市,1141231,遠傳電信股份有限公司,5G,1986
高雄市,1141231,台灣大哥大股份有限公司,4G,1845
高雄市,1141231,中華電信股份有限公司,4G,2744
高雄市,1141231,遠傳電信股份有限公司,4G,1713
基隆市,1141231,中華電信股份有限公司,5G,366
基隆市,1141231,台灣大哥大股份有限公司,4G,217
基隆市,1141231,遠傳電信股份有限公司,4G,274
基隆市,1141231,台灣大哥大股份有限公司,5G,244
基隆市,1141231,中華電信股份有限公司,4G,313
基隆市,1141231,遠傳電信股份有限公司,5G,308
連江縣,1141231,中華電信股份有限公司,5G,69
連江縣,1141231,中華電信股份有限公司,4G,91
連江縣,1141231,台灣大哥大股份有限公司,5G,40
連江縣,1141231,台灣大哥大股份有限公司,4G,26
連江縣,1141231,遠傳電信股份有限公司,4G,28
連江縣,1141231,遠傳電信股份有限公司,5G,41
雲林縣,1141231,遠傳電信股份有限公司,5G,545
雲林縣,1141231,遠傳電信股份有限公司,4G,539
雲林縣,1141231,台灣大哥大股份有限公司,4G,479
雲林縣,1141231,中華電信股份有限公司,5G,850
雲林縣,1141231,中華電信股份有限公司,4G,854
雲林縣,1141231,台灣大哥大股份有限公司,5G,539
新北市,1141231,遠傳電信股份有限公司,4G,1881
新北市,1141231,台灣大哥大股份有限公司,4G,2262
新北市,1141231,中華電信股份有限公司,4G,2380
新北市,1141231,台灣大哥大股份有限公司,5G,2639
新北市,1141231,中華電信股份有限公司,5G,2977
新北市,1141231,遠傳電信股份有限公司,5G,2217
新竹市,1141231,遠傳電信股份有限公司,4G,342
新竹市,1141231,中華電信股份有限公司,4G,396
新竹市,1141231,中華電信股份有限公司,5G,499
新竹市,1141231,台灣大哥大股份有限公司,5G,421
新竹市,1141231,台灣大哥大股份有限公司,4G,282
新竹市,1141231,遠傳電信股份有限公司,5G,486
新竹縣,1141231,遠傳電信股份有限公司,4G,468
新竹縣,1141231,台灣大哥大股份有限公司,4G,573
新竹縣,1141231,遠傳電信股份有限公司,5G,711
新竹縣,1141231,中華電信股份有限公司,4G,955
新竹縣,1141231,中華電信股份有限公司,5G,888
新竹縣,1141231,台灣大哥大股份有限公司,5G,572
嘉義市,1141231,台灣大哥大股份有限公司,4G,154
嘉義市,1141231,中華電信股份有限公司,4G,210
嘉義市,1141231,中華電信股份有限公司,5G,256
嘉義市,1141231,遠傳電信股份有限公司,4G,134
嘉義市,1141231,台灣大哥大股份有限公司,5G,174
嘉義市,1141231,遠傳電信股份有限公司,5G,177
嘉義縣,1141231,中華電信股份有限公司,4G,804
嘉義縣,1141231,中華電信股份有限公司,5G,756
嘉義縣,1141231,台灣大哥大股份有限公司,4G,485
嘉義縣,1141231,遠傳電信股份有限公司,4G,445
嘉義縣,1141231,遠傳電信股份有限公司,5G,482
嘉義縣,1141231,台灣大哥大股份有限公司,5G,440
彰化縣,1141231,台灣大哥大股份有限公司,4G,764
彰化縣,1141231,遠傳電信股份有限公司,4G,833
彰化縣,1141231,中華電信股份有限公司,4G,1123
彰化縣,1141231,台灣大哥大股份有限公司,5G,843
彰化縣,1141231,中華電信股份有限公司,5G,1255
彰化縣,1141231,遠傳電信股份有限公司,5G,783
臺中市,1141231,中華電信股份有限公司,4G,2769
臺中市,1141231,台灣大哥大股份有限公司,4G,2434
臺中市,1141231,台灣大哥大股份有限公司,5G,2744
臺中市,1141231,遠傳電信股份有限公司,5G,2597
臺中市,1141231,中華電信股份有限公司,5G,2850
臺中市,1141231,遠傳電信股份有限公司,4G,2418
臺北市,1141231,遠傳電信股份有限公司,4G,2150
臺北市,1141231,中華電信股份有限公司,5G,2670
臺北市,1141231,中華電信股份有限公司,4G,1979
臺北市,1141231,台灣大哥大股份有限公司,4G,1833
臺北市,1141231,遠傳電信股份有限公司,5G,2184
臺北市,1141231,台灣大哥大股份有限公司,5G,2153
臺東縣,1141231,中華電信股份有限公司,4G,520
臺東縣,1141231,台灣大哥大股份有限公司,4G,384
臺東縣,1141231,中華電信股份有限公司,5G,404
臺東縣,1141231,遠傳電信股份有限公司,4G,361
臺東縣,1141231,台灣大哥大股份有限公司,5G,271
臺東縣,1141231,遠傳電信股份有限公司,5G,281
臺南市,1141231,中華電信股份有限公司,4G,1918
臺南市,1141231,遠傳電信股份有限公司,4G,1160
臺南市,1141231,遠傳電信股份有限公司,5G,1394
臺南市,1141231,中華電信股份有限公司,5G,1649
臺南市,1141231,台灣大哥大股份有限公司,4G,1391
臺南市,1141231,台灣大哥大股份有限公司,5G,1656
澎湖縣,1141231,遠傳電信股份有限公司,4G,124
澎湖縣,1141231,中華電信股份有限公司,4G,171
澎湖縣,1141231,台灣大哥大股份有限公司,4G,125
澎湖縣,1141231,中華電信股份有限公司,5G,166
澎湖縣,1141231,台灣大哥大股份有限公司,5G,122
澎湖縣,1141231,遠傳電信股份有限公司,5G,121
宜蘭縣,1141130,中華電信股份有限公司,4G,844
宜蘭縣,1141130,台灣大哥大股份有限公司,4G,630
宜蘭縣,1141130,遠傳電信股份有限公司,4G,525
花蓮縣,1141130,台灣大哥大股份有限公司,4G,618
花蓮縣,1141130,中華電信股份有限公司,4G,813
花蓮縣,1141130,遠傳電信股份有限公司,4G,585
金門縣,1141130,遠傳電信股份有限公司,4G,125
金門縣,1141130,中華電信股份有限公司,4G,471
金門縣,1141130,台灣大哥大股份有限公司,4G,80
南投縣,1141130,遠傳電信股份有限公司,4G,759
南投縣,1141130,中華電信股份有限公司,4G,1154
南投縣,1141130,台灣大哥大股份有限公司,4G,713
屏東縣,1141130,遠傳電信股份有限公司,4G,775
屏東縣,1141130,中華電信股份有限公司,4G,1487
屏東縣,1141130,台灣大哥大股份有限公司,4G,764
苗栗縣,1141130,遠傳電信股份有限公司,4G,722
苗栗縣,1141130,中華電信股份有限公司,4G,1433
苗栗縣,1141130,台灣大哥大股份有限公司,4G,777
桃園市,1141130,中華電信股份有限公司,4G,1834
桃園市,1141130,台灣大哥大股份有限公司,4G,1873
桃園市,1141130,遠傳電信股份有限公司,4G,1249
高雄市,1141130,中華電信股份有限公司,4G,3902
高雄市,1141130,遠傳電信股份有限公司,4G,1758
高雄市,1141130,台灣大哥大股份有限公司,4G,1884
基隆市,1141130,遠傳電信股份有限公司,4G,287
基隆市,1141130,中華電信股份有限公司,4G,342
基隆市,1141130,台灣大哥大股份有限公司,4G,267
連江縣,1141130,台灣大哥大股份有限公司,4G,27
連江縣,1141130,遠傳電信股份有限公司,4G,28
連江縣,1141130,中華電信股份有限公司,4G,104
雲林縣,1141130,中華電信股份有限公司,4G,1230
雲林縣,1141130,台灣大哥大股份有限公司,4G,566
雲林縣,1141130,遠傳電信股份有限公司,4G,613
新北市,1141130,中華電信股份有限公司,4G,2667
新北市,1141130,台灣大哥大股份有限公司,4G,2759
新北市,1141130,遠傳電信股份有限公司,4G,1901
新竹市,1141130,台灣大哥大股份有限公司,4G,465
新竹市,1141130,中華電信股份有限公司,4G,517
新竹市,1141130,遠傳電信股份有限公司,4G,362
新竹縣,1141130,遠傳電信股份有限公司,4G,509
新竹縣,1141130,中華電信股份有限公司,4G,1054
新竹縣,1141130,台灣大哥大股份有限公司,4G,868
嘉義市,1141130,台灣大哥大股份有限公司,4G,155
嘉義市,1141130,中華電信股份有限公司,4G,357
嘉義市,1141130,遠傳電信股份有限公司,4G,136
嘉義縣,1141130,中華電信股份有限公司,4G,1136
嘉義縣,1141130,台灣大哥大股份有限公司,4G,488
嘉義縣,1141130,遠傳電信股份有限公司,4G,459
彰化縣,1141130,台灣大哥大股份有限公司,4G,943
彰化縣,1141130,中華電信股份有限公司,4G,1731
彰化縣,1141130,遠傳電信股份有限公司,4G,959
臺中市,1141130,中華電信股份有限公司,4G,4673
臺中市,1141130,台灣大哥大股份有限公司,4G,2899
臺中市,1141130,遠傳電信股份有限公司,4G,2688
臺北市,1141130,台灣大哥大股份有限公司,4G,2397
臺北市,1141130,中華電信股份有限公司,4G,2347
臺北市,1141130,遠傳電信股份有限公司,4G,2260
臺東縣,1141130,遠傳電信股份有限公司,4G,372
臺東縣,1141130,台灣大哥大股份有限公司,4G,381
臺東縣,1141130,中華電信股份有限公司,4G,750
臺南市,1141130,中華電信股份有限公司,4G,2772
臺南市,1141130,台灣大哥大股份有限公司,4G,1415
臺南市,1141130,遠傳電信股份有限公司,4G,1190
澎湖縣,1141130,台灣大哥大股份有限公司,4G,131
澎湖縣,1141130,中華電信股份有限公司,4G,259
澎湖縣,1141130,遠傳電信股份有限公司,4G,149
宜蘭縣,1141031,中華電信股份有限公司,4G,841
宜蘭縣,1141031,遠傳電信股份有限公司,4G,511
宜蘭縣,1141031,台灣大哥大股份有限公司,4G,629
花蓮縣,1141031,遠傳電信股份有限公司,4G,579
花蓮縣,1141031,中華電信股份有限公司,4G,810
花蓮縣,1141031,台灣大哥大股份有限公司,4G,617
金門縣,1141031,台灣大哥大股份有限公司,4G,80
金門縣,1141031,中華電信股份有限公司,4G,466
金門縣,1141031,遠傳電信股份有限公司,4G,126
南投縣,1141031,台灣大哥大股份有限公司,4G,713
南投縣,1141031,中華電信股份有限公司,4G,1153
南投縣,1141031,遠傳電信股份有限公司,4G,772
屏東縣,1141031,遠傳電信股份有限公司,4G,775
屏東縣,1141031,台灣大哥大股份有限公司,4G,764
屏東縣,1141031,中華電信股份有限公司,4G,1484
苗栗縣,1141031,中華電信股份有限公司,4G,1428
苗栗縣,1141031,台灣大哥大股份有限公司,4G,777
苗栗縣,1141031,遠傳電信股份有限公司,4G,721
桃園市,1141031,遠傳電信股份有限公司,4G,1249
桃園市,1141031,中華電信股份有限公司,4G,1803
桃園市,1141031,台灣大哥大股份有限公司,4G,1873
高雄市,1141031,中華電信股份有限公司,4G,3889
高雄市,1141031,台灣大哥大股份有限公司,4G,1884
高雄市,1141031,遠傳電信股份有限公司,4G,1758
基隆市,1141031,台灣大哥大股份有限公司,4G,266
基隆市,1141031,中華電信股份有限公司,4G,341
基隆市,1141031,遠傳電信股份有限公司,4G,287
連江縣,1141031,遠傳電信股份有限公司,4G,28
連江縣,1141031,台灣大哥大股份有限公司,4G,27
連江縣,1141031,中華電信股份有限公司,4G,103
雲林縣,1141031,中華電信股份有限公司,4G,1225
雲林縣,1141031,台灣大哥大股份有限公司,4G,566
雲林縣,1141031,遠傳電信股份有限公司,4G,615
新北市,1141031,台灣大哥大股份有限公司,4G,2752
新北市,1141031,遠傳電信股份有限公司,4G,1900
新北市,1141031,中華電信股份有限公司,4G,2654
新竹市,1141031,中華電信股份有限公司,4G,517
新竹市,1141031,台灣大哥大股份有限公司,4G,465
新竹市,1141031,遠傳電信股份有限公司,4G,356
新竹縣,1141031,中華電信股份有限公司,4G,1054
新竹縣,1141031,台灣大哥大股份有限公司,4G,868
新竹縣,1141031,遠傳電信股份有限公司,4G,489
嘉義市,1141031,遠傳電信股份有限公司,4G,136
嘉義市,1141031,台灣大哥大股份有限公司,4G,155
嘉義市,1141031,中華電信股份有限公司,4G,357
嘉義縣,1141031,遠傳電信股份有限公司,4G,459
嘉義縣,1141031,台灣大哥大股份有限公司,4G,488
嘉義縣,1141031,中華電信股份有限公司,4G,1129
彰化縣,1141031,台灣大哥大股份有限公司,4G,943
彰化縣,1141031,中華電信股份有限公司,4G,1734
彰化縣,1141031,遠傳電信股份有限公司,4G,966
臺中市,1141031,中華電信股份有限公司,4G,4637
臺中市,1141031,台灣大哥大股份有限公司,4G,2901
臺中市,1141031,遠傳電信股份有限公司,4G,2686
臺北市,1141031,中華電信股份有限公司,4G,2345
臺北市,1141031,遠傳電信股份有限公司,4G,2228
臺北市,1141031,台灣大哥大股份有限公司,4G,2387
臺東縣,1141031,遠傳電信股份有限公司,4G,372
臺東縣,1141031,台灣大哥大股份有限公司,4G,381
臺東縣,1141031,中華電信股份有限公司,4G,750
臺南市,1141031,中華電信股份有限公司,4G,2762
臺南市,1141031,遠傳電信股份有限公司,4G,1190
臺南市,1141031,台灣大哥大股份有限公司,4G,1415
澎湖縣,1141031,遠傳電信股份有限公司,4G,149
澎湖縣,1141031,台灣大哥大股份有限公司,4G,131
澎湖縣,1141031,中華電信股份有限公司,4G,259
宜蘭縣,1140930,中華電信股份有限公司,4G,1040
宜蘭縣,1140930,遠傳電信股份有限公司,4G,511
宜蘭縣,1140930,台灣大哥大股份有限公司,4G,624
花蓮縣,1140930,遠傳電信股份有限公司,4G,579
花蓮縣,1140930,台灣大哥大股份有限公司,4G,616
花蓮縣,1140930,中華電信股份有限公司,4G,997
金門縣,1140930,中華電信股份有限公司,4G,461
金門縣,1140930,台灣大哥大股份有限公司,4G,126
金門縣,1140930,遠傳電信股份有限公司,4G,121
南投縣,1140930,遠傳電信股份有限公司,4G,769
南投縣,1140930,中華電信股份有限公司,4G,1154
南投縣,1140930,台灣大哥大股份有限公司,4G,713
屏東縣,1140930,台灣大哥大股份有限公司,4G,915
屏東縣,1140930,中華電信股份有限公司,4G,1471
屏東縣,1140930,遠傳電信股份有限公司,4G,772
苗栗縣,1140930,中華電信股份有限公司,4G,1429
苗栗縣,1140930,台灣大哥大股份有限公司,4G,777
苗栗縣,1140930,遠傳電信股份有限公司,4G,720
桃園市,1140930,中華電信股份有限公司,4G,2349
桃園市,1140930,台灣大哥大股份有限公司,4G,1866
桃園市,1140930,遠傳電信股份有限公司,4G,1249
高雄市,1140930,中華電信股份有限公司,4G,3895
高雄市,1140930,台灣大哥大股份有限公司,4G,2172
高雄市,1140930,遠傳電信股份有限公司,4G,1750
基隆市,1140930,中華電信股份有限公司,4G,439
基隆市,1140930,遠傳電信股份有限公司,4G,287
基隆市,1140930,台灣大哥大股份有限公司,4G,263
連江縣,1140930,中華電信股份有限公司,4G,125
連江縣,1140930,遠傳電信股份有限公司,4G,28
連江縣,1140930,台灣大哥大股份有限公司,4G,27
雲林縣,1140930,中華電信股份有限公司,4G,1226
雲林縣,1140930,台灣大哥大股份有限公司,4G,566
雲林縣,1140930,遠傳電信股份有限公司,4G,615
新北市,1140930,遠傳電信股份有限公司,4G,1900
新北市,1140930,中華電信股份有限公司,4G,3468
新北市,1140930,台灣大哥大股份有限公司,4G,2743
新竹市,1140930,遠傳電信股份有限公司,4G,356
新竹市,1140930,台灣大哥大股份有限公司,4G,464
新竹市,1140930,中華電信股份有限公司,4G,665
新竹縣,1140930,遠傳電信股份有限公司,4G,489
新竹縣,1140930,中華電信股份有限公司,4G,1222
新竹縣,1140930,台灣大哥大股份有限公司,4G,860
嘉義市,1140930,台灣大哥大股份有限公司,4G,201
嘉義市,1140930,中華電信股份有限公司,4G,358
嘉義市,1140930,遠傳電信股份有限公司,4G,136
嘉義縣,1140930,台灣大哥大股份有限公司,4G,590
嘉義縣,1140930,中華電信股份有限公司,4G,1132
嘉義縣,1140930,遠傳電信股份有限公司,4G,459
彰化縣,1140930,遠傳電信股份有限公司,4G,968
彰化縣,1140930,中華電信股份有限公司,4G,1737
彰化縣,1140930,台灣大哥大股份有限公司,4G,943
臺中市,1140930,台灣大哥大股份有限公司,4G,2901
臺中市,1140930,中華電信股份有限公司,4G,4641
臺中市,1140930,遠傳電信股份有限公司,4G,2697
臺北市,1140930,中華電信股份有限公司,4G,3262
臺北市,1140930,台灣大哥大股份有限公司,4G,2420
臺北市,1140930,遠傳電信股份有限公司,4G,2228
臺東縣,1140930,台灣大哥大股份有限公司,4G,483
臺東縣,1140930,遠傳電信股份有限公司,4G,365
臺東縣,1140930,中華電信股份有限公司,4G,750
臺南市,1140930,台灣大哥大股份有限公司,4G,1777
臺南市,1140930,中華電信股份有限公司,4G,2751
臺南市,1140930,遠傳電信股份有限公司,4G,1191
澎湖縣,1140930,遠傳電信股份有限公司,4G,149
澎湖縣,1140930,中華電信股份有限公司,4G,259
澎湖縣,1140930,台灣大哥大股份有限公司,4G,184
宜蘭縣,1140831,中華電信股份有限公司,4G,1040
宜蘭縣,1140831,遠傳電信股份有限公司,4G,518
宜蘭縣,1140831,台灣大哥大股份有限公司,4G,624
花蓮縣,1140831,遠傳電信股份有限公司,4G,603
花蓮縣,1140831,中華電信股份有限公司,4G,997
花蓮縣,1140831,台灣大哥大股份有限公司,4G,616
金門縣,1140831,台灣大哥大股份有限公司,4G,126
金門縣,1140831,遠傳電信股份有限公司,4G,121
金門縣,1140831,中華電信股份有限公司,4G,462
南投縣,1140831,台灣大哥大股份有限公司,4G,712
南投縣,1140831,遠傳電信股份有限公司,4G,775
南投縣,1140831,中華電信股份有限公司,4G,1157
屏東縣,1140831,中華電信股份有限公司,4G,1459
屏東縣,1140831,遠傳電信股份有限公司,4G,766
屏東縣,1140831,台灣大哥大股份有限公司,4G,915
苗栗縣,1140831,中華電信股份有限公司,4G,1424
苗栗縣,1140831,台灣大哥大股份有限公司,4G,772
苗栗縣,1140831,遠傳電信股份有限公司,4G,721
桃園市,1140831,遠傳電信股份有限公司,4G,1249
桃園市,1140831,中華電信股份有限公司,4G,2338
桃園市,1140831,台灣大哥大股份有限公司,4G,1866
高雄市,1140831,遠傳電信股份有限公司,4G,1725
高雄市,1140831,中華電信股份有限公司,4G,3906
高雄市,1140831,台灣大哥大股份有限公司,4G,2173
基隆市,1140831,遠傳電信股份有限公司,4G,295
基隆市,1140831,台灣大哥大股份有限公司,4G,263
基隆市,1140831,中華電信股份有限公司,4G,439
連江縣,1140831,遠傳電信股份有限公司,4G,28
連江縣,1140831,中華電信股份有限公司,4G,125
連江縣,1140831,台灣大哥大股份有限公司,4G,27
雲林縣,1140831,遠傳電信股份有限公司,4G,617
雲林縣,1140831,中華電信股份有限公司,4G,1222
雲林縣,1140831,台灣大哥大股份有限公司,4G,563
新北市,1140831,台灣大哥大股份有限公司,4G,2743
新北市,1140831,遠傳電信股份有限公司,4G,1919
新北市,1140831,中華電信股份有限公司,4G,3461
新竹市,1140831,中華電信股份有限公司,4G,665
新竹市,1140831,遠傳電信股份有限公司,4G,513
新竹市,1140831,台灣大哥大股份有限公司,4G,459
新竹縣,1140831,遠傳電信股份有限公司,4G,641
新竹縣,1140831,中華電信股份有限公司,4G,1222
新竹縣,1140831,台灣大哥大股份有限公司,4G,847
嘉義市,1140831,台灣大哥大股份有限公司,4G,201
嘉義市,1140831,遠傳電信股份有限公司,4G,135
嘉義市,1140831,中華電信股份有限公司,4G,358
嘉義縣,1140831,遠傳電信股份有限公司,4G,459
嘉義縣,1140831,中華電信股份有限公司,4G,1136
嘉義縣,1140831,台灣大哥大股份有限公司,4G,591
彰化縣,1140831,台灣大哥大股份有限公司,4G,936
彰化縣,1140831,遠傳電信股份有限公司,4G,968
彰化縣,1140831,中華電信股份有限公司,4G,1733
臺中市,1140831,中華電信股份有限公司,4G,4626
臺中市,1140831,遠傳電信股份有限公司,4G,2714
臺中市,1140831,台灣大哥大股份有限公司,4G,2869
臺北市,1140831,中華電信股份有限公司,4G,3254
臺北市,1140831,台灣大哥大股份有限公司,4G,2420
臺北市,1140831,遠傳電信股份有限公司,4G,2390
臺東縣,1140831,台灣大哥大股份有限公司,4G,483
臺東縣,1140831,中華電信股份有限公司,4G,752
臺東縣,1140831,遠傳電信股份有限公司,4G,365
臺南市,1140831,遠傳電信股份有限公司,4G,1182
臺南市,1140831,台灣大哥大股份有限公司,4G,1779
臺南市,1140831,中華電信股份有限公司,4G,2749
澎湖縣,1140831,遠傳電信股份有限公司,4G,149
澎湖縣,1140831,中華電信股份有限公司,4G,259
澎湖縣,1140831,台灣大哥大股份有限公司,4G,184
宜蘭縣,1140731,遠傳電信股份有限公司,4G,518
宜蘭縣,1140731,中華電信股份有限公司,4G,1019
宜蘭縣,1140731,台灣大哥大股份有限公司,4G,624
花蓮縣,1140731,遠傳電信股份有限公司,4G,603
花蓮縣,1140731,中華電信股份有限公司,4G,969
花蓮縣,1140731,台灣大哥大股份有限公司,4G,616
金門縣,1140731,遠傳電信股份有限公司,4G,121
金門縣,1140731,台灣大哥大股份有限公司,4G,124
金門縣,1140731,中華電信股份有限公司,4G,456
南投縣,1140731,台灣大哥大股份有限公司,4G,712
南投縣,1140731,中華電信股份有限公司,4G,1163
南投縣,1140731,遠傳電信股份有限公司,4G,780
屏東縣,1140731,遠傳電信股份有限公司,4G,767
屏東縣,1140731,中華電信股份有限公司,4G,1443
屏東縣,1140731,台灣大哥大股份有限公司,4G,913
苗栗縣,1140731,台灣大哥大股份有限公司,4G,772
苗栗縣,1140731,遠傳電信股份有限公司,4G,725
苗栗縣,1140731,中華電信股份有限公司,4G,1452
桃園市,1140731,台灣大哥大股份有限公司,4G,1866
桃園市,1140731,遠傳電信股份有限公司,4G,1249
桃園市,1140731,中華電信股份有限公司,4G,2327
高雄市,1140731,台灣大哥大股份有限公司,4G,2162
高雄市,1140731,中華電信股份有限公司,4G,3904
高雄市,1140731,遠傳電信股份有限公司,4G,1729
基隆市,1140731,中華電信股份有限公司,4G,435
基隆市,1140731,遠傳電信股份有限公司,4G,295
基隆市,1140731,台灣大哥大股份有限公司,4G,263
連江縣,1140731,中華電信股份有限公司,4G,121
連江縣,1140731,遠傳電信股份有限公司,4G,28
連江縣,1140731,台灣大哥大股份有限公司,4G,27
雲林縣,1140731,遠傳電信股份有限公司,4G,619
雲林縣,1140731,中華電信股份有限公司,4G,1233
雲林縣,1140731,台灣大哥大股份有限公司,4G,563
新北市,1140731,台灣大哥大股份有限公司,4G,2743
新北市,1140731,中華電信股份有限公司,4G,3415
新北市,1140731,遠傳電信股份有限公司,4G,1922
新竹市,1140731,遠傳電信股份有限公司,4G,523
新竹市,1140731,中華電信股份有限公司,4G,665
新竹市,1140731,台灣大哥大股份有限公司,4G,459
新竹縣,1140731,遠傳電信股份有限公司,4G,681
新竹縣,1140731,中華電信股份有限公司,4G,1222
新竹縣,1140731,台灣大哥大股份有限公司,4G,847
嘉義市,1140731,台灣大哥大股份有限公司,4G,201
嘉義市,1140731,遠傳電信股份有限公司,4G,135
嘉義市,1140731,中華電信股份有限公司,4G,358
嘉義縣,1140731,台灣大哥大股份有限公司,4G,591
嘉義縣,1140731,中華電信股份有限公司,4G,1138
嘉義縣,1140731,遠傳電信股份有限公司,4G,460
彰化縣,1140731,台灣大哥大股份有限公司,4G,936
彰化縣,1140731,中華電信股份有限公司,4G,1763
彰化縣,1140731,遠傳電信股份有限公司,4G,967
臺中市,1140731,中華電信股份有限公司,4G,4676
臺中市,1140731,遠傳電信股份有限公司,4G,2722
臺中市,1140731,台灣大哥大股份有限公司,4G,2869
臺北市,1140731,中華電信股份有限公司,4G,3243
臺北市,1140731,遠傳電信股份有限公司,4G,2395
臺北市,1140731,台灣大哥大股份有限公司,4G,2420
臺東縣,1140731,中華電信股份有限公司,4G,753
臺東縣,1140731,遠傳電信股份有限公司,4G,366
臺東縣,1140731,台灣大哥大股份有限公司,4G,481
臺南市,1140731,遠傳電信股份有限公司,4G,1185
臺南市,1140731,中華電信股份有限公司,4G,2741
臺南市,1140731,台灣大哥大股份有限公司,4G,1777
澎湖縣,1140731,遠傳電信股份有限公司,4G,149
澎湖縣,1140731,中華電信股份有限公司,4G,258
澎湖縣,1140731,台灣大哥大股份有限公司,4G,184
宜蘭縣,1140630,中華電信股份有限公司,4G,1037
宜蘭縣,1140630,台灣大哥大股份有限公司,5G,499
宜蘭縣,1140630,遠傳電信股份有限公司,4G,510
宜蘭縣,1140630,台灣大哥大股份有限公司,4G,631
宜蘭縣,1140630,中華電信股份有限公司,5G,743
宜蘭縣,1140630,遠傳電信股份有限公司,5G,537
花蓮縣,1140630,中華電信股份有限公司,4G,996
花蓮縣,1140630,台灣大哥大股份有限公司,4G,616
花蓮縣,1140630,遠傳電信股份有限公司,5G,661
花蓮縣,1140630,台灣大哥大股份有限公司,5G,585
花蓮縣,1140630,中華電信股份有限公司,5G,679
花蓮縣,1140630,遠傳電信股份有限公司,4G,601
金門縣,1140630,遠傳電信股份有限公司,4G,122
金門縣,1140630,台灣大哥大股份有限公司,4G,124
金門縣,1140630,中華電信股份有限公司,5G,202
金門縣,1140630,中華電信股份有限公司,4G,453
金門縣,1140630,台灣大哥大股份有限公司,5G,74
金門縣,1140630,遠傳電信股份有限公司,5G,65
南投縣,1140630,中華電信股份有限公司,5G,796
南投縣,1140630,中華電信股份有限公司,4G,1167
南投縣,1140630,遠傳電信股份有限公司,4G,785
南投縣,1140630,台灣大哥大股份有限公司,4G,712
南投縣,1140630,台灣大哥大股份有限公司,5G,500
南投縣,1140630,遠傳電信股份有限公司,5G,666
屏東縣,1140630,中華電信股份有限公司,4G,1429
屏東縣,1140630,中華電信股份有限公司,5G,800
屏東縣,1140630,台灣大哥大股份有限公司,5G,648
屏東縣,1140630,台灣大哥大股份有限公司,4G,913
屏東縣,1140630,遠傳電信股份有限公司,4G,767
屏東縣,1140630,遠傳電信股份有限公司,5G,707
苗栗縣,1140630,台灣大哥大股份有限公司,4G,772
苗栗縣,1140630,中華電信股份有限公司,5G,870
苗栗縣,1140630,中華電信股份有限公司,4G,1470
苗栗縣,1140630,台灣大哥大股份有限公司,5G,564
苗栗縣,1140630,遠傳電信股份有限公司,5G,708
苗栗縣,1140630,遠傳電信股份有限公司,4G,762
桃園市,1140630,中華電信股份有限公司,5G,2121
桃園市,1140630,中華電信股份有限公司,4G,2327
桃園市,1140630,台灣大哥大股份有限公司,4G,1856
桃園市,1140630,遠傳電信股份有限公司,5G,1565
桃園市,1140630,台灣大哥大股份有限公司,5G,1771
桃園市,1140630,遠傳電信股份有限公司,4G,1249
高雄市,1140630,遠傳電信股份有限公司,5G,1930
高雄市,1140630,中華電信股份有限公司,4G,3899
高雄市,1140630,遠傳電信股份有限公司,4G,1729
高雄市,1140630,中華電信股份有限公司,5G,2517
高雄市,1140630,台灣大哥大股份有限公司,5G,2161
高雄市,1140630,台灣大哥大股份有限公司,4G,2164
基隆市,1140630,台灣大哥大股份有限公司,4G,258
基隆市,1140630,中華電信股份有限公司,5G,355
基隆市,1140630,中華電信股份有限公司,4G,438
基隆市,1140630,台灣大哥大股份有限公司,5G,250
基隆市,1140630,遠傳電信股份有限公司,4G,291
基隆市,1140630,遠傳電信股份有限公司,5G,302
連江縣,1140630,遠傳電信股份有限公司,4G,28
連江縣,1140630,中華電信股份有限公司,5G,67
連江縣,1140630,中華電信股份有限公司,4G,124
連江縣,1140630,台灣大哥大股份有限公司,4G,27
連江縣,1140630,台灣大哥大股份有限公司,5G,39
連江縣,1140630,遠傳電信股份有限公司,5G,39
雲林縣,1140630,中華電信股份有限公司,4G,1240
雲林縣,1140630,台灣大哥大股份有限公司,5G,510
雲林縣,1140630,台灣大哥大股份有限公司,4G,563
雲林縣,1140630,中華電信股份有限公司,5G,783
雲林縣,1140630,遠傳電信股份有限公司,4G,622
雲林縣,1140630,遠傳電信股份有限公司,5G,521
新北市,1140630,中華電信股份有限公司,4G,3428
新北市,1140630,台灣大哥大股份有限公司,5G,2695
新北市,1140630,台灣大哥大股份有限公司,4G,2734
新北市,1140630,遠傳電信股份有限公司,4G,1923
新北市,1140630,遠傳電信股份有限公司,5G,2169
新北市,1140630,中華電信股份有限公司,5G,2792
新竹市,1140630,遠傳電信股份有限公司,5G,484
新竹市,1140630,中華電信股份有限公司,5G,477
新竹市,1140630,台灣大哥大股份有限公司,5G,434
新竹市,1140630,遠傳電信股份有限公司,4G,534
新竹市,1140630,中華電信股份有限公司,4G,665
新竹市,1140630,台灣大哥大股份有限公司,4G,464
新竹縣,1140630,中華電信股份有限公司,4G,1212
新竹縣,1140630,遠傳電信股份有限公司,5G,690
新竹縣,1140630,中華電信股份有限公司,5G,835
新竹縣,1140630,遠傳電信股份有限公司,4G,718
新竹縣,1140630,台灣大哥大股份有限公司,5G,554
新竹縣,1140630,台灣大哥大股份有限公司,4G,860
嘉義市,1140630,台灣大哥大股份有限公司,4G,201
嘉義市,1140630,遠傳電信股份有限公司,4G,135
嘉義市,1140630,台灣大哥大股份有限公司,5G,191
嘉義市,1140630,中華電信股份有限公司,5G,245
嘉義市,1140630,中華電信股份有限公司,4G,357
嘉義市,1140630,遠傳電信股份有限公司,5G,175
嘉義縣,1140630,中華電信股份有限公司,5G,718
嘉義縣,1140630,中華電信股份有限公司,4G,1137
嘉義縣,1140630,遠傳電信股份有限公司,5G,479
嘉義縣,1140630,台灣大哥大股份有限公司,4G,591
嘉義縣,1140630,台灣大哥大股份有限公司,5G,402
嘉義縣,1140630,遠傳電信股份有限公司,4G,460
彰化縣,1140630,台灣大哥大股份有限公司,5G,819
彰化縣,1140630,台灣大哥大股份有限公司,4G,936
彰化縣,1140630,中華電信股份有限公司,5G,1180
彰化縣,1140630,中華電信股份有限公司,4G,1777
彰化縣,1140630,遠傳電信股份有限公司,5G,745
彰化縣,1140630,遠傳電信股份有限公司,4G,981
臺中市,1140630,台灣大哥大股份有限公司,5G,2811
臺中市,1140630,中華電信股份有限公司,4G,4698
臺中市,1140630,遠傳電信股份有限公司,4G,2726
臺中市,1140630,中華電信股份有限公司,5G,2672
臺中市,1140630,台灣大哥大股份有限公司,4G,2869
臺中市,1140630,遠傳電信股份有限公司,5G,2523
臺北市,1140630,台灣大哥大股份有限公司,5G,2184
臺北市,1140630,中華電信股份有限公司,5G,2504
臺北市,1140630,中華電信股份有限公司,4G,3241
臺北市,1140630,台灣大哥大股份有限公司,4G,2415
臺北市,1140630,遠傳電信股份有限公司,4G,2381
臺北市,1140630,遠傳電信股份有限公司,5G,2103
臺東縣,1140630,中華電信股份有限公司,4G,749
臺東縣,1140630,遠傳電信股份有限公司,5G,273
臺東縣,1140630,台灣大哥大股份有限公司,4G,483
臺東縣,1140630,中華電信股份有限公司,5G,377
臺東縣,1140630,遠傳電信股份有限公司,4G,366
臺東縣,1140630,台灣大哥大股份有限公司,5G,256
臺南市,1140630,台灣大哥大股份有限公司,4G,1778
臺南市,1140630,中華電信股份有限公司,5G,1547
臺南市,1140630,中華電信股份有限公司,4G,2743
臺南市,1140630,台灣大哥大股份有限公司,5G,1663
臺南市,1140630,遠傳電信股份有限公司,4G,1185
臺南市,1140630,遠傳電信股份有限公司,5G,1384
澎湖縣,1140630,中華電信股份有限公司,4G,255
澎湖縣,1140630,台灣大哥大股份有限公司,4G,184
澎湖縣,1140630,台灣大哥大股份有限公司,5G,111
澎湖縣,1140630,遠傳電信股份有限公司,5G,121
澎湖縣,1140630,中華電信股份有限公司,5G,145
澎湖縣,1140630,遠傳電信股份有限公司,4G,149
宜蘭縣,1140531,台灣大哥大股份有限公司,4G,664
宜蘭縣,1140531,遠傳電信股份有限公司,4G,692
宜蘭縣,1140531,中華電信股份有限公司,4G,1036
花蓮縣,1140531,遠傳電信股份有限公司,4G,802
花蓮縣,1140531,中華電信股份有限公司,4G,996
花蓮縣,1140531,台灣大哥大股份有限公司,4G,648
金門縣,1140531,中華電信股份有限公司,4G,449
金門縣,1140531,台灣大哥大股份有限公司,4G,127
金門縣,1140531,遠傳電信股份有限公司,4G,133
南投縣,1140531,遠傳電信股份有限公司,4G,931
南投縣,1140531,台灣大哥大股份有限公司,4G,881
南投縣,1140531,中華電信股份有限公司,4G,1168
屏東縣,1140531,遠傳電信股份有限公司,4G,766
屏東縣,1140531,中華電信股份有限公司,4G,1425
屏東縣,1140531,台灣大哥大股份有限公司,4G,980
苗栗縣,1140531,遠傳電信股份有限公司,4G,1015
苗栗縣,1140531,中華電信股份有限公司,4G,1471
苗栗縣,1140531,台灣大哥大股份有限公司,4G,921
桃園市,1140531,台灣大哥大股份有限公司,4G,1988
桃園市,1140531,遠傳電信股份有限公司,4G,1772
桃園市,1140531,中華電信股份有限公司,4G,2317
高雄市,1140531,台灣大哥大股份有限公司,4G,2383
高雄市,1140531,中華電信股份有限公司,4G,3893
高雄市,1140531,遠傳電信股份有限公司,4G,1717
基隆市,1140531,中華電信股份有限公司,4G,436
基隆市,1140531,台灣大哥大股份有限公司,4G,282
基隆市,1140531,遠傳電信股份有限公司,4G,415
連江縣,1140531,中華電信股份有限公司,4G,124
連江縣,1140531,台灣大哥大股份有限公司,4G,27
連江縣,1140531,遠傳電信股份有限公司,4G,41
雲林縣,1140531,遠傳電信股份有限公司,4G,754
雲林縣,1140531,台灣大哥大股份有限公司,4G,698
雲林縣,1140531,中華電信股份有限公司,4G,1241
新北市,1140531,中華電信股份有限公司,4G,3417
新北市,1140531,台灣大哥大股份有限公司,4G,2962
新北市,1140531,遠傳電信股份有限公司,4G,2523
新竹市,1140531,台灣大哥大股份有限公司,4G,464
新竹市,1140531,遠傳電信股份有限公司,4G,534
新竹市,1140531,中華電信股份有限公司,4G,665
新竹縣,1140531,台灣大哥大股份有限公司,4G,860
新竹縣,1140531,中華電信股份有限公司,4G,1212
新竹縣,1140531,遠傳電信股份有限公司,4G,718
嘉義市,1140531,台灣大哥大股份有限公司,4G,234
嘉義市,1140531,遠傳電信股份有限公司,4G,135
嘉義市,1140531,中華電信股份有限公司,4G,357
嘉義縣,1140531,台灣大哥大股份有限公司,4G,643
嘉義縣,1140531,中華電信股份有限公司,4G,1137
嘉義縣,1140531,遠傳電信股份有限公司,4G,453
彰化縣,1140531,台灣大哥大股份有限公司,4G,1143
彰化縣,1140531,遠傳電信股份有限公司,4G,1221
彰化縣,1140531,中華電信股份有限公司,4G,1778
臺中市,1140531,中華電信股份有限公司,4G,4699
臺中市,1140531,遠傳電信股份有限公司,4G,3268
臺中市,1140531,台灣大哥大股份有限公司,4G,3506
臺北市,1140531,遠傳電信股份有限公司,4G,2922
臺北市,1140531,中華電信股份有限公司,4G,3238
臺北市,1140531,台灣大哥大股份有限公司,4G,2640
臺東縣,1140531,台灣大哥大股份有限公司,4G,491
臺東縣,1140531,中華電信股份有限公司,4G,746
臺東縣,1140531,遠傳電信股份有限公司,4G,360
臺南市,1140531,中華電信股份有限公司,4G,2737
臺南市,1140531,台灣大哥大股份有限公司,4G,1995
臺南市,1140531,遠傳電信股份有限公司,4G,1180
澎湖縣,1140531,中華電信股份有限公司,4G,254
澎湖縣,1140531,遠傳電信股份有限公司,4G,149
澎湖縣,1140531,台灣大哥大股份有限公司,4G,207
宜蘭縣,1140430,台灣大哥大股份有限公司,4G,664
宜蘭縣,1140430,中華電信股份有限公司,4G,1033
宜蘭縣,1140430,遠傳電信股份有限公司,4G,682
花蓮縣,1140430,中華電信股份有限公司,4G,996
花蓮縣,1140430,台灣大哥大股份有限公司,4G,648
花蓮縣,1140430,遠傳電信股份有限公司,4G,791
金門縣,1140430,台灣大哥大股份有限公司,4G,127
金門縣,1140430,中華電信股份有限公司,4G,446
金門縣,1140430,遠傳電信股份有限公司,4G,133
南投縣,1140430,遠傳電信股份有限公司,4G,925
南投縣,1140430,台灣大哥大股份有限公司,4G,995
南投縣,1140430,中華電信股份有限公司,4G,1171
屏東縣,1140430,中華電信股份有限公司,4G,1418
屏東縣,1140430,台灣大哥大股份有限公司,4G,978
屏東縣,1140430,遠傳電信股份有限公司,4G,766
苗栗縣,1140430,中華電信股份有限公司,4G,1471
苗栗縣,1140430,台灣大哥大股份有限公司,4G,1028
苗栗縣,1140430,遠傳電信股份有限公司,4G,1018
桃園市,1140430,遠傳電信股份有限公司,4G,1772
桃園市,1140430,台灣大哥大股份有限公司,4G,1987
桃園市,1140430,中華電信股份有限公司,4G,2298
高雄市,1140430,中華電信股份有限公司,4G,3885
高雄市,1140430,台灣大哥大股份有限公司,4G,2381
高雄市,1140430,遠傳電信股份有限公司,4G,1717
基隆市,1140430,中華電信股份有限公司,4G,435
基隆市,1140430,遠傳電信股份有限公司,4G,414
基隆市,1140430,台灣大哥大股份有限公司,4G,282
連江縣,1140430,台灣大哥大股份有限公司,4G,27
連江縣,1140430,中華電信股份有限公司,4G,124
連江縣,1140430,遠傳電信股份有限公司,4G,41
雲林縣,1140430,遠傳電信股份有限公司,4G,745
雲林縣,1140430,中華電信股份有限公司,4G,1245
雲林縣,1140430,台灣大哥大股份有限公司,4G,804
新北市,1140430,台灣大哥大股份有限公司,4G,2957
新北市,1140430,中華電信股份有限公司,4G,3397
新北市,1140430,遠傳電信股份有限公司,4G,2520
新竹市,1140430,台灣大哥大股份有限公司,4G,464
新竹市,1140430,中華電信股份有限公司,4G,660
新竹市,1140430,遠傳電信股份有限公司,4G,534
新竹縣,1140430,中華電信股份有限公司,4G,1176
新竹縣,1140430,台灣大哥大股份有限公司,4G,860
新竹縣,1140430,遠傳電信股份有限公司,4G,718
嘉義市,1140430,台灣大哥大股份有限公司,4G,234
嘉義市,1140430,遠傳電信股份有限公司,4G,135
嘉義市,1140430,中華電信股份有限公司,4G,356
嘉義縣,1140430,中華電信股份有限公司,4G,1132
嘉義縣,1140430,台灣大哥大股份有限公司,4G,643
嘉義縣,1140430,遠傳電信股份有限公司,4G,453
彰化縣,1140430,遠傳電信股份有限公司,4G,1214
彰化縣,1140430,台灣大哥大股份有限公司,4G,1292
彰化縣,1140430,中華電信股份有限公司,4G,1787
臺中市,1140430,中華電信股份有限公司,4G,4732
臺中市,1140430,遠傳電信股份有限公司,4G,3256
臺中市,1140430,台灣大哥大股份有限公司,4G,3882
臺北市,1140430,遠傳電信股份有限公司,4G,2888
臺北市,1140430,中華電信股份有限公司,4G,3228
臺北市,1140430,台灣大哥大股份有限公司,4G,2640
臺東縣,1140430,中華電信股份有限公司,4G,743
臺東縣,1140430,遠傳電信股份有限公司,4G,360
臺東縣,1140430,台灣大哥大股份有限公司,4G,491
臺南市,1140430,中華電信股份有限公司,4G,2729
臺南市,1140430,台灣大哥大股份有限公司,4G,1992
臺南市,1140430,遠傳電信股份有限公司,4G,1180
澎湖縣,1140430,台灣大哥大股份有限公司,4G,207
澎湖縣,1140430,遠傳電信股份有限公司,4G,149
澎湖縣,1140430,中華電信股份有限公司,4G,252
宜蘭縣,1140331,台灣大哥大股份有限公司,4G,756
宜蘭縣,1140331,中華電信股份有限公司,4G,1034
宜蘭縣,1140331,遠傳電信股份有限公司,4G,685
花蓮縣,1140331,中華電信股份有限公司,4G,996
花蓮縣,1140331,遠傳電信股份有限公司,4G,794
花蓮縣,1140331,台灣大哥大股份有限公司,4G,771
金門縣,1140331,中華電信股份有限公司,4G,445
金門縣,1140331,台灣大哥大股份有限公司,4G,127
金門縣,1140331,遠傳電信股份有限公司,4G,133
南投縣,1140331,中華電信股份有限公司,4G,1170
南投縣,1140331,遠傳電信股份有限公司,4G,914
南投縣,1140331,台灣大哥大股份有限公司,4G,984
屏東縣,1140331,台灣大哥大股份有限公司,4G,1139
屏東縣,1140331,遠傳電信股份有限公司,4G,1156
屏東縣,1140331,中華電信股份有限公司,4G,1415
苗栗縣,1140331,台灣大哥大股份有限公司,4G,1022
苗栗縣,1140331,中華電信股份有限公司,4G,1467
苗栗縣,1140331,遠傳電信股份有限公司,4G,1021
桃園市,1140331,遠傳電信股份有限公司,4G,1771
桃園市,1140331,台灣大哥大股份有限公司,4G,2392
桃園市,1140331,中華電信股份有限公司,4G,2298
高雄市,1140331,中華電信股份有限公司,4G,3879
高雄市,1140331,遠傳電信股份有限公司,4G,2515
高雄市,1140331,台灣大哥大股份有限公司,4G,2941
基隆市,1140331,中華電信股份有限公司,4G,435
基隆市,1140331,遠傳電信股份有限公司,4G,417
基隆市,1140331,台灣大哥大股份有限公司,4G,335
連江縣,1140331,遠傳電信股份有限公司,4G,41
連江縣,1140331,中華電信股份有限公司,4G,124
連江縣,1140331,台灣大哥大股份有限公司,4G,36
雲林縣,1140331,遠傳電信股份有限公司,4G,740
雲林縣,1140331,台灣大哥大股份有限公司,4G,800
雲林縣,1140331,中華電信股份有限公司,4G,1244
新北市,1140331,台灣大哥大股份有限公司,4G,3366
新北市,1140331,中華電信股份有限公司,4G,3397
新北市,1140331,遠傳電信股份有限公司,4G,2515
新竹市,1140331,台灣大哥大股份有限公司,4G,463
新竹市,1140331,中華電信股份有限公司,4G,656
新竹市,1140331,遠傳電信股份有限公司,4G,534
新竹縣,1140331,中華電信股份有限公司,4G,1168
新竹縣,1140331,台灣大哥大股份有限公司,4G,851
新竹縣,1140331,遠傳電信股份有限公司,4G,718
嘉義市,1140331,遠傳電信股份有限公司,4G,214
嘉義市,1140331,中華電信股份有限公司,4G,356
嘉義市,1140331,台灣大哥大股份有限公司,4G,263
嘉義縣,1140331,台灣大哥大股份有限公司,4G,754
嘉義縣,1140331,遠傳電信股份有限公司,4G,654
嘉義縣,1140331,中華電信股份有限公司,4G,1131
彰化縣,1140331,遠傳電信股份有限公司,4G,1201
彰化縣,1140331,台灣大哥大股份有限公司,4G,1289
彰化縣,1140331,中華電信股份有限公司,4G,1782
臺中市,1140331,遠傳電信股份有限公司,4G,3236
臺中市,1140331,台灣大哥大股份有限公司,4G,3853
臺中市,1140331,中華電信股份有限公司,4G,4723
臺北市,1140331,台灣大哥大股份有限公司,4G,2983
臺北市,1140331,中華電信股份有限公司,4G,3228
臺北市,1140331,遠傳電信股份有限公司,4G,2911
臺東縣,1140331,遠傳電信股份有限公司,4G,492
臺東縣,1140331,中華電信股份有限公司,4G,733
臺東縣,1140331,台灣大哥大股份有限公司,4G,559
臺南市,1140331,台灣大哥大股份有限公司,4G,2188
臺南市,1140331,遠傳電信股份有限公司,4G,1681
臺南市,1140331,中華電信股份有限公司,4G,2727
澎湖縣,1140331,遠傳電信股份有限公司,4G,190
澎湖縣,1140331,中華電信股份有限公司,4G,250
澎湖縣,1140331,台灣大哥大股份有限公司,4G,207
宜蘭縣,1140228,台灣大哥大股份有限公司,4G,756
宜蘭縣,1140228,中華電信股份有限公司,4G,1031
宜蘭縣,1140228,遠傳電信股份有限公司,4G,685
花蓮縣,1140228,台灣大哥大股份有限公司,4G,771
花蓮縣,1140228,遠傳電信股份有限公司,4G,789
花蓮縣,1140228,中華電信股份有限公司,4G,995
金門縣,1140228,遠傳電信股份有限公司,4G,133
金門縣,1140228,台灣大哥大股份有限公司,4G,126
金門縣,1140228,中華電信股份有限公司,4G,443
南投縣,1140228,台灣大哥大股份有限公司,4G,984
南投縣,1140228,中華電信股份有限公司,4G,1311
南投縣,1140228,遠傳電信股份有限公司,4G,920
屏東縣,1140228,遠傳電信股份有限公司,4G,1156
屏東縣,1140228,中華電信股份有限公司,4G,1403
屏東縣,1140228,台灣大哥大股份有限公司,4G,1134
苗栗縣,1140228,中華電信股份有限公司,4G,1497
苗栗縣,1140228,遠傳電信股份有限公司,4G,1017
苗栗縣,1140228,台灣大哥大股份有限公司,4G,1022
桃園市,1140228,中華電信股份有限公司,4G,2275
桃園市,1140228,台灣大哥大股份有限公司,4G,2387
桃園市,1140228,遠傳電信股份有限公司,4G,1771
高雄市,1140228,遠傳電信股份有限公司,4G,2515
高雄市,1140228,台灣大哥大股份有限公司,4G,2927
高雄市,1140228,中華電信股份有限公司,4G,3874
基隆市,1140228,台灣大哥大股份有限公司,4G,335
基隆市,1140228,中華電信股份有限公司,4G,432
基隆市,1140228,遠傳電信股份有限公司,4G,417
連江縣,1140228,遠傳電信股份有限公司,4G,41
連江縣,1140228,中華電信股份有限公司,4G,123
連江縣,1140228,台灣大哥大股份有限公司,4G,36
雲林縣,1140228,遠傳電信股份有限公司,4G,741
雲林縣,1140228,台灣大哥大股份有限公司,4G,800
雲林縣,1140228,中華電信股份有限公司,4G,1351
新北市,1140228,台灣大哥大股份有限公司,4G,3363
新北市,1140228,遠傳電信股份有限公司,4G,2511
新北市,1140228,中華電信股份有限公司,4G,3379
新竹市,1140228,遠傳電信股份有限公司,4G,531
新竹市,1140228,中華電信股份有限公司,4G,656
新竹市,1140228,台灣大哥大股份有限公司,4G,463
新竹縣,1140228,台灣大哥大股份有限公司,4G,851
新竹縣,1140228,中華電信股份有限公司,4G,1168
新竹縣,1140228,遠傳電信股份有限公司,4G,712
嘉義市,1140228,中華電信股份有限公司,4G,356
嘉義市,1140228,台灣大哥大股份有限公司,4G,263
嘉義市,1140228,遠傳電信股份有限公司,4G,214
嘉義縣,1140228,台灣大哥大股份有限公司,4G,749
嘉義縣,1140228,中華電信股份有限公司,4G,1132
嘉義縣,1140228,遠傳電信股份有限公司,4G,654
彰化縣,1140228,台灣大哥大股份有限公司,4G,1289
彰化縣,1140228,中華電信股份有限公司,4G,1862
彰化縣,1140228,遠傳電信股份有限公司,4G,1197
臺中市,1140228,中華電信股份有限公司,4G,4785
臺中市,1140228,台灣大哥大股份有限公司,4G,3853
臺中市,1140228,遠傳電信股份有限公司,4G,3243
臺北市,1140228,遠傳電信股份有限公司,4G,2889
臺北市,1140228,中華電信股份有限公司,4G,3214
臺北市,1140228,台灣大哥大股份有限公司,4G,2983
臺東縣,1140228,遠傳電信股份有限公司,4G,492
臺東縣,1140228,台灣大哥大股份有限公司,4G,558
臺東縣,1140228,中華電信股份有限公司,4G,733
臺南市,1140228,台灣大哥大股份有限公司,4G,2170
臺南市,1140228,中華電信股份有限公司,4G,2720
臺南市,1140228,遠傳電信股份有限公司,4G,1682
澎湖縣,1140228,遠傳電信股份有限公司,4G,190
澎湖縣,1140228,中華電信股份有限公司,4G,250
澎湖縣,1140228,台灣大哥大股份有限公司,4G,207
宜蘭縣,1140131,中華電信股份有限公司,4G,1022
宜蘭縣,1140131,遠傳電信股份有限公司,4G,685
宜蘭縣,1140131,台灣大哥大股份有限公司,4G,756
花蓮縣,1140131,台灣大哥大股份有限公司,4G,771
花蓮縣,1140131,中華電信股份有限公司,4G,984
花蓮縣,1140131,遠傳電信股份有限公司,4G,789
金門縣,1140131,中華電信股份有限公司,4G,437
金門縣,1140131,台灣大哥大股份有限公司,4G,125
金門縣,1140131,遠傳電信股份有限公司,4G,132
南投縣,1140131,中華電信股份有限公司,4G,1309
南投縣,1140131,台灣大哥大股份有限公司,4G,986
南投縣,1140131,遠傳電信股份有限公司,4G,930
屏東縣,1140131,台灣大哥大股份有限公司,4G,1128
屏東縣,1140131,中華電信股份有限公司,4G,1399
屏東縣,1140131,遠傳電信股份有限公司,4G,1155
苗栗縣,1140131,台灣大哥大股份有限公司,4G,1027
苗栗縣,1140131,中華電信股份有限公司,4G,1495
苗栗縣,1140131,遠傳電信股份有限公司,4G,1019
桃園市,1140131,遠傳電信股份有限公司,4G,1771
桃園市,1140131,台灣大哥大股份有限公司,4G,2390
桃園市,1140131,中華電信股份有限公司,4G,2271
高雄市,1140131,遠傳電信股份有限公司,4G,2506
高雄市,1140131,台灣大哥大股份有限公司,4G,2914
高雄市,1140131,中華電信股份有限公司,4G,3874
基隆市,1140131,台灣大哥大股份有限公司,4G,335
基隆市,1140131,中華電信股份有限公司,4G,432
基隆市,1140131,遠傳電信股份有限公司,4G,418
連江縣,1140131,台灣大哥大股份有限公司,4G,36
連江縣,1140131,中華電信股份有限公司,4G,123
連江縣,1140131,遠傳電信股份有限公司,4G,41
雲林縣,1140131,台灣大哥大股份有限公司,4G,800
雲林縣,1140131,中華電信股份有限公司,4G,1345
雲林縣,1140131,遠傳電信股份有限公司,4G,751
新北市,1140131,中華電信股份有限公司,4G,3344
新北市,1140131,台灣大哥大股份有限公司,4G,3363
新北市,1140131,遠傳電信股份有限公司,4G,2511
新竹市,1140131,台灣大哥大股份有限公司,4G,463
新竹市,1140131,中華電信股份有限公司,4G,656
新竹市,1140131,遠傳電信股份有限公司,4G,531
新竹縣,1140131,中華電信股份有限公司,4G,1169
新竹縣,1140131,遠傳電信股份有限公司,4G,712
新竹縣,1140131,台灣大哥大股份有限公司,4G,851
嘉義市,1140131,遠傳電信股份有限公司,4G,214
嘉義市,1140131,中華電信股份有限公司,4G,356
嘉義市,1140131,台灣大哥大股份有限公司,4G,263
嘉義縣,1140131,中華電信股份有限公司,4G,1133
嘉義縣,1140131,遠傳電信股份有限公司,4G,652
嘉義縣,1140131,台灣大哥大股份有限公司,4G,743
彰化縣,1140131,台灣大哥大股份有限公司,4G,1290
彰化縣,1140131,遠傳電信股份有限公司,4G,1206
彰化縣,1140131,中華電信股份有限公司,4G,1853
臺中市,1140131,遠傳電信股份有限公司,4G,3269
臺中市,1140131,中華電信股份有限公司,4G,4782
臺中市,1140131,台灣大哥大股份有限公司,4G,3874
臺北市,1140131,中華電信股份有限公司,4G,3175
臺北市,1140131,台灣大哥大股份有限公司,4G,2985
臺北市,1140131,遠傳電信股份有限公司,4G,2890
臺東縣,1140131,遠傳電信股份有限公司,4G,492
臺東縣,1140131,台灣大哥大股份有限公司,4G,554
臺東縣,1140131,中華電信股份有限公司,4G,732
臺南市,1140131,台灣大哥大股份有限公司,4G,2169
臺南市,1140131,遠傳電信股份有限公司,4G,1663
臺南市,1140131,中華電信股份有限公司,4G,2716
澎湖縣,1140131,中華電信股份有限公司,4G,250
澎湖縣,1140131,遠傳電信股份有限公司,4G,190
澎湖縣,1140131,台灣大哥大股份有限公司,4G,207
宜蘭縣,1131231,中華電信股份有限公司,4G,1031
宜蘭縣,1131231,遠傳電信股份有限公司,4G,682
宜蘭縣,1131231,中華電信股份有限公司,5G,698
宜蘭縣,1131231,台灣大哥大股份有限公司,4G,757
宜蘭縣,1131231,台灣大哥大股份有限公司,5G,439
宜蘭縣,1131231,遠傳電信股份有限公司,5G,484
花蓮縣,1131231,台灣大哥大股份有限公司,4G,771
花蓮縣,1131231,中華電信股份有限公司,4G,995
花蓮縣,1131231,中華電信股份有限公司,5G,654
花蓮縣,1131231,遠傳電信股份有限公司,4G,784
花蓮縣,1131231,台灣大哥大股份有限公司,5G,545
花蓮縣,1131231,遠傳電信股份有限公司,5G,600
金門縣,1131231,中華電信股份有限公司,5G,175
金門縣,1131231,台灣大哥大股份有限公司,4G,125
金門縣,1131231,中華電信股份有限公司,4G,431
金門縣,1131231,遠傳電信股份有限公司,5G,60
金門縣,1131231,遠傳電信股份有限公司,4G,132
金門縣,1131231,台灣大哥大股份有限公司,5G,46
南投縣,1131231,遠傳電信股份有限公司,5G,622
南投縣,1131231,遠傳電信股份有限公司,4G,929
南投縣,1131231,中華電信股份有限公司,5G,733
南投縣,1131231,中華電信股份有限公司,4G,1304
南投縣,1131231,台灣大哥大股份有限公司,5G,462
南投縣,1131231,台灣大哥大股份有限公司,4G,989
屏東縣,1131231,台灣大哥大股份有限公司,5G,616
屏東縣,1131231,中華電信股份有限公司,4G,1401
屏東縣,1131231,中華電信股份有限公司,5G,714
屏東縣,1131231,遠傳電信股份有限公司,4G,1155
屏東縣,1131231,遠傳電信股份有限公司,5G,687
屏東縣,1131231,台灣大哥大股份有限公司,4G,1128
苗栗縣,1131231,台灣大哥大股份有限公司,4G,1031
苗栗縣,1131231,中華電信股份有限公司,5G,786
苗栗縣,1131231,中華電信股份有限公司,4G,1493
苗栗縣,1131231,遠傳電信股份有限公司,5G,686
苗栗縣,1131231,台灣大哥大股份有限公司,5G,534
苗栗縣,1131231,遠傳電信股份有限公司,4G,1034
桃園市,1131231,中華電信股份有限公司,4G,2279
桃園市,1131231,台灣大哥大股份有限公司,4G,2390
桃園市,1131231,中華電信股份有限公司,5G,2000
桃園市,1131231,台灣大哥大股份有限公司,5G,1591
桃園市,1131231,遠傳電信股份有限公司,5G,1543
桃園市,1131231,遠傳電信股份有限公司,4G,1771
高雄市,1131231,中華電信股份有限公司,5G,2334
高雄市,1131231,台灣大哥大股份有限公司,5G,2046
高雄市,1131231,遠傳電信股份有限公司,4G,2509
高雄市,1131231,台灣大哥大股份有限公司,4G,2915
高雄市,1131231,中華電信股份有限公司,4G,3876
高雄市,1131231,遠傳電信股份有限公司,5G,1854
基隆市,1131231,中華電信股份有限公司,5G,339
基隆市,1131231,台灣大哥大股份有限公司,5G,235
基隆市,1131231,台灣大哥大股份有限公司,4G,335
基隆市,1131231,中華電信股份有限公司,4G,432
基隆市,1131231,遠傳電信股份有限公司,4G,414
基隆市,1131231,遠傳電信股份有限公司,5G,290
連江縣,1131231,台灣大哥大股份有限公司,4G,36
連江縣,1131231,遠傳電信股份有限公司,4G,41
連江縣,1131231,中華電信股份有限公司,5G,63
連江縣,1131231,中華電信股份有限公司,4G,123
連江縣,1131231,遠傳電信股份有限公司,5G,28
連江縣,1131231,台灣大哥大股份有限公司,5G,37
雲林縣,1131231,遠傳電信股份有限公司,5G,490
雲林縣,1131231,中華電信股份有限公司,4G,1338
雲林縣,1131231,台灣大哥大股份有限公司,5G,473
雲林縣,1131231,台灣大哥大股份有限公司,4G,805
雲林縣,1131231,遠傳電信股份有限公司,4G,751
雲林縣,1131231,中華電信股份有限公司,5G,715
新北市,1131231,台灣大哥大股份有限公司,5G,2552
新北市,1131231,中華電信股份有限公司,5G,2641
新北市,1131231,遠傳電信股份有限公司,5G,2095
新北市,1131231,中華電信股份有限公司,4G,3373
新北市,1131231,台灣大哥大股份有限公司,4G,3366
新北市,1131231,遠傳電信股份有限公司,4G,2508
新竹市,1131231,中華電信股份有限公司,4G,656
新竹市,1131231,遠傳電信股份有限公司,4G,512
新竹市,1131231,台灣大哥大股份有限公司,4G,465
新竹市,1131231,中華電信股份有限公司,5G,438
新竹市,1131231,台灣大哥大股份有限公司,5G,389
新竹市,1131231,遠傳電信股份有限公司,5G,418
新竹縣,1131231,台灣大哥大股份有限公司,4G,855
新竹縣,1131231,中華電信股份有限公司,4G,1169
新竹縣,1131231,中華電信股份有限公司,5G,748
新竹縣,1131231,遠傳電信股份有限公司,5G,631
新竹縣,1131231,台灣大哥大股份有限公司,5G,519
新竹縣,1131231,遠傳電信股份有限公司,4G,703
嘉義市,1131231,中華電信股份有限公司,5G,235
嘉義市,1131231,台灣大哥大股份有限公司,5G,187
嘉義市,1131231,遠傳電信股份有限公司,5G,172
嘉義市,1131231,中華電信股份有限公司,4G,356
嘉義市,1131231,台灣大哥大股份有限公司,4G,263
嘉義市,1131231,遠傳電信股份有限公司,4G,214
嘉義縣,1131231,中華電信股份有限公司,5G,661
嘉義縣,1131231,中華電信股份有限公司,4G,1129
嘉義縣,1131231,遠傳電信股份有限公司,4G,652
嘉義縣,1131231,台灣大哥大股份有限公司,4G,743
嘉義縣,1131231,台灣大哥大股份有限公司,5G,356
嘉義縣,1131231,遠傳電信股份有限公司,5G,455
彰化縣,1131231,中華電信股份有限公司,4G,1851
彰化縣,1131231,台灣大哥大股份有限公司,4G,1295
彰化縣,1131231,中華電信股份有限公司,5G,1086
彰化縣,1131231,台灣大哥大股份有限公司,5G,740
彰化縣,1131231,遠傳電信股份有限公司,5G,710
彰化縣,1131231,遠傳電信股份有限公司,4G,1207
臺中市,1131231,中華電信股份有限公司,4G,4774
臺中市,1131231,台灣大哥大股份有限公司,5G,2664
臺中市,1131231,中華電信股份有限公司,5G,2504
臺中市,1131231,遠傳電信股份有限公司,4G,3268
臺中市,1131231,台灣大哥大股份有限公司,4G,3905
臺中市,1131231,遠傳電信股份有限公司,5G,2384
臺北市,1131231,中華電信股份有限公司,4G,3212
臺北市,1131231,中華電信股份有限公司,5G,2381
臺北市,1131231,台灣大哥大股份有限公司,4G,2988
臺北市,1131231,遠傳電信股份有限公司,4G,2877
臺北市,1131231,台灣大哥大股份有限公司,5G,2063
臺北市,1131231,遠傳電信股份有限公司,5G,1978
臺東縣,1131231,台灣大哥大股份有限公司,5G,219
臺東縣,1131231,台灣大哥大股份有限公司,4G,554
臺東縣,1131231,中華電信股份有限公司,4G,733
臺東縣,1131231,遠傳電信股份有限公司,4G,492
臺東縣,1131231,中華電信股份有限公司,5G,322
臺東縣,1131231,遠傳電信股份有限公司,5G,262
臺南市,1131231,台灣大哥大股份有限公司,4G,2170
臺南市,1131231,中華電信股份有限公司,4G,2715
臺南市,1131231,台灣大哥大股份有限公司,5G,1513
臺南市,1131231,遠傳電信股份有限公司,5G,1313
臺南市,1131231,遠傳電信股份有限公司,4G,1670
臺南市,1131231,中華電信股份有限公司,5G,1453
澎湖縣,1131231,遠傳電信股份有限公司,4G,190
澎湖縣,1131231,遠傳電信股份有限公司,5G,119
澎湖縣,1131231,中華電信股份有限公司,5G,135
澎湖縣,1131231,台灣大哥大股份有限公司,4G,207
澎湖縣,1131231,中華電信股份有限公司,4G,249
澎湖縣,1131231,台灣大哥大股份有限公司,5G,99
宜蘭縣,1131130,中華電信股份有限公司,4G,1028
宜蘭縣,1131130,遠傳電信股份有限公司,4G,693
宜蘭縣,1131130,台灣大哥大股份有限公司,4G,752
花蓮縣,1131130,中華電信股份有限公司,4G,989
花蓮縣,1131130,台灣大哥大股份有限公司,4G,763
花蓮縣,1131130,遠傳電信股份有限公司,4G,770
金門縣,1131130,遠傳電信股份有限公司,4G,132
金門縣,1131130,台灣大哥大股份有限公司,4G,125
金門縣,1131130,中華電信股份有限公司,4G,426
南投縣,1131130,中華電信股份有限公司,4G,1313
南投縣,1131130,台灣大哥大股份有限公司,4G,985
南投縣,1131130,遠傳電信股份有限公司,4G,922
屏東縣,1131130,台灣大哥大股份有限公司,4G,1121
屏東縣,1131130,中華電信股份有限公司,4G,1387
屏東縣,1131130,遠傳電信股份有限公司,4G,1154
苗栗縣,1131130,遠傳電信股份有限公司,4G,1022
苗栗縣,1131130,台灣大哥大股份有限公司,4G,1021
苗栗縣,1131130,中華電信股份有限公司,4G,1508
桃園市,1131130,中華電信股份有限公司,4G,2266
桃園市,1131130,遠傳電信股份有限公司,4G,1785
桃園市,1131130,台灣大哥大股份有限公司,4G,2362
高雄市,1131130,中華電信股份有限公司,4G,3856
高雄市,1131130,遠傳電信股份有限公司,4G,2532
高雄市,1131130,台灣大哥大股份有限公司,4G,2909
基隆市,1131130,遠傳電信股份有限公司,4G,404
基隆市,1131130,台灣大哥大股份有限公司,4G,333
基隆市,1131130,中華電信股份有限公司,4G,423
連江縣,1131130,台灣大哥大股份有限公司,4G,35
連江縣,1131130,中華電信股份有限公司,4G,123
連江縣,1131130,遠傳電信股份有限公司,4G,41
雲林縣,1131130,中華電信股份有限公司,4G,1383
雲林縣,1131130,台灣大哥大股份有限公司,4G,800
雲林縣,1131130,遠傳電信股份有限公司,4G,751
新北市,1131130,遠傳電信股份有限公司,4G,2490
新北市,1131130,中華電信股份有限公司,4G,3346
新北市,1131130,台灣大哥大股份有限公司,4G,3331
新竹市,1131130,中華電信股份有限公司,4G,651
新竹市,1131130,台灣大哥大股份有限公司,4G,464
新竹市,1131130,遠傳電信股份有限公司,4G,512
新竹縣,1131130,遠傳電信股份有限公司,4G,703
新竹縣,1131130,中華電信股份有限公司,4G,1166
新竹縣,1131130,台灣大哥大股份有限公司,4G,851
嘉義市,1131130,台灣大哥大股份有限公司,4G,263
嘉義市,1131130,遠傳電信股份有限公司,4G,213
嘉義市,1131130,中華電信股份有限公司,4G,360
嘉義縣,1131130,遠傳電信股份有限公司,4G,649
嘉義縣,1131130,台灣大哥大股份有限公司,4G,743
嘉義縣,1131130,中華電信股份有限公司,4G,1130
彰化縣,1131130,中華電信股份有限公司,4G,1897
彰化縣,1131130,遠傳電信股份有限公司,4G,1210
彰化縣,1131130,台灣大哥大股份有限公司,4G,1285
臺中市,1131130,台灣大哥大股份有限公司,4G,3872
臺中市,1131130,中華電信股份有限公司,4G,4859
臺中市,1131130,遠傳電信股份有限公司,4G,3273
臺北市,1131130,中華電信股份有限公司,4G,3186
臺北市,1131130,遠傳電信股份有限公司,4G,2907
臺北市,1131130,台灣大哥大股份有限公司,4G,2959
臺東縣,1131130,中華電信股份有限公司,4G,717
臺東縣,1131130,遠傳電信股份有限公司,4G,489
臺東縣,1131130,台灣大哥大股份有限公司,4G,551
臺南市,1131130,遠傳電信股份有限公司,4G,1668
臺南市,1131130,中華電信股份有限公司,4G,2677
臺南市,1131130,台灣大哥大股份有限公司,4G,2169
澎湖縣,1131130,台灣大哥大股份有限公司,4G,207
澎湖縣,1131130,中華電信股份有限公司,4G,248
澎湖縣,1131130,遠傳電信股份有限公司,4G,172
宜蘭縣,1131031,中華電信股份有限公司,4G,1018
宜蘭縣,1131031,台灣大哥大股份有限公司,4G,840
宜蘭縣,1131031,遠傳電信股份有限公司,4G,696
花蓮縣,1131031,台灣大哥大股份有限公司,4G,907
花蓮縣,1131031,中華電信股份有限公司,4G,989
花蓮縣,1131031,遠傳電信股份有限公司,4G,769
金門縣,1131031,遠傳電信股份有限公司,4G,132
金門縣,1131031,中華電信股份有限公司,4G,419
金門縣,1131031,台灣大哥大股份有限公司,4G,129
南投縣,1131031,台灣大哥大股份有限公司,4G,1031
南投縣,1131031,中華電信股份有限公司,4G,1313
南投縣,1131031,遠傳電信股份有限公司,4G,923
屏東縣,1131031,中華電信股份有限公司,4G,1383
屏東縣,1131031,台灣大哥大股份有限公司,4G,1165
屏東縣,1131031,遠傳電信股份有限公司,4G,1158
苗栗縣,1131031,中華電信股份有限公司,4G,1510
苗栗縣,1131031,遠傳電信股份有限公司,4G,1025
苗栗縣,1131031,台灣大哥大股份有限公司,4G,1095
桃園市,1131031,中華電信股份有限公司,4G,2227
桃園市,1131031,台灣大哥大股份有限公司,4G,2376
桃園市,1131031,遠傳電信股份有限公司,4G,1785
高雄市,1131031,遠傳電信股份有限公司,4G,2530
高雄市,1131031,中華電信股份有限公司,4G,3842
高雄市,1131031,台灣大哥大股份有限公司,4G,2939
基隆市,1131031,中華電信股份有限公司,4G,422
基隆市,1131031,遠傳電信股份有限公司,4G,404
基隆市,1131031,台灣大哥大股份有限公司,4G,361
連江縣,1131031,遠傳電信股份有限公司,4G,41
連江縣,1131031,台灣大哥大股份有限公司,4G,47
連江縣,1131031,中華電信股份有限公司,4G,123
雲林縣,1131031,台灣大哥大股份有限公司,4G,878
雲林縣,1131031,遠傳電信股份有限公司,4G,757
雲林縣,1131031,中華電信股份有限公司,4G,1398
新北市,1131031,中華電信股份有限公司,4G,3305
新北市,1131031,台灣大哥大股份有限公司,4G,3423
新北市,1131031,遠傳電信股份有限公司,4G,2488
新竹市,1131031,台灣大哥大股份有限公司,4G,464
新竹市,1131031,中華電信股份有限公司,4G,651
新竹市,1131031,遠傳電信股份有限公司,4G,512
新竹縣,1131031,中華電信股份有限公司,4G,1166
新竹縣,1131031,遠傳電信股份有限公司,4G,703
新竹縣,1131031,台灣大哥大股份有限公司,4G,851
嘉義市,1131031,台灣大哥大股份有限公司,4G,266
嘉義市,1131031,中華電信股份有限公司,4G,360
嘉義市,1131031,遠傳電信股份有限公司,4G,214
嘉義縣,1131031,遠傳電信股份有限公司,4G,649
嘉義縣,1131031,中華電信股份有限公司,4G,1132
嘉義縣,1131031,台灣大哥大股份有限公司,4G,749
彰化縣,1131031,台灣大哥大股份有限公司,4G,1462
彰化縣,1131031,遠傳電信股份有限公司,4G,1210
彰化縣,1131031,中華電信股份有限公司,4G,1900
臺中市,1131031,遠傳電信股份有限公司,4G,3244
臺中市,1131031,台灣大哥大股份有限公司,4G,4307
臺中市,1131031,中華電信股份有限公司,4G,4879
臺北市,1131031,中華電信股份有限公司,4G,3177
臺北市,1131031,台灣大哥大股份有限公司,4G,3128
臺北市,1131031,遠傳電信股份有限公司,4G,2892
臺東縣,1131031,遠傳電信股份有限公司,4G,492
臺東縣,1131031,台灣大哥大股份有限公司,4G,566
臺東縣,1131031,中華電信股份有限公司,4G,712
臺南市,1131031,中華電信股份有限公司,4G,2650
臺南市,1131031,遠傳電信股份有限公司,4G,1663
臺南市,1131031,台灣大哥大股份有限公司,4G,2178
澎湖縣,1131031,遠傳電信股份有限公司,4G,169
澎湖縣,1131031,台灣大哥大股份有限公司,4G,196
澎湖縣,1131031,中華電信股份有限公司,4G,244
宜蘭縣,1130930,台灣大哥大股份有限公司,4G,840
宜蘭縣,1130930,中華電信股份有限公司,4G,1025
宜蘭縣,1130930,遠傳電信股份有限公司,4G,692
花蓮縣,1130930,中華電信股份有限公司,4G,989
花蓮縣,1130930,台灣大哥大股份有限公司,4G,907
花蓮縣,1130930,遠傳電信股份有限公司,4G,766
金門縣,1130930,遠傳電信股份有限公司,4G,133
金門縣,1130930,台灣大哥大股份有限公司,4G,154
金門縣,1130930,中華電信股份有限公司,4G,416
南投縣,1130930,中華電信股份有限公司,4G,1311
南投縣,1130930,台灣大哥大股份有限公司,4G,1031
南投縣,1130930,遠傳電信股份有限公司,4G,932
屏東縣,1130930,遠傳電信股份有限公司,4G,1159
屏東縣,1130930,中華電信股份有限公司,4G,1380
屏東縣,1130930,台灣大哥大股份有限公司,4G,1239
苗栗縣,1130930,遠傳電信股份有限公司,4G,1027
苗栗縣,1130930,台灣大哥大股份有限公司,4G,1095
苗栗縣,1130930,中華電信股份有限公司,4G,1506
桃園市,1130930,中華電信股份有限公司,4G,2266
桃園市,1130930,遠傳電信股份有限公司,4G,1740
桃園市,1130930,台灣大哥大股份有限公司,4G,2468
高雄市,1130930,遠傳電信股份有限公司,4G,2533
高雄市,1130930,中華電信股份有限公司,4G,3824
高雄市,1130930,台灣大哥大股份有限公司,4G,3202
基隆市,1130930,台灣大哥大股份有限公司,4G,361
基隆市,1130930,中華電信股份有限公司,4G,421
基隆市,1130930,遠傳電信股份有限公司,4G,402
連江縣,1130930,中華電信股份有限公司,4G,123
連江縣,1130930,遠傳電信股份有限公司,4G,41
連江縣,1130930,台灣大哥大股份有限公司,4G,47
雲林縣,1130930,台灣大哥大股份有限公司,4G,878
雲林縣,1130930,中華電信股份有限公司,4G,1399
雲林縣,1130930,遠傳電信股份有限公司,4G,756
新北市,1130930,台灣大哥大股份有限公司,4G,3515
新北市,1130930,中華電信股份有限公司,4G,3331
新北市,1130930,遠傳電信股份有限公司,4G,2433
新竹市,1130930,遠傳電信股份有限公司,4G,506
新竹市,1130930,中華電信股份有限公司,4G,651
新竹市,1130930,台灣大哥大股份有限公司,4G,497
新竹縣,1130930,中華電信股份有限公司,4G,1165
新竹縣,1130930,台灣大哥大股份有限公司,4G,910
新竹縣,1130930,遠傳電信股份有限公司,4G,709
嘉義市,1130930,台灣大哥大股份有限公司,4G,299
嘉義市,1130930,中華電信股份有限公司,4G,360
嘉義市,1130930,遠傳電信股份有限公司,4G,214
嘉義縣,1130930,台灣大哥大股份有限公司,4G,817
嘉義縣,1130930,中華電信股份有限公司,4G,1134
嘉義縣,1130930,遠傳電信股份有限公司,4G,649
彰化縣,1130930,台灣大哥大股份有限公司,4G,1462
彰化縣,1130930,遠傳電信股份有限公司,4G,1210
彰化縣,1130930,中華電信股份有限公司,4G,1900
臺中市,1130930,台灣大哥大股份有限公司,4G,4307
臺中市,1130930,中華電信股份有限公司,4G,4875
臺中市,1130930,遠傳電信股份有限公司,4G,3248
臺北市,1130930,中華電信股份有限公司,4G,3170
臺北市,1130930,台灣大哥大股份有限公司,4G,3128
臺北市,1130930,遠傳電信股份有限公司,4G,2936
臺東縣,1130930,遠傳電信股份有限公司,4G,493
臺東縣,1130930,中華電信股份有限公司,4G,712
臺東縣,1130930,台灣大哥大股份有限公司,4G,596
臺南市,1130930,中華電信股份有限公司,4G,2633
臺南市,1130930,台灣大哥大股份有限公司,4G,2354
臺南市,1130930,遠傳電信股份有限公司,4G,1664
澎湖縣,1130930,中華電信股份有限公司,4G,243
澎湖縣,1130930,台灣大哥大股份有限公司,4G,218
澎湖縣,1130930,遠傳電信股份有限公司,4G,169
宜蘭縣,1130831,中華電信股份有限公司,4G,1024
宜蘭縣,1130831,遠傳電信股份有限公司,4G,690
宜蘭縣,1130831,台灣大哥大股份有限公司,4G,842
花蓮縣,1130831,中華電信股份有限公司,4G,989
花蓮縣,1130831,遠傳電信股份有限公司,4G,756
花蓮縣,1130831,台灣大哥大股份有限公司,4G,914
金門縣,1130831,遠傳電信股份有限公司,4G,132
金門縣,1130831,中華電信股份有限公司,4G,415
金門縣,1130831,台灣大哥大股份有限公司,4G,156
南投縣,1130831,台灣大哥大股份有限公司,4G,1028
南投縣,1130831,中華電信股份有限公司,4G,1309
南投縣,1130831,遠傳電信股份有限公司,4G,932
屏東縣,1130831,中華電信股份有限公司,4G,1355
屏東縣,1130831,遠傳電信股份有限公司,4G,1160
屏東縣,1130831,台灣大哥大股份有限公司,4G,1251
苗栗縣,1130831,台灣大哥大股份有限公司,4G,1090
苗栗縣,1130831,中華電信股份有限公司,4G,1509
苗栗縣,1130831,遠傳電信股份有限公司,4G,1027
桃園市,1130831,遠傳電信股份有限公司,4G,1740
桃園市,1130831,台灣大哥大股份有限公司,4G,2497
桃園市,1130831,中華電信股份有限公司,4G,2252
高雄市,1130831,台灣大哥大股份有限公司,4G,3206
高雄市,1130831,中華電信股份有限公司,4G,3806
高雄市,1130831,遠傳電信股份有限公司,4G,2516
基隆市,1130831,中華電信股份有限公司,4G,420
基隆市,1130831,台灣大哥大股份有限公司,4G,369
基隆市,1130831,遠傳電信股份有限公司,4G,401
連江縣,1130831,中華電信股份有限公司,4G,123
連江縣,1130831,台灣大哥大股份有限公司,4G,47
連江縣,1130831,遠傳電信股份有限公司,4G,41
雲林縣,1130831,台灣大哥大股份有限公司,4G,873
雲林縣,1130831,中華電信股份有限公司,4G,1399
雲林縣,1130831,遠傳電信股份有限公司,4G,753
新北市,1130831,中華電信股份有限公司,4G,3312
新北市,1130831,台灣大哥大股份有限公司,4G,3537
新北市,1130831,遠傳電信股份有限公司,4G,2431
新竹市,1130831,中華電信股份有限公司,4G,651
新竹市,1130831,台灣大哥大股份有限公司,4G,497
新竹市,1130831,遠傳電信股份有限公司,4G,498
新竹縣,1130831,遠傳電信股份有限公司,4G,699
新竹縣,1130831,中華電信股份有限公司,4G,1165
新竹縣,1130831,台灣大哥大股份有限公司,4G,910
嘉義市,1130831,台灣大哥大股份有限公司,4G,301
嘉義市,1130831,中華電信股份有限公司,4G,360
嘉義市,1130831,遠傳電信股份有限公司,4G,214
嘉義縣,1130831,台灣大哥大股份有限公司,4G,819
嘉義縣,1130831,遠傳電信股份有限公司,4G,645
嘉義縣,1130831,中華電信股份有限公司,4G,1131
彰化縣,1130831,中華電信股份有限公司,4G,1900
彰化縣,1130831,遠傳電信股份有限公司,4G,1206
彰化縣,1130831,台灣大哥大股份有限公司,4G,1460
臺中市,1130831,中華電信股份有限公司,4G,4889
臺中市,1130831,台灣大哥大股份有限公司,4G,4290
臺中市,1130831,遠傳電信股份有限公司,4G,3238
臺北市,1130831,中華電信股份有限公司,4G,3169
臺北市,1130831,台灣大哥大股份有限公司,4G,3145
臺北市,1130831,遠傳電信股份有限公司,4G,2927
臺東縣,1130831,遠傳電信股份有限公司,4G,494
臺東縣,1130831,中華電信股份有限公司,4G,704
臺東縣,1130831,台灣大哥大股份有限公司,4G,593
臺南市,1130831,中華電信股份有限公司,4G,2599
臺南市,1130831,遠傳電信股份有限公司,4G,1664
臺南市,1130831,台灣大哥大股份有限公司,4G,2347
澎湖縣,1130831,台灣大哥大股份有限公司,4G,219
澎湖縣,1130831,遠傳電信股份有限公司,4G,168
澎湖縣,1130831,中華電信股份有限公司,4G,241
宜蘭縣,1130731,台灣大哥大股份有限公司,4G,841
宜蘭縣,1130731,中華電信股份有限公司,4G,1021
宜蘭縣,1130731,遠傳電信股份有限公司,4G,690
花蓮縣,1130731,台灣大哥大股份有限公司,4G,914
花蓮縣,1130731,中華電信股份有限公司,4G,987
花蓮縣,1130731,遠傳電信股份有限公司,4G,756
金門縣,1130731,台灣大哥大股份有限公司,4G,156
金門縣,1130731,中華電信股份有限公司,4G,413
金門縣,1130731,遠傳電信股份有限公司,4G,132
南投縣,1130731,台灣大哥大股份有限公司,4G,1029
南投縣,1130731,中華電信股份有限公司,4G,1304
南投縣,1130731,遠傳電信股份有限公司,4G,931
屏東縣,1130731,中華電信股份有限公司,4G,1340
屏東縣,1130731,遠傳電信股份有限公司,4G,1150
屏東縣,1130731,台灣大哥大股份有限公司,4G,1251
苗栗縣,1130731,中華電信股份有限公司,4G,1489
苗栗縣,1130731,台灣大哥大股份有限公司,4G,1090
苗栗縣,1130731,遠傳電信股份有限公司,4G,1024
桃園市,1130731,中華電信股份有限公司,4G,2242
桃園市,1130731,台灣大哥大股份有限公司,4G,2466
桃園市,1130731,遠傳電信股份有限公司,4G,1740
高雄市,1130731,中華電信股份有限公司,4G,3785
高雄市,1130731,台灣大哥大股份有限公司,4G,3205
高雄市,1130731,遠傳電信股份有限公司,4G,2477
基隆市,1130731,中華電信股份有限公司,4G,415
基隆市,1130731,遠傳電信股份有限公司,4G,401
基隆市,1130731,台灣大哥大股份有限公司,4G,367
連江縣,1130731,中華電信股份有限公司,4G,123
連江縣,1130731,台灣大哥大股份有限公司,4G,47
連江縣,1130731,遠傳電信股份有限公司,4G,41
雲林縣,1130731,台灣大哥大股份有限公司,4G,873
雲林縣,1130731,中華電信股份有限公司,4G,1384
雲林縣,1130731,遠傳電信股份有限公司,4G,747
新北市,1130731,中華電信股份有限公司,4G,3295
新北市,1130731,台灣大哥大股份有限公司,4G,3445
新北市,1130731,遠傳電信股份有限公司,4G,2431
新竹市,1130731,中華電信股份有限公司,4G,651
新竹市,1130731,台灣大哥大股份有限公司,4G,506
新竹市,1130731,遠傳電信股份有限公司,4G,506
新竹縣,1130731,台灣大哥大股份有限公司,4G,922
新竹縣,1130731,中華電信股份有限公司,4G,1165
新竹縣,1130731,遠傳電信股份有限公司,4G,708
嘉義市,1130731,遠傳電信股份有限公司,4G,214
嘉義市,1130731,中華電信股份有限公司,4G,361
嘉義市,1130731,台灣大哥大股份有限公司,4G,301
嘉義縣,1130731,台灣大哥大股份有限公司,4G,819
嘉義縣,1130731,中華電信股份有限公司,4G,1128
嘉義縣,1130731,遠傳電信股份有限公司,4G,640
彰化縣,1130731,遠傳電信股份有限公司,4G,1196
彰化縣,1130731,中華電信股份有限公司,4G,1887
彰化縣,1130731,台灣大哥大股份有限公司,4G,1460
臺中市,1130731,中華電信股份有限公司,4G,4856
臺中市,1130731,台灣大哥大股份有限公司,4G,4290
臺中市,1130731,遠傳電信股份有限公司,4G,3219
臺北市,1130731,台灣大哥大股份有限公司,4G,3112
臺北市,1130731,中華電信股份有限公司,4G,3165
臺北市,1130731,遠傳電信股份有限公司,4G,2929
臺東縣,1130731,中華電信股份有限公司,4G,691
臺東縣,1130731,遠傳電信股份有限公司,4G,495
臺東縣,1130731,台灣大哥大股份有限公司,4G,593
臺南市,1130731,中華電信股份有限公司,4G,2567
臺南市,1130731,遠傳電信股份有限公司,4G,1654
臺南市,1130731,台灣大哥大股份有限公司,4G,2347
澎湖縣,1130731,中華電信股份有限公司,4G,239
澎湖縣,1130731,遠傳電信股份有限公司,4G,167
澎湖縣,1130731,台灣大哥大股份有限公司,4G,219
宜蘭縣,1130630,台灣大哥大股份有限公司,4G,869
宜蘭縣,1130630,中華電信股份有限公司,4G,1021
宜蘭縣,1130630,遠傳電信股份有限公司,5G,475
宜蘭縣,1130630,中華電信股份有限公司,5G,613
宜蘭縣,1130630,台灣大哥大股份有限公司,5G,429
宜蘭縣,1130630,遠傳電信股份有限公司,4G,721
花蓮縣,1130630,遠傳電信股份有限公司,5G,568
花蓮縣,1130630,中華電信股份有限公司,4G,986
花蓮縣,1130630,台灣大哥大股份有限公司,4G,936
花蓮縣,1130630,中華電信股份有限公司,5G,598
花蓮縣,1130630,遠傳電信股份有限公司,4G,785
花蓮縣,1130630,台灣大哥大股份有限公司,5G,522
金門縣,1130630,中華電信股份有限公司,4G,408
金門縣,1130630,中華電信股份有限公司,5G,144
金門縣,1130630,遠傳電信股份有限公司,4G,132
金門縣,1130630,遠傳電信股份有限公司,5G,54
金門縣,1130630,台灣大哥大股份有限公司,4G,156
金門縣,1130630,台灣大哥大股份有限公司,5G,40
南投縣,1130630,中華電信股份有限公司,5G,715
南投縣,1130630,中華電信股份有限公司,4G,1304
南投縣,1130630,台灣大哥大股份有限公司,5G,428
南投縣,1130630,台灣大哥大股份有限公司,4G,1035
南投縣,1130630,遠傳電信股份有限公司,4G,929
南投縣,1130630,遠傳電信股份有限公司,5G,605
屏東縣,1130630,遠傳電信股份有限公司,4G,1150
屏東縣,1130630,中華電信股份有限公司,4G,1332
屏東縣,1130630,中華電信股份有限公司,5G,669
屏東縣,1130630,台灣大哥大股份有限公司,5G,560
屏東縣,1130630,台灣大哥大股份有限公司,4G,1273
屏東縣,1130630,遠傳電信股份有限公司,5G,664
苗栗縣,1130630,遠傳電信股份有限公司,5G,662
苗栗縣,1130630,台灣大哥大股份有限公司,5G,448
苗栗縣,1130630,中華電信股份有限公司,5G,753
苗栗縣,1130630,遠傳電信股份有限公司,4G,1020
苗栗縣,1130630,台灣大哥大股份有限公司,4G,1092
苗栗縣,1130630,中華電信股份有限公司,4G,1488
桃園市,1130630,台灣大哥大股份有限公司,5G,1521
桃園市,1130630,遠傳電信股份有限公司,4G,2227
桃園市,1130630,中華電信股份有限公司,5G,1880
桃園市,1130630,中華電信股份有限公司,4G,2216
桃園市,1130630,遠傳電信股份有限公司,5G,1371
桃園市,1130630,台灣大哥大股份有限公司,4G,2611
高雄市,1130630,遠傳電信股份有限公司,5G,1802
高雄市,1130630,台灣大哥大股份有限公司,4G,3307
高雄市,1130630,中華電信股份有限公司,4G,3769
高雄市,1130630,中華電信股份有限公司,5G,2216
高雄市,1130630,遠傳電信股份有限公司,4G,2476
高雄市,1130630,台灣大哥大股份有限公司,5G,1974
基隆市,1130630,中華電信股份有限公司,4G,406
基隆市,1130630,中華電信股份有限公司,5G,316
基隆市,1130630,遠傳電信股份有限公司,5G,252
基隆市,1130630,台灣大哥大股份有限公司,4G,394
基隆市,1130630,遠傳電信股份有限公司,4G,445
基隆市,1130630,台灣大哥大股份有限公司,5G,230
連江縣,1130630,台灣大哥大股份有限公司,5G,30
連江縣,1130630,中華電信股份有限公司,5G,62
連江縣,1130630,中華電信股份有限公司,4G,123
連江縣,1130630,遠傳電信股份有限公司,4G,52
連江縣,1130630,台灣大哥大股份有限公司,4G,47
連江縣,1130630,遠傳電信股份有限公司,5G,28
雲林縣,1130630,遠傳電信股份有限公司,4G,744
雲林縣,1130630,台灣大哥大股份有限公司,5G,406
雲林縣,1130630,中華電信股份有限公司,5G,679
雲林縣,1130630,中華電信股份有限公司,4G,1384
雲林縣,1130630,台灣大哥大股份有限公司,4G,880
雲林縣,1130630,遠傳電信股份有限公司,5G,468
新北市,1130630,中華電信股份有限公司,5G,2450
新北市,1130630,台灣大哥大股份有限公司,5G,2442
新北市,1130630,遠傳電信股份有限公司,5G,1948
新北市,1130630,中華電信股份有限公司,4G,3283
新北市,1130630,台灣大哥大股份有限公司,4G,3669
新北市,1130630,遠傳電信股份有限公司,4G,2865
新竹市,1130630,中華電信股份有限公司,4G,649
新竹市,1130630,台灣大哥大股份有限公司,5G,341
新竹市,1130630,遠傳電信股份有限公司,5G,368
新竹市,1130630,台灣大哥大股份有限公司,4G,506
新竹市,1130630,中華電信股份有限公司,5G,384
新竹市,1130630,遠傳電信股份有限公司,4G,507
新竹縣,1130630,台灣大哥大股份有限公司,4G,943
新竹縣,1130630,中華電信股份有限公司,4G,1147
新竹縣,1130630,中華電信股份有限公司,5G,682
新竹縣,1130630,台灣大哥大股份有限公司,5G,477
新竹縣,1130630,遠傳電信股份有限公司,5G,581
新竹縣,1130630,遠傳電信股份有限公司,4G,726
嘉義市,1130630,台灣大哥大股份有限公司,4G,309
嘉義市,1130630,中華電信股份有限公司,5G,232
嘉義市,1130630,遠傳電信股份有限公司,5G,163
嘉義市,1130630,中華電信股份有限公司,4G,359
嘉義市,1130630,台灣大哥大股份有限公司,5G,183
嘉義市,1130630,遠傳電信股份有限公司,4G,214
嘉義縣,1130630,台灣大哥大股份有限公司,5G,245
嘉義縣,1130630,中華電信股份有限公司,4G,1125
嘉義縣,1130630,中華電信股份有限公司,5G,642
嘉義縣,1130630,台灣大哥大股份有限公司,4G,833
嘉義縣,1130630,遠傳電信股份有限公司,5G,429
嘉義縣,1130630,遠傳電信股份有限公司,4G,640
彰化縣,1130630,台灣大哥大股份有限公司,5G,692
彰化縣,1130630,台灣大哥大股份有限公司,4G,1468
彰化縣,1130630,中華電信股份有限公司,5G,1049
彰化縣,1130630,遠傳電信股份有限公司,4G,1197
彰化縣,1130630,中華電信股份有限公司,4G,1888
彰化縣,1130630,遠傳電信股份有限公司,5G,672
臺中市,1130630,台灣大哥大股份有限公司,5G,2548
臺中市,1130630,中華電信股份有限公司,5G,2406
臺中市,1130630,遠傳電信股份有限公司,4G,3207
臺中市,1130630,中華電信股份有限公司,4G,4862
臺中市,1130630,台灣大哥大股份有限公司,4G,4314
臺中市,1130630,遠傳電信股份有限公司,5G,2294
臺北市,1130630,台灣大哥大股份有限公司,5G,2009
臺北市,1130630,遠傳電信股份有限公司,4G,3220
臺北市,1130630,中華電信股份有限公司,4G,3164
臺北市,1130630,中華電信股份有限公司,5G,2239
臺北市,1130630,遠傳電信股份有限公司,5G,1878
臺北市,1130630,台灣大哥大股份有限公司,4G,3304
臺東縣,1130630,台灣大哥大股份有限公司,4G,606
臺東縣,1130630,台灣大哥大股份有限公司,5G,190
臺東縣,1130630,中華電信股份有限公司,5G,299
臺東縣,1130630,中華電信股份有限公司,4G,686
臺東縣,1130630,遠傳電信股份有限公司,5G,248
臺東縣,1130630,遠傳電信股份有限公司,4G,495
臺南市,1130630,遠傳電信股份有限公司,5G,1275
臺南市,1130630,台灣大哥大股份有限公司,5G,1416
臺南市,1130630,中華電信股份有限公司,4G,2559
臺南市,1130630,中華電信股份有限公司,5G,1366
臺南市,1130630,遠傳電信股份有限公司,4G,1651
臺南市,1130630,台灣大哥大股份有限公司,4G,2444
澎湖縣,1130630,遠傳電信股份有限公司,5G,88
澎湖縣,1130630,中華電信股份有限公司,4G,239
澎湖縣,1130630,台灣大哥大股份有限公司,5G,81
澎湖縣,1130630,中華電信股份有限公司,5G,123
澎湖縣,1130630,遠傳電信股份有限公司,4G,167
澎湖縣,1130630,台灣大哥大股份有限公司,4G,219
宜蘭縣,1130531,遠傳電信股份有限公司,4G,721
宜蘭縣,1130531,中華電信股份有限公司,4G,1021
宜蘭縣,1130531,台灣大哥大股份有限公司,4G,869
花蓮縣,1130531,遠傳電信股份有限公司,4G,785
花蓮縣,1130531,中華電信股份有限公司,4G,987
花蓮縣,1130531,台灣大哥大股份有限公司,4G,936
金門縣,1130531,中華電信股份有限公司,4G,398
金門縣,1130531,台灣大哥大股份有限公司,4G,156
金門縣,1130531,遠傳電信股份有限公司,4G,149
南投縣,1130531,台灣大哥大股份有限公司,4G,1083
南投縣,1130531,遠傳電信股份有限公司,4G,1053
南投縣,1130531,中華電信股份有限公司,4G,1306
屏東縣,1130531,中華電信股份有限公司,4G,1309
屏東縣,1130531,台灣大哥大股份有限公司,4G,1273
屏東縣,1130531,遠傳電信股份有限公司,4G,1552
苗栗縣,1130531,中華電信股份有限公司,4G,1450
苗栗縣,1130531,台灣大哥大股份有限公司,4G,1132
苗栗縣,1130531,遠傳電信股份有限公司,4G,1118
桃園市,1130531,遠傳電信股份有限公司,4G,2228
桃園市,1130531,台灣大哥大股份有限公司,4G,2619
桃園市,1130531,中華電信股份有限公司,4G,2237
高雄市,1130531,台灣大哥大股份有限公司,4G,3307
高雄市,1130531,遠傳電信股份有限公司,4G,3456
高雄市,1130531,中華電信股份有限公司,4G,3720
基隆市,1130531,中華電信股份有限公司,4G,415
基隆市,1130531,台灣大哥大股份有限公司,4G,394
基隆市,1130531,遠傳電信股份有限公司,4G,445
連江縣,1130531,台灣大哥大股份有限公司,4G,47
連江縣,1130531,中華電信股份有限公司,4G,123
連江縣,1130531,遠傳電信股份有限公司,4G,52
雲林縣,1130531,台灣大哥大股份有限公司,4G,927
雲林縣,1130531,遠傳電信股份有限公司,4G,851
雲林縣,1130531,中華電信股份有限公司,4G,1380
新北市,1130531,中華電信股份有限公司,4G,3294
新北市,1130531,台灣大哥大股份有限公司,4G,3690
新北市,1130531,遠傳電信股份有限公司,4G,2868
新竹市,1130531,中華電信股份有限公司,4G,649
新竹市,1130531,台灣大哥大股份有限公司,4G,587
新竹市,1130531,遠傳電信股份有限公司,4G,691
新竹縣,1130531,台灣大哥大股份有限公司,4G,994
新竹縣,1130531,中華電信股份有限公司,4G,1147
新竹縣,1130531,遠傳電信股份有限公司,4G,950
嘉義市,1130531,中華電信股份有限公司,4G,357
嘉義市,1130531,台灣大哥大股份有限公司,4G,309
嘉義市,1130531,遠傳電信股份有限公司,4G,318
嘉義縣,1130531,中華電信股份有限公司,4G,1103
嘉義縣,1130531,遠傳電信股份有限公司,4G,805
嘉義縣,1130531,台灣大哥大股份有限公司,4G,833
彰化縣,1130531,遠傳電信股份有限公司,4G,1377
彰化縣,1130531,台灣大哥大股份有限公司,4G,1487
彰化縣,1130531,中華電信股份有限公司,4G,1908
臺中市,1130531,遠傳電信股份有限公司,4G,3914
臺中市,1130531,中華電信股份有限公司,4G,4857
臺中市,1130531,台灣大哥大股份有限公司,4G,4440
臺北市,1130531,遠傳電信股份有限公司,4G,3220
臺北市,1130531,中華電信股份有限公司,4G,3165
臺北市,1130531,台灣大哥大股份有限公司,4G,3307
臺東縣,1130531,遠傳電信股份有限公司,4G,558
臺東縣,1130531,中華電信股份有限公司,4G,678
臺東縣,1130531,台灣大哥大股份有限公司,4G,606
臺南市,1130531,中華電信股份有限公司,4G,2496
臺南市,1130531,台灣大哥大股份有限公司,4G,2444
臺南市,1130531,遠傳電信股份有限公司,4G,2293
澎湖縣,1130531,中華電信股份有限公司,4G,222
澎湖縣,1130531,台灣大哥大股份有限公司,4G,219
澎湖縣,1130531,遠傳電信股份有限公司,4G,193
宜蘭縣,1130430,台灣大哥大股份有限公司,4G,893
宜蘭縣,1130430,中華電信股份有限公司,4G,1021
宜蘭縣,1130430,遠傳電信股份有限公司,4G,727
花蓮縣,1130430,台灣大哥大股份有限公司,4G,962
花蓮縣,1130430,中華電信股份有限公司,4G,989
花蓮縣,1130430,遠傳電信股份有限公司,4G,793
金門縣,1130430,遠傳電信股份有限公司,4G,149
金門縣,1130430,中華電信股份有限公司,4G,385
金門縣,1130430,台灣大哥大股份有限公司,4G,157
南投縣,1130430,遠傳電信股份有限公司,4G,1140
南投縣,1130430,中華電信股份有限公司,4G,1301
南投縣,1130430,台灣大哥大股份有限公司,4G,1150
屏東縣,1130430,中華電信股份有限公司,4G,1272
屏東縣,1130430,台灣大哥大股份有限公司,4G,1363
屏東縣,1130430,遠傳電信股份有限公司,4G,1561
苗栗縣,1130430,中華電信股份有限公司,4G,1429
苗栗縣,1130430,台灣大哥大股份有限公司,4G,1139
苗栗縣,1130430,遠傳電信股份有限公司,4G,1240
桃園市,1130430,中華電信股份有限公司,4G,2208
桃園市,1130430,台灣大哥大股份有限公司,4G,2803
桃園市,1130430,遠傳電信股份有限公司,4G,2227
高雄市,1130430,遠傳電信股份有限公司,4G,3486
高雄市,1130430,中華電信股份有限公司,4G,3688
高雄市,1130430,台灣大哥大股份有限公司,4G,3516
基隆市,1130430,中華電信股份有限公司,4G,413
基隆市,1130430,台灣大哥大股份有限公司,4G,411
基隆市,1130430,遠傳電信股份有限公司,4G,450
連江縣,1130430,台灣大哥大股份有限公司,4G,48
連江縣,1130430,遠傳電信股份有限公司,4G,52
連江縣,1130430,中華電信股份有限公司,4G,123
雲林縣,1130430,台灣大哥大股份有限公司,4G,996
雲林縣,1130430,中華電信股份有限公司,4G,1373
雲林縣,1130430,遠傳電信股份有限公司,4G,911
新北市,1130430,遠傳電信股份有限公司,4G,2885
新北市,1130430,中華電信股份有限公司,4G,3285
新北市,1130430,台灣大哥大股份有限公司,4G,4028
新竹市,1130430,遠傳電信股份有限公司,4G,691
新竹市,1130430,中華電信股份有限公司,4G,649
新竹市,1130430,台灣大哥大股份有限公司,4G,587
新竹縣,1130430,遠傳電信股份有限公司,4G,953
新竹縣,1130430,台灣大哥大股份有限公司,4G,994
新竹縣,1130430,中華電信股份有限公司,4G,1147
嘉義市,1130430,中華電信股份有限公司,4G,356
嘉義市,1130430,台灣大哥大股份有限公司,4G,347
嘉義市,1130430,遠傳電信股份有限公司,4G,323
嘉義縣,1130430,台灣大哥大股份有限公司,4G,863
嘉義縣,1130430,遠傳電信股份有限公司,4G,812
嘉義縣,1130430,中華電信股份有限公司,4G,1089
彰化縣,1130430,遠傳電信股份有限公司,4G,1491
彰化縣,1130430,中華電信股份有限公司,4G,1891
彰化縣,1130430,台灣大哥大股份有限公司,4G,1592
臺中市,1130430,台灣大哥大股份有限公司,4G,4762
臺中市,1130430,中華電信股份有限公司,4G,4833
臺中市,1130430,遠傳電信股份有限公司,4G,4487
臺北市,1130430,台灣大哥大股份有限公司,4G,3619
臺北市,1130430,中華電信股份有限公司,4G,3165
臺北市,1130430,遠傳電信股份有限公司,4G,3230
臺東縣,1130430,遠傳電信股份有限公司,4G,558
臺東縣,1130430,中華電信股份有限公司,4G,679
臺東縣,1130430,台灣大哥大股份有限公司,4G,628
臺南市,1130430,遠傳電信股份有限公司,4G,2304
臺南市,1130430,中華電信股份有限公司,4G,2445
臺南市,1130430,台灣大哥大股份有限公司,4G,2606
澎湖縣,1130430,遠傳電信股份有限公司,4G,194
澎湖縣,1130430,台灣大哥大股份有限公司,4G,219
澎湖縣,1130430,中華電信股份有限公司,4G,217
宜蘭縣,1130331,中華電信股份有限公司,4G,1020
宜蘭縣,1130331,台灣大哥大股份有限公司,4G,892
宜蘭縣,1130331,遠傳電信股份有限公司,4G,739
花蓮縣,1130331,台灣大哥大股份有限公司,4G,959
花蓮縣,1130331,遠傳電信股份有限公司,4G,804
花蓮縣,1130331,中華電信股份有限公司,4G,989
金門縣,1130331,中華電信股份有限公司,4G,382
金門縣,1130331,台灣大哥大股份有限公司,4G,157
金門縣,1130331,遠傳電信股份有限公司,4G,149
南投縣,1130331,遠傳電信股份有限公司,4G,1143
南投縣,1130331,中華電信股份有限公司,4G,1283
南投縣,1130331,台灣大哥大股份有限公司,4G,1145
屏東縣,1130331,中華電信股份有限公司,4G,1258
屏東縣,1130331,遠傳電信股份有限公司,4G,1582
屏東縣,1130331,台灣大哥大股份有限公司,4G,1360
苗栗縣,1130331,遠傳電信股份有限公司,4G,1247
苗栗縣,1130331,台灣大哥大股份有限公司,4G,1135
苗栗縣,1130331,中華電信股份有限公司,4G,1407
桃園市,1130331,遠傳電信股份有限公司,4G,2611
桃園市,1130331,台灣大哥大股份有限公司,4G,2788
桃園市,1130331,中華電信股份有限公司,4G,2208
高雄市,1130331,遠傳電信股份有限公司,4G,3542
高雄市,1130331,中華電信股份有限公司,4G,3670
高雄市,1130331,台灣大哥大股份有限公司,4G,3502
基隆市,1130331,中華電信股份有限公司,4G,412
基隆市,1130331,遠傳電信股份有限公司,4G,503
基隆市,1130331,台灣大哥大股份有限公司,4G,411
連江縣,1130331,中華電信股份有限公司,4G,122
連江縣,1130331,遠傳電信股份有限公司,4G,51
連江縣,1130331,台灣大哥大股份有限公司,4G,48
雲林縣,1130331,遠傳電信股份有限公司,4G,915
雲林縣,1130331,台灣大哥大股份有限公司,4G,991
雲林縣,1130331,中華電信股份有限公司,4G,1353
新北市,1130331,中華電信股份有限公司,4G,3280
新北市,1130331,台灣大哥大股份有限公司,4G,4014
新北市,1130331,遠傳電信股份有限公司,4G,3592
新竹市,1130331,遠傳電信股份有限公司,4G,690
新竹市,1130331,中華電信股份有限公司,4G,649
新竹市,1130331,台灣大哥大股份有限公司,4G,587
新竹縣,1130331,遠傳電信股份有限公司,4G,958
新竹縣,1130331,台灣大哥大股份有限公司,4G,994
新竹縣,1130331,中華電信股份有限公司,4G,1147
嘉義市,1130331,遠傳電信股份有限公司,4G,331
嘉義市,1130331,中華電信股份有限公司,4G,356
嘉義市,1130331,台灣大哥大股份有限公司,4G,347
嘉義縣,1130331,遠傳電信股份有限公司,4G,847
嘉義縣,1130331,台灣大哥大股份有限公司,4G,856
嘉義縣,1130331,中華電信股份有限公司,4G,1088
彰化縣,1130331,中華電信股份有限公司,4G,1876
彰化縣,1130331,遠傳電信股份有限公司,4G,1500
彰化縣,1130331,台灣大哥大股份有限公司,4G,1584
臺中市,1130331,中華電信股份有限公司,4G,4797
臺中市,1130331,遠傳電信股份有限公司,4G,4553
臺中市,1130331,台灣大哥大股份有限公司,4G,4735
臺北市,1130331,中華電信股份有限公司,4G,3158
臺北市,1130331,台灣大哥大股份有限公司,4G,3608
臺北市,1130331,遠傳電信股份有限公司,4G,3583
臺東縣,1130331,遠傳電信股份有限公司,4G,572
臺東縣,1130331,中華電信股份有限公司,4G,679
臺東縣,1130331,台灣大哥大股份有限公司,4G,626
臺南市,1130331,中華電信股份有限公司,4G,2432
臺南市,1130331,台灣大哥大股份有限公司,4G,2594
臺南市,1130331,遠傳電信股份有限公司,4G,2384
澎湖縣,1130331,中華電信股份有限公司,4G,215
澎湖縣,1130331,台灣大哥大股份有限公司,4G,216
澎湖縣,1130331,遠傳電信股份有限公司,4G,198
宜蘭縣,1130229,中華電信股份有限公司,4G,1020
宜蘭縣,1130229,遠傳電信股份有限公司,4G,779
宜蘭縣,1130229,台灣大哥大股份有限公司,4G,892
花蓮縣,1130229,中華電信股份有限公司,4G,987
花蓮縣,1130229,台灣大哥大股份有限公司,4G,959
花蓮縣,1130229,遠傳電信股份有限公司,4G,842
金門縣,1130229,台灣大哥大股份有限公司,4G,157
金門縣,1130229,遠傳電信股份有限公司,4G,151
金門縣,1130229,中華電信股份有限公司,4G,378
南投縣,1130229,台灣大哥大股份有限公司,4G,1156
南投縣,1130229,中華電信股份有限公司,4G,1273
南投縣,1130229,遠傳電信股份有限公司,4G,1143
屏東縣,1130229,遠傳電信股份有限公司,4G,1582
屏東縣,1130229,中華電信股份有限公司,4G,1243
屏東縣,1130229,台灣大哥大股份有限公司,4G,1365
苗栗縣,1130229,中華電信股份有限公司,4G,1401
苗栗縣,1130229,台灣大哥大股份有限公司,4G,1145
苗栗縣,1130229,遠傳電信股份有限公司,4G,1247
桃園市,1130229,遠傳電信股份有限公司,4G,2621
桃園市,1130229,中華電信股份有限公司,4G,2208
桃園市,1130229,台灣大哥大股份有限公司,4G,2788
高雄市,1130229,中華電信股份有限公司,4G,3620
高雄市,1130229,台灣大哥大股份有限公司,4G,3513
高雄市,1130229,遠傳電信股份有限公司,4G,3542
基隆市,1130229,台灣大哥大股份有限公司,4G,411
基隆市,1130229,遠傳電信股份有限公司,4G,552
基隆市,1130229,中華電信股份有限公司,4G,411
連江縣,1130229,遠傳電信股份有限公司,4G,51
連江縣,1130229,中華電信股份有限公司,4G,121
連江縣,1130229,台灣大哥大股份有限公司,4G,48
雲林縣,1130229,台灣大哥大股份有限公司,4G,1001
雲林縣,1130229,遠傳電信股份有限公司,4G,915
雲林縣,1130229,中華電信股份有限公司,4G,1336
新北市,1130229,中華電信股份有限公司,4G,3278
新北市,1130229,遠傳電信股份有限公司,4G,3661
新北市,1130229,台灣大哥大股份有限公司,4G,4014
新竹市,1130229,中華電信股份有限公司,4G,649
新竹市,1130229,台灣大哥大股份有限公司,4G,425
新竹市,1130229,遠傳電信股份有限公司,4G,690
新竹縣,1130229,台灣大哥大股份有限公司,4G,736
新竹縣,1130229,遠傳電信股份有限公司,4G,958
新竹縣,1130229,中華電信股份有限公司,4G,1147
嘉義市,1130229,遠傳電信股份有限公司,4G,331
嘉義市,1130229,中華電信股份有限公司,4G,355
嘉義市,1130229,台灣大哥大股份有限公司,4G,349
嘉義縣,1130229,中華電信股份有限公司,4G,1077
嘉義縣,1130229,台灣大哥大股份有限公司,4G,858
嘉義縣,1130229,遠傳電信股份有限公司,4G,847
彰化縣,1130229,中華電信股份有限公司,4G,1881
彰化縣,1130229,台灣大哥大股份有限公司,4G,1607
彰化縣,1130229,遠傳電信股份有限公司,4G,1500
臺中市,1130229,中華電信股份有限公司,4G,4789
臺中市,1130229,遠傳電信股份有限公司,4G,4553
臺中市,1130229,台灣大哥大股份有限公司,4G,4810
臺北市,1130229,台灣大哥大股份有限公司,4G,3609
臺北市,1130229,中華電信股份有限公司,4G,3157
臺北市,1130229,遠傳電信股份有限公司,4G,3904
臺東縣,1130229,中華電信股份有限公司,4G,675
臺東縣,1130229,台灣大哥大股份有限公司,4G,626
臺東縣,1130229,遠傳電信股份有限公司,4G,572
臺南市,1130229,台灣大哥大股份有限公司,4G,2600
臺南市,1130229,中華電信股份有限公司,4G,2408
臺南市,1130229,遠傳電信股份有限公司,4G,2384
澎湖縣,1130229,中華電信股份有限公司,4G,211
澎湖縣,1130229,遠傳電信股份有限公司,4G,198
澎湖縣,1130229,台灣大哥大股份有限公司,4G,216
宜蘭縣,1130131,台灣大哥大股份有限公司,4G,895
宜蘭縣,1130131,中華電信股份有限公司,4G,1019
宜蘭縣,1130131,遠傳電信股份有限公司,4G,779
花蓮縣,1130131,中華電信股份有限公司,4G,986
花蓮縣,1130131,遠傳電信股份有限公司,4G,842
花蓮縣,1130131,台灣大哥大股份有限公司,4G,964
金門縣,1130131,台灣大哥大股份有限公司,4G,157
金門縣,1130131,中華電信股份有限公司,4G,371
金門縣,1130131,遠傳電信股份有限公司,4G,152
南投縣,1130131,台灣大哥大股份有限公司,4G,1156
南投縣,1130131,中華電信股份有限公司,4G,1273
南投縣,1130131,遠傳電信股份有限公司,4G,1133
屏東縣,1130131,台灣大哥大股份有限公司,4G,1364
屏東縣,1130131,遠傳電信股份有限公司,4G,1582
屏東縣,1130131,中華電信股份有限公司,4G,1233
苗栗縣,1130131,遠傳電信股份有限公司,4G,1248
苗栗縣,1130131,中華電信股份有限公司,4G,1393
苗栗縣,1130131,台灣大哥大股份有限公司,4G,1145
桃園市,1130131,中華電信股份有限公司,4G,2202
桃園市,1130131,台灣大哥大股份有限公司,4G,2862
桃園市,1130131,遠傳電信股份有限公司,4G,2621
高雄市,1130131,遠傳電信股份有限公司,4G,3542
高雄市,1130131,中華電信股份有限公司,4G,3606
高雄市,1130131,台灣大哥大股份有限公司,4G,3521
基隆市,1130131,台灣大哥大股份有限公司,4G,414
基隆市,1130131,遠傳電信股份有限公司,4G,552
基隆市,1130131,中華電信股份有限公司,4G,409
連江縣,1130131,遠傳電信股份有限公司,4G,51
連江縣,1130131,中華電信股份有限公司,4G,121
連江縣,1130131,台灣大哥大股份有限公司,4G,48
雲林縣,1130131,中華電信股份有限公司,4G,1333
雲林縣,1130131,遠傳電信股份有限公司,4G,908
雲林縣,1130131,台灣大哥大股份有限公司,4G,1001
新北市,1130131,遠傳電信股份有限公司,4G,3661
新北市,1130131,台灣大哥大股份有限公司,4G,4036
新北市,1130131,中華電信股份有限公司,4G,3265
新竹市,1130131,中華電信股份有限公司,4G,649
新竹市,1130131,台灣大哥大股份有限公司,4G,425
新竹市,1130131,遠傳電信股份有限公司,4G,690
新竹縣,1130131,中華電信股份有限公司,4G,1147
新竹縣,1130131,遠傳電信股份有限公司,4G,958
新竹縣,1130131,台灣大哥大股份有限公司,4G,736
嘉義市,1130131,台灣大哥大股份有限公司,4G,353
嘉義市,1130131,中華電信股份有限公司,4G,354
嘉義市,1130131,遠傳電信股份有限公司,4G,331
嘉義縣,1130131,中華電信股份有限公司,4G,1066
嘉義縣,1130131,遠傳電信股份有限公司,4G,847
嘉義縣,1130131,台灣大哥大股份有限公司,4G,861
彰化縣,1130131,中華電信股份有限公司,4G,1877
彰化縣,1130131,台灣大哥大股份有限公司,4G,1607
彰化縣,1130131,遠傳電信股份有限公司,4G,1494
臺中市,1130131,台灣大哥大股份有限公司,4G,4812
臺中市,1130131,中華電信股份有限公司,4G,4783
臺中市,1130131,遠傳電信股份有限公司,4G,4538
臺北市,1130131,中華電信股份有限公司,4G,3156
臺北市,1130131,台灣大哥大股份有限公司,4G,3625
臺北市,1130131,遠傳電信股份有限公司,4G,3904
臺東縣,1130131,台灣大哥大股份有限公司,4G,625
臺東縣,1130131,遠傳電信股份有限公司,4G,572
臺東縣,1130131,中華電信股份有限公司,4G,672
臺南市,1130131,中華電信股份有限公司,4G,2392
臺南市,1130131,台灣大哥大股份有限公司,4G,2621
臺南市,1130131,遠傳電信股份有限公司,4G,2384
澎湖縣,1130131,中華電信股份有限公司,4G,208
澎湖縣,1130131,台灣大哥大股份有限公司,4G,215
澎湖縣,1130131,遠傳電信股份有限公司,4G,198
宜蘭縣,1121231,台灣之星電信股份有限公司,4G,424
宜蘭縣,1121231,遠傳電信股份有限公司,4G,629
宜蘭縣,1121231,台灣之星電信股份有限公司,5G,40
宜蘭縣,1121231,中華電信股份有限公司,4G,1021
宜蘭縣,1121231,亞太電信股份有限公司,4G,203
宜蘭縣,1121231,台灣大哥大股份有限公司,4G,636
宜蘭縣,1121231,中華電信股份有限公司,5G,570
宜蘭縣,1121231,遠傳電信股份有限公司,5G,370
宜蘭縣,1121231,台灣大哥大股份有限公司,5G,274
花蓮縣,1121231,中華電信股份有限公司,5G,568
花蓮縣,1121231,中華電信股份有限公司,4G,989
花蓮縣,1121231,遠傳電信股份有限公司,5G,446
花蓮縣,1121231,台灣大哥大股份有限公司,4G,695
花蓮縣,1121231,台灣大哥大股份有限公司,5G,293
花蓮縣,1121231,台灣之星電信股份有限公司,4G,434
花蓮縣,1121231,台灣之星電信股份有限公司,5G,25
花蓮縣,1121231,亞太電信股份有限公司,4G,192
花蓮縣,1121231,遠傳電信股份有限公司,4G,726
金門縣,1121231,台灣之星電信股份有限公司,4G,47
金門縣,1121231,台灣大哥大股份有限公司,5G,30
金門縣,1121231,遠傳電信股份有限公司,5G,54
金門縣,1121231,中華電信股份有限公司,4G,368
金門縣,1121231,中華電信股份有限公司,5G,118
金門縣,1121231,亞太電信股份有限公司,4G,32
金門縣,1121231,台灣大哥大股份有限公司,4G,125
金門縣,1121231,遠傳電信股份有限公司,4G,139
南投縣,1121231,遠傳電信股份有限公司,5G,520
南投縣,1121231,台灣之星電信股份有限公司,4G,527
南投縣,1121231,中華電信股份有限公司,4G,1277
南投縣,1121231,台灣大哥大股份有限公司,5G,337
南投縣,1121231,中華電信股份有限公司,5G,650
南投縣,1121231,台灣之星電信股份有限公司,5G,32
南投縣,1121231,台灣大哥大股份有限公司,4G,835
南投縣,1121231,遠傳電信股份有限公司,4G,898
南投縣,1121231,亞太電信股份有限公司,4G,281
屏東縣,1121231,台灣之星電信股份有限公司,4G,703
屏東縣,1121231,中華電信股份有限公司,4G,1231
屏東縣,1121231,遠傳電信股份有限公司,5G,628
屏東縣,1121231,台灣大哥大股份有限公司,4G,972
屏東縣,1121231,中華電信股份有限公司,5G,611
屏東縣,1121231,台灣大哥大股份有限公司,5G,392
屏東縣,1121231,遠傳電信股份有限公司,4G,1119
屏東縣,1121231,台灣之星電信股份有限公司,5G,61
屏東縣,1121231,亞太電信股份有限公司,4G,512
苗栗縣,1121231,中華電信股份有限公司,5G,709
苗栗縣,1121231,台灣之星電信股份有限公司,4G,500
苗栗縣,1121231,台灣大哥大股份有限公司,4G,865
苗栗縣,1121231,遠傳電信股份有限公司,5G,622
苗栗縣,1121231,台灣大哥大股份有限公司,5G,307
苗栗縣,1121231,中華電信股份有限公司,4G,1393
苗栗縣,1121231,遠傳電信股份有限公司,4G,988
苗栗縣,1121231,台灣之星電信股份有限公司,5G,58
苗栗縣,1121231,亞太電信股份有限公司,4G,317
桃園市,1121231,台灣之星電信股份有限公司,4G,1538
桃園市,1121231,中華電信股份有限公司,5G,1666
桃園市,1121231,遠傳電信股份有限公司,5G,1306
桃園市,1121231,台灣之星電信股份有限公司,5G,263
桃園市,1121231,台灣大哥大股份有限公司,4G,1977
桃園市,1121231,中華電信股份有限公司,4G,2199
桃園市,1121231,遠傳電信股份有限公司,4G,2031
桃園市,1121231,台灣大哥大股份有限公司,5G,1116
桃園市,1121231,亞太電信股份有限公司,4G,1004
高雄市,1121231,中華電信股份有限公司,4G,3585
高雄市,1121231,台灣大哥大股份有限公司,4G,2428
高雄市,1121231,台灣大哥大股份有限公司,5G,1418
高雄市,1121231,遠傳電信股份有限公司,5G,1607
高雄市,1121231,亞太電信股份有限公司,4G,1314
高雄市,1121231,中華電信股份有限公司,5G,1948
高雄市,1121231,台灣之星電信股份有限公司,5G,422
高雄市,1121231,台灣之星電信股份有限公司,4G,1965
高雄市,1121231,遠傳電信股份有限公司,4G,2442
基隆市,1121231,台灣大哥大股份有限公司,5G,140
基隆市,1121231,中華電信股份有限公司,5G,292
基隆市,1121231,台灣之星電信股份有限公司,5G,56
基隆市,1121231,遠傳電信股份有限公司,4G,362
基隆市,1121231,台灣大哥大股份有限公司,4G,293
基隆市,1121231,台灣之星電信股份有限公司,4G,224
基隆市,1121231,中華電信股份有限公司,4G,409
基隆市,1121231,亞太電信股份有限公司,4G,221
基隆市,1121231,遠傳電信股份有限公司,5G,219
連江縣,1121231,台灣大哥大股份有限公司,4G,34
連江縣,1121231,台灣之星電信股份有限公司,4G,20
連江縣,1121231,中華電信股份有限公司,4G,121
連江縣,1121231,台灣大哥大股份有限公司,5G,18
連江縣,1121231,遠傳電信股份有限公司,5G,23
連江縣,1121231,亞太電信股份有限公司,4G,12
連江縣,1121231,中華電信股份有限公司,5G,61
連江縣,1121231,遠傳電信股份有限公司,4G,44
雲林縣,1121231,遠傳電信股份有限公司,5G,430
雲林縣,1121231,中華電信股份有限公司,4G,1335
雲林縣,1121231,台灣大哥大股份有限公司,5G,284
雲林縣,1121231,台灣之星電信股份有限公司,4G,459
雲林縣,1121231,中華電信股份有限公司,5G,631
雲林縣,1121231,台灣之星電信股份有限公司,5G,30
雲林縣,1121231,遠傳電信股份有限公司,4G,760
雲林縣,1121231,亞太電信股份有限公司,4G,250
雲林縣,1121231,台灣大哥大股份有限公司,4G,743
新北市,1121231,中華電信股份有限公司,4G,3263
新北市,1121231,台灣大哥大股份有限公司,4G,2700
新北市,1121231,台灣之星電信股份有限公司,5G,510
新北市,1121231,台灣大哥大股份有限公司,5G,1571
新北市,1121231,遠傳電信股份有限公司,5G,1778
新北市,1121231,中華電信股份有限公司,5G,2250
新北市,1121231,亞太電信股份有限公司,4G,1528
新北市,1121231,遠傳電信股份有限公司,4G,2721
新北市,1121231,台灣之星電信股份有限公司,4G,2329
新竹市,1121231,遠傳電信股份有限公司,5G,352
新竹市,1121231,中華電信股份有限公司,5G,339
新竹市,1121231,台灣之星電信股份有限公司,4G,363
新竹市,1121231,台灣大哥大股份有限公司,4G,405
新竹市,1121231,中華電信股份有限公司,4G,649
新竹市,1121231,遠傳電信股份有限公司,4G,563
新竹市,1121231,台灣大哥大股份有限公司,5G,240
新竹市,1121231,台灣之星電信股份有限公司,5G,77
新竹市,1121231,亞太電信股份有限公司,4G,202
新竹縣,1121231,中華電信股份有限公司,5G,590
新竹縣,1121231,台灣大哥大股份有限公司,4G,714
新竹縣,1121231,中華電信股份有限公司,4G,1147
新竹縣,1121231,遠傳電信股份有限公司,5G,553
新竹縣,1121231,台灣大哥大股份有限公司,5G,293
新竹縣,1121231,亞太電信股份有限公司,4G,300
新竹縣,1121231,遠傳電信股份有限公司,4G,739
新竹縣,1121231,台灣之星電信股份有限公司,4G,522
新竹縣,1121231,台灣之星電信股份有限公司,5G,68
嘉義市,1121231,遠傳電信股份有限公司,4G,221
嘉義市,1121231,台灣大哥大股份有限公司,5G,148
嘉義市,1121231,台灣大哥大股份有限公司,4G,251
嘉義市,1121231,中華電信股份有限公司,4G,353
嘉義市,1121231,台灣之星電信股份有限公司,5G,25
嘉義市,1121231,台灣之星電信股份有限公司,4G,174
嘉義市,1121231,亞太電信股份有限公司,4G,133
嘉義市,1121231,中華電信股份有限公司,5G,213
嘉義市,1121231,遠傳電信股份有限公司,5G,135
嘉義縣,1121231,中華電信股份有限公司,4G,1063
嘉義縣,1121231,中華電信股份有限公司,5G,534
嘉義縣,1121231,亞太電信股份有限公司,4G,233
嘉義縣,1121231,台灣之星電信股份有限公司,4G,367
嘉義縣,1121231,台灣之星電信股份有限公司,5G,28
嘉義縣,1121231,台灣大哥大股份有限公司,5G,187
嘉義縣,1121231,遠傳電信股份有限公司,4G,645
嘉義縣,1121231,台灣大哥大股份有限公司,4G,648
嘉義縣,1121231,遠傳電信股份有限公司,5G,385
彰化縣,1121231,台灣之星電信股份有限公司,5G,53
彰化縣,1121231,亞太電信股份有限公司,4G,459
彰化縣,1121231,台灣大哥大股份有限公司,4G,1193
彰化縣,1121231,遠傳電信股份有限公司,5G,632
彰化縣,1121231,中華電信股份有限公司,4G,1879
彰化縣,1121231,遠傳電信股份有限公司,4G,1141
彰化縣,1121231,中華電信股份有限公司,5G,1002
彰化縣,1121231,台灣大哥大股份有限公司,5G,568
彰化縣,1121231,台灣之星電信股份有限公司,4G,699
臺中市,1121231,亞太電信股份有限公司,4G,1707
臺中市,1121231,台灣大哥大股份有限公司,4G,3514
臺中市,1121231,台灣之星電信股份有限公司,4G,2167
臺中市,1121231,中華電信股份有限公司,5G,2183
臺中市,1121231,中華電信股份有限公司,4G,4788
臺中市,1121231,台灣大哥大股份有限公司,5G,2004
臺中市,1121231,遠傳電信股份有限公司,5G,2008
臺中市,1121231,遠傳電信股份有限公司,4G,3379
臺中市,1121231,台灣之星電信股份有限公司,5G,391
臺北市,1121231,台灣之星電信股份有限公司,5G,378
臺北市,1121231,中華電信股份有限公司,4G,3157
臺北市,1121231,台灣大哥大股份有限公司,4G,2623
臺北市,1121231,遠傳電信股份有限公司,4G,3044
臺北市,1121231,中華電信股份有限公司,5G,2148
臺北市,1121231,台灣大哥大股份有限公司,5G,1471
臺北市,1121231,遠傳電信股份有限公司,5G,1724
臺北市,1121231,台灣之星電信股份有限公司,4G,1830
臺北市,1121231,亞太電信股份有限公司,4G,1516
臺東縣,1121231,中華電信股份有限公司,5G,276
臺東縣,1121231,台灣大哥大股份有限公司,5G,133
臺東縣,1121231,遠傳電信股份有限公司,4G,456
臺東縣,1121231,中華電信股份有限公司,4G,668
臺東縣,1121231,亞太電信股份有限公司,4G,151
臺東縣,1121231,台灣之星電信股份有限公司,4G,291
臺東縣,1121231,遠傳電信股份有限公司,5G,230
臺東縣,1121231,台灣大哥大股份有限公司,4G,448
臺東縣,1121231,台灣之星電信股份有限公司,5G,21
臺南市,1121231,中華電信股份有限公司,4G,2387
臺南市,1121231,遠傳電信股份有限公司,4G,1640
臺南市,1121231,中華電信股份有限公司,5G,1240
臺南市,1121231,台灣之星電信股份有限公司,4G,1308
臺南市,1121231,台灣大哥大股份有限公司,4G,1870
臺南市,1121231,台灣大哥大股份有限公司,5G,1030
臺南市,1121231,遠傳電信股份有限公司,5G,1101
臺南市,1121231,台灣之星電信股份有限公司,5G,236
臺南市,1121231,亞太電信股份有限公司,4G,872
澎湖縣,1121231,台灣之星電信股份有限公司,5G,1
澎湖縣,1121231,台灣大哥大股份有限公司,5G,77
澎湖縣,1121231,中華電信股份有限公司,4G,207
澎湖縣,1121231,中華電信股份有限公司,5G,105
澎湖縣,1121231,台灣大哥大股份有限公司,4G,172
澎湖縣,1121231,遠傳電信股份有限公司,4G,167
澎湖縣,1121231,遠傳電信股份有限公司,5G,78
澎湖縣,1121231,台灣之星電信股份有限公司,4G,75
澎湖縣,1121231,亞太電信股份有限公司,4G,41
宜蘭縣,1121130,台灣之星電信股份有限公司,4G,424
宜蘭縣,1121130,中華電信股份有限公司,4G,1009
宜蘭縣,1121130,亞太電信股份有限公司,4G,203
宜蘭縣,1121130,台灣大哥大股份有限公司,4G,638
宜蘭縣,1121130,遠傳電信股份有限公司,4G,605
花蓮縣,1121130,中華電信股份有限公司,4G,981
花蓮縣,1121130,台灣大哥大股份有限公司,4G,699
花蓮縣,1121130,遠傳電信股份有限公司,4G,706
花蓮縣,1121130,台灣之星電信股份有限公司,4G,434
花蓮縣,1121130,亞太電信股份有限公司,4G,192
金門縣,1121130,亞太電信股份有限公司,4G,32
金門縣,1121130,台灣之星電信股份有限公司,4G,47
金門縣,1121130,遠傳電信股份有限公司,4G,139
金門縣,1121130,台灣大哥大股份有限公司,4G,123
金門縣,1121130,中華電信股份有限公司,4G,362
南投縣,1121130,遠傳電信股份有限公司,4G,905
南投縣,1121130,亞太電信股份有限公司,4G,281
南投縣,1121130,台灣大哥大股份有限公司,4G,845
南投縣,1121130,中華電信股份有限公司,4G,1283
南投縣,1121130,台灣之星電信股份有限公司,4G,527
屏東縣,1121130,遠傳電信股份有限公司,4G,1117
屏東縣,1121130,亞太電信股份有限公司,4G,512
屏東縣,1121130,中華電信股份有限公司,4G,1226
屏東縣,1121130,台灣之星電信股份有限公司,4G,703
屏東縣,1121130,台灣大哥大股份有限公司,4G,967
苗栗縣,1121130,遠傳電信股份有限公司,4G,986
苗栗縣,1121130,中華電信股份有限公司,4G,1377
苗栗縣,1121130,亞太電信股份有限公司,4G,317
苗栗縣,1121130,台灣大哥大股份有限公司,4G,869
苗栗縣,1121130,台灣之星電信股份有限公司,4G,500
桃園市,1121130,中華電信股份有限公司,4G,2184
桃園市,1121130,台灣之星電信股份有限公司,4G,1538
桃園市,1121130,台灣大哥大股份有限公司,4G,1978
桃園市,1121130,亞太電信股份有限公司,4G,1004
桃園市,1121130,遠傳電信股份有限公司,4G,2031
高雄市,1121130,亞太電信股份有限公司,4G,1314
高雄市,1121130,台灣大哥大股份有限公司,4G,2426
高雄市,1121130,中華電信股份有限公司,4G,3526
高雄市,1121130,台灣之星電信股份有限公司,4G,1965
高雄市,1121130,遠傳電信股份有限公司,4G,2437
基隆市,1121130,台灣大哥大股份有限公司,4G,297
基隆市,1121130,遠傳電信股份有限公司,4G,352
基隆市,1121130,亞太電信股份有限公司,4G,221
基隆市,1121130,中華電信股份有限公司,4G,404
基隆市,1121130,台灣之星電信股份有限公司,4G,224
連江縣,1121130,中華電信股份有限公司,4G,121
連江縣,1121130,遠傳電信股份有限公司,4G,44
連江縣,1121130,台灣大哥大股份有限公司,4G,34
連江縣,1121130,台灣之星電信股份有限公司,4G,20
連江縣,1121130,亞太電信股份有限公司,4G,12
雲林縣,1121130,中華電信股份有限公司,4G,1337
雲林縣,1121130,台灣大哥大股份有限公司,4G,753
雲林縣,1121130,台灣之星電信股份有限公司,4G,459
雲林縣,1121130,遠傳電信股份有限公司,4G,760
雲林縣,1121130,亞太電信股份有限公司,4G,250
新北市,1121130,台灣大哥大股份有限公司,4G,2704
新北市,1121130,遠傳電信股份有限公司,4G,2710
新北市,1121130,亞太電信股份有限公司,4G,1528
新北市,1121130,中華電信股份有限公司,4G,3236
新北市,1121130,台灣之星電信股份有限公司,4G,2329
新竹市,1121130,台灣之星電信股份有限公司,4G,363
新竹市,1121130,遠傳電信股份有限公司,4G,563
新竹市,1121130,中華電信股份有限公司,4G,647
新竹市,1121130,台灣大哥大股份有限公司,4G,405
新竹市,1121130,亞太電信股份有限公司,4G,202
新竹縣,1121130,台灣大哥大股份有限公司,4G,714
新竹縣,1121130,台灣之星電信股份有限公司,4G,522
新竹縣,1121130,中華電信股份有限公司,4G,1114
新竹縣,1121130,亞太電信股份有限公司,4G,300
新竹縣,1121130,遠傳電信股份有限公司,4G,739
嘉義市,1121130,亞太電信股份有限公司,4G,133
嘉義市,1121130,台灣之星電信股份有限公司,4G,174
嘉義市,1121130,中華電信股份有限公司,4G,352
嘉義市,1121130,台灣大哥大股份有限公司,4G,260
嘉義市,1121130,遠傳電信股份有限公司,4G,221
嘉義縣,1121130,中華電信股份有限公司,4G,1058
嘉義縣,1121130,台灣之星電信股份有限公司,4G,367
嘉義縣,1121130,台灣大哥大股份有限公司,4G,654
嘉義縣,1121130,遠傳電信股份有限公司,4G,645
嘉義縣,1121130,亞太電信股份有限公司,4G,233
彰化縣,1121130,遠傳電信股份有限公司,4G,1141
彰化縣,1121130,中華電信股份有限公司,4G,1879
彰化縣,1121130,台灣大哥大股份有限公司,4G,1204
彰化縣,1121130,台灣之星電信股份有限公司,4G,699
彰化縣,1121130,亞太電信股份有限公司,4G,459
臺中市,1121130,台灣大哥大股份有限公司,4G,3567
臺中市,1121130,遠傳電信股份有限公司,4G,3372
臺中市,1121130,中華電信股份有限公司,4G,4805
臺中市,1121130,台灣之星電信股份有限公司,4G,2168
臺中市,1121130,亞太電信股份有限公司,4G,1707
臺北市,1121130,台灣大哥大股份有限公司,4G,2638
臺北市,1121130,遠傳電信股份有限公司,4G,2965
臺北市,1121130,台灣之星電信股份有限公司,4G,1830
臺北市,1121130,中華電信股份有限公司,4G,3150
臺北市,1121130,亞太電信股份有限公司,4G,1516
臺東縣,1121130,亞太電信股份有限公司,4G,151
臺東縣,1121130,台灣之星電信股份有限公司,4G,291
臺東縣,1121130,中華電信股份有限公司,4G,668
臺東縣,1121130,遠傳電信股份有限公司,4G,454
臺東縣,1121130,台灣大哥大股份有限公司,4G,438
臺南市,1121130,遠傳電信股份有限公司,4G,1640
臺南市,1121130,台灣大哥大股份有限公司,4G,1886
臺南市,1121130,亞太電信股份有限公司,4G,872
臺南市,1121130,中華電信股份有限公司,4G,2366
臺南市,1121130,台灣之星電信股份有限公司,4G,1308
澎湖縣,1121130,中華電信股份有限公司,4G,204
澎湖縣,1121130,台灣之星電信股份有限公司,4G,75
澎湖縣,1121130,台灣大哥大股份有限公司,4G,171
澎湖縣,1121130,亞太電信股份有限公司,4G,41
澎湖縣,1121130,遠傳電信股份有限公司,4G,166
宜蘭縣,1121031,中華電信股份有限公司,4G,1007
宜蘭縣,1121031,台灣大哥大股份有限公司,4G,632
宜蘭縣,1121031,遠傳電信股份有限公司,4G,619
宜蘭縣,1121031,台灣之星電信股份有限公司,4G,424
宜蘭縣,1121031,亞太電信股份有限公司,4G,203
花蓮縣,1121031,中華電信股份有限公司,4G,981
花蓮縣,1121031,台灣大哥大股份有限公司,4G,697
花蓮縣,1121031,台灣之星電信股份有限公司,4G,434
花蓮縣,1121031,遠傳電信股份有限公司,4G,713
花蓮縣,1121031,亞太電信股份有限公司,4G,192
金門縣,1121031,台灣大哥大股份有限公司,4G,123
金門縣,1121031,亞太電信股份有限公司,4G,32
金門縣,1121031,台灣之星電信股份有限公司,4G,47
金門縣,1121031,遠傳電信股份有限公司,4G,139
金門縣,1121031,中華電信股份有限公司,4G,363
南投縣,1121031,台灣之星電信股份有限公司,4G,527
南投縣,1121031,台灣大哥大股份有限公司,4G,847
南投縣,1121031,中華電信股份有限公司,4G,1286
南投縣,1121031,亞太電信股份有限公司,4G,281
南投縣,1121031,遠傳電信股份有限公司,4G,903
屏東縣,1121031,亞太電信股份有限公司,4G,512
屏東縣,1121031,台灣大哥大股份有限公司,4G,969
屏東縣,1121031,中華電信股份有限公司,4G,1224
屏東縣,1121031,遠傳電信股份有限公司,4G,1105
屏東縣,1121031,台灣之星電信股份有限公司,4G,703
苗栗縣,1121031,亞太電信股份有限公司,4G,317
苗栗縣,1121031,台灣之星電信股份有限公司,4G,500
苗栗縣,1121031,中華電信股份有限公司,4G,1375
苗栗縣,1121031,台灣大哥大股份有限公司,4G,861
苗栗縣,1121031,遠傳電信股份有限公司,4G,983
桃園市,1121031,亞太電信股份有限公司,4G,1004
桃園市,1121031,台灣大哥大股份有限公司,4G,1979
桃園市,1121031,中華電信股份有限公司,4G,2179
桃園市,1121031,遠傳電信股份有限公司,4G,2031
桃園市,1121031,台灣之星電信股份有限公司,4G,1538
高雄市,1121031,台灣之星電信股份有限公司,4G,1965
高雄市,1121031,台灣大哥大股份有限公司,4G,2435
高雄市,1121031,中華電信股份有限公司,4G,3509
高雄市,1121031,亞太電信股份有限公司,4G,1314
高雄市,1121031,遠傳電信股份有限公司,4G,2438
基隆市,1121031,台灣大哥大股份有限公司,4G,296
基隆市,1121031,亞太電信股份有限公司,4G,221
基隆市,1121031,台灣之星電信股份有限公司,4G,224
基隆市,1121031,遠傳電信股份有限公司,4G,358
基隆市,1121031,中華電信股份有限公司,4G,401
連江縣,1121031,台灣大哥大股份有限公司,4G,39
連江縣,1121031,台灣之星電信股份有限公司,4G,20
連江縣,1121031,中華電信股份有限公司,4G,121
連江縣,1121031,遠傳電信股份有限公司,4G,44
連江縣,1121031,亞太電信股份有限公司,4G,12
雲林縣,1121031,台灣大哥大股份有限公司,4G,746
雲林縣,1121031,台灣之星電信股份有限公司,4G,459
雲林縣,1121031,中華電信股份有限公司,4G,1339
雲林縣,1121031,亞太電信股份有限公司,4G,250
雲林縣,1121031,遠傳電信股份有限公司,4G,761
新北市,1121031,台灣之星電信股份有限公司,4G,2329
新北市,1121031,中華電信股份有限公司,4G,3221
新北市,1121031,遠傳電信股份有限公司,4G,2714
新北市,1121031,亞太電信股份有限公司,4G,1528
新北市,1121031,台灣大哥大股份有限公司,4G,2700
新竹市,1121031,台灣之星電信股份有限公司,4G,363
新竹市,1121031,中華電信股份有限公司,4G,647
新竹市,1121031,台灣大哥大股份有限公司,4G,402
新竹市,1121031,遠傳電信股份有限公司,4G,563
新竹市,1121031,亞太電信股份有限公司,4G,202
新竹縣,1121031,台灣大哥大股份有限公司,4G,707
新竹縣,1121031,亞太電信股份有限公司,4G,300
新竹縣,1121031,台灣之星電信股份有限公司,4G,522
新竹縣,1121031,中華電信股份有限公司,4G,1114
新竹縣,1121031,遠傳電信股份有限公司,4G,739
嘉義市,1121031,遠傳電信股份有限公司,4G,221
嘉義市,1121031,亞太電信股份有限公司,4G,133
嘉義市,1121031,台灣大哥大股份有限公司,4G,260
嘉義市,1121031,台灣之星電信股份有限公司,4G,174
嘉義市,1121031,中華電信股份有限公司,4G,352
嘉義縣,1121031,亞太電信股份有限公司,4G,233
嘉義縣,1121031,中華電信股份有限公司,4G,1056
嘉義縣,1121031,遠傳電信股份有限公司,4G,645
嘉義縣,1121031,台灣大哥大股份有限公司,4G,656
嘉義縣,1121031,台灣之星電信股份有限公司,4G,367
彰化縣,1121031,中華電信股份有限公司,4G,1906
彰化縣,1121031,台灣大哥大股份有限公司,4G,1203
彰化縣,1121031,台灣之星電信股份有限公司,4G,699
彰化縣,1121031,亞太電信股份有限公司,4G,459
彰化縣,1121031,遠傳電信股份有限公司,4G,1141
臺中市,1121031,亞太電信股份有限公司,4G,1707
臺中市,1121031,台灣之星電信股份有限公司,4G,2168
臺中市,1121031,中華電信股份有限公司,4G,4855
臺中市,1121031,台灣大哥大股份有限公司,4G,3534
臺中市,1121031,遠傳電信股份有限公司,4G,3365
臺北市,1121031,台灣之星電信股份有限公司,4G,1830
臺北市,1121031,中華電信股份有限公司,4G,3144
臺北市,1121031,亞太電信股份有限公司,4G,1516
臺北市,1121031,台灣大哥大股份有限公司,4G,2614
臺北市,1121031,遠傳電信股份有限公司,4G,2996
臺東縣,1121031,亞太電信股份有限公司,4G,151
臺東縣,1121031,台灣大哥大股份有限公司,4G,438
臺東縣,1121031,中華電信股份有限公司,4G,666
臺東縣,1121031,台灣之星電信股份有限公司,4G,291
臺東縣,1121031,遠傳電信股份有限公司,4G,420
臺南市,1121031,中華電信股份有限公司,4G,2353
臺南市,1121031,亞太電信股份有限公司,4G,872
臺南市,1121031,遠傳電信股份有限公司,4G,1614
臺南市,1121031,台灣大哥大股份有限公司,4G,1892
臺南市,1121031,台灣之星電信股份有限公司,4G,1308
澎湖縣,1121031,台灣大哥大股份有限公司,4G,171
澎湖縣,1121031,台灣之星電信股份有限公司,4G,75
澎湖縣,1121031,遠傳電信股份有限公司,4G,165
澎湖縣,1121031,亞太電信股份有限公司,4G,41
澎湖縣,1121031,中華電信股份有限公司,4G,203
宜蘭縣,1120930,台灣大哥大股份有限公司,4G,638
宜蘭縣,1120930,台灣之星電信股份有限公司,4G,424
宜蘭縣,1120930,亞太電信股份有限公司,4G,203
宜蘭縣,1120930,中華電信股份有限公司,4G,1003
宜蘭縣,1120930,遠傳電信股份有限公司,4G,619
花蓮縣,1120930,台灣大哥大股份有限公司,4G,701
花蓮縣,1120930,中華電信股份有限公司,4G,989
花蓮縣,1120930,台灣之星電信股份有限公司,4G,434
花蓮縣,1120930,遠傳電信股份有限公司,4G,713
花蓮縣,1120930,亞太電信股份有限公司,4G,192
金門縣,1120930,遠傳電信股份有限公司,4G,139
金門縣,1120930,中華電信股份有限公司,4G,357
金門縣,1120930,亞太電信股份有限公司,4G,32
金門縣,1120930,台灣之星電信股份有限公司,4G,47
金門縣,1120930,台灣大哥大股份有限公司,4G,123
南投縣,1120930,中華電信股份有限公司,4G,1286
南投縣,1120930,遠傳電信股份有限公司,4G,906
南投縣,1120930,台灣大哥大股份有限公司,4G,852
南投縣,1120930,亞太電信股份有限公司,4G,281
南投縣,1120930,台灣之星電信股份有限公司,4G,527
屏東縣,1120930,遠傳電信股份有限公司,4G,1084
屏東縣,1120930,亞太電信股份有限公司,4G,512
屏東縣,1120930,中華電信股份有限公司,4G,1217
屏東縣,1120930,台灣之星電信股份有限公司,4G,703
屏東縣,1120930,台灣大哥大股份有限公司,4G,959
苗栗縣,1120930,遠傳電信股份有限公司,4G,986
苗栗縣,1120930,亞太電信股份有限公司,4G,317
苗栗縣,1120930,中華電信股份有限公司,4G,1432
苗栗縣,1120930,台灣之星電信股份有限公司,4G,500
苗栗縣,1120930,台灣大哥大股份有限公司,4G,881
桃園市,1120930,台灣大哥大股份有限公司,4G,1993
桃園市,1120930,台灣之星電信股份有限公司,4G,1538
桃園市,1120930,中華電信股份有限公司,4G,2191
桃園市,1120930,亞太電信股份有限公司,4G,1004
桃園市,1120930,遠傳電信股份有限公司,4G,2031
高雄市,1120930,中華電信股份有限公司,4G,3504
高雄市,1120930,台灣大哥大股份有限公司,4G,2445
高雄市,1120930,遠傳電信股份有限公司,4G,2396
高雄市,1120930,台灣之星電信股份有限公司,4G,1965
高雄市,1120930,亞太電信股份有限公司,4G,1314
基隆市,1120930,台灣大哥大股份有限公司,4G,296
基隆市,1120930,遠傳電信股份有限公司,4G,358
基隆市,1120930,亞太電信股份有限公司,4G,221
基隆市,1120930,台灣之星電信股份有限公司,4G,224
基隆市,1120930,中華電信股份有限公司,4G,401
連江縣,1120930,中華電信股份有限公司,4G,121
連江縣,1120930,台灣大哥大股份有限公司,4G,39
連江縣,1120930,亞太電信股份有限公司,4G,12
連江縣,1120930,台灣之星電信股份有限公司,4G,20
連江縣,1120930,遠傳電信股份有限公司,4G,44
雲林縣,1120930,中華電信股份有限公司,4G,1348
雲林縣,1120930,亞太電信股份有限公司,4G,250
雲林縣,1120930,台灣大哥大股份有限公司,4G,749
雲林縣,1120930,台灣之星電信股份有限公司,4G,459
雲林縣,1120930,遠傳電信股份有限公司,4G,762
新北市,1120930,中華電信股份有限公司,4G,3229
新北市,1120930,台灣大哥大股份有限公司,4G,2710
新北市,1120930,台灣之星電信股份有限公司,4G,2329
新北市,1120930,亞太電信股份有限公司,4G,1528
新北市,1120930,遠傳電信股份有限公司,4G,2714
新竹市,1120930,台灣之星電信股份有限公司,4G,363
新竹市,1120930,遠傳電信股份有限公司,4G,563
新竹市,1120930,亞太電信股份有限公司,4G,202
新竹市,1120930,中華電信股份有限公司,4G,642
新竹市,1120930,台灣大哥大股份有限公司,4G,402
新竹縣,1120930,遠傳電信股份有限公司,4G,739
新竹縣,1120930,亞太電信股份有限公司,4G,300
新竹縣,1120930,台灣大哥大股份有限公司,4G,707
新竹縣,1120930,中華電信股份有限公司,4G,1101
新竹縣,1120930,台灣之星電信股份有限公司,4G,522
嘉義市,1120930,中華電信股份有限公司,4G,350
嘉義市,1120930,遠傳電信股份有限公司,4G,221
嘉義市,1120930,台灣大哥大股份有限公司,4G,259
嘉義市,1120930,台灣之星電信股份有限公司,4G,174
嘉義市,1120930,亞太電信股份有限公司,4G,133
嘉義縣,1120930,中華電信股份有限公司,4G,1052
嘉義縣,1120930,亞太電信股份有限公司,4G,233
嘉義縣,1120930,台灣大哥大股份有限公司,4G,631
嘉義縣,1120930,遠傳電信股份有限公司,4G,640
嘉義縣,1120930,台灣之星電信股份有限公司,4G,367
彰化縣,1120930,台灣之星電信股份有限公司,4G,699
彰化縣,1120930,中華電信股份有限公司,4G,1916
彰化縣,1120930,台灣大哥大股份有限公司,4G,1206
彰化縣,1120930,亞太電信股份有限公司,4G,459
彰化縣,1120930,遠傳電信股份有限公司,4G,1147
臺中市,1120930,中華電信股份有限公司,4G,4877
臺中市,1120930,台灣之星電信股份有限公司,4G,2168
臺中市,1120930,遠傳電信股份有限公司,4G,3397
臺中市,1120930,亞太電信股份有限公司,4G,1707
臺中市,1120930,台灣大哥大股份有限公司,4G,3553
臺北市,1120930,中華電信股份有限公司,4G,3141
臺北市,1120930,台灣大哥大股份有限公司,4G,2623
臺北市,1120930,台灣之星電信股份有限公司,4G,1830
臺北市,1120930,遠傳電信股份有限公司,4G,2996
臺北市,1120930,亞太電信股份有限公司,4G,1516
臺東縣,1120930,亞太電信股份有限公司,4G,151
臺東縣,1120930,中華電信股份有限公司,4G,665
臺東縣,1120930,台灣大哥大股份有限公司,4G,430
臺東縣,1120930,台灣之星電信股份有限公司,4G,291
臺東縣,1120930,遠傳電信股份有限公司,4G,420
臺南市,1120930,中華電信股份有限公司,4G,2347
臺南市,1120930,台灣大哥大股份有限公司,4G,1881
臺南市,1120930,亞太電信股份有限公司,4G,872
臺南市,1120930,遠傳電信股份有限公司,4G,1613
臺南市,1120930,台灣之星電信股份有限公司,4G,1308
澎湖縣,1120930,亞太電信股份有限公司,4G,41
澎湖縣,1120930,中華電信股份有限公司,4G,203
澎湖縣,1120930,台灣大哥大股份有限公司,4G,166
澎湖縣,1120930,遠傳電信股份有限公司,4G,161
澎湖縣,1120930,台灣之星電信股份有限公司,4G,75
宜蘭縣,1120831,中華電信股份有限公司,4G,1003
宜蘭縣,1120831,台灣大哥大股份有限公司,4G,640
宜蘭縣,1120831,遠傳電信股份有限公司,4G,618
宜蘭縣,1120831,台灣之星電信股份有限公司,4G,424
宜蘭縣,1120831,亞太電信股份有限公司,4G,203
花蓮縣,1120831,中華電信股份有限公司,4G,989
花蓮縣,1120831,台灣大哥大股份有限公司,4G,702
花蓮縣,1120831,台灣之星電信股份有限公司,4G,434
花蓮縣,1120831,亞太電信股份有限公司,4G,192
花蓮縣,1120831,遠傳電信股份有限公司,4G,713
金門縣,1120831,台灣之星電信股份有限公司,4G,47
金門縣,1120831,台灣大哥大股份有限公司,4G,124
金門縣,1120831,中華電信股份有限公司,4G,343
金門縣,1120831,亞太電信股份有限公司,4G,32
金門縣,1120831,遠傳電信股份有限公司,4G,139
南投縣,1120831,中華電信股份有限公司,4G,1286
南投縣,1120831,台灣大哥大股份有限公司,4G,859
南投縣,1120831,台灣之星電信股份有限公司,4G,519
南投縣,1120831,亞太電信股份有限公司,4G,281
南投縣,1120831,遠傳電信股份有限公司,4G,922
屏東縣,1120831,台灣大哥大股份有限公司,4G,960
屏東縣,1120831,中華電信股份有限公司,4G,1197
屏東縣,1120831,遠傳電信股份有限公司,4G,1084
屏東縣,1120831,台灣之星電信股份有限公司,4G,703
屏東縣,1120831,亞太電信股份有限公司,4G,512
苗栗縣,1120831,中華電信股份有限公司,4G,1432
苗栗縣,1120831,台灣之星電信股份有限公司,4G,500
苗栗縣,1120831,台灣大哥大股份有限公司,4G,887
苗栗縣,1120831,遠傳電信股份有限公司,4G,991
苗栗縣,1120831,亞太電信股份有限公司,4G,317
桃園市,1120831,遠傳電信股份有限公司,4G,2031
桃園市,1120831,亞太電信股份有限公司,4G,1004
桃園市,1120831,台灣大哥大股份有限公司,4G,1990
桃園市,1120831,中華電信股份有限公司,4G,2188
桃園市,1120831,台灣之星電信股份有限公司,4G,1538
高雄市,1120831,亞太電信股份有限公司,4G,1315
高雄市,1120831,遠傳電信股份有限公司,4G,2399
高雄市,1120831,中華電信股份有限公司,4G,3464
高雄市,1120831,台灣之星電信股份有限公司,4G,1965
高雄市,1120831,台灣大哥大股份有限公司,4G,2457
基隆市,1120831,中華電信股份有限公司,4G,401
基隆市,1120831,台灣大哥大股份有限公司,4G,295
基隆市,1120831,遠傳電信股份有限公司,4G,358
基隆市,1120831,台灣之星電信股份有限公司,4G,224
基隆市,1120831,亞太電信股份有限公司,4G,221
連江縣,1120831,台灣大哥大股份有限公司,4G,39
連江縣,1120831,台灣之星電信股份有限公司,4G,20
連江縣,1120831,中華電信股份有限公司,4G,121
連江縣,1120831,遠傳電信股份有限公司,4G,44
連江縣,1120831,亞太電信股份有限公司,4G,12
雲林縣,1120831,遠傳電信股份有限公司,4G,765
雲林縣,1120831,台灣之星電信股份有限公司,4G,449
雲林縣,1120831,中華電信股份有限公司,4G,1348
雲林縣,1120831,亞太電信股份有限公司,4G,250
雲林縣,1120831,台灣大哥大股份有限公司,4G,754
新北市,1120831,台灣大哥大股份有限公司,4G,2714
新北市,1120831,遠傳電信股份有限公司,4G,2714
新北市,1120831,中華電信股份有限公司,4G,3214
新北市,1120831,台灣之星電信股份有限公司,4G,2327
新北市,1120831,亞太電信股份有限公司,4G,1528
新竹市,1120831,中華電信股份有限公司,4G,642
新竹市,1120831,遠傳電信股份有限公司,4G,563
新竹市,1120831,亞太電信股份有限公司,4G,202
新竹市,1120831,台灣之星電信股份有限公司,4G,360
新竹市,1120831,台灣大哥大股份有限公司,4G,415
新竹縣,1120831,中華電信股份有限公司,4G,1101
新竹縣,1120831,亞太電信股份有限公司,4G,300
新竹縣,1120831,台灣之星電信股份有限公司,4G,514
新竹縣,1120831,台灣大哥大股份有限公司,4G,715
新竹縣,1120831,遠傳電信股份有限公司,4G,739
嘉義市,1120831,遠傳電信股份有限公司,4G,221
嘉義市,1120831,台灣大哥大股份有限公司,4G,259
嘉義市,1120831,台灣之星電信股份有限公司,4G,174
嘉義市,1120831,中華電信股份有限公司,4G,346
嘉義市,1120831,亞太電信股份有限公司,4G,133
嘉義縣,1120831,遠傳電信股份有限公司,4G,640
嘉義縣,1120831,台灣之星電信股份有限公司,4G,367
嘉義縣,1120831,亞太電信股份有限公司,4G,233
嘉義縣,1120831,台灣大哥大股份有限公司,4G,631
嘉義縣,1120831,中華電信股份有限公司,4G,1046
彰化縣,1120831,中華電信股份有限公司,4G,1915
彰化縣,1120831,亞太電信股份有限公司,4G,459
彰化縣,1120831,台灣大哥大股份有限公司,4G,1216
彰化縣,1120831,遠傳電信股份有限公司,4G,1154
彰化縣,1120831,台灣之星電信股份有限公司,4G,689
臺中市,1120831,中華電信股份有限公司,4G,4879
臺中市,1120831,台灣大哥大股份有限公司,4G,3607
臺中市,1120831,台灣之星電信股份有限公司,4G,2118
臺中市,1120831,遠傳電信股份有限公司,4G,3436
臺中市,1120831,亞太電信股份有限公司,4G,1707
臺北市,1120831,亞太電信股份有限公司,4G,1516
臺北市,1120831,台灣之星電信股份有限公司,4G,1830
臺北市,1120831,中華電信股份有限公司,4G,3141
臺北市,1120831,遠傳電信股份有限公司,4G,2993
臺北市,1120831,台灣大哥大股份有限公司,4G,2634
臺東縣,1120831,亞太電信股份有限公司,4G,151
臺東縣,1120831,台灣大哥大股份有限公司,4G,430
臺東縣,1120831,遠傳電信股份有限公司,4G,420
臺東縣,1120831,中華電信股份有限公司,4G,662
臺東縣,1120831,台灣之星電信股份有限公司,4G,291
臺南市,1120831,遠傳電信股份有限公司,4G,1613
臺南市,1120831,台灣大哥大股份有限公司,4G,1887
臺南市,1120831,台灣之星電信股份有限公司,4G,1308
臺南市,1120831,中華電信股份有限公司,4G,2313
臺南市,1120831,亞太電信股份有限公司,4G,872
澎湖縣,1120831,中華電信股份有限公司,4G,203
澎湖縣,1120831,台灣之星電信股份有限公司,4G,75
澎湖縣,1120831,台灣大哥大股份有限公司,4G,166
澎湖縣,1120831,亞太電信股份有限公司,4G,41
澎湖縣,1120831,遠傳電信股份有限公司,4G,161
宜蘭縣,1120731,遠傳電信股份有限公司,4G,628
宜蘭縣,1120731,台灣大哥大股份有限公司,4G,645
宜蘭縣,1120731,台灣之星電信股份有限公司,4G,424
宜蘭縣,1120731,中華電信股份有限公司,4G,998
宜蘭縣,1120731,亞太電信股份有限公司,4G,203
花蓮縣,1120731,台灣之星電信股份有限公司,4G,434
花蓮縣,1120731,遠傳電信股份有限公司,4G,720
花蓮縣,1120731,台灣大哥大股份有限公司,4G,702
花蓮縣,1120731,中華電信股份有限公司,4G,984
花蓮縣,1120731,亞太電信股份有限公司,4G,192
金門縣,1120731,中華電信股份有限公司,4G,326
金門縣,1120731,台灣大哥大股份有限公司,4G,124
金門縣,1120731,台灣之星電信股份有限公司,4G,47
金門縣,1120731,遠傳電信股份有限公司,4G,139
金門縣,1120731,亞太電信股份有限公司,4G,32
南投縣,1120731,遠傳電信股份有限公司,4G,922
南投縣,1120731,台灣之星電信股份有限公司,4G,527
南投縣,1120731,亞太電信股份有限公司,4G,282
南投縣,1120731,中華電信股份有限公司,4G,1276
南投縣,1120731,台灣大哥大股份有限公司,4G,861
屏東縣,1120731,台灣大哥大股份有限公司,4G,954
屏東縣,1120731,中華電信股份有限公司,4G,1190
屏東縣,1120731,台灣之星電信股份有限公司,4G,703
屏東縣,1120731,遠傳電信股份有限公司,4G,1084
屏東縣,1120731,亞太電信股份有限公司,4G,512
苗栗縣,1120731,台灣大哥大股份有限公司,4G,887
苗栗縣,1120731,台灣之星電信股份有限公司,4G,500
苗栗縣,1120731,遠傳電信股份有限公司,4G,991
苗栗縣,1120731,中華電信股份有限公司,4G,1415
苗栗縣,1120731,亞太電信股份有限公司,4G,317
桃園市,1120731,台灣大哥大股份有限公司,4G,2000
桃園市,1120731,中華電信股份有限公司,4G,2174
桃園市,1120731,遠傳電信股份有限公司,4G,2025
桃園市,1120731,亞太電信股份有限公司,4G,1004
桃園市,1120731,台灣之星電信股份有限公司,4G,1538
高雄市,1120731,亞太電信股份有限公司,4G,1315
高雄市,1120731,中華電信股份有限公司,4G,3443
高雄市,1120731,台灣大哥大股份有限公司,4G,2460
高雄市,1120731,台灣之星電信股份有限公司,4G,1967
高雄市,1120731,遠傳電信股份有限公司,4G,2399
基隆市,1120731,台灣大哥大股份有限公司,4G,299
基隆市,1120731,亞太電信股份有限公司,4G,221
基隆市,1120731,遠傳電信股份有限公司,4G,362
基隆市,1120731,中華電信股份有限公司,4G,390
基隆市,1120731,台灣之星電信股份有限公司,4G,224
連江縣,1120731,遠傳電信股份有限公司,4G,44
連江縣,1120731,台灣大哥大股份有限公司,4G,39
連江縣,1120731,台灣之星電信股份有限公司,4G,20
連江縣,1120731,中華電信股份有限公司,4G,112
連江縣,1120731,亞太電信股份有限公司,4G,12
雲林縣,1120731,中華電信股份有限公司,4G,1336
雲林縣,1120731,台灣之星電信股份有限公司,4G,459
雲林縣,1120731,遠傳電信股份有限公司,4G,765
雲林縣,1120731,亞太電信股份有限公司,4G,250
雲林縣,1120731,台灣大哥大股份有限公司,4G,759
新北市,1120731,遠傳電信股份有限公司,4G,2714
新北市,1120731,台灣之星電信股份有限公司,4G,2329
新北市,1120731,台灣大哥大股份有限公司,4G,2725
新北市,1120731,中華電信股份有限公司,4G,3171
新北市,1120731,亞太電信股份有限公司,4G,1528
新竹市,1120731,台灣之星電信股份有限公司,4G,363
新竹市,1120731,遠傳電信股份有限公司,4G,560
新竹市,1120731,台灣大哥大股份有限公司,4G,419
新竹市,1120731,中華電信股份有限公司,4G,631
新竹市,1120731,亞太電信股份有限公司,4G,202
新竹縣,1120731,台灣大哥大股份有限公司,4G,736
新竹縣,1120731,亞太電信股份有限公司,4G,300
新竹縣,1120731,遠傳電信股份有限公司,4G,732
新竹縣,1120731,中華電信股份有限公司,4G,1075
新竹縣,1120731,台灣之星電信股份有限公司,4G,522
嘉義市,1120731,遠傳電信股份有限公司,4G,221
嘉義市,1120731,中華電信股份有限公司,4G,346
嘉義市,1120731,台灣大哥大股份有限公司,4G,261
嘉義市,1120731,台灣之星電信股份有限公司,4G,174
嘉義市,1120731,亞太電信股份有限公司,4G,133
嘉義縣,1120731,亞太電信股份有限公司,4G,233
嘉義縣,1120731,台灣之星電信股份有限公司,4G,367
嘉義縣,1120731,遠傳電信股份有限公司,4G,640
嘉義縣,1120731,中華電信股份有限公司,4G,1036
嘉義縣,1120731,台灣大哥大股份有限公司,4G,615
彰化縣,1120731,台灣大哥大股份有限公司,4G,1217
彰化縣,1120731,中華電信股份有限公司,4G,1901
彰化縣,1120731,台灣之星電信股份有限公司,4G,699
彰化縣,1120731,亞太電信股份有限公司,4G,459
彰化縣,1120731,遠傳電信股份有限公司,4G,1154
臺中市,1120731,台灣大哥大股份有限公司,4G,3619
臺中市,1120731,台灣之星電信股份有限公司,4G,2168
臺中市,1120731,亞太電信股份有限公司,4G,1707
臺中市,1120731,中華電信股份有限公司,4G,4848
臺中市,1120731,遠傳電信股份有限公司,4G,3438
臺北市,1120731,中華電信股份有限公司,4G,3097
臺北市,1120731,台灣之星電信股份有限公司,4G,1830
臺北市,1120731,台灣大哥大股份有限公司,4G,2640
臺北市,1120731,亞太電信股份有限公司,4G,1516
臺北市,1120731,遠傳電信股份有限公司,4G,3012
臺東縣,1120731,台灣大哥大股份有限公司,4G,431
臺東縣,1120731,遠傳電信股份有限公司,4G,420
臺東縣,1120731,亞太電信股份有限公司,4G,151
臺東縣,1120731,中華電信股份有限公司,4G,662
臺東縣,1120731,台灣之星電信股份有限公司,4G,291
臺南市,1120731,台灣大哥大股份有限公司,4G,1854
臺南市,1120731,台灣之星電信股份有限公司,4G,1308
臺南市,1120731,遠傳電信股份有限公司,4G,1613
臺南市,1120731,中華電信股份有限公司,4G,2285
臺南市,1120731,亞太電信股份有限公司,4G,872
澎湖縣,1120731,台灣大哥大股份有限公司,4G,166
澎湖縣,1120731,台灣之星電信股份有限公司,4G,75
澎湖縣,1120731,中華電信股份有限公司,4G,200
澎湖縣,1120731,亞太電信股份有限公司,4G,41
澎湖縣,1120731,遠傳電信股份有限公司,4G,161
宜蘭縣,1120630,台灣大哥大股份有限公司,4G,650
宜蘭縣,1120630,台灣之星電信股份有限公司,4G,424
宜蘭縣,1120630,台灣大哥大股份有限公司,5G,188
宜蘭縣,1120630,遠傳電信股份有限公司,4G,625
宜蘭縣,1120630,中華電信股份有限公司,4G,994
宜蘭縣,1120630,中華電信股份有限公司,5G,460
宜蘭縣,1120630,亞太電信股份有限公司,4G,203
宜蘭縣,1120630,遠傳電信股份有限公司,5G,367
宜蘭縣,1120630,台灣之星電信股份有限公司,5G,27
花蓮縣,1120630,台灣大哥大股份有限公司,4G,702
花蓮縣,1120630,亞太電信股份有限公司,4G,192
花蓮縣,1120630,台灣之星電信股份有限公司,4G,433
花蓮縣,1120630,中華電信股份有限公司,4G,980
花蓮縣,1120630,台灣大哥大股份有限公司,5G,224
花蓮縣,1120630,遠傳電信股份有限公司,5G,437
花蓮縣,1120630,中華電信股份有限公司,5G,492
花蓮縣,1120630,遠傳電信股份有限公司,4G,716
花蓮縣,1120630,台灣之星電信股份有限公司,5G,23
金門縣,1120630,遠傳電信股份有限公司,5G,54
金門縣,1120630,中華電信股份有限公司,4G,320
金門縣,1120630,中華電信股份有限公司,5G,95
金門縣,1120630,台灣大哥大股份有限公司,5G,26
金門縣,1120630,台灣之星電信股份有限公司,4G,47
金門縣,1120630,亞太電信股份有限公司,4G,32
金門縣,1120630,台灣大哥大股份有限公司,4G,124
金門縣,1120630,遠傳電信股份有限公司,4G,139
南投縣,1120630,台灣大哥大股份有限公司,5G,252
南投縣,1120630,台灣之星電信股份有限公司,4G,527
南投縣,1120630,遠傳電信股份有限公司,4G,922
南投縣,1120630,亞太電信股份有限公司,4G,282
南投縣,1120630,中華電信股份有限公司,4G,1263
南投縣,1120630,中華電信股份有限公司,5G,537
南投縣,1120630,台灣之星電信股份有限公司,5G,29
南投縣,1120630,台灣大哥大股份有限公司,4G,863
南投縣,1120630,遠傳電信股份有限公司,5G,481
屏東縣,1120630,亞太電信股份有限公司,4G,512
屏東縣,1120630,中華電信股份有限公司,5G,557
屏東縣,1120630,台灣大哥大股份有限公司,5G,299
屏東縣,1120630,中華電信股份有限公司,4G,1180
屏東縣,1120630,台灣之星電信股份有限公司,4G,703
屏東縣,1120630,台灣之星電信股份有限公司,5G,61
屏東縣,1120630,遠傳電信股份有限公司,5G,533
屏東縣,1120630,台灣大哥大股份有限公司,4G,965
屏東縣,1120630,遠傳電信股份有限公司,4G,1084
苗栗縣,1120630,中華電信股份有限公司,5G,570
苗栗縣,1120630,台灣大哥大股份有限公司,4G,887
苗栗縣,1120630,台灣之星電信股份有限公司,4G,498
苗栗縣,1120630,遠傳電信股份有限公司,5G,610
苗栗縣,1120630,台灣之星電信股份有限公司,5G,37
苗栗縣,1120630,亞太電信股份有限公司,4G,317
苗栗縣,1120630,台灣大哥大股份有限公司,5G,278
苗栗縣,1120630,中華電信股份有限公司,4G,1399
苗栗縣,1120630,遠傳電信股份有限公司,4G,991
桃園市,1120630,中華電信股份有限公司,4G,2174
桃園市,1120630,中華電信股份有限公司,5G,1489
桃園市,1120630,台灣之星電信股份有限公司,5G,250
桃園市,1120630,台灣大哥大股份有限公司,4G,2007
桃園市,1120630,台灣之星電信股份有限公司,4G,1538
桃園市,1120630,台灣大哥大股份有限公司,5G,992
桃園市,1120630,亞太電信股份有限公司,4G,1004
桃園市,1120630,遠傳電信股份有限公司,5G,1288
桃園市,1120630,遠傳電信股份有限公司,4G,2025
高雄市,1120630,遠傳電信股份有限公司,4G,2399
高雄市,1120630,台灣之星電信股份有限公司,4G,1967
高雄市,1120630,中華電信股份有限公司,4G,3422
高雄市,1120630,中華電信股份有限公司,5G,1688
高雄市,1120630,台灣大哥大股份有限公司,5G,1241
高雄市,1120630,亞太電信股份有限公司,4G,1315
高雄市,1120630,遠傳電信股份有限公司,5G,1573
高雄市,1120630,台灣之星電信股份有限公司,5G,432
高雄市,1120630,台灣大哥大股份有限公司,4G,2465
基隆市,1120630,中華電信股份有限公司,5G,249
基隆市,1120630,中華電信股份有限公司,4G,388
基隆市,1120630,台灣之星電信股份有限公司,5G,54
基隆市,1120630,台灣大哥大股份有限公司,4G,299
基隆市,1120630,台灣之星電信股份有限公司,4G,224
基隆市,1120630,台灣大哥大股份有限公司,5G,120
基隆市,1120630,遠傳電信股份有限公司,5G,214
基隆市,1120630,亞太電信股份有限公司,4G,221
基隆市,1120630,遠傳電信股份有限公司,4G,360
連江縣,1120630,中華電信股份有限公司,5G,54
連江縣,1120630,亞太電信股份有限公司,4G,12
連江縣,1120630,台灣大哥大股份有限公司,4G,39
連江縣,1120630,中華電信股份有限公司,4G,110
連江縣,1120630,台灣之星電信股份有限公司,4G,20
連江縣,1120630,台灣大哥大股份有限公司,5G,4
連江縣,1120630,遠傳電信股份有限公司,5G,23
連江縣,1120630,遠傳電信股份有限公司,4G,44
雲林縣,1120630,台灣之星電信股份有限公司,5G,18
雲林縣,1120630,遠傳電信股份有限公司,5G,381
雲林縣,1120630,遠傳電信股份有限公司,4G,765
雲林縣,1120630,中華電信股份有限公司,4G,1323
雲林縣,1120630,台灣大哥大股份有限公司,4G,759
雲林縣,1120630,中華電信股份有限公司,5G,540
雲林縣,1120630,台灣大哥大股份有限公司,5G,235
雲林縣,1120630,台灣之星電信股份有限公司,4G,459
雲林縣,1120630,亞太電信股份有限公司,4G,250
新北市,1120630,亞太電信股份有限公司,4G,1528
新北市,1120630,中華電信股份有限公司,4G,3166
新北市,1120630,中華電信股份有限公司,5G,1990
新北市,1120630,台灣之星電信股份有限公司,4G,2329
新北市,1120630,台灣大哥大股份有限公司,5G,1336
新北市,1120630,遠傳電信股份有限公司,5G,1761
新北市,1120630,台灣大哥大股份有限公司,4G,2735
新北市,1120630,台灣之星電信股份有限公司,5G,503
新北市,1120630,遠傳電信股份有限公司,4G,2708
新竹市,1120630,中華電信股份有限公司,5G,237
新竹市,1120630,遠傳電信股份有限公司,5G,350
新竹市,1120630,中華電信股份有限公司,4G,631
新竹市,1120630,台灣大哥大股份有限公司,5G,217
新竹市,1120630,台灣之星電信股份有限公司,4G,363
新竹市,1120630,台灣大哥大股份有限公司,4G,419
新竹市,1120630,亞太電信股份有限公司,4G,202
新竹市,1120630,遠傳電信股份有限公司,4G,560
新竹市,1120630,台灣之星電信股份有限公司,5G,81
新竹縣,1120630,亞太電信股份有限公司,4G,300
新竹縣,1120630,台灣之星電信股份有限公司,5G,48
新竹縣,1120630,中華電信股份有限公司,4G,1075
新竹縣,1120630,中華電信股份有限公司,5G,483
新竹縣,1120630,台灣大哥大股份有限公司,4G,736
新竹縣,1120630,遠傳電信股份有限公司,5G,515
新竹縣,1120630,台灣大哥大股份有限公司,5G,252
新竹縣,1120630,遠傳電信股份有限公司,4G,732
新竹縣,1120630,台灣之星電信股份有限公司,4G,522
嘉義市,1120630,中華電信股份有限公司,4G,346
嘉義市,1120630,亞太電信股份有限公司,4G,133
嘉義市,1120630,台灣大哥大股份有限公司,4G,261
嘉義市,1120630,中華電信股份有限公司,5G,172
嘉義市,1120630,台灣大哥大股份有限公司,5G,131
嘉義市,1120630,遠傳電信股份有限公司,4G,221
嘉義市,1120630,台灣之星電信股份有限公司,4G,174
嘉義市,1120630,遠傳電信股份有限公司,5G,133
嘉義市,1120630,台灣之星電信股份有限公司,5G,26
嘉義縣,1120630,台灣大哥大股份有限公司,5G,141
嘉義縣,1120630,台灣大哥大股份有限公司,4G,618
嘉義縣,1120630,中華電信股份有限公司,5G,493
嘉義縣,1120630,台灣之星電信股份有限公司,4G,368
嘉義縣,1120630,亞太電信股份有限公司,4G,233
嘉義縣,1120630,中華電信股份有限公司,4G,1034
嘉義縣,1120630,台灣之星電信股份有限公司,5G,28
嘉義縣,1120630,遠傳電信股份有限公司,5G,343
嘉義縣,1120630,遠傳電信股份有限公司,4G,640
彰化縣,1120630,台灣大哥大股份有限公司,4G,1225
彰化縣,1120630,中華電信股份有限公司,4G,1883
彰化縣,1120630,亞太電信股份有限公司,4G,459
彰化縣,1120630,台灣大哥大股份有限公司,5G,505
彰化縣,1120630,遠傳電信股份有限公司,4G,1154
彰化縣,1120630,中華電信股份有限公司,5G,856
彰化縣,1120630,遠傳電信股份有限公司,5G,616
彰化縣,1120630,台灣之星電信股份有限公司,4G,697
彰化縣,1120630,台灣之星電信股份有限公司,5G,47
臺中市,1120630,台灣大哥大股份有限公司,5G,1876
臺中市,1120630,中華電信股份有限公司,5G,2000
臺中市,1120630,中華電信股份有限公司,4G,4826
臺中市,1120630,台灣之星電信股份有限公司,5G,393
臺中市,1120630,遠傳電信股份有限公司,4G,3438
臺中市,1120630,台灣大哥大股份有限公司,4G,3629
臺中市,1120630,台灣之星電信股份有限公司,4G,2165
臺中市,1120630,遠傳電信股份有限公司,5G,1959
臺中市,1120630,亞太電信股份有限公司,4G,1707
臺北市,1120630,遠傳電信股份有限公司,4G,3000
臺北市,1120630,台灣之星電信股份有限公司,5G,396
臺北市,1120630,中華電信股份有限公司,4G,3076
臺北市,1120630,台灣大哥大股份有限公司,5G,1357
臺北市,1120630,台灣之星電信股份有限公司,4G,1830
臺北市,1120630,台灣大哥大股份有限公司,4G,2655
臺北市,1120630,中華電信股份有限公司,5G,1885
臺北市,1120630,亞太電信股份有限公司,4G,1516
臺北市,1120630,遠傳電信股份有限公司,5G,1624
臺東縣,1120630,亞太電信股份有限公司,4G,151
臺東縣,1120630,中華電信股份有限公司,4G,662
臺東縣,1120630,遠傳電信股份有限公司,4G,420
臺東縣,1120630,中華電信股份有限公司,5G,219
臺東縣,1120630,台灣大哥大股份有限公司,5G,93
臺東縣,1120630,台灣之星電信股份有限公司,4G,291
臺東縣,1120630,台灣大哥大股份有限公司,4G,451
臺東縣,1120630,台灣之星電信股份有限公司,5G,21
臺東縣,1120630,遠傳電信股份有限公司,5G,188
臺南市,1120630,台灣大哥大股份有限公司,4G,1856
臺南市,1120630,中華電信股份有限公司,4G,2255
臺南市,1120630,中華電信股份有限公司,5G,1127
臺南市,1120630,亞太電信股份有限公司,4G,872
臺南市,1120630,遠傳電信股份有限公司,4G,1613
臺南市,1120630,台灣之星電信股份有限公司,5G,238
臺南市,1120630,台灣大哥大股份有限公司,5G,908
臺南市,1120630,遠傳電信股份有限公司,5G,998
臺南市,1120630,台灣之星電信股份有限公司,4G,1308
澎湖縣,1120630,台灣大哥大股份有限公司,5G,43
澎湖縣,1120630,台灣之星電信股份有限公司,4G,75
澎湖縣,1120630,中華電信股份有限公司,4G,198
澎湖縣,1120630,中華電信股份有限公司,5G,93
澎湖縣,1120630,亞太電信股份有限公司,4G,41
澎湖縣,1120630,遠傳電信股份有限公司,5G,47
澎湖縣,1120630,台灣大哥大股份有限公司,4G,166
澎湖縣,1120630,台灣之星電信股份有限公司,5G,1
澎湖縣,1120630,遠傳電信股份有限公司,4G,161
宜蘭縣,1120531,台灣之星電信股份有限公司,4G,424
宜蘭縣,1120531,台灣大哥大股份有限公司,4G,643
宜蘭縣,1120531,遠傳電信股份有限公司,4G,625
宜蘭縣,1120531,亞太電信股份有限公司,4G,203
宜蘭縣,1120531,中華電信股份有限公司,4G,990
花蓮縣,1120531,亞太電信股份有限公司,4G,192
花蓮縣,1120531,台灣大哥大股份有限公司,4G,703
花蓮縣,1120531,台灣之星電信股份有限公司,4G,433
花蓮縣,1120531,遠傳電信股份有限公司,4G,716
花蓮縣,1120531,中華電信股份有限公司,4G,978
金門縣,1120531,台灣之星電信股份有限公司,4G,47
金門縣,1120531,遠傳電信股份有限公司,4G,139
金門縣,1120531,中華電信股份有限公司,4G,320
金門縣,1120531,台灣大哥大股份有限公司,4G,124
金門縣,1120531,亞太電信股份有限公司,4G,32
南投縣,1120531,遠傳電信股份有限公司,4G,922
南投縣,1120531,台灣大哥大股份有限公司,4G,862
南投縣,1120531,亞太電信股份有限公司,4G,282
南投縣,1120531,台灣之星電信股份有限公司,4G,527
南投縣,1120531,中華電信股份有限公司,4G,1267
屏東縣,1120531,台灣大哥大股份有限公司,4G,969
屏東縣,1120531,台灣之星電信股份有限公司,4G,702
屏東縣,1120531,中華電信股份有限公司,4G,1181
屏東縣,1120531,遠傳電信股份有限公司,4G,1069
屏東縣,1120531,亞太電信股份有限公司,4G,512
苗栗縣,1120531,亞太電信股份有限公司,4G,317
苗栗縣,1120531,中華電信股份有限公司,4G,1401
苗栗縣,1120531,台灣大哥大股份有限公司,4G,887
苗栗縣,1120531,台灣之星電信股份有限公司,4G,498
苗栗縣,1120531,遠傳電信股份有限公司,4G,986
桃園市,1120531,遠傳電信股份有限公司,4G,1991
桃園市,1120531,中華電信股份有限公司,4G,2154
桃園市,1120531,台灣大哥大股份有限公司,4G,2014
桃園市,1120531,亞太電信股份有限公司,4G,1005
桃園市,1120531,台灣之星電信股份有限公司,4G,1538
高雄市,1120531,亞太電信股份有限公司,4G,1315
高雄市,1120531,台灣之星電信股份有限公司,4G,1966
高雄市,1120531,中華電信股份有限公司,4G,3409
高雄市,1120531,台灣大哥大股份有限公司,4G,2472
高雄市,1120531,遠傳電信股份有限公司,4G,2380
基隆市,1120531,遠傳電信股份有限公司,4G,360
基隆市,1120531,中華電信股份有限公司,4G,386
基隆市,1120531,台灣大哥大股份有限公司,4G,300
基隆市,1120531,台灣之星電信股份有限公司,4G,224
基隆市,1120531,亞太電信股份有限公司,4G,221
連江縣,1120531,中華電信股份有限公司,4G,106
連江縣,1120531,亞太電信股份有限公司,4G,12
連江縣,1120531,台灣大哥大股份有限公司,4G,39
連江縣,1120531,遠傳電信股份有限公司,4G,44
連江縣,1120531,台灣之星電信股份有限公司,4G,20
雲林縣,1120531,中華電信股份有限公司,4G,1327
雲林縣,1120531,台灣之星電信股份有限公司,4G,459
雲林縣,1120531,遠傳電信股份有限公司,4G,753
雲林縣,1120531,台灣大哥大股份有限公司,4G,759
雲林縣,1120531,亞太電信股份有限公司,4G,250
新北市,1120531,亞太電信股份有限公司,4G,1528
新北市,1120531,中華電信股份有限公司,4G,3131
新北市,1120531,台灣大哥大股份有限公司,4G,2751
新北市,1120531,台灣之星電信股份有限公司,4G,2329
新北市,1120531,遠傳電信股份有限公司,4G,2690
新竹市,1120531,台灣大哥大股份有限公司,4G,407
新竹市,1120531,台灣之星電信股份有限公司,4G,363
新竹市,1120531,中華電信股份有限公司,4G,631
新竹市,1120531,遠傳電信股份有限公司,4G,558
新竹市,1120531,亞太電信股份有限公司,4G,201
新竹縣,1120531,中華電信股份有限公司,4G,1075
新竹縣,1120531,台灣之星電信股份有限公司,4G,522
新竹縣,1120531,台灣大哥大股份有限公司,4G,732
新竹縣,1120531,亞太電信股份有限公司,4G,298
新竹縣,1120531,遠傳電信股份有限公司,4G,724
嘉義市,1120531,台灣大哥大股份有限公司,4G,261
嘉義市,1120531,台灣之星電信股份有限公司,4G,174
嘉義市,1120531,中華電信股份有限公司,4G,346
嘉義市,1120531,遠傳電信股份有限公司,4G,220
嘉義市,1120531,亞太電信股份有限公司,4G,133
嘉義縣,1120531,中華電信股份有限公司,4G,1034
嘉義縣,1120531,台灣大哥大股份有限公司,4G,620
嘉義縣,1120531,亞太電信股份有限公司,4G,233
嘉義縣,1120531,台灣之星電信股份有限公司,4G,368
嘉義縣,1120531,遠傳電信股份有限公司,4G,608
彰化縣,1120531,亞太電信股份有限公司,4G,459
彰化縣,1120531,台灣大哥大股份有限公司,4G,1225
彰化縣,1120531,遠傳電信股份有限公司,4G,1154
彰化縣,1120531,中華電信股份有限公司,4G,1892
彰化縣,1120531,台灣之星電信股份有限公司,4G,697
臺中市,1120531,台灣大哥大股份有限公司,4G,3641
臺中市,1120531,中華電信股份有限公司,4G,4921
臺中市,1120531,台灣之星電信股份有限公司,4G,2167
臺中市,1120531,遠傳電信股份有限公司,4G,3437
臺中市,1120531,亞太電信股份有限公司,4G,1710
臺北市,1120531,遠傳電信股份有限公司,4G,3000
臺北市,1120531,台灣大哥大股份有限公司,4G,2667
臺北市,1120531,台灣之星電信股份有限公司,4G,1830
臺北市,1120531,中華電信股份有限公司,4G,3068
臺北市,1120531,亞太電信股份有限公司,4G,1517
臺東縣,1120531,亞太電信股份有限公司,4G,151
臺東縣,1120531,台灣大哥大股份有限公司,4G,452
臺東縣,1120531,遠傳電信股份有限公司,4G,420
臺東縣,1120531,中華電信股份有限公司,4G,662
臺東縣,1120531,台灣之星電信股份有限公司,4G,291
臺南市,1120531,台灣大哥大股份有限公司,4G,1864
臺南市,1120531,中華電信股份有限公司,4G,2255
臺南市,1120531,台灣之星電信股份有限公司,4G,1309
臺南市,1120531,亞太電信股份有限公司,4G,873
臺南市,1120531,遠傳電信股份有限公司,4G,1603
澎湖縣,1120531,中華電信股份有限公司,4G,198
澎湖縣,1120531,台灣大哥大股份有限公司,4G,166
澎湖縣,1120531,台灣之星電信股份有限公司,4G,75
澎湖縣,1120531,遠傳電信股份有限公司,4G,161
澎湖縣,1120531,亞太電信股份有限公司,4G,41
宜蘭縣,1120430,台灣大哥大股份有限公司,4G,644
宜蘭縣,1120430,亞太電信股份有限公司,4G,203
宜蘭縣,1120430,中華電信股份有限公司,4G,989
宜蘭縣,1120430,遠傳電信股份有限公司,4G,619
宜蘭縣,1120430,台灣之星電信股份有限公司,4G,424
花蓮縣,1120430,台灣大哥大股份有限公司,4G,702
花蓮縣,1120430,亞太電信股份有限公司,4G,192
花蓮縣,1120430,中華電信股份有限公司,4G,974
花蓮縣,1120430,遠傳電信股份有限公司,4G,713
花蓮縣,1120430,台灣之星電信股份有限公司,4G,433
金門縣,1120430,亞太電信股份有限公司,4G,32
金門縣,1120430,遠傳電信股份有限公司,4G,139
金門縣,1120430,中華電信股份有限公司,4G,304
金門縣,1120430,台灣大哥大股份有限公司,4G,126
金門縣,1120430,台灣之星電信股份有限公司,4G,47
南投縣,1120430,台灣大哥大股份有限公司,4G,863
南投縣,1120430,台灣之星電信股份有限公司,4G,527
南投縣,1120430,遠傳電信股份有限公司,4G,922
南投縣,1120430,中華電信股份有限公司,4G,1246
南投縣,1120430,亞太電信股份有限公司,4G,282
屏東縣,1120430,台灣大哥大股份有限公司,4G,970
屏東縣,1120430,中華電信股份有限公司,4G,1166
屏東縣,1120430,亞太電信股份有限公司,4G,512
屏東縣,1120430,台灣之星電信股份有限公司,4G,702
屏東縣,1120430,遠傳電信股份有限公司,4G,1065
苗栗縣,1120430,台灣大哥大股份有限公司,4G,887
苗栗縣,1120430,台灣之星電信股份有限公司,4G,498
苗栗縣,1120430,亞太電信股份有限公司,4G,317
苗栗縣,1120430,中華電信股份有限公司,4G,1365
苗栗縣,1120430,遠傳電信股份有限公司,4G,986
桃園市,1120430,中華電信股份有限公司,4G,2154
桃園市,1120430,亞太電信股份有限公司,4G,1005
桃園市,1120430,台灣大哥大股份有限公司,4G,2001
桃園市,1120430,台灣之星電信股份有限公司,4G,1538
桃園市,1120430,遠傳電信股份有限公司,4G,1989
高雄市,1120430,台灣之星電信股份有限公司,4G,1966
高雄市,1120430,亞太電信股份有限公司,4G,1315
高雄市,1120430,中華電信股份有限公司,4G,3378
高雄市,1120430,台灣大哥大股份有限公司,4G,2478
高雄市,1120430,遠傳電信股份有限公司,4G,2377
基隆市,1120430,中華電信股份有限公司,4G,386
基隆市,1120430,亞太電信股份有限公司,4G,221
基隆市,1120430,台灣之星電信股份有限公司,4G,224
基隆市,1120430,台灣大哥大股份有限公司,4G,295
基隆市,1120430,遠傳電信股份有限公司,4G,359
連江縣,1120430,遠傳電信股份有限公司,4G,44
連江縣,1120430,亞太電信股份有限公司,4G,12
連江縣,1120430,台灣大哥大股份有限公司,4G,39
連江縣,1120430,中華電信股份有限公司,4G,106
連江縣,1120430,台灣之星電信股份有限公司,4G,20
雲林縣,1120430,中華電信股份有限公司,4G,1301
雲林縣,1120430,遠傳電信股份有限公司,4G,753
雲林縣,1120430,台灣之星電信股份有限公司,4G,459
雲林縣,1120430,台灣大哥大股份有限公司,4G,761
雲林縣,1120430,亞太電信股份有限公司,4G,250
新北市,1120430,亞太電信股份有限公司,4G,1528
新北市,1120430,中華電信股份有限公司,4G,3126
新北市,1120430,遠傳電信股份有限公司,4G,2687
新北市,1120430,台灣之星電信股份有限公司,4G,2329
新北市,1120430,台灣大哥大股份有限公司,4G,2724
新竹市,1120430,遠傳電信股份有限公司,4G,558
新竹市,1120430,中華電信股份有限公司,4G,631
新竹市,1120430,台灣大哥大股份有限公司,4G,407
新竹市,1120430,亞太電信股份有限公司,4G,202
新竹市,1120430,台灣之星電信股份有限公司,4G,363
新竹縣,1120430,中華電信股份有限公司,4G,1075
新竹縣,1120430,台灣大哥大股份有限公司,4G,732
新竹縣,1120430,亞太電信股份有限公司,4G,300
新竹縣,1120430,遠傳電信股份有限公司,4G,724
新竹縣,1120430,台灣之星電信股份有限公司,4G,522
嘉義市,1120430,台灣之星電信股份有限公司,4G,174
嘉義市,1120430,台灣大哥大股份有限公司,4G,262
嘉義市,1120430,中華電信股份有限公司,4G,345
嘉義市,1120430,遠傳電信股份有限公司,4G,219
嘉義市,1120430,亞太電信股份有限公司,4G,133
嘉義縣,1120430,台灣之星電信股份有限公司,4G,368
嘉義縣,1120430,台灣大哥大股份有限公司,4G,611
嘉義縣,1120430,遠傳電信股份有限公司,4G,598
嘉義縣,1120430,中華電信股份有限公司,4G,1024
嘉義縣,1120430,亞太電信股份有限公司,4G,233
彰化縣,1120430,中華電信股份有限公司,4G,1863
彰化縣,1120430,台灣大哥大股份有限公司,4G,1230
彰化縣,1120430,亞太電信股份有限公司,4G,459
彰化縣,1120430,台灣之星電信股份有限公司,4G,697
彰化縣,1120430,遠傳電信股份有限公司,4G,1154
臺中市,1120430,亞太電信股份有限公司,4G,1710
臺中市,1120430,台灣大哥大股份有限公司,4G,3653
臺中市,1120430,台灣之星電信股份有限公司,4G,2167
臺中市,1120430,遠傳電信股份有限公司,4G,3437
臺中市,1120430,中華電信股份有限公司,4G,4859
臺北市,1120430,遠傳電信股份有限公司,4G,2993
臺北市,1120430,亞太電信股份有限公司,4G,1517
臺北市,1120430,台灣大哥大股份有限公司,4G,2652
臺北市,1120430,台灣之星電信股份有限公司,4G,1830
臺北市,1120430,中華電信股份有限公司,4G,3040
臺東縣,1120430,台灣之星電信股份有限公司,4G,291
臺東縣,1120430,亞太電信股份有限公司,4G,151
臺東縣,1120430,中華電信股份有限公司,4G,656
臺東縣,1120430,台灣大哥大股份有限公司,4G,453
臺東縣,1120430,遠傳電信股份有限公司,4G,420
臺南市,1120430,中華電信股份有限公司,4G,2219
臺南市,1120430,亞太電信股份有限公司,4G,873
臺南市,1120430,台灣大哥大股份有限公司,4G,1831
臺南市,1120430,遠傳電信股份有限公司,4G,1598
臺南市,1120430,台灣之星電信股份有限公司,4G,1309
澎湖縣,1120430,中華電信股份有限公司,4G,196
澎湖縣,1120430,亞太電信股份有限公司,4G,41
澎湖縣,1120430,台灣大哥大股份有限公司,4G,167
澎湖縣,1120430,遠傳電信股份有限公司,4G,161
澎湖縣,1120430,台灣之星電信股份有限公司,4G,75
宜蘭縣,1120331,台灣大哥大股份有限公司,4G,644
宜蘭縣,1120331,中華電信股份有限公司,4G,988
宜蘭縣,1120331,亞太電信股份有限公司,4G,203
宜蘭縣,1120331,遠傳電信股份有限公司,4G,619
宜蘭縣,1120331,台灣之星電信股份有限公司,4G,424
花蓮縣,1120331,亞太電信股份有限公司,4G,192
花蓮縣,1120331,中華電信股份有限公司,4G,972
花蓮縣,1120331,台灣之星電信股份有限公司,4G,433
花蓮縣,1120331,台灣大哥大股份有限公司,4G,702
花蓮縣,1120331,遠傳電信股份有限公司,4G,710
金門縣,1120331,中華電信股份有限公司,4G,301
金門縣,1120331,遠傳電信股份有限公司,4G,139
金門縣,1120331,台灣之星電信股份有限公司,4G,47
金門縣,1120331,台灣大哥大股份有限公司,4G,127
金門縣,1120331,亞太電信股份有限公司,4G,32
南投縣,1120331,中華電信股份有限公司,4G,1213
南投縣,1120331,台灣之星電信股份有限公司,4G,527
南投縣,1120331,亞太電信股份有限公司,4G,282
南投縣,1120331,台灣大哥大股份有限公司,4G,858
南投縣,1120331,遠傳電信股份有限公司,4G,923
屏東縣,1120331,中華電信股份有限公司,4G,1165
屏東縣,1120331,亞太電信股份有限公司,4G,512
屏東縣,1120331,台灣之星電信股份有限公司,4G,704
屏東縣,1120331,台灣大哥大股份有限公司,4G,975
屏東縣,1120331,遠傳電信股份有限公司,4G,1064
苗栗縣,1120331,亞太電信股份有限公司,4G,317
苗栗縣,1120331,台灣大哥大股份有限公司,4G,880
苗栗縣,1120331,中華電信股份有限公司,4G,1337
苗栗縣,1120331,台灣之星電信股份有限公司,4G,498
苗栗縣,1120331,遠傳電信股份有限公司,4G,986
桃園市,1120331,亞太電信股份有限公司,4G,1005
桃園市,1120331,中華電信股份有限公司,4G,2149
桃園市,1120331,台灣之星電信股份有限公司,4G,1538
桃園市,1120331,台灣大哥大股份有限公司,4G,1998
桃園市,1120331,遠傳電信股份有限公司,4G,1984
高雄市,1120331,台灣大哥大股份有限公司,4G,2484
高雄市,1120331,中華電信股份有限公司,4G,3369
高雄市,1120331,亞太電信股份有限公司,4G,1315
高雄市,1120331,台灣之星電信股份有限公司,4G,1966
高雄市,1120331,遠傳電信股份有限公司,4G,2377
基隆市,1120331,遠傳電信股份有限公司,4G,357
基隆市,1120331,中華電信股份有限公司,4G,386
基隆市,1120331,亞太電信股份有限公司,4G,221
基隆市,1120331,台灣大哥大股份有限公司,4G,295
基隆市,1120331,台灣之星電信股份有限公司,4G,224
連江縣,1120331,台灣之星電信股份有限公司,4G,20
連江縣,1120331,中華電信股份有限公司,4G,106
連江縣,1120331,遠傳電信股份有限公司,4G,44
連江縣,1120331,台灣大哥大股份有限公司,4G,39
連江縣,1120331,亞太電信股份有限公司,4G,12
雲林縣,1120331,遠傳電信股份有限公司,4G,753
雲林縣,1120331,中華電信股份有限公司,4G,1285
雲林縣,1120331,台灣大哥大股份有限公司,4G,747
雲林縣,1120331,台灣之星電信股份有限公司,4G,459
雲林縣,1120331,亞太電信股份有限公司,4G,250
新北市,1120331,台灣大哥大股份有限公司,4G,2724
新北市,1120331,遠傳電信股份有限公司,4G,2679
新北市,1120331,亞太電信股份有限公司,4G,1528
新北市,1120331,中華電信股份有限公司,4G,3114
新北市,1120331,台灣之星電信股份有限公司,4G,2329
新竹市,1120331,台灣大哥大股份有限公司,4G,407
新竹市,1120331,亞太電信股份有限公司,4G,202
新竹市,1120331,中華電信股份有限公司,4G,631
新竹市,1120331,台灣之星電信股份有限公司,4G,363
新竹市,1120331,遠傳電信股份有限公司,4G,558
新竹縣,1120331,中華電信股份有限公司,4G,1075
新竹縣,1120331,台灣大哥大股份有限公司,4G,732
新竹縣,1120331,亞太電信股份有限公司,4G,300
新竹縣,1120331,台灣之星電信股份有限公司,4G,522
新竹縣,1120331,遠傳電信股份有限公司,4G,722
嘉義市,1120331,亞太電信股份有限公司,4G,133
嘉義市,1120331,台灣大哥大股份有限公司,4G,265
嘉義市,1120331,台灣之星電信股份有限公司,4G,174
嘉義市,1120331,中華電信股份有限公司,4G,345
嘉義市,1120331,遠傳電信股份有限公司,4G,219
嘉義縣,1120331,台灣大哥大股份有限公司,4G,612
嘉義縣,1120331,遠傳電信股份有限公司,4G,598
嘉義縣,1120331,亞太電信股份有限公司,4G,233
嘉義縣,1120331,台灣之星電信股份有限公司,4G,368
嘉義縣,1120331,中華電信股份有限公司,4G,1019
彰化縣,1120331,中華電信股份有限公司,4G,1840
彰化縣,1120331,亞太電信股份有限公司,4G,459
彰化縣,1120331,台灣之星電信股份有限公司,4G,697
彰化縣,1120331,台灣大哥大股份有限公司,4G,1223
彰化縣,1120331,遠傳電信股份有限公司,4G,1154
臺中市,1120331,中華電信股份有限公司,4G,4837
臺中市,1120331,遠傳電信股份有限公司,4G,3437
臺中市,1120331,台灣大哥大股份有限公司,4G,3587
臺中市,1120331,台灣之星電信股份有限公司,4G,2167
臺中市,1120331,亞太電信股份有限公司,4G,1710
臺北市,1120331,中華電信股份有限公司,4G,3034
臺北市,1120331,遠傳電信股份有限公司,4G,2991
臺北市,1120331,台灣之星電信股份有限公司,4G,1830
臺北市,1120331,亞太電信股份有限公司,4G,1517
臺北市,1120331,台灣大哥大股份有限公司,4G,2652
臺東縣,1120331,台灣大哥大股份有限公司,4G,454
臺東縣,1120331,中華電信股份有限公司,4G,656
臺東縣,1120331,遠傳電信股份有限公司,4G,420
臺東縣,1120331,亞太電信股份有限公司,4G,151
臺東縣,1120331,台灣之星電信股份有限公司,4G,291
臺南市,1120331,台灣之星電信股份有限公司,4G,1309
臺南市,1120331,遠傳電信股份有限公司,4G,1597
臺南市,1120331,台灣大哥大股份有限公司,4G,1834
臺南市,1120331,中華電信股份有限公司,4G,2202
臺南市,1120331,亞太電信股份有限公司,4G,873
澎湖縣,1120331,中華電信股份有限公司,4G,196
澎湖縣,1120331,台灣之星電信股份有限公司,4G,75
澎湖縣,1120331,台灣大哥大股份有限公司,4G,167
澎湖縣,1120331,亞太電信股份有限公司,4G,41
澎湖縣,1120331,遠傳電信股份有限公司,4G,161
宜蘭縣,1120228,台灣之星電信股份有限公司,4G,424
宜蘭縣,1120228,亞太電信股份有限公司,4G,203
宜蘭縣,1120228,台灣大哥大股份有限公司,4G,644
宜蘭縣,1120228,中華電信股份有限公司,4G,973
宜蘭縣,1120228,遠傳電信股份有限公司,4G,614
花蓮縣,1120228,台灣大哥大股份有限公司,4G,702
花蓮縣,1120228,中華電信股份有限公司,4G,962
花蓮縣,1120228,遠傳電信股份有限公司,4G,706
花蓮縣,1120228,台灣之星電信股份有限公司,4G,433
花蓮縣,1120228,亞太電信股份有限公司,4G,193
金門縣,1120228,台灣之星電信股份有限公司,4G,47
金門縣,1120228,遠傳電信股份有限公司,4G,139
金門縣,1120228,中華電信股份有限公司,4G,288
金門縣,1120228,亞太電信股份有限公司,4G,32
金門縣,1120228,台灣大哥大股份有限公司,4G,128
南投縣,1120228,台灣之星電信股份有限公司,4G,527
南投縣,1120228,台灣大哥大股份有限公司,4G,859
南投縣,1120228,中華電信股份有限公司,4G,1238
南投縣,1120228,亞太電信股份有限公司,4G,282
南投縣,1120228,遠傳電信股份有限公司,4G,923
屏東縣,1120228,亞太電信股份有限公司,4G,514
屏東縣,1120228,遠傳電信股份有限公司,4G,1063
屏東縣,1120228,台灣之星電信股份有限公司,4G,704
屏東縣,1120228,台灣大哥大股份有限公司,4G,979
屏東縣,1120228,中華電信股份有限公司,4G,1144
苗栗縣,1120228,亞太電信股份有限公司,4G,317
苗栗縣,1120228,中華電信股份有限公司,4G,1355
苗栗縣,1120228,遠傳電信股份有限公司,4G,986
苗栗縣,1120228,台灣大哥大股份有限公司,4G,872
苗栗縣,1120228,台灣之星電信股份有限公司,4G,498
桃園市,1120228,中華電信股份有限公司,4G,2140
桃園市,1120228,台灣之星電信股份有限公司,4G,1538
桃園市,1120228,台灣大哥大股份有限公司,4G,1998
桃園市,1120228,亞太電信股份有限公司,4G,1005
桃園市,1120228,遠傳電信股份有限公司,4G,1984
高雄市,1120228,亞太電信股份有限公司,4G,1315
高雄市,1120228,中華電信股份有限公司,4G,3333
高雄市,1120228,台灣大哥大股份有限公司,4G,2487
高雄市,1120228,台灣之星電信股份有限公司,4G,1966
高雄市,1120228,遠傳電信股份有限公司,4G,2359
基隆市,1120228,中華電信股份有限公司,4G,381
基隆市,1120228,台灣之星電信股份有限公司,4G,224
基隆市,1120228,台灣大哥大股份有限公司,4G,295
基隆市,1120228,亞太電信股份有限公司,4G,221
基隆市,1120228,遠傳電信股份有限公司,4G,354
連江縣,1120228,遠傳電信股份有限公司,4G,44
連江縣,1120228,亞太電信股份有限公司,4G,12
連江縣,1120228,台灣之星電信股份有限公司,4G,20
連江縣,1120228,中華電信股份有限公司,4G,105
連江縣,1120228,台灣大哥大股份有限公司,4G,39
雲林縣,1120228,台灣大哥大股份有限公司,4G,748
雲林縣,1120228,遠傳電信股份有限公司,4G,753
雲林縣,1120228,亞太電信股份有限公司,4G,250
雲林縣,1120228,中華電信股份有限公司,4G,1293
雲林縣,1120228,台灣之星電信股份有限公司,4G,459
新北市,1120228,亞太電信股份有限公司,4G,1529
新北市,1120228,台灣大哥大股份有限公司,4G,2724
新北市,1120228,中華電信股份有限公司,4G,3088
新北市,1120228,台灣之星電信股份有限公司,4G,2329
新北市,1120228,遠傳電信股份有限公司,4G,2676
新竹市,1120228,亞太電信股份有限公司,4G,202
新竹市,1120228,台灣大哥大股份有限公司,4G,407
新竹市,1120228,中華電信股份有限公司,4G,631
新竹市,1120228,台灣之星電信股份有限公司,4G,363
新竹市,1120228,遠傳電信股份有限公司,4G,558
新竹縣,1120228,中華電信股份有限公司,4G,1063
新竹縣,1120228,亞太電信股份有限公司,4G,300
新竹縣,1120228,台灣大哥大股份有限公司,4G,732
新竹縣,1120228,遠傳電信股份有限公司,4G,722
新竹縣,1120228,台灣之星電信股份有限公司,4G,522
嘉義市,1120228,遠傳電信股份有限公司,4G,219
嘉義市,1120228,中華電信股份有限公司,4G,344
嘉義市,1120228,台灣大哥大股份有限公司,4G,266
嘉義市,1120228,台灣之星電信股份有限公司,4G,174
嘉義市,1120228,亞太電信股份有限公司,4G,133
嘉義縣,1120228,亞太電信股份有限公司,4G,233
嘉義縣,1120228,中華電信股份有限公司,4G,1010
嘉義縣,1120228,遠傳電信股份有限公司,4G,598
嘉義縣,1120228,台灣大哥大股份有限公司,4G,614
嘉義縣,1120228,台灣之星電信股份有限公司,4G,368
彰化縣,1120228,遠傳電信股份有限公司,4G,1153
彰化縣,1120228,亞太電信股份有限公司,4G,459
彰化縣,1120228,中華電信股份有限公司,4G,1854
彰化縣,1120228,台灣之星電信股份有限公司,4G,697
彰化縣,1120228,台灣大哥大股份有限公司,4G,1219
臺中市,1120228,亞太電信股份有限公司,4G,1710
臺中市,1120228,遠傳電信股份有限公司,4G,3436
臺中市,1120228,台灣大哥大股份有限公司,4G,3572
臺中市,1120228,中華電信股份有限公司,4G,4854
臺中市,1120228,台灣之星電信股份有限公司,4G,2167
臺北市,1120228,中華電信股份有限公司,4G,3033
臺北市,1120228,亞太電信股份有限公司,4G,1517
臺北市,1120228,台灣大哥大股份有限公司,4G,2652
臺北市,1120228,台灣之星電信股份有限公司,4G,1830
臺北市,1120228,遠傳電信股份有限公司,4G,2962
臺東縣,1120228,亞太電信股份有限公司,4G,151
臺東縣,1120228,台灣大哥大股份有限公司,4G,454
臺東縣,1120228,中華電信股份有限公司,4G,653
臺東縣,1120228,遠傳電信股份有限公司,4G,420
臺東縣,1120228,台灣之星電信股份有限公司,4G,291
臺南市,1120228,亞太電信股份有限公司,4G,873
臺南市,1120228,遠傳電信股份有限公司,4G,1597
臺南市,1120228,台灣大哥大股份有限公司,4G,1836
臺南市,1120228,中華電信股份有限公司,4G,2178
臺南市,1120228,台灣之星電信股份有限公司,4G,1309
澎湖縣,1120228,台灣大哥大股份有限公司,4G,170
澎湖縣,1120228,遠傳電信股份有限公司,4G,161
澎湖縣,1120228,亞太電信股份有限公司,4G,41
澎湖縣,1120228,中華電信股份有限公司,4G,196
澎湖縣,1120228,台灣之星電信股份有限公司,4G,75
宜蘭縣,1120131,遠傳電信股份有限公司,4G,614
宜蘭縣,1120131,中華電信股份有限公司,4G,990
宜蘭縣,1120131,台灣大哥大股份有限公司,4G,650
宜蘭縣,1120131,亞太電信股份有限公司,4G,203
宜蘭縣,1120131,台灣之星電信股份有限公司,4G,424
花蓮縣,1120131,台灣大哥大股份有限公司,4G,720
花蓮縣,1120131,中華電信股份有限公司,4G,964
花蓮縣,1120131,亞太電信股份有限公司,4G,193
花蓮縣,1120131,台灣之星電信股份有限公司,4G,433
花蓮縣,1120131,遠傳電信股份有限公司,4G,706
金門縣,1120131,台灣之星電信股份有限公司,4G,47
金門縣,1120131,中華電信股份有限公司,4G,287
金門縣,1120131,遠傳電信股份有限公司,4G,139
金門縣,1120131,台灣大哥大股份有限公司,4G,132
金門縣,1120131,亞太電信股份有限公司,4G,32
南投縣,1120131,台灣大哥大股份有限公司,4G,863
南投縣,1120131,中華電信股份有限公司,4G,1238
南投縣,1120131,遠傳電信股份有限公司,4G,922
南投縣,1120131,亞太電信股份有限公司,4G,282
南投縣,1120131,台灣之星電信股份有限公司,4G,527
屏東縣,1120131,亞太電信股份有限公司,4G,514
屏東縣,1120131,中華電信股份有限公司,4G,1134
屏東縣,1120131,台灣之星電信股份有限公司,4G,704
屏東縣,1120131,台灣大哥大股份有限公司,4G,987
屏東縣,1120131,遠傳電信股份有限公司,4G,1063
苗栗縣,1120131,亞太電信股份有限公司,4G,317
苗栗縣,1120131,台灣之星電信股份有限公司,4G,498
苗栗縣,1120131,台灣大哥大股份有限公司,4G,887
苗栗縣,1120131,中華電信股份有限公司,4G,1355
苗栗縣,1120131,遠傳電信股份有限公司,4G,985
桃園市,1120131,亞太電信股份有限公司,4G,1005
桃園市,1120131,遠傳電信股份有限公司,4G,1981
桃園市,1120131,中華電信股份有限公司,4G,2140
桃園市,1120131,台灣之星電信股份有限公司,4G,1538
桃園市,1120131,台灣大哥大股份有限公司,4G,2008
高雄市,1120131,亞太電信股份有限公司,4G,1315
高雄市,1120131,中華電信股份有限公司,4G,3304
高雄市,1120131,遠傳電信股份有限公司,4G,2358
高雄市,1120131,台灣大哥大股份有限公司,4G,2503
高雄市,1120131,台灣之星電信股份有限公司,4G,1966
基隆市,1120131,中華電信股份有限公司,4G,383
基隆市,1120131,遠傳電信股份有限公司,4G,354
基隆市,1120131,台灣大哥大股份有限公司,4G,295
基隆市,1120131,亞太電信股份有限公司,4G,221
基隆市,1120131,台灣之星電信股份有限公司,4G,224
連江縣,1120131,台灣之星電信股份有限公司,4G,20
連江縣,1120131,中華電信股份有限公司,4G,104
連江縣,1120131,台灣大哥大股份有限公司,4G,43
連江縣,1120131,亞太電信股份有限公司,4G,12
連江縣,1120131,遠傳電信股份有限公司,4G,44
雲林縣,1120131,台灣之星電信股份有限公司,4G,460
雲林縣,1120131,中華電信股份有限公司,4G,1294
雲林縣,1120131,亞太電信股份有限公司,4G,250
雲林縣,1120131,台灣大哥大股份有限公司,4G,748
雲林縣,1120131,遠傳電信股份有限公司,4G,751
新北市,1120131,台灣大哥大股份有限公司,4G,2742
新北市,1120131,台灣之星電信股份有限公司,4G,2329
新北市,1120131,中華電信股份有限公司,4G,3109
新北市,1120131,遠傳電信股份有限公司,4G,2675
新北市,1120131,亞太電信股份有限公司,4G,1529
新竹市,1120131,台灣之星電信股份有限公司,4G,363
新竹市,1120131,遠傳電信股份有限公司,4G,558
新竹市,1120131,台灣大哥大股份有限公司,4G,412
新竹市,1120131,中華電信股份有限公司,4G,631
新竹市,1120131,亞太電信股份有限公司,4G,202
新竹縣,1120131,亞太電信股份有限公司,4G,300
新竹縣,1120131,台灣之星電信股份有限公司,4G,522
新竹縣,1120131,遠傳電信股份有限公司,4G,722
新竹縣,1120131,中華電信股份有限公司,4G,1063
新竹縣,1120131,台灣大哥大股份有限公司,4G,740
嘉義市,1120131,亞太電信股份有限公司,4G,133
嘉義市,1120131,台灣之星電信股份有限公司,4G,174
嘉義市,1120131,中華電信股份有限公司,4G,344
嘉義市,1120131,遠傳電信股份有限公司,4G,219
嘉義市,1120131,台灣大哥大股份有限公司,4G,269
嘉義縣,1120131,台灣之星電信股份有限公司,4G,368
嘉義縣,1120131,中華電信股份有限公司,4G,1001
嘉義縣,1120131,遠傳電信股份有限公司,4G,598
嘉義縣,1120131,台灣大哥大股份有限公司,4G,613
嘉義縣,1120131,亞太電信股份有限公司,4G,233
彰化縣,1120131,台灣大哥大股份有限公司,4G,1222
彰化縣,1120131,遠傳電信股份有限公司,4G,1152
彰化縣,1120131,亞太電信股份有限公司,4G,459
彰化縣,1120131,中華電信股份有限公司,4G,1854
彰化縣,1120131,台灣之星電信股份有限公司,4G,697
臺中市,1120131,台灣之星電信股份有限公司,4G,2167
臺中市,1120131,中華電信股份有限公司,4G,4854
臺中市,1120131,亞太電信股份有限公司,4G,1710
臺中市,1120131,台灣大哥大股份有限公司,4G,3595
臺中市,1120131,遠傳電信股份有限公司,4G,3424
臺北市,1120131,中華電信股份有限公司,4G,3022
臺北市,1120131,亞太電信股份有限公司,4G,1517
臺北市,1120131,台灣大哥大股份有限公司,4G,2666
臺北市,1120131,台灣之星電信股份有限公司,4G,1830
臺北市,1120131,遠傳電信股份有限公司,4G,2962
臺東縣,1120131,台灣大哥大股份有限公司,4G,463
臺東縣,1120131,遠傳電信股份有限公司,4G,420
臺東縣,1120131,中華電信股份有限公司,4G,649
臺東縣,1120131,亞太電信股份有限公司,4G,151
臺東縣,1120131,台灣之星電信股份有限公司,4G,292
臺南市,1120131,遠傳電信股份有限公司,4G,1596
臺南市,1120131,台灣之星電信股份有限公司,4G,1309
臺南市,1120131,台灣大哥大股份有限公司,4G,1849
臺南市,1120131,中華電信股份有限公司,4G,2172
臺南市,1120131,亞太電信股份有限公司,4G,873
澎湖縣,1120131,中華電信股份有限公司,4G,196
澎湖縣,1120131,台灣之星電信股份有限公司,4G,75
澎湖縣,1120131,台灣大哥大股份有限公司,4G,174
澎湖縣,1120131,亞太電信股份有限公司,4G,41
澎湖縣,1120131,遠傳電信股份有限公司,4G,161
宜蘭縣,1111231,遠傳電信股份有限公司,5G,320
宜蘭縣,1111231,中華電信股份有限公司,5G,404
宜蘭縣,1111231,亞太電信股份有限公司,4G,203
宜蘭縣,1111231,台灣大哥大股份有限公司,5G,186
宜蘭縣,1111231,遠傳電信股份有限公司,4G,614
宜蘭縣,1111231,台灣大哥大股份有限公司,4G,651
宜蘭縣,1111231,中華電信股份有限公司,4G,987
宜蘭縣,1111231,台灣之星電信股份有限公司,4G,424
宜蘭縣,1111231,台灣之星電信股份有限公司,5G,23
花蓮縣,1111231,台灣大哥大股份有限公司,5G,183
花蓮縣,1111231,中華電信股份有限公司,4G,962
花蓮縣,1111231,台灣之星電信股份有限公司,5G,22
花蓮縣,1111231,遠傳電信股份有限公司,5G,380
花蓮縣,1111231,台灣大哥大股份有限公司,4G,721
花蓮縣,1111231,中華電信股份有限公司,5G,392
花蓮縣,1111231,亞太電信股份有限公司,4G,193
花蓮縣,1111231,遠傳電信股份有限公司,4G,706
花蓮縣,1111231,台灣之星電信股份有限公司,4G,433
金門縣,1111231,中華電信股份有限公司,4G,282
金門縣,1111231,台灣之星電信股份有限公司,4G,47
金門縣,1111231,遠傳電信股份有限公司,4G,139
金門縣,1111231,中華電信股份有限公司,5G,65
金門縣,1111231,台灣大哥大股份有限公司,5G,11
金門縣,1111231,台灣大哥大股份有限公司,4G,132
金門縣,1111231,遠傳電信股份有限公司,5G,45
金門縣,1111231,亞太電信股份有限公司,4G,32
金門縣,1111231,亞太電信股份有限公司,5G,3
南投縣,1111231,遠傳電信股份有限公司,4G,922
南投縣,1111231,台灣之星電信股份有限公司,4G,527
南投縣,1111231,中華電信股份有限公司,5G,430
南投縣,1111231,台灣大哥大股份有限公司,5G,235
南投縣,1111231,亞太電信股份有限公司,4G,307
南投縣,1111231,亞太電信股份有限公司,5G,14
南投縣,1111231,台灣大哥大股份有限公司,4G,863
南投縣,1111231,中華電信股份有限公司,4G,1236
南投縣,1111231,台灣之星電信股份有限公司,5G,25
南投縣,1111231,遠傳電信股份有限公司,5G,374
屏東縣,1111231,中華電信股份有限公司,5G,529
屏東縣,1111231,亞太電信股份有限公司,5G,44
屏東縣,1111231,台灣之星電信股份有限公司,5G,42
屏東縣,1111231,中華電信股份有限公司,4G,1124
屏東縣,1111231,台灣大哥大股份有限公司,5G,267
屏東縣,1111231,台灣大哥大股份有限公司,4G,989
屏東縣,1111231,遠傳電信股份有限公司,5G,442
屏東縣,1111231,台灣之星電信股份有限公司,4G,704
屏東縣,1111231,遠傳電信股份有限公司,4G,1063
屏東縣,1111231,亞太電信股份有限公司,4G,514
苗栗縣,1111231,中華電信股份有限公司,5G,489
苗栗縣,1111231,亞太電信股份有限公司,5G,51
苗栗縣,1111231,台灣之星電信股份有限公司,5G,26
苗栗縣,1111231,中華電信股份有限公司,4G,1355
苗栗縣,1111231,台灣大哥大股份有限公司,4G,887
苗栗縣,1111231,台灣大哥大股份有限公司,5G,257
苗栗縣,1111231,亞太電信股份有限公司,4G,344
苗栗縣,1111231,台灣之星電信股份有限公司,4G,498
苗栗縣,1111231,遠傳電信股份有限公司,4G,985
苗栗縣,1111231,遠傳電信股份有限公司,5G,481
桃園市,1111231,台灣之星電信股份有限公司,4G,1539
桃園市,1111231,亞太電信股份有限公司,4G,1005
桃園市,1111231,中華電信股份有限公司,5G,1313
桃園市,1111231,台灣之星電信股份有限公司,5G,228
桃園市,1111231,中華電信股份有限公司,4G,2128
桃園市,1111231,台灣大哥大股份有限公司,4G,2016
桃園市,1111231,台灣大哥大股份有限公司,5G,880
桃園市,1111231,遠傳電信股份有限公司,5G,1120
桃園市,1111231,遠傳電信股份有限公司,4G,1981
高雄市,1111231,中華電信股份有限公司,5G,1469
高雄市,1111231,亞太電信股份有限公司,4G,1315
高雄市,1111231,台灣大哥大股份有限公司,4G,2518
高雄市,1111231,台灣之星電信股份有限公司,5G,411
高雄市,1111231,台灣大哥大股份有限公司,5G,1158
高雄市,1111231,中華電信股份有限公司,4G,3290
高雄市,1111231,遠傳電信股份有限公司,5G,1314
高雄市,1111231,亞太電信股份有限公司,5G,85
高雄市,1111231,台灣之星電信股份有限公司,4G,1966
高雄市,1111231,遠傳電信股份有限公司,4G,2358
基隆市,1111231,中華電信股份有限公司,5G,221
基隆市,1111231,中華電信股份有限公司,4G,383
基隆市,1111231,亞太電信股份有限公司,4G,221
基隆市,1111231,台灣大哥大股份有限公司,4G,295
基隆市,1111231,台灣之星電信股份有限公司,4G,224
基隆市,1111231,台灣大哥大股份有限公司,5G,119
基隆市,1111231,遠傳電信股份有限公司,4G,354
基隆市,1111231,遠傳電信股份有限公司,5G,179
基隆市,1111231,台灣之星電信股份有限公司,5G,53
連江縣,1111231,台灣大哥大股份有限公司,4G,43
連江縣,1111231,台灣大哥大股份有限公司,5G,3
連江縣,1111231,台灣之星電信股份有限公司,4G,20
連江縣,1111231,亞太電信股份有限公司,4G,12
連江縣,1111231,中華電信股份有限公司,5G,41
連江縣,1111231,遠傳電信股份有限公司,4G,44
連江縣,1111231,中華電信股份有限公司,4G,104
連江縣,1111231,遠傳電信股份有限公司,5G,21
雲林縣,1111231,亞太電信股份有限公司,4G,265
雲林縣,1111231,中華電信股份有限公司,4G,1294
雲林縣,1111231,台灣大哥大股份有限公司,4G,748
雲林縣,1111231,台灣之星電信股份有限公司,4G,460
雲林縣,1111231,亞太電信股份有限公司,5G,12
雲林縣,1111231,台灣之星電信股份有限公司,5G,18
雲林縣,1111231,中華電信股份有限公司,5G,473
雲林縣,1111231,遠傳電信股份有限公司,4G,751
雲林縣,1111231,台灣大哥大股份有限公司,5G,233
雲林縣,1111231,遠傳電信股份有限公司,5G,325
新北市,1111231,中華電信股份有限公司,4G,3097
新北市,1111231,中華電信股份有限公司,5G,1852
新北市,1111231,亞太電信股份有限公司,4G,1529
新北市,1111231,台灣大哥大股份有限公司,4G,2759
新北市,1111231,遠傳電信股份有限公司,4G,2675
新北市,1111231,台灣大哥大股份有限公司,5G,1242
新北市,1111231,台灣之星電信股份有限公司,5G,482
新北市,1111231,台灣之星電信股份有限公司,4G,2329
新北市,1111231,遠傳電信股份有限公司,5G,1550
新竹市,1111231,中華電信股份有限公司,5G,230
新竹市,1111231,中華電信股份有限公司,4G,631
新竹市,1111231,亞太電信股份有限公司,4G,208
新竹市,1111231,台灣大哥大股份有限公司,4G,412
新竹市,1111231,台灣大哥大股份有限公司,5G,214
新竹市,1111231,遠傳電信股份有限公司,4G,558
新竹市,1111231,台灣之星電信股份有限公司,4G,363
新竹市,1111231,台灣之星電信股份有限公司,5G,81
新竹市,1111231,遠傳電信股份有限公司,5G,332
新竹縣,1111231,中華電信股份有限公司,4G,1063
新竹縣,1111231,台灣大哥大股份有限公司,4G,740
新竹縣,1111231,台灣大哥大股份有限公司,5G,224
新竹縣,1111231,中華電信股份有限公司,5G,454
新竹縣,1111231,台灣之星電信股份有限公司,4G,522
新竹縣,1111231,遠傳電信股份有限公司,4G,722
新竹縣,1111231,台灣之星電信股份有限公司,5G,48
新竹縣,1111231,亞太電信股份有限公司,4G,307
新竹縣,1111231,遠傳電信股份有限公司,5G,447
嘉義市,1111231,台灣之星電信股份有限公司,4G,174
嘉義市,1111231,亞太電信股份有限公司,4G,133
嘉義市,1111231,台灣大哥大股份有限公司,5G,127
嘉義市,1111231,遠傳電信股份有限公司,4G,219
嘉義市,1111231,中華電信股份有限公司,4G,343
嘉義市,1111231,遠傳電信股份有限公司,5G,113
嘉義市,1111231,台灣大哥大股份有限公司,4G,269
嘉義市,1111231,中華電信股份有限公司,5G,156
嘉義市,1111231,台灣之星電信股份有限公司,5G,24
嘉義市,1111231,亞太電信股份有限公司,5G,6
嘉義縣,1111231,台灣大哥大股份有限公司,4G,613
嘉義縣,1111231,中華電信股份有限公司,4G,998
嘉義縣,1111231,中華電信股份有限公司,5G,429
嘉義縣,1111231,台灣之星電信股份有限公司,4G,368
嘉義縣,1111231,亞太電信股份有限公司,5G,14
嘉義縣,1111231,台灣大哥大股份有限公司,5G,132
嘉義縣,1111231,台灣之星電信股份有限公司,5G,16
嘉義縣,1111231,亞太電信股份有限公司,4G,233
嘉義縣,1111231,遠傳電信股份有限公司,5G,275
嘉義縣,1111231,遠傳電信股份有限公司,4G,598
彰化縣,1111231,亞太電信股份有限公司,4G,478
彰化縣,1111231,中華電信股份有限公司,5G,757
彰化縣,1111231,台灣之星電信股份有限公司,5G,43
彰化縣,1111231,中華電信股份有限公司,4G,1854
彰化縣,1111231,遠傳電信股份有限公司,5G,509
彰化縣,1111231,台灣之星電信股份有限公司,4G,697
彰化縣,1111231,亞太電信股份有限公司,5G,35
彰化縣,1111231,台灣大哥大股份有限公司,4G,1222
彰化縣,1111231,台灣大哥大股份有限公司,5G,471
彰化縣,1111231,遠傳電信股份有限公司,4G,1152
臺中市,1111231,台灣大哥大股份有限公司,5G,1780
臺中市,1111231,中華電信股份有限公司,4G,4853
臺中市,1111231,中華電信股份有限公司,5G,1834
臺中市,1111231,台灣之星電信股份有限公司,5G,362
臺中市,1111231,亞太電信股份有限公司,4G,1762
臺中市,1111231,台灣大哥大股份有限公司,4G,3595
臺中市,1111231,遠傳電信股份有限公司,4G,3424
臺中市,1111231,亞太電信股份有限公司,5G,139
臺中市,1111231,台灣之星電信股份有限公司,4G,2167
臺中市,1111231,遠傳電信股份有限公司,5G,1713
臺北市,1111231,台灣大哥大股份有限公司,5G,1294
臺北市,1111231,亞太電信股份有限公司,4G,1517
臺北市,1111231,台灣之星電信股份有限公司,4G,1830
臺北市,1111231,中華電信股份有限公司,4G,3020
臺北市,1111231,遠傳電信股份有限公司,4G,2962
臺北市,1111231,遠傳電信股份有限公司,5G,1506
臺北市,1111231,台灣大哥大股份有限公司,4G,2686
臺北市,1111231,中華電信股份有限公司,5G,1687
臺北市,1111231,台灣之星電信股份有限公司,5G,395
臺東縣,1111231,遠傳電信股份有限公司,4G,420
臺東縣,1111231,台灣之星電信股份有限公司,4G,292
臺東縣,1111231,中華電信股份有限公司,4G,649
臺東縣,1111231,台灣大哥大股份有限公司,5G,69
臺東縣,1111231,台灣之星電信股份有限公司,5G,8
臺東縣,1111231,台灣大哥大股份有限公司,4G,463
臺東縣,1111231,中華電信股份有限公司,5G,184
臺東縣,1111231,遠傳電信股份有限公司,5G,153
臺東縣,1111231,亞太電信股份有限公司,4G,151
臺東縣,1111231,亞太電信股份有限公司,5G,15
臺南市,1111231,亞太電信股份有限公司,4G,873
臺南市,1111231,中華電信股份有限公司,5G,978
臺南市,1111231,遠傳電信股份有限公司,5G,862
臺南市,1111231,台灣之星電信股份有限公司,4G,1309
臺南市,1111231,中華電信股份有限公司,4G,2162
臺南市,1111231,台灣之星電信股份有限公司,5G,221
臺南市,1111231,亞太電信股份有限公司,5G,60
臺南市,1111231,台灣大哥大股份有限公司,4G,1851
臺南市,1111231,遠傳電信股份有限公司,4G,1599
臺南市,1111231,台灣大哥大股份有限公司,5G,807
澎湖縣,1111231,台灣大哥大股份有限公司,5G,25
澎湖縣,1111231,中華電信股份有限公司,5G,81
澎湖縣,1111231,亞太電信股份有限公司,4G,41
澎湖縣,1111231,亞太電信股份有限公司,5G,6
澎湖縣,1111231,遠傳電信股份有限公司,5G,20
澎湖縣,1111231,台灣大哥大股份有限公司,4G,174
澎湖縣,1111231,中華電信股份有限公司,4G,196
澎湖縣,1111231,台灣之星電信股份有限公司,4G,75
澎湖縣,1111231,遠傳電信股份有限公司,4G,161
澎湖縣,1111231,台灣之星電信股份有限公司,5G,1
宜蘭縣,1111130,台灣之星電信股份有限公司,4G,423
宜蘭縣,1111130,中華電信股份有限公司,4G,981
宜蘭縣,1111130,遠傳電信股份有限公司,4G,612
宜蘭縣,1111130,台灣大哥大股份有限公司,4G,650
宜蘭縣,1111130,亞太電信股份有限公司,4G,205
花蓮縣,1111130,台灣大哥大股份有限公司,4G,714
花蓮縣,1111130,台灣之星電信股份有限公司,4G,430
花蓮縣,1111130,中華電信股份有限公司,4G,955
花蓮縣,1111130,遠傳電信股份有限公司,4G,701
花蓮縣,1111130,亞太電信股份有限公司,4G,193
金門縣,1111130,台灣之星電信股份有限公司,4G,47
金門縣,1111130,台灣大哥大股份有限公司,4G,130
金門縣,1111130,中華電信股份有限公司,4G,281
金門縣,1111130,亞太電信股份有限公司,4G,32
金門縣,1111130,遠傳電信股份有限公司,4G,139
南投縣,1111130,中華電信股份有限公司,4G,1231
南投縣,1111130,台灣大哥大股份有限公司,4G,858
南投縣,1111130,亞太電信股份有限公司,4G,307
南投縣,1111130,台灣之星電信股份有限公司,4G,527
南投縣,1111130,遠傳電信股份有限公司,4G,917
屏東縣,1111130,亞太電信股份有限公司,4G,506
屏東縣,1111130,台灣大哥大股份有限公司,4G,987
屏東縣,1111130,中華電信股份有限公司,4G,1125
屏東縣,1111130,台灣之星電信股份有限公司,4G,704
屏東縣,1111130,遠傳電信股份有限公司,4G,1058
苗栗縣,1111130,台灣大哥大股份有限公司,4G,887
苗栗縣,1111130,台灣之星電信股份有限公司,4G,498
苗栗縣,1111130,中華電信股份有限公司,4G,1356
苗栗縣,1111130,遠傳電信股份有限公司,4G,984
苗栗縣,1111130,亞太電信股份有限公司,4G,344
桃園市,1111130,台灣之星電信股份有限公司,4G,1542
桃園市,1111130,中華電信股份有限公司,4G,2125
桃園市,1111130,亞太電信股份有限公司,4G,1075
桃園市,1111130,台灣大哥大股份有限公司,4G,1999
桃園市,1111130,遠傳電信股份有限公司,4G,1981
高雄市,1111130,台灣大哥大股份有限公司,4G,2513
高雄市,1111130,亞太電信股份有限公司,4G,1300
高雄市,1111130,中華電信股份有限公司,4G,3271
高雄市,1111130,台灣之星電信股份有限公司,4G,1966
高雄市,1111130,遠傳電信股份有限公司,4G,2354
基隆市,1111130,亞太電信股份有限公司,4G,232
基隆市,1111130,台灣之星電信股份有限公司,4G,224
基隆市,1111130,台灣大哥大股份有限公司,4G,292
基隆市,1111130,中華電信股份有限公司,4G,375
基隆市,1111130,遠傳電信股份有限公司,4G,354
連江縣,1111130,中華電信股份有限公司,4G,100
連江縣,1111130,台灣之星電信股份有限公司,4G,20
連江縣,1111130,台灣大哥大股份有限公司,4G,42
連江縣,1111130,遠傳電信股份有限公司,4G,44
連江縣,1111130,亞太電信股份有限公司,4G,12
雲林縣,1111130,台灣大哥大股份有限公司,4G,747
雲林縣,1111130,遠傳電信股份有限公司,4G,751
雲林縣,1111130,中華電信股份有限公司,4G,1294
雲林縣,1111130,台灣之星電信股份有限公司,4G,460
雲林縣,1111130,亞太電信股份有限公司,4G,265
新北市,1111130,台灣大哥大股份有限公司,4G,2754
新北市,1111130,中華電信股份有限公司,4G,3063
新北市,1111130,遠傳電信股份有限公司,4G,2674
新北市,1111130,台灣之星電信股份有限公司,4G,2328
新北市,1111130,亞太電信股份有限公司,4G,1641
新竹市,1111130,亞太電信股份有限公司,4G,208
新竹市,1111130,台灣之星電信股份有限公司,4G,363
新竹市,1111130,遠傳電信股份有限公司,4G,543
新竹市,1111130,中華電信股份有限公司,4G,631
新竹市,1111130,台灣大哥大股份有限公司,4G,412
新竹縣,1111130,台灣大哥大股份有限公司,4G,740
新竹縣,1111130,中華電信股份有限公司,4G,1063
新竹縣,1111130,台灣之星電信股份有限公司,4G,522
新竹縣,1111130,亞太電信股份有限公司,4G,307
新竹縣,1111130,遠傳電信股份有限公司,4G,690
嘉義市,1111130,亞太電信股份有限公司,4G,132
嘉義市,1111130,台灣之星電信股份有限公司,4G,174
嘉義市,1111130,中華電信股份有限公司,4G,343
嘉義市,1111130,遠傳電信股份有限公司,4G,214
嘉義市,1111130,台灣大哥大股份有限公司,4G,270
嘉義縣,1111130,遠傳電信股份有限公司,4G,588
嘉義縣,1111130,台灣大哥大股份有限公司,4G,613
嘉義縣,1111130,亞太電信股份有限公司,4G,228
嘉義縣,1111130,中華電信股份有限公司,4G,998
嘉義縣,1111130,台灣之星電信股份有限公司,4G,368
彰化縣,1111130,中華電信股份有限公司,4G,1854
彰化縣,1111130,亞太電信股份有限公司,4G,479
彰化縣,1111130,台灣大哥大股份有限公司,4G,1223
彰化縣,1111130,遠傳電信股份有限公司,4G,1144
彰化縣,1111130,台灣之星電信股份有限公司,4G,697
臺中市,1111130,遠傳電信股份有限公司,4G,3405
臺中市,1111130,亞太電信股份有限公司,4G,1762
臺中市,1111130,中華電信股份有限公司,4G,4863
臺中市,1111130,台灣大哥大股份有限公司,4G,3591
臺中市,1111130,台灣之星電信股份有限公司,4G,2167
臺北市,1111130,中華電信股份有限公司,4G,3015
臺北市,1111130,台灣大哥大股份有限公司,4G,2687
臺北市,1111130,亞太電信股份有限公司,4G,1596
臺北市,1111130,台灣之星電信股份有限公司,4G,1825
臺北市,1111130,遠傳電信股份有限公司,4G,2951
臺東縣,1111130,台灣大哥大股份有限公司,4G,463
臺東縣,1111130,遠傳電信股份有限公司,4G,419
臺東縣,1111130,中華電信股份有限公司,4G,651
臺東縣,1111130,台灣之星電信股份有限公司,4G,292
臺東縣,1111130,亞太電信股份有限公司,4G,151
臺南市,1111130,台灣大哥大股份有限公司,4G,1826
臺南市,1111130,台灣之星電信股份有限公司,4G,1309
臺南市,1111130,中華電信股份有限公司,4G,2165
臺南市,1111130,亞太電信股份有限公司,4G,869
臺南市,1111130,遠傳電信股份有限公司,4G,1595
澎湖縣,1111130,台灣之星電信股份有限公司,4G,75
澎湖縣,1111130,台灣大哥大股份有限公司,4G,174
澎湖縣,1111130,遠傳電信股份有限公司,4G,161
澎湖縣,1111130,亞太電信股份有限公司,4G,41
澎湖縣,1111130,中華電信股份有限公司,4G,196
宜蘭縣,1111031,台灣大哥大股份有限公司,4G,650
宜蘭縣,1111031,遠傳電信股份有限公司,4G,612
宜蘭縣,1111031,台灣之星電信股份有限公司,4G,424
宜蘭縣,1111031,亞太電信股份有限公司,4G,194
宜蘭縣,1111031,中華電信股份有限公司,4G,981
花蓮縣,1111031,台灣大哥大股份有限公司,4G,715
花蓮縣,1111031,亞太電信股份有限公司,4G,184
花蓮縣,1111031,遠傳電信股份有限公司,4G,677
花蓮縣,1111031,中華電信股份有限公司,4G,955
花蓮縣,1111031,台灣之星電信股份有限公司,4G,433
金門縣,1111031,台灣大哥大股份有限公司,4G,134
金門縣,1111031,中華電信股份有限公司,4G,281
金門縣,1111031,遠傳電信股份有限公司,4G,139
金門縣,1111031,台灣之星電信股份有限公司,4G,47
金門縣,1111031,亞太電信股份有限公司,4G,32
南投縣,1111031,台灣大哥大股份有限公司,4G,856
南投縣,1111031,遠傳電信股份有限公司,4G,917
南投縣,1111031,亞太電信股份有限公司,4G,314
南投縣,1111031,台灣之星電信股份有限公司,4G,527
南投縣,1111031,中華電信股份有限公司,4G,1230
屏東縣,1111031,台灣之星電信股份有限公司,4G,704
屏東縣,1111031,遠傳電信股份有限公司,4G,1049
屏東縣,1111031,中華電信股份有限公司,4G,1127
屏東縣,1111031,台灣大哥大股份有限公司,4G,987
屏東縣,1111031,亞太電信股份有限公司,4G,506
苗栗縣,1111031,中華電信股份有限公司,4G,1356
苗栗縣,1111031,台灣之星電信股份有限公司,4G,498
苗栗縣,1111031,遠傳電信股份有限公司,4G,984
苗栗縣,1111031,亞太電信股份有限公司,4G,355
苗栗縣,1111031,台灣大哥大股份有限公司,4G,887
桃園市,1111031,中華電信股份有限公司,4G,2123
桃園市,1111031,台灣之星電信股份有限公司,4G,1542
桃園市,1111031,亞太電信股份有限公司,4G,1015
桃園市,1111031,台灣大哥大股份有限公司,4G,1998
桃園市,1111031,遠傳電信股份有限公司,4G,1958
高雄市,1111031,亞太電信股份有限公司,4G,1300
高雄市,1111031,台灣之星電信股份有限公司,4G,1966
高雄市,1111031,台灣大哥大股份有限公司,4G,2515
高雄市,1111031,中華電信股份有限公司,4G,3268
高雄市,1111031,遠傳電信股份有限公司,4G,2345
基隆市,1111031,台灣之星電信股份有限公司,4G,224
基隆市,1111031,中華電信股份有限公司,4G,375
基隆市,1111031,台灣大哥大股份有限公司,4G,288
基隆市,1111031,亞太電信股份有限公司,4G,219
基隆市,1111031,遠傳電信股份有限公司,4G,350
連江縣,1111031,台灣大哥大股份有限公司,4G,42
連江縣,1111031,中華電信股份有限公司,4G,97
連江縣,1111031,遠傳電信股份有限公司,4G,44
連江縣,1111031,台灣之星電信股份有限公司,4G,20
連江縣,1111031,亞太電信股份有限公司,4G,1
雲林縣,1111031,中華電信股份有限公司,4G,1294
雲林縣,1111031,亞太電信股份有限公司,4G,274
雲林縣,1111031,台灣之星電信股份有限公司,4G,460
雲林縣,1111031,台灣大哥大股份有限公司,4G,746
雲林縣,1111031,遠傳電信股份有限公司,4G,751
新北市,1111031,台灣大哥大股份有限公司,4G,2757
新北市,1111031,台灣之星電信股份有限公司,4G,2329
新北市,1111031,亞太電信股份有限公司,4G,1563
新北市,1111031,中華電信股份有限公司,4G,3053
新北市,1111031,遠傳電信股份有限公司,4G,2635
新竹市,1111031,亞太電信股份有限公司,4G,209
新竹市,1111031,中華電信股份有限公司,4G,628
新竹市,1111031,台灣之星電信股份有限公司,4G,363
新竹市,1111031,台灣大哥大股份有限公司,4G,411
新竹市,1111031,遠傳電信股份有限公司,4G,543
新竹縣,1111031,中華電信股份有限公司,4G,1056
新竹縣,1111031,亞太電信股份有限公司,4G,317
新竹縣,1111031,台灣大哥大股份有限公司,4G,733
新竹縣,1111031,台灣之星電信股份有限公司,4G,522
新竹縣,1111031,遠傳電信股份有限公司,4G,690
嘉義市,1111031,亞太電信股份有限公司,4G,132
嘉義市,1111031,台灣大哥大股份有限公司,4G,270
嘉義市,1111031,遠傳電信股份有限公司,4G,214
嘉義市,1111031,中華電信股份有限公司,4G,343
嘉義市,1111031,台灣之星電信股份有限公司,4G,174
嘉義縣,1111031,遠傳電信股份有限公司,4G,588
嘉義縣,1111031,台灣大哥大股份有限公司,4G,615
嘉義縣,1111031,中華電信股份有限公司,4G,998
嘉義縣,1111031,台灣之星電信股份有限公司,4G,368
嘉義縣,1111031,亞太電信股份有限公司,4G,228
彰化縣,1111031,台灣大哥大股份有限公司,4G,1223
彰化縣,1111031,中華電信股份有限公司,4G,1854
彰化縣,1111031,亞太電信股份有限公司,4G,502
彰化縣,1111031,遠傳電信股份有限公司,4G,1144
彰化縣,1111031,台灣之星電信股份有限公司,4G,697
臺中市,1111031,中華電信股份有限公司,4G,4863
臺中市,1111031,亞太電信股份有限公司,4G,1782
臺中市,1111031,台灣大哥大股份有限公司,4G,3584
臺中市,1111031,遠傳電信股份有限公司,4G,3405
臺中市,1111031,台灣之星電信股份有限公司,4G,2167
臺北市,1111031,亞太電信股份有限公司,4G,1530
臺北市,1111031,台灣大哥大股份有限公司,4G,2673
臺北市,1111031,中華電信股份有限公司,4G,3015
臺北市,1111031,台灣之星電信股份有限公司,4G,1830
臺北市,1111031,遠傳電信股份有限公司,4G,2891
臺東縣,1111031,中華電信股份有限公司,4G,652
臺東縣,1111031,台灣大哥大股份有限公司,4G,463
臺東縣,1111031,亞太電信股份有限公司,4G,151
臺東縣,1111031,台灣之星電信股份有限公司,4G,292
臺東縣,1111031,遠傳電信股份有限公司,4G,418
臺南市,1111031,遠傳電信股份有限公司,4G,1595
臺南市,1111031,台灣大哥大股份有限公司,4G,1828
臺南市,1111031,中華電信股份有限公司,4G,2165
臺南市,1111031,亞太電信股份有限公司,4G,869
臺南市,1111031,台灣之星電信股份有限公司,4G,1309
澎湖縣,1111031,台灣大哥大股份有限公司,4G,174
澎湖縣,1111031,亞太電信股份有限公司,4G,41
澎湖縣,1111031,中華電信股份有限公司,4G,196
澎湖縣,1111031,遠傳電信股份有限公司,4G,160
澎湖縣,1111031,台灣之星電信股份有限公司,4G,75
宜蘭縣,1110930,亞太電信股份有限公司,4G,194
宜蘭縣,1110930,中華電信股份有限公司,4G,981
宜蘭縣,1110930,遠傳電信股份有限公司,4G,603
宜蘭縣,1110930,台灣大哥大股份有限公司,4G,650
宜蘭縣,1110930,台灣之星電信股份有限公司,4G,424
花蓮縣,1110930,中華電信股份有限公司,4G,955
花蓮縣,1110930,台灣之星電信股份有限公司,4G,433
花蓮縣,1110930,台灣大哥大股份有限公司,4G,715
花蓮縣,1110930,亞太電信股份有限公司,4G,184
花蓮縣,1110930,遠傳電信股份有限公司,4G,696
金門縣,1110930,遠傳電信股份有限公司,4G,139
金門縣,1110930,台灣之星電信股份有限公司,4G,47
金門縣,1110930,亞太電信股份有限公司,4G,32
金門縣,1110930,台灣大哥大股份有限公司,4G,134
金門縣,1110930,中華電信股份有限公司,4G,281
南投縣,1110930,亞太電信股份有限公司,4G,310
南投縣,1110930,台灣之星電信股份有限公司,4G,527
南投縣,1110930,台灣大哥大股份有限公司,4G,856
南投縣,1110930,中華電信股份有限公司,4G,1231
南投縣,1110930,遠傳電信股份有限公司,4G,913
屏東縣,1110930,台灣大哥大股份有限公司,4G,987
屏東縣,1110930,遠傳電信股份有限公司,4G,1049
屏東縣,1110930,台灣之星電信股份有限公司,4G,704
屏東縣,1110930,中華電信股份有限公司,4G,1127
屏東縣,1110930,亞太電信股份有限公司,4G,506
苗栗縣,1110930,台灣之星電信股份有限公司,4G,498
苗栗縣,1110930,遠傳電信股份有限公司,4G,983
苗栗縣,1110930,亞太電信股份有限公司,4G,342
苗栗縣,1110930,中華電信股份有限公司,4G,1355
苗栗縣,1110930,台灣大哥大股份有限公司,4G,884
桃園市,1110930,中華電信股份有限公司,4G,2121
桃園市,1110930,台灣大哥大股份有限公司,4G,1995
桃園市,1110930,台灣之星電信股份有限公司,4G,1543
桃園市,1110930,亞太電信股份有限公司,4G,1058
桃園市,1110930,遠傳電信股份有限公司,4G,1958
高雄市,1110930,中華電信股份有限公司,4G,3269
高雄市,1110930,台灣之星電信股份有限公司,4G,1963
高雄市,1110930,遠傳電信股份有限公司,4G,2345
高雄市,1110930,台灣大哥大股份有限公司,4G,2515
高雄市,1110930,亞太電信股份有限公司,4G,1299
基隆市,1110930,亞太電信股份有限公司,4G,219
基隆市,1110930,台灣大哥大股份有限公司,4G,285
基隆市,1110930,遠傳電信股份有限公司,4G,349
基隆市,1110930,中華電信股份有限公司,4G,375
基隆市,1110930,台灣之星電信股份有限公司,4G,224
連江縣,1110930,亞太電信股份有限公司,4G,1
連江縣,1110930,遠傳電信股份有限公司,4G,44
連江縣,1110930,台灣大哥大股份有限公司,4G,42
連江縣,1110930,中華電信股份有限公司,4G,97
連江縣,1110930,台灣之星電信股份有限公司,4G,20
雲林縣,1110930,中華電信股份有限公司,4G,1292
雲林縣,1110930,台灣之星電信股份有限公司,4G,460
雲林縣,1110930,亞太電信股份有限公司,4G,268
雲林縣,1110930,台灣大哥大股份有限公司,4G,746
雲林縣,1110930,遠傳電信股份有限公司,4G,751
新北市,1110930,中華電信股份有限公司,4G,3053
新北市,1110930,台灣大哥大股份有限公司,4G,2751
新北市,1110930,亞太電信股份有限公司,4G,1593
新北市,1110930,台灣之星電信股份有限公司,4G,2330
新北市,1110930,遠傳電信股份有限公司,4G,2642
新竹市,1110930,遠傳電信股份有限公司,4G,543
新竹市,1110930,中華電信股份有限公司,4G,628
新竹市,1110930,台灣大哥大股份有限公司,4G,411
新竹市,1110930,台灣之星電信股份有限公司,4G,363
新竹市,1110930,亞太電信股份有限公司,4G,201
新竹縣,1110930,中華電信股份有限公司,4G,1056
新竹縣,1110930,台灣之星電信股份有限公司,4G,522
新竹縣,1110930,台灣大哥大股份有限公司,4G,733
新竹縣,1110930,亞太電信股份有限公司,4G,304
新竹縣,1110930,遠傳電信股份有限公司,4G,690
嘉義市,1110930,亞太電信股份有限公司,4G,132
嘉義市,1110930,台灣大哥大股份有限公司,4G,270
嘉義市,1110930,中華電信股份有限公司,4G,343
嘉義市,1110930,台灣之星電信股份有限公司,4G,173
嘉義市,1110930,遠傳電信股份有限公司,4G,214
嘉義縣,1110930,遠傳電信股份有限公司,4G,588
嘉義縣,1110930,台灣大哥大股份有限公司,4G,615
嘉義縣,1110930,中華電信股份有限公司,4G,999
嘉義縣,1110930,亞太電信股份有限公司,4G,228
嘉義縣,1110930,台灣之星電信股份有限公司,4G,368
彰化縣,1110930,亞太電信股份有限公司,4G,488
彰化縣,1110930,台灣大哥大股份有限公司,4G,1223
彰化縣,1110930,遠傳電信股份有限公司,4G,1143
彰化縣,1110930,中華電信股份有限公司,4G,1851
彰化縣,1110930,台灣之星電信股份有限公司,4G,697
臺中市,1110930,台灣之星電信股份有限公司,4G,2167
臺中市,1110930,台灣大哥大股份有限公司,4G,3571
臺中市,1110930,遠傳電信股份有限公司,4G,3405
臺中市,1110930,亞太電信股份有限公司,4G,1750
臺中市,1110930,中華電信股份有限公司,4G,4865
臺北市,1110930,中華電信股份有限公司,4G,3015
臺北市,1110930,遠傳電信股份有限公司,4G,2929
臺北市,1110930,台灣之星電信股份有限公司,4G,1830
臺北市,1110930,亞太電信股份有限公司,4G,1531
臺北市,1110930,台灣大哥大股份有限公司,4G,2670
臺東縣,1110930,中華電信股份有限公司,4G,652
臺東縣,1110930,台灣大哥大股份有限公司,4G,463
臺東縣,1110930,台灣之星電信股份有限公司,4G,292
臺東縣,1110930,亞太電信股份有限公司,4G,151
臺東縣,1110930,遠傳電信股份有限公司,4G,418
臺南市,1110930,中華電信股份有限公司,4G,2166
臺南市,1110930,台灣大哥大股份有限公司,4G,1828
臺南市,1110930,遠傳電信股份有限公司,4G,1595
臺南市,1110930,亞太電信股份有限公司,4G,869
臺南市,1110930,台灣之星電信股份有限公司,4G,1309
澎湖縣,1110930,台灣大哥大股份有限公司,4G,174
澎湖縣,1110930,台灣之星電信股份有限公司,4G,75
澎湖縣,1110930,遠傳電信股份有限公司,4G,160
澎湖縣,1110930,中華電信股份有限公司,4G,196
澎湖縣,1110930,亞太電信股份有限公司,4G,41
宜蘭縣,1110831,台灣大哥大股份有限公司,4G,641
宜蘭縣,1110831,中華電信股份有限公司,4G,964
宜蘭縣,1110831,遠傳電信股份有限公司,4G,603
宜蘭縣,1110831,亞太電信股份有限公司,4G,194
宜蘭縣,1110831,台灣之星電信股份有限公司,4G,424
花蓮縣,1110831,遠傳電信股份有限公司,4G,696
花蓮縣,1110831,台灣大哥大股份有限公司,4G,711
花蓮縣,1110831,中華電信股份有限公司,4G,945
花蓮縣,1110831,亞太電信股份有限公司,4G,184
花蓮縣,1110831,台灣之星電信股份有限公司,4G,433
金門縣,1110831,中華電信股份有限公司,4G,274
金門縣,1110831,台灣之星電信股份有限公司,4G,47
金門縣,1110831,亞太電信股份有限公司,4G,32
金門縣,1110831,遠傳電信股份有限公司,4G,138
金門縣,1110831,台灣大哥大股份有限公司,4G,130
南投縣,1110831,台灣大哥大股份有限公司,4G,856
南投縣,1110831,台灣之星電信股份有限公司,4G,527
南投縣,1110831,中華電信股份有限公司,4G,1231
南投縣,1110831,遠傳電信股份有限公司,4G,907
南投縣,1110831,亞太電信股份有限公司,4G,359
屏東縣,1110831,中華電信股份有限公司,4G,1109
屏東縣,1110831,台灣大哥大股份有限公司,4G,977
屏東縣,1110831,亞太電信股份有限公司,4G,506
屏東縣,1110831,遠傳電信股份有限公司,4G,1049
屏東縣,1110831,台灣之星電信股份有限公司,4G,704
苗栗縣,1110831,台灣大哥大股份有限公司,4G,884
苗栗縣,1110831,台灣之星電信股份有限公司,4G,498
苗栗縣,1110831,亞太電信股份有限公司,4G,394
苗栗縣,1110831,中華電信股份有限公司,4G,1355
苗栗縣,1110831,遠傳電信股份有限公司,4G,977
桃園市,1110831,中華電信股份有限公司,4G,2083
桃園市,1110831,亞太電信股份有限公司,4G,1058
桃園市,1110831,台灣大哥大股份有限公司,4G,1965
桃園市,1110831,台灣之星電信股份有限公司,4G,1543
桃園市,1110831,遠傳電信股份有限公司,4G,1958
高雄市,1110831,中華電信股份有限公司,4G,3233
高雄市,1110831,台灣之星電信股份有限公司,4G,1963
高雄市,1110831,台灣大哥大股份有限公司,4G,2504
高雄市,1110831,亞太電信股份有限公司,4G,1299
高雄市,1110831,遠傳電信股份有限公司,4G,2324
基隆市,1110831,台灣之星電信股份有限公司,4G,224
基隆市,1110831,中華電信股份有限公司,4G,369
基隆市,1110831,台灣大哥大股份有限公司,4G,279
基隆市,1110831,亞太電信股份有限公司,4G,230
基隆市,1110831,遠傳電信股份有限公司,4G,349
連江縣,1110831,台灣之星電信股份有限公司,4G,20
連江縣,1110831,中華電信股份有限公司,4G,96
連江縣,1110831,遠傳電信股份有限公司,4G,44
連江縣,1110831,台灣大哥大股份有限公司,4G,41
連江縣,1110831,亞太電信股份有限公司,4G,12
雲林縣,1110831,亞太電信股份有限公司,4G,300
雲林縣,1110831,台灣大哥大股份有限公司,4G,746
雲林縣,1110831,中華電信股份有限公司,4G,1292
雲林縣,1110831,遠傳電信股份有限公司,4G,748
雲林縣,1110831,台灣之星電信股份有限公司,4G,460
新北市,1110831,中華電信股份有限公司,4G,3014
新北市,1110831,台灣大哥大股份有限公司,4G,2719
新北市,1110831,台灣之星電信股份有限公司,4G,2330
新北市,1110831,遠傳電信股份有限公司,4G,2642
新北市,1110831,亞太電信股份有限公司,4G,1606
新竹市,1110831,台灣之星電信股份有限公司,4G,363
新竹市,1110831,台灣大哥大股份有限公司,4G,410
新竹市,1110831,亞太電信股份有限公司,4G,201
新竹市,1110831,中華電信股份有限公司,4G,615
新竹市,1110831,遠傳電信股份有限公司,4G,543
新竹縣,1110831,中華電信股份有限公司,4G,1027
新竹縣,1110831,台灣之星電信股份有限公司,4G,522
新竹縣,1110831,台灣大哥大股份有限公司,4G,722
新竹縣,1110831,亞太電信股份有限公司,4G,304
新竹縣,1110831,遠傳電信股份有限公司,4G,690
嘉義市,1110831,台灣大哥大股份有限公司,4G,270
嘉義市,1110831,中華電信股份有限公司,4G,342
嘉義市,1110831,遠傳電信股份有限公司,4G,214
嘉義市,1110831,台灣之星電信股份有限公司,4G,173
嘉義市,1110831,亞太電信股份有限公司,4G,132
嘉義縣,1110831,中華電信股份有限公司,4G,989
嘉義縣,1110831,台灣之星電信股份有限公司,4G,368
嘉義縣,1110831,台灣大哥大股份有限公司,4G,617
嘉義縣,1110831,亞太電信股份有限公司,4G,229
嘉義縣,1110831,遠傳電信股份有限公司,4G,588
彰化縣,1110831,遠傳電信股份有限公司,4G,1136
彰化縣,1110831,台灣之星電信股份有限公司,4G,699
彰化縣,1110831,中華電信股份有限公司,4G,1854
彰化縣,1110831,亞太電信股份有限公司,4G,510
彰化縣,1110831,台灣大哥大股份有限公司,4G,1224
臺中市,1110831,亞太電信股份有限公司,4G,1775
臺中市,1110831,台灣之星電信股份有限公司,4G,2167
臺中市,1110831,台灣大哥大股份有限公司,4G,3571
臺中市,1110831,中華電信股份有限公司,4G,4864
臺中市,1110831,遠傳電信股份有限公司,4G,3392
臺北市,1110831,台灣大哥大股份有限公司,4G,2649
臺北市,1110831,中華電信股份有限公司,4G,3000
臺北市,1110831,台灣之星電信股份有限公司,4G,1830
臺北市,1110831,亞太電信股份有限公司,4G,1584
臺北市,1110831,遠傳電信股份有限公司,4G,2929
臺東縣,1110831,台灣大哥大股份有限公司,4G,463
臺東縣,1110831,亞太電信股份有限公司,4G,151
臺東縣,1110831,中華電信股份有限公司,4G,651
臺東縣,1110831,台灣之星電信股份有限公司,4G,292
臺東縣,1110831,遠傳電信股份有限公司,4G,418
臺南市,1110831,台灣大哥大股份有限公司,4G,1819
臺南市,1110831,台灣之星電信股份有限公司,4G,1309
臺南市,1110831,遠傳電信股份有限公司,4G,1568
臺南市,1110831,亞太電信股份有限公司,4G,869
臺南市,1110831,中華電信股份有限公司,4G,2151
澎湖縣,1110831,亞太電信股份有限公司,4G,41
澎湖縣,1110831,中華電信股份有限公司,4G,194
澎湖縣,1110831,遠傳電信股份有限公司,4G,160
澎湖縣,1110831,台灣之星電信股份有限公司,4G,75
澎湖縣,1110831,台灣大哥大股份有限公司,4G,173
宜蘭縣,1110731,亞太電信股份有限公司,4G,194
宜蘭縣,1110731,台灣大哥大股份有限公司,4G,643
宜蘭縣,1110731,台灣之星電信股份有限公司,4G,424
宜蘭縣,1110731,遠傳電信股份有限公司,4G,598
宜蘭縣,1110731,中華電信股份有限公司,4G,957
花蓮縣,1110731,台灣之星電信股份有限公司,4G,433
花蓮縣,1110731,亞太電信股份有限公司,4G,184
花蓮縣,1110731,中華電信股份有限公司,4G,940
花蓮縣,1110731,台灣大哥大股份有限公司,4G,711
花蓮縣,1110731,遠傳電信股份有限公司,4G,683
金門縣,1110731,遠傳電信股份有限公司,4G,140
金門縣,1110731,亞太電信股份有限公司,4G,28
金門縣,1110731,台灣大哥大股份有限公司,4G,130
金門縣,1110731,中華電信股份有限公司,4G,272
金門縣,1110731,台灣之星電信股份有限公司,4G,47
南投縣,1110731,台灣之星電信股份有限公司,4G,527
南投縣,1110731,中華電信股份有限公司,4G,1229
南投縣,1110731,亞太電信股份有限公司,4G,359
南投縣,1110731,台灣大哥大股份有限公司,4G,841
南投縣,1110731,遠傳電信股份有限公司,4G,894
屏東縣,1110731,亞太電信股份有限公司,4G,479
屏東縣,1110731,中華電信股份有限公司,4G,1102
屏東縣,1110731,台灣之星電信股份有限公司,4G,704
屏東縣,1110731,遠傳電信股份有限公司,4G,1049
屏東縣,1110731,台灣大哥大股份有限公司,4G,977
苗栗縣,1110731,台灣之星電信股份有限公司,4G,498
苗栗縣,1110731,中華電信股份有限公司,4G,1353
苗栗縣,1110731,遠傳電信股份有限公司,4G,977
苗栗縣,1110731,亞太電信股份有限公司,4G,394
苗栗縣,1110731,台灣大哥大股份有限公司,4G,884
桃園市,1110731,台灣大哥大股份有限公司,4G,1967
桃園市,1110731,中華電信股份有限公司,4G,2056
桃園市,1110731,遠傳電信股份有限公司,4G,1958
桃園市,1110731,台灣之星電信股份有限公司,4G,1545
桃園市,1110731,亞太電信股份有限公司,4G,1064
高雄市,1110731,台灣大哥大股份有限公司,4G,2500
高雄市,1110731,台灣之星電信股份有限公司,4G,1963
高雄市,1110731,亞太電信股份有限公司,4G,1262
高雄市,1110731,中華電信股份有限公司,4G,3218
高雄市,1110731,遠傳電信股份有限公司,4G,2324
基隆市,1110731,中華電信股份有限公司,4G,368
基隆市,1110731,台灣大哥大股份有限公司,4G,281
基隆市,1110731,台灣之星電信股份有限公司,4G,224
基隆市,1110731,亞太電信股份有限公司,4G,230
基隆市,1110731,遠傳電信股份有限公司,4G,350
連江縣,1110731,中華電信股份有限公司,4G,93
連江縣,1110731,台灣之星電信股份有限公司,4G,20
連江縣,1110731,台灣大哥大股份有限公司,4G,41
連江縣,1110731,遠傳電信股份有限公司,4G,44
連江縣,1110731,亞太電信股份有限公司,4G,12
雲林縣,1110731,台灣之星電信股份有限公司,4G,460
雲林縣,1110731,台灣大哥大股份有限公司,4G,739
雲林縣,1110731,中華電信股份有限公司,4G,1292
雲林縣,1110731,亞太電信股份有限公司,4G,300
雲林縣,1110731,遠傳電信股份有限公司,4G,735
新北市,1110731,台灣之星電信股份有限公司,4G,2330
新北市,1110731,台灣大哥大股份有限公司,4G,2720
新北市,1110731,遠傳電信股份有限公司,4G,2638
新北市,1110731,中華電信股份有限公司,4G,2995
新北市,1110731,亞太電信股份有限公司,4G,1606
新竹市,1110731,台灣之星電信股份有限公司,4G,363
新竹市,1110731,台灣大哥大股份有限公司,4G,410
新竹市,1110731,遠傳電信股份有限公司,4G,549
新竹市,1110731,亞太電信股份有限公司,4G,201
新竹市,1110731,中華電信股份有限公司,4G,615
新竹縣,1110731,中華電信股份有限公司,4G,1027
新竹縣,1110731,台灣之星電信股份有限公司,4G,522
新竹縣,1110731,台灣大哥大股份有限公司,4G,722
新竹縣,1110731,遠傳電信股份有限公司,4G,684
新竹縣,1110731,亞太電信股份有限公司,4G,304
嘉義市,1110731,台灣大哥大股份有限公司,4G,269
嘉義市,1110731,中華電信股份有限公司,4G,342
嘉義市,1110731,亞太電信股份有限公司,4G,129
嘉義市,1110731,台灣之星電信股份有限公司,4G,173
嘉義市,1110731,遠傳電信股份有限公司,4G,213
嘉義縣,1110731,亞太電信股份有限公司,4G,218
嘉義縣,1110731,中華電信股份有限公司,4G,986
嘉義縣,1110731,台灣大哥大股份有限公司,4G,584
嘉義縣,1110731,遠傳電信股份有限公司,4G,587
嘉義縣,1110731,台灣之星電信股份有限公司,4G,368
彰化縣,1110731,遠傳電信股份有限公司,4G,1121
彰化縣,1110731,中華電信股份有限公司,4G,1854
彰化縣,1110731,台灣大哥大股份有限公司,4G,1206
彰化縣,1110731,台灣之星電信股份有限公司,4G,699
彰化縣,1110731,亞太電信股份有限公司,4G,510
臺中市,1110731,台灣之星電信股份有限公司,4G,2167
臺中市,1110731,亞太電信股份有限公司,4G,1775
臺中市,1110731,中華電信股份有限公司,4G,4856
臺中市,1110731,遠傳電信股份有限公司,4G,3349
臺中市,1110731,台灣大哥大股份有限公司,4G,3513
臺北市,1110731,亞太電信股份有限公司,4G,1584
臺北市,1110731,遠傳電信股份有限公司,4G,2907
臺北市,1110731,中華電信股份有限公司,4G,2968
臺北市,1110731,台灣大哥大股份有限公司,4G,2649
臺北市,1110731,台灣之星電信股份有限公司,4G,1830
臺東縣,1110731,台灣大哥大股份有限公司,4G,463
臺東縣,1110731,亞太電信股份有限公司,4G,142
臺東縣,1110731,中華電信股份有限公司,4G,648
臺東縣,1110731,台灣之星電信股份有限公司,4G,292
臺東縣,1110731,遠傳電信股份有限公司,4G,418
臺南市,1110731,亞太電信股份有限公司,4G,852
臺南市,1110731,台灣大哥大股份有限公司,4G,1769
臺南市,1110731,遠傳電信股份有限公司,4G,1544
臺南市,1110731,中華電信股份有限公司,4G,2139
臺南市,1110731,台灣之星電信股份有限公司,4G,1309
澎湖縣,1110731,中華電信股份有限公司,4G,194
澎湖縣,1110731,台灣大哥大股份有限公司,4G,173
澎湖縣,1110731,台灣之星電信股份有限公司,4G,75
澎湖縣,1110731,亞太電信股份有限公司,4G,40
澎湖縣,1110731,遠傳電信股份有限公司,4G,160
宜蘭縣,1110630,遠傳電信股份有限公司,5G,306
宜蘭縣,1110630,台灣之星電信股份有限公司,4G,423
宜蘭縣,1110630,遠傳電信股份有限公司,4G,598
宜蘭縣,1110630,台灣之星電信股份有限公司,5G,23
宜蘭縣,1110630,中華電信股份有限公司,5G,332
宜蘭縣,1110630,中華電信股份有限公司,4G,954
宜蘭縣,1110630,台灣大哥大股份有限公司,4G,643
宜蘭縣,1110630,台灣大哥大股份有限公司,5G,122
宜蘭縣,1110630,亞太電信股份有限公司,4G,194
花蓮縣,1110630,亞太電信股份有限公司,4G,184
花蓮縣,1110630,台灣之星電信股份有限公司,5G,22
花蓮縣,1110630,台灣大哥大股份有限公司,4G,710
花蓮縣,1110630,中華電信股份有限公司,4G,935
花蓮縣,1110630,台灣之星電信股份有限公司,4G,433
花蓮縣,1110630,中華電信股份有限公司,5G,333
花蓮縣,1110630,台灣大哥大股份有限公司,5G,95
花蓮縣,1110630,遠傳電信股份有限公司,4G,683
花蓮縣,1110630,遠傳電信股份有限公司,5G,374
金門縣,1110630,亞太電信股份有限公司,5G,2
金門縣,1110630,中華電信股份有限公司,5G,65
金門縣,1110630,遠傳電信股份有限公司,4G,140
金門縣,1110630,中華電信股份有限公司,4G,265
金門縣,1110630,台灣大哥大股份有限公司,5G,10
金門縣,1110630,台灣大哥大股份有限公司,4G,130
金門縣,1110630,遠傳電信股份有限公司,5G,44
金門縣,1110630,台灣之星電信股份有限公司,4G,47
金門縣,1110630,亞太電信股份有限公司,4G,36
南投縣,1110630,台灣之星電信股份有限公司,4G,527
南投縣,1110630,中華電信股份有限公司,4G,1218
南投縣,1110630,亞太電信股份有限公司,5G,14
南投縣,1110630,台灣大哥大股份有限公司,5G,154
南投縣,1110630,台灣大哥大股份有限公司,4G,841
南投縣,1110630,台灣之星電信股份有限公司,5G,25
南投縣,1110630,遠傳電信股份有限公司,4G,890
南投縣,1110630,中華電信股份有限公司,5G,291
南投縣,1110630,遠傳電信股份有限公司,5G,341
南投縣,1110630,亞太電信股份有限公司,4G,359
屏東縣,1110630,亞太電信股份有限公司,5G,40
屏東縣,1110630,亞太電信股份有限公司,4G,522
屏東縣,1110630,中華電信股份有限公司,4G,1092
屏東縣,1110630,遠傳電信股份有限公司,5G,404
屏東縣,1110630,台灣之星電信股份有限公司,4G,704
屏東縣,1110630,中華電信股份有限公司,5G,314
屏東縣,1110630,台灣大哥大股份有限公司,4G,977
屏東縣,1110630,台灣大哥大股份有限公司,5G,210
屏東縣,1110630,台灣之星電信股份有限公司,5G,36
屏東縣,1110630,遠傳電信股份有限公司,4G,1022
苗栗縣,1110630,台灣之星電信股份有限公司,5G,26
苗栗縣,1110630,遠傳電信股份有限公司,5G,428
苗栗縣,1110630,中華電信股份有限公司,4G,1346
苗栗縣,1110630,台灣大哥大股份有限公司,4G,884
苗栗縣,1110630,遠傳電信股份有限公司,4G,963
苗栗縣,1110630,亞太電信股份有限公司,4G,394
苗栗縣,1110630,亞太電信股份有限公司,5G,51
苗栗縣,1110630,中華電信股份有限公司,5G,338
苗栗縣,1110630,台灣大哥大股份有限公司,5G,160
苗栗縣,1110630,台灣之星電信股份有限公司,4G,498
桃園市,1110630,中華電信股份有限公司,4G,2058
桃園市,1110630,中華電信股份有限公司,5G,891
桃園市,1110630,台灣之星電信股份有限公司,5G,228
桃園市,1110630,台灣大哥大股份有限公司,5G,591
桃園市,1110630,亞太電信股份有限公司,4G,1064
桃園市,1110630,台灣大哥大股份有限公司,4G,1953
桃園市,1110630,遠傳電信股份有限公司,4G,1982
桃園市,1110630,台灣之星電信股份有限公司,4G,1525
桃園市,1110630,遠傳電信股份有限公司,5G,1120
高雄市,1110630,中華電信股份有限公司,4G,3156
高雄市,1110630,亞太電信股份有限公司,5G,81
高雄市,1110630,台灣之星電信股份有限公司,4G,1963
高雄市,1110630,台灣大哥大股份有限公司,5G,816
高雄市,1110630,中華電信股份有限公司,5G,1305
高雄市,1110630,遠傳電信股份有限公司,4G,2309
高雄市,1110630,台灣大哥大股份有限公司,4G,2502
高雄市,1110630,遠傳電信股份有限公司,5G,1207
高雄市,1110630,台灣之星電信股份有限公司,5G,400
高雄市,1110630,亞太電信股份有限公司,4G,1283
基隆市,1110630,中華電信股份有限公司,5G,132
基隆市,1110630,中華電信股份有限公司,4G,361
基隆市,1110630,台灣大哥大股份有限公司,4G,281
基隆市,1110630,亞太電信股份有限公司,4G,230
基隆市,1110630,台灣大哥大股份有限公司,5G,78
基隆市,1110630,台灣之星電信股份有限公司,4G,224
基隆市,1110630,台灣之星電信股份有限公司,5G,53
基隆市,1110630,遠傳電信股份有限公司,5G,169
基隆市,1110630,遠傳電信股份有限公司,4G,350
連江縣,1110630,中華電信股份有限公司,4G,93
連江縣,1110630,中華電信股份有限公司,5G,28
連江縣,1110630,台灣大哥大股份有限公司,4G,41
連江縣,1110630,台灣之星電信股份有限公司,4G,20
連江縣,1110630,台灣大哥大股份有限公司,5G,3
連江縣,1110630,遠傳電信股份有限公司,4G,44
連江縣,1110630,亞太電信股份有限公司,4G,12
連江縣,1110630,遠傳電信股份有限公司,5G,21
雲林縣,1110630,中華電信股份有限公司,4G,1289
雲林縣,1110630,亞太電信股份有限公司,4G,300
雲林縣,1110630,中華電信股份有限公司,5G,301
雲林縣,1110630,台灣之星電信股份有限公司,5G,16
雲林縣,1110630,台灣大哥大股份有限公司,4G,739
雲林縣,1110630,遠傳電信股份有限公司,4G,733
雲林縣,1110630,台灣大哥大股份有限公司,5G,179
雲林縣,1110630,台灣之星電信股份有限公司,4G,460
雲林縣,1110630,遠傳電信股份有限公司,5G,273
雲林縣,1110630,亞太電信股份有限公司,5G,12
新北市,1110630,台灣之星電信股份有限公司,5G,482
新北市,1110630,台灣之星電信股份有限公司,4G,2326
新北市,1110630,中華電信股份有限公司,5G,1257
新北市,1110630,中華電信股份有限公司,4G,2897
新北市,1110630,遠傳電信股份有限公司,5G,1535
新北市,1110630,遠傳電信股份有限公司,4G,2655
新北市,1110630,台灣大哥大股份有限公司,4G,2692
新北市,1110630,亞太電信股份有限公司,4G,1606
新北市,1110630,台灣大哥大股份有限公司,5G,790
新竹市,1110630,中華電信股份有限公司,4G,615
新竹市,1110630,台灣之星電信股份有限公司,5G,81
新竹市,1110630,台灣大哥大股份有限公司,5G,142
新竹市,1110630,亞太電信股份有限公司,4G,201
新竹市,1110630,中華電信股份有限公司,5G,221
新竹市,1110630,台灣之星電信股份有限公司,4G,363
新竹市,1110630,台灣大哥大股份有限公司,4G,410
新竹市,1110630,遠傳電信股份有限公司,5G,332
新竹市,1110630,遠傳電信股份有限公司,4G,549
新竹縣,1110630,中華電信股份有限公司,4G,1027
新竹縣,1110630,台灣大哥大股份有限公司,4G,722
新竹縣,1110630,亞太電信股份有限公司,4G,304
新竹縣,1110630,台灣大哥大股份有限公司,5G,136
新竹縣,1110630,中華電信股份有限公司,5G,415
新竹縣,1110630,遠傳電信股份有限公司,5G,445
新竹縣,1110630,台灣之星電信股份有限公司,4G,522
新竹縣,1110630,遠傳電信股份有限公司,4G,684
新竹縣,1110630,台灣之星電信股份有限公司,5G,48
嘉義市,1110630,台灣大哥大股份有限公司,4G,269
嘉義市,1110630,中華電信股份有限公司,4G,341
嘉義市,1110630,中華電信股份有限公司,5G,154
嘉義市,1110630,台灣之星電信股份有限公司,4G,173
嘉義市,1110630,台灣大哥大股份有限公司,5G,92
嘉義市,1110630,遠傳電信股份有限公司,4G,213
嘉義市,1110630,亞太電信股份有限公司,4G,129
嘉義市,1110630,台灣之星電信股份有限公司,5G,23
嘉義市,1110630,亞太電信股份有限公司,5G,6
嘉義市,1110630,遠傳電信股份有限公司,5G,108
嘉義縣,1110630,亞太電信股份有限公司,5G,14
嘉義縣,1110630,中華電信股份有限公司,4G,978
嘉義縣,1110630,台灣大哥大股份有限公司,4G,584
嘉義縣,1110630,台灣之星電信股份有限公司,5G,8
嘉義縣,1110630,亞太電信股份有限公司,4G,250
嘉義縣,1110630,台灣大哥大股份有限公司,5G,115
嘉義縣,1110630,中華電信股份有限公司,5G,360
嘉義縣,1110630,遠傳電信股份有限公司,5G,202
嘉義縣,1110630,遠傳電信股份有限公司,4G,587
嘉義縣,1110630,台灣之星電信股份有限公司,4G,368
彰化縣,1110630,台灣之星電信股份有限公司,4G,699
彰化縣,1110630,亞太電信股份有限公司,5G,35
彰化縣,1110630,中華電信股份有限公司,4G,1846
彰化縣,1110630,台灣之星電信股份有限公司,5G,43
彰化縣,1110630,台灣大哥大股份有限公司,4G,1206
彰化縣,1110630,亞太電信股份有限公司,4G,510
彰化縣,1110630,台灣大哥大股份有限公司,5G,339
彰化縣,1110630,中華電信股份有限公司,5G,604
彰化縣,1110630,遠傳電信股份有限公司,5G,471
彰化縣,1110630,遠傳電信股份有限公司,4G,1116
臺中市,1110630,台灣大哥大股份有限公司,5G,1091
臺中市,1110630,台灣之星電信股份有限公司,5G,362
臺中市,1110630,亞太電信股份有限公司,5G,138
臺中市,1110630,中華電信股份有限公司,4G,4838
臺中市,1110630,遠傳電信股份有限公司,4G,3325
臺中市,1110630,亞太電信股份有限公司,4G,1775
臺中市,1110630,中華電信股份有限公司,5G,1580
臺中市,1110630,台灣大哥大股份有限公司,4G,3513
臺中市,1110630,台灣之星電信股份有限公司,4G,2167
臺中市,1110630,遠傳電信股份有限公司,5G,1632
臺北市,1110630,中華電信股份有限公司,4G,2936
臺北市,1110630,中華電信股份有限公司,5G,1263
臺北市,1110630,台灣大哥大股份有限公司,4G,2649
臺北市,1110630,台灣之星電信股份有限公司,5G,395
臺北市,1110630,遠傳電信股份有限公司,4G,2907
臺北市,1110630,亞太電信股份有限公司,4G,1584
臺北市,1110630,台灣大哥大股份有限公司,5G,840
臺北市,1110630,遠傳電信股份有限公司,5G,1462
臺北市,1110630,台灣之星電信股份有限公司,4G,1826
臺東縣,1110630,台灣之星電信股份有限公司,5G,8
臺東縣,1110630,中華電信股份有限公司,5G,164
臺東縣,1110630,台灣大哥大股份有限公司,5G,67
臺東縣,1110630,中華電信股份有限公司,4G,645
臺東縣,1110630,遠傳電信股份有限公司,4G,412
臺東縣,1110630,台灣之星電信股份有限公司,4G,292
臺東縣,1110630,亞太電信股份有限公司,4G,142
臺東縣,1110630,台灣大哥大股份有限公司,4G,463
臺東縣,1110630,亞太電信股份有限公司,5G,14
臺東縣,1110630,遠傳電信股份有限公司,5G,146
臺南市,1110630,台灣之星電信股份有限公司,4G,1310
臺南市,1110630,台灣之星電信股份有限公司,5G,209
臺南市,1110630,中華電信股份有限公司,4G,2099
臺南市,1110630,台灣大哥大股份有限公司,5G,545
臺南市,1110630,中華電信股份有限公司,5G,846
臺南市,1110630,亞太電信股份有限公司,5G,59
臺南市,1110630,遠傳電信股份有限公司,4G,1544
臺南市,1110630,遠傳電信股份有限公司,5G,793
臺南市,1110630,台灣大哥大股份有限公司,4G,1769
臺南市,1110630,亞太電信股份有限公司,4G,865
澎湖縣,1110630,台灣大哥大股份有限公司,4G,173
澎湖縣,1110630,中華電信股份有限公司,4G,194
澎湖縣,1110630,中華電信股份有限公司,5G,51
澎湖縣,1110630,台灣大哥大股份有限公司,5G,24
澎湖縣,1110630,遠傳電信股份有限公司,5G,20
澎湖縣,1110630,亞太電信股份有限公司,4G,44
澎湖縣,1110630,亞太電信股份有限公司,5G,6
澎湖縣,1110630,遠傳電信股份有限公司,4G,160
澎湖縣,1110630,台灣之星電信股份有限公司,4G,75
澎湖縣,1110630,台灣之星電信股份有限公司,5G,1
宜蘭縣,1110531,遠傳電信股份有限公司,4G,577
宜蘭縣,1110531,台灣之星電信股份有限公司,4G,423
宜蘭縣,1110531,台灣大哥大股份有限公司,4G,642
宜蘭縣,1110531,中華電信股份有限公司,4G,954
宜蘭縣,1110531,亞太電信股份有限公司,4G,194
花蓮縣,1110531,台灣大哥大股份有限公司,4G,710
花蓮縣,1110531,中華電信股份有限公司,4G,935
花蓮縣,1110531,台灣之星電信股份有限公司,4G,433
花蓮縣,1110531,遠傳電信股份有限公司,4G,660
花蓮縣,1110531,亞太電信股份有限公司,4G,185
金門縣,1110531,台灣之星電信股份有限公司,4G,47
金門縣,1110531,台灣大哥大股份有限公司,4G,130
金門縣,1110531,亞太電信股份有限公司,4G,36
金門縣,1110531,中華電信股份有限公司,4G,265
金門縣,1110531,遠傳電信股份有限公司,4G,140
南投縣,1110531,亞太電信股份有限公司,4G,359
南投縣,1110531,台灣之星電信股份有限公司,4G,527
南投縣,1110531,台灣大哥大股份有限公司,4G,841
南投縣,1110531,中華電信股份有限公司,4G,1209
南投縣,1110531,遠傳電信股份有限公司,4G,882
屏東縣,1110531,遠傳電信股份有限公司,4G,1022
屏東縣,1110531,中華電信股份有限公司,4G,1098
屏東縣,1110531,亞太電信股份有限公司,4G,522
屏東縣,1110531,台灣大哥大股份有限公司,4G,974
屏東縣,1110531,台灣之星電信股份有限公司,4G,704
苗栗縣,1110531,台灣大哥大股份有限公司,4G,884
苗栗縣,1110531,台灣之星電信股份有限公司,4G,498
苗栗縣,1110531,亞太電信股份有限公司,4G,394
苗栗縣,1110531,中華電信股份有限公司,4G,1333
苗栗縣,1110531,遠傳電信股份有限公司,4G,963
桃園市,1110531,遠傳電信股份有限公司,4G,1962
桃園市,1110531,台灣之星電信股份有限公司,4G,1525
桃園市,1110531,亞太電信股份有限公司,4G,1070
桃園市,1110531,台灣大哥大股份有限公司,4G,1936
桃園市,1110531,中華電信股份有限公司,4G,2058
高雄市,1110531,台灣大哥大股份有限公司,4G,2500
高雄市,1110531,台灣之星電信股份有限公司,4G,1963
高雄市,1110531,中華電信股份有限公司,4G,3157
高雄市,1110531,亞太電信股份有限公司,4G,1283
高雄市,1110531,遠傳電信股份有限公司,4G,2309
基隆市,1110531,台灣之星電信股份有限公司,4G,224
基隆市,1110531,台灣大哥大股份有限公司,4G,281
基隆市,1110531,遠傳電信股份有限公司,4G,344
基隆市,1110531,亞太電信股份有限公司,4G,230
基隆市,1110531,中華電信股份有限公司,4G,361
連江縣,1110531,中華電信股份有限公司,4G,93
連江縣,1110531,遠傳電信股份有限公司,4G,44
連江縣,1110531,台灣大哥大股份有限公司,4G,41
連江縣,1110531,台灣之星電信股份有限公司,4G,20
連江縣,1110531,亞太電信股份有限公司,4G,20
雲林縣,1110531,亞太電信股份有限公司,4G,300
雲林縣,1110531,中華電信股份有限公司,4G,1278
雲林縣,1110531,台灣之星電信股份有限公司,4G,460
雲林縣,1110531,台灣大哥大股份有限公司,4G,739
雲林縣,1110531,遠傳電信股份有限公司,4G,719
新北市,1110531,遠傳電信股份有限公司,4G,2613
新北市,1110531,台灣大哥大股份有限公司,4G,2676
新北市,1110531,中華電信股份有限公司,4G,2897
新北市,1110531,亞太電信股份有限公司,4G,1610
新北市,1110531,台灣之星電信股份有限公司,4G,2326
新竹市,1110531,台灣之星電信股份有限公司,4G,363
新竹市,1110531,亞太電信股份有限公司,4G,201
新竹市,1110531,遠傳電信股份有限公司,4G,549
新竹市,1110531,中華電信股份有限公司,4G,612
新竹市,1110531,台灣大哥大股份有限公司,4G,410
新竹縣,1110531,台灣大哥大股份有限公司,4G,722
新竹縣,1110531,台灣之星電信股份有限公司,4G,522
新竹縣,1110531,中華電信股份有限公司,4G,1011
新竹縣,1110531,亞太電信股份有限公司,4G,304
新竹縣,1110531,遠傳電信股份有限公司,4G,684
嘉義市,1110531,台灣大哥大股份有限公司,4G,269
嘉義市,1110531,中華電信股份有限公司,4G,341
嘉義市,1110531,台灣之星電信股份有限公司,4G,173
嘉義市,1110531,亞太電信股份有限公司,4G,129
嘉義市,1110531,遠傳電信股份有限公司,4G,213
嘉義縣,1110531,亞太電信股份有限公司,4G,250
嘉義縣,1110531,遠傳電信股份有限公司,4G,587
嘉義縣,1110531,台灣大哥大股份有限公司,4G,584
嘉義縣,1110531,中華電信股份有限公司,4G,979
嘉義縣,1110531,台灣之星電信股份有限公司,4G,368
彰化縣,1110531,亞太電信股份有限公司,4G,510
彰化縣,1110531,中華電信股份有限公司,4G,1833
彰化縣,1110531,遠傳電信股份有限公司,4G,1116
彰化縣,1110531,台灣大哥大股份有限公司,4G,1206
彰化縣,1110531,台灣之星電信股份有限公司,4G,699
臺中市,1110531,中華電信股份有限公司,4G,4807
臺中市,1110531,遠傳電信股份有限公司,4G,3301
臺中市,1110531,台灣之星電信股份有限公司,4G,2167
臺中市,1110531,亞太電信股份有限公司,4G,1775
臺中市,1110531,台灣大哥大股份有限公司,4G,3513
臺北市,1110531,亞太電信股份有限公司,4G,1590
臺北市,1110531,台灣大哥大股份有限公司,4G,2638
臺北市,1110531,中華電信股份有限公司,4G,2936
臺北市,1110531,台灣之星電信股份有限公司,4G,1827
臺北市,1110531,遠傳電信股份有限公司,4G,2874
臺東縣,1110531,台灣大哥大股份有限公司,4G,463
臺東縣,1110531,中華電信股份有限公司,4G,646
臺東縣,1110531,亞太電信股份有限公司,4G,142
臺東縣,1110531,台灣之星電信股份有限公司,4G,292
臺東縣,1110531,遠傳電信股份有限公司,4G,412
臺南市,1110531,台灣大哥大股份有限公司,4G,1763
臺南市,1110531,中華電信股份有限公司,4G,2107
臺南市,1110531,遠傳電信股份有限公司,4G,1544
臺南市,1110531,台灣之星電信股份有限公司,4G,1310
臺南市,1110531,亞太電信股份有限公司,4G,865
澎湖縣,1110531,台灣大哥大股份有限公司,4G,173
澎湖縣,1110531,亞太電信股份有限公司,4G,44
澎湖縣,1110531,遠傳電信股份有限公司,4G,160
澎湖縣,1110531,中華電信股份有限公司,4G,194
澎湖縣,1110531,台灣之星電信股份有限公司,4G,75
宜蘭縣,1110430,台灣之星電信股份有限公司,4G,423
宜蘭縣,1110430,遠傳電信股份有限公司,4G,577
宜蘭縣,1110430,中華電信股份有限公司,4G,954
宜蘭縣,1110430,台灣大哥大股份有限公司,4G,642
宜蘭縣,1110430,亞太電信股份有限公司,4G,194
花蓮縣,1110430,亞太電信股份有限公司,4G,185
花蓮縣,1110430,台灣大哥大股份有限公司,4G,714
花蓮縣,1110430,台灣之星電信股份有限公司,4G,432
花蓮縣,1110430,中華電信股份有限公司,4G,931
花蓮縣,1110430,遠傳電信股份有限公司,4G,660
金門縣,1110430,亞太電信股份有限公司,4G,36
金門縣,1110430,中華電信股份有限公司,4G,261
金門縣,1110430,台灣大哥大股份有限公司,4G,130
金門縣,1110430,遠傳電信股份有限公司,4G,139
金門縣,1110430,台灣之星電信股份有限公司,4G,47
南投縣,1110430,台灣之星電信股份有限公司,4G,527
南投縣,1110430,中華電信股份有限公司,4G,1210
南投縣,1110430,台灣大哥大股份有限公司,4G,830
南投縣,1110430,亞太電信股份有限公司,4G,359
南投縣,1110430,遠傳電信股份有限公司,4G,882
屏東縣,1110430,台灣大哥大股份有限公司,4G,966
屏東縣,1110430,台灣之星電信股份有限公司,4G,703
屏東縣,1110430,中華電信股份有限公司,4G,1085
屏東縣,1110430,亞太電信股份有限公司,4G,522
屏東縣,1110430,遠傳電信股份有限公司,4G,1016
苗栗縣,1110430,台灣之星電信股份有限公司,4G,498
苗栗縣,1110430,亞太電信股份有限公司,4G,394
苗栗縣,1110430,台灣大哥大股份有限公司,4G,868
苗栗縣,1110430,遠傳電信股份有限公司,4G,962
苗栗縣,1110430,中華電信股份有限公司,4G,1333
桃園市,1110430,台灣之星電信股份有限公司,4G,1528
桃園市,1110430,遠傳電信股份有限公司,4G,1962
桃園市,1110430,中華電信股份有限公司,4G,2053
桃園市,1110430,台灣大哥大股份有限公司,4G,1936
桃園市,1110430,亞太電信股份有限公司,4G,1070
高雄市,1110430,亞太電信股份有限公司,4G,1283
高雄市,1110430,台灣大哥大股份有限公司,4G,2492
高雄市,1110430,台灣之星電信股份有限公司,4G,1961
高雄市,1110430,中華電信股份有限公司,4G,3113
高雄市,1110430,遠傳電信股份有限公司,4G,2299
基隆市,1110430,台灣大哥大股份有限公司,4G,281
基隆市,1110430,台灣之星電信股份有限公司,4G,224
基隆市,1110430,中華電信股份有限公司,4G,361
基隆市,1110430,遠傳電信股份有限公司,4G,344
基隆市,1110430,亞太電信股份有限公司,4G,230
連江縣,1110430,中華電信股份有限公司,4G,93
連江縣,1110430,亞太電信股份有限公司,4G,20
連江縣,1110430,台灣大哥大股份有限公司,4G,43
連江縣,1110430,台灣之星電信股份有限公司,4G,20
連江縣,1110430,遠傳電信股份有限公司,4G,44
雲林縣,1110430,台灣大哥大股份有限公司,4G,723
雲林縣,1110430,亞太電信股份有限公司,4G,300
雲林縣,1110430,遠傳電信股份有限公司,4G,719
雲林縣,1110430,台灣之星電信股份有限公司,4G,460
雲林縣,1110430,中華電信股份有限公司,4G,1278
新北市,1110430,遠傳電信股份有限公司,4G,2613
新北市,1110430,台灣大哥大股份有限公司,4G,2676
新北市,1110430,中華電信股份有限公司,4G,2883
新北市,1110430,亞太電信股份有限公司,4G,1610
新北市,1110430,台灣之星電信股份有限公司,4G,2326
新竹市,1110430,中華電信股份有限公司,4G,612
新竹市,1110430,亞太電信股份有限公司,4G,201
新竹市,1110430,台灣大哥大股份有限公司,4G,410
新竹市,1110430,台灣之星電信股份有限公司,4G,363
新竹市,1110430,遠傳電信股份有限公司,4G,549
新竹縣,1110430,台灣之星電信股份有限公司,4G,522
新竹縣,1110430,台灣大哥大股份有限公司,4G,722
新竹縣,1110430,亞太電信股份有限公司,4G,304
新竹縣,1110430,中華電信股份有限公司,4G,1011
新竹縣,1110430,遠傳電信股份有限公司,4G,684
嘉義市,1110430,中華電信股份有限公司,4G,337
嘉義市,1110430,亞太電信股份有限公司,4G,129
嘉義市,1110430,台灣大哥大股份有限公司,4G,269
嘉義市,1110430,台灣之星電信股份有限公司,4G,172
嘉義市,1110430,遠傳電信股份有限公司,4G,207
嘉義縣,1110430,台灣之星電信股份有限公司,4G,368
嘉義縣,1110430,台灣大哥大股份有限公司,4G,541
嘉義縣,1110430,亞太電信股份有限公司,4G,250
嘉義縣,1110430,中華電信股份有限公司,4G,974
嘉義縣,1110430,遠傳電信股份有限公司,4G,573
彰化縣,1110430,中華電信股份有限公司,4G,1835
彰化縣,1110430,遠傳電信股份有限公司,4G,1116
彰化縣,1110430,台灣大哥大股份有限公司,4G,1197
彰化縣,1110430,亞太電信股份有限公司,4G,510
彰化縣,1110430,台灣之星電信股份有限公司,4G,699
臺中市,1110430,亞太電信股份有限公司,4G,1775
臺中市,1110430,中華電信股份有限公司,4G,4817
臺中市,1110430,台灣大哥大股份有限公司,4G,3415
臺中市,1110430,台灣之星電信股份有限公司,4G,2167
臺中市,1110430,遠傳電信股份有限公司,4G,3303
臺北市,1110430,遠傳電信股份有限公司,4G,2880
臺北市,1110430,台灣之星電信股份有限公司,4G,1824
臺北市,1110430,中華電信股份有限公司,4G,2913
臺北市,1110430,亞太電信股份有限公司,4G,1590
臺北市,1110430,台灣大哥大股份有限公司,4G,2645
臺東縣,1110430,亞太電信股份有限公司,4G,142
臺東縣,1110430,台灣之星電信股份有限公司,4G,292
臺東縣,1110430,遠傳電信股份有限公司,4G,410
臺東縣,1110430,中華電信股份有限公司,4G,642
臺東縣,1110430,台灣大哥大股份有限公司,4G,453
臺南市,1110430,台灣大哥大股份有限公司,4G,1700
臺南市,1110430,中華電信股份有限公司,4G,2094
臺南市,1110430,亞太電信股份有限公司,4G,865
臺南市,1110430,台灣之星電信股份有限公司,4G,1304
臺南市,1110430,遠傳電信股份有限公司,4G,1509
澎湖縣,1110430,台灣之星電信股份有限公司,4G,75
澎湖縣,1110430,中華電信股份有限公司,4G,192
澎湖縣,1110430,台灣大哥大股份有限公司,4G,172
澎湖縣,1110430,亞太電信股份有限公司,4G,44
澎湖縣,1110430,遠傳電信股份有限公司,4G,160
宜蘭縣,1110331,遠傳電信股份有限公司,4G,577
宜蘭縣,1110331,台灣大哥大股份有限公司,4G,642
宜蘭縣,1110331,台灣之星電信股份有限公司,4G,414
宜蘭縣,1110331,中華電信股份有限公司,4G,954
宜蘭縣,1110331,亞太電信股份有限公司,4G,194
花蓮縣,1110331,中華電信股份有限公司,4G,935
花蓮縣,1110331,台灣大哥大股份有限公司,4G,714
花蓮縣,1110331,台灣之星電信股份有限公司,4G,431
花蓮縣,1110331,遠傳電信股份有限公司,4G,660
花蓮縣,1110331,亞太電信股份有限公司,4G,185
金門縣,1110331,亞太電信股份有限公司,4G,36
金門縣,1110331,台灣大哥大股份有限公司,4G,122
金門縣,1110331,台灣之星電信股份有限公司,4G,47
金門縣,1110331,中華電信股份有限公司,4G,257
金門縣,1110331,遠傳電信股份有限公司,4G,139
南投縣,1110331,台灣大哥大股份有限公司,4G,817
南投縣,1110331,中華電信股份有限公司,4G,1204
南投縣,1110331,台灣之星電信股份有限公司,4G,522
南投縣,1110331,遠傳電信股份有限公司,4G,882
南投縣,1110331,亞太電信股份有限公司,4G,359
屏東縣,1110331,中華電信股份有限公司,4G,1072
屏東縣,1110331,台灣之星電信股份有限公司,4G,703
屏東縣,1110331,亞太電信股份有限公司,4G,522
屏東縣,1110331,台灣大哥大股份有限公司,4G,923
屏東縣,1110331,遠傳電信股份有限公司,4G,1016
苗栗縣,1110331,台灣之星電信股份有限公司,4G,495
苗栗縣,1110331,中華電信股份有限公司,4G,1319
苗栗縣,1110331,台灣大哥大股份有限公司,4G,854
苗栗縣,1110331,遠傳電信股份有限公司,4G,962
苗栗縣,1110331,亞太電信股份有限公司,4G,394
桃園市,1110331,遠傳電信股份有限公司,4G,1962
桃園市,1110331,台灣之星電信股份有限公司,4G,1510
桃園市,1110331,台灣大哥大股份有限公司,4G,1936
桃園市,1110331,亞太電信股份有限公司,4G,1070
桃園市,1110331,中華電信股份有限公司,4G,2058
高雄市,1110331,台灣之星電信股份有限公司,4G,1961
高雄市,1110331,中華電信股份有限公司,4G,3055
高雄市,1110331,遠傳電信股份有限公司,4G,2299
高雄市,1110331,台灣大哥大股份有限公司,4G,2436
高雄市,1110331,亞太電信股份有限公司,4G,1284
基隆市,1110331,亞太電信股份有限公司,4G,230
基隆市,1110331,台灣之星電信股份有限公司,4G,223
基隆市,1110331,遠傳電信股份有限公司,4G,344
基隆市,1110331,台灣大哥大股份有限公司,4G,281
基隆市,1110331,中華電信股份有限公司,4G,361
連江縣,1110331,中華電信股份有限公司,4G,93
連江縣,1110331,遠傳電信股份有限公司,4G,44
連江縣,1110331,亞太電信股份有限公司,4G,20
連江縣,1110331,台灣大哥大股份有限公司,4G,43
連江縣,1110331,台灣之星電信股份有限公司,4G,20
雲林縣,1110331,中華電信股份有限公司,4G,1275
雲林縣,1110331,台灣大哥大股份有限公司,4G,712
雲林縣,1110331,台灣之星電信股份有限公司,4G,454
雲林縣,1110331,遠傳電信股份有限公司,4G,719
雲林縣,1110331,亞太電信股份有限公司,4G,300
新北市,1110331,遠傳電信股份有限公司,4G,2613
新北市,1110331,台灣大哥大股份有限公司,4G,2676
新北市,1110331,中華電信股份有限公司,4G,2897
新北市,1110331,亞太電信股份有限公司,4G,1610
新北市,1110331,台灣之星電信股份有限公司,4G,2295
新竹市,1110331,台灣之星電信股份有限公司,4G,363
新竹市,1110331,中華電信股份有限公司,4G,612
新竹市,1110331,遠傳電信股份有限公司,4G,549
新竹市,1110331,亞太電信股份有限公司,4G,201
新竹市,1110331,台灣大哥大股份有限公司,4G,410
新竹縣,1110331,台灣之星電信股份有限公司,4G,518
新竹縣,1110331,亞太電信股份有限公司,4G,304
新竹縣,1110331,台灣大哥大股份有限公司,4G,722
新竹縣,1110331,中華電信股份有限公司,4G,1011
新竹縣,1110331,遠傳電信股份有限公司,4G,684
嘉義市,1110331,中華電信股份有限公司,4G,337
嘉義市,1110331,亞太電信股份有限公司,4G,129
嘉義市,1110331,台灣大哥大股份有限公司,4G,269
嘉義市,1110331,遠傳電信股份有限公司,4G,207
嘉義市,1110331,台灣之星電信股份有限公司,4G,172
嘉義縣,1110331,台灣大哥大股份有限公司,4G,541
嘉義縣,1110331,亞太電信股份有限公司,4G,250
嘉義縣,1110331,中華電信股份有限公司,4G,968
嘉義縣,1110331,台灣之星電信股份有限公司,4G,368
嘉義縣,1110331,遠傳電信股份有限公司,4G,573
彰化縣,1110331,台灣之星電信股份有限公司,4G,689
彰化縣,1110331,台灣大哥大股份有限公司,4G,1180
彰化縣,1110331,亞太電信股份有限公司,4G,510
彰化縣,1110331,中華電信股份有限公司,4G,1827
彰化縣,1110331,遠傳電信股份有限公司,4G,1116
臺中市,1110331,台灣之星電信股份有限公司,4G,2136
臺中市,1110331,亞太電信股份有限公司,4G,1775
臺中市,1110331,中華電信股份有限公司,4G,4812
臺中市,1110331,遠傳電信股份有限公司,4G,3302
臺中市,1110331,台灣大哥大股份有限公司,4G,3317
臺北市,1110331,台灣大哥大股份有限公司,4G,2645
臺北市,1110331,中華電信股份有限公司,4G,2932
臺北市,1110331,亞太電信股份有限公司,4G,1590
臺北市,1110331,遠傳電信股份有限公司,4G,2880
臺北市,1110331,台灣之星電信股份有限公司,4G,1817
臺東縣,1110331,亞太電信股份有限公司,4G,142
臺東縣,1110331,台灣之星電信股份有限公司,4G,292
臺東縣,1110331,中華電信股份有限公司,4G,637
臺東縣,1110331,台灣大哥大股份有限公司,4G,453
臺東縣,1110331,遠傳電信股份有限公司,4G,410
臺南市,1110331,中華電信股份有限公司,4G,2083
臺南市,1110331,遠傳電信股份有限公司,4G,1509
臺南市,1110331,台灣大哥大股份有限公司,4G,1695
臺南市,1110331,亞太電信股份有限公司,4G,865
臺南市,1110331,台灣之星電信股份有限公司,4G,1304
澎湖縣,1110331,中華電信股份有限公司,4G,191
澎湖縣,1110331,亞太電信股份有限公司,4G,44
澎湖縣,1110331,遠傳電信股份有限公司,4G,160
澎湖縣,1110331,台灣大哥大股份有限公司,4G,172
澎湖縣,1110331,台灣之星電信股份有限公司,4G,75
宜蘭縣,1110228,遠傳電信股份有限公司,4G,577
宜蘭縣,1110228,台灣之星電信股份有限公司,4G,414
宜蘭縣,1110228,中華電信股份有限公司,4G,954
宜蘭縣,1110228,台灣大哥大股份有限公司,4G,632
宜蘭縣,1110228,亞太電信股份有限公司,4G,194
花蓮縣,1110228,台灣之星電信股份有限公司,4G,431
花蓮縣,1110228,中華電信股份有限公司,4G,935
花蓮縣,1110228,亞太電信股份有限公司,4G,185
花蓮縣,1110228,台灣大哥大股份有限公司,4G,702
花蓮縣,1110228,遠傳電信股份有限公司,4G,660
金門縣,1110228,中華電信股份有限公司,4G,257
金門縣,1110228,亞太電信股份有限公司,4G,36
金門縣,1110228,台灣大哥大股份有限公司,4G,122
金門縣,1110228,台灣之星電信股份有限公司,4G,47
金門縣,1110228,遠傳電信股份有限公司,4G,139
南投縣,1110228,亞太電信股份有限公司,4G,359
南投縣,1110228,中華電信股份有限公司,4G,1193
南投縣,1110228,台灣大哥大股份有限公司,4G,817
南投縣,1110228,遠傳電信股份有限公司,4G,883
南投縣,1110228,台灣之星電信股份有限公司,4G,522
屏東縣,1110228,台灣之星電信股份有限公司,4G,703
屏東縣,1110228,中華電信股份有限公司,4G,1067
屏東縣,1110228,亞太電信股份有限公司,4G,522
屏東縣,1110228,台灣大哥大股份有限公司,4G,923
屏東縣,1110228,遠傳電信股份有限公司,4G,1016
苗栗縣,1110228,台灣大哥大股份有限公司,4G,854
苗栗縣,1110228,台灣之星電信股份有限公司,4G,495
苗栗縣,1110228,遠傳電信股份有限公司,4G,974
苗栗縣,1110228,亞太電信股份有限公司,4G,394
苗栗縣,1110228,中華電信股份有限公司,4G,1304
桃園市,1110228,遠傳電信股份有限公司,4G,1962
桃園市,1110228,台灣大哥大股份有限公司,4G,1936
桃園市,1110228,亞太電信股份有限公司,4G,1070
桃園市,1110228,台灣之星電信股份有限公司,4G,1510
桃園市,1110228,中華電信股份有限公司,4G,2058
高雄市,1110228,遠傳電信股份有限公司,4G,2300
高雄市,1110228,台灣大哥大股份有限公司,4G,2421
高雄市,1110228,中華電信股份有限公司,4G,3037
高雄市,1110228,台灣之星電信股份有限公司,4G,1961
高雄市,1110228,亞太電信股份有限公司,4G,1284
基隆市,1110228,台灣大哥大股份有限公司,4G,275
基隆市,1110228,中華電信股份有限公司,4G,361
基隆市,1110228,台灣之星電信股份有限公司,4G,223
基隆市,1110228,亞太電信股份有限公司,4G,230
基隆市,1110228,遠傳電信股份有限公司,4G,344
連江縣,1110228,台灣大哥大股份有限公司,4G,43
連江縣,1110228,中華電信股份有限公司,4G,93
連江縣,1110228,亞太電信股份有限公司,4G,20
連江縣,1110228,台灣之星電信股份有限公司,4G,20
連江縣,1110228,遠傳電信股份有限公司,4G,44
雲林縣,1110228,台灣大哥大股份有限公司,4G,712
雲林縣,1110228,台灣之星電信股份有限公司,4G,454
雲林縣,1110228,中華電信股份有限公司,4G,1268
雲林縣,1110228,亞太電信股份有限公司,4G,300
雲林縣,1110228,遠傳電信股份有限公司,4G,719
新北市,1110228,中華電信股份有限公司,4G,2897
新北市,1110228,台灣大哥大股份有限公司,4G,2669
新北市,1110228,亞太電信股份有限公司,4G,1610
新北市,1110228,台灣之星電信股份有限公司,4G,2295
新北市,1110228,遠傳電信股份有限公司,4G,2613
新竹市,1110228,台灣之星電信股份有限公司,4G,363
新竹市,1110228,中華電信股份有限公司,4G,612
新竹市,1110228,亞太電信股份有限公司,4G,201
新竹市,1110228,台灣大哥大股份有限公司,4G,399
新竹市,1110228,遠傳電信股份有限公司,4G,549
新竹縣,1110228,亞太電信股份有限公司,4G,304
新竹縣,1110228,中華電信股份有限公司,4G,1011
新竹縣,1110228,台灣大哥大股份有限公司,4G,700
新竹縣,1110228,遠傳電信股份有限公司,4G,684
新竹縣,1110228,台灣之星電信股份有限公司,4G,518
嘉義市,1110228,台灣大哥大股份有限公司,4G,269
嘉義市,1110228,亞太電信股份有限公司,4G,130
嘉義市,1110228,台灣之星電信股份有限公司,4G,172
嘉義市,1110228,中華電信股份有限公司,4G,337
嘉義市,1110228,遠傳電信股份有限公司,4G,207
嘉義縣,1110228,中華電信股份有限公司,4G,968
嘉義縣,1110228,台灣大哥大股份有限公司,4G,541
嘉義縣,1110228,亞太電信股份有限公司,4G,250
嘉義縣,1110228,台灣之星電信股份有限公司,4G,368
嘉義縣,1110228,遠傳電信股份有限公司,4G,574
彰化縣,1110228,亞太電信股份有限公司,4G,510
彰化縣,1110228,台灣之星電信股份有限公司,4G,689
彰化縣,1110228,遠傳電信股份有限公司,4G,1118
彰化縣,1110228,中華電信股份有限公司,4G,1813
彰化縣,1110228,台灣大哥大股份有限公司,4G,1182
臺中市,1110228,台灣大哥大股份有限公司,4G,3321
臺中市,1110228,中華電信股份有限公司,4G,4797
臺中市,1110228,遠傳電信股份有限公司,4G,3313
臺中市,1110228,亞太電信股份有限公司,4G,1775
臺中市,1110228,台灣之星電信股份有限公司,4G,2136
臺北市,1110228,亞太電信股份有限公司,4G,1590
臺北市,1110228,遠傳電信股份有限公司,4G,2880
臺北市,1110228,中華電信股份有限公司,4G,2932
臺北市,1110228,台灣之星電信股份有限公司,4G,1817
臺北市,1110228,台灣大哥大股份有限公司,4G,2630
臺東縣,1110228,台灣之星電信股份有限公司,4G,292
臺東縣,1110228,遠傳電信股份有限公司,4G,410
臺東縣,1110228,亞太電信股份有限公司,4G,142
臺東縣,1110228,中華電信股份有限公司,4G,636
臺東縣,1110228,台灣大哥大股份有限公司,4G,453
臺南市,1110228,亞太電信股份有限公司,4G,866
臺南市,1110228,中華電信股份有限公司,4G,2082
臺南市,1110228,台灣大哥大股份有限公司,4G,1693
臺南市,1110228,遠傳電信股份有限公司,4G,1510
臺南市,1110228,台灣之星電信股份有限公司,4G,1304
澎湖縣,1110228,遠傳電信股份有限公司,4G,162
澎湖縣,1110228,台灣之星電信股份有限公司,4G,75
澎湖縣,1110228,台灣大哥大股份有限公司,4G,169
澎湖縣,1110228,亞太電信股份有限公司,4G,44
澎湖縣,1110228,中華電信股份有限公司,4G,191
宜蘭縣,1110131,中華電信股份有限公司,4G,954
宜蘭縣,1110131,台灣之星電信股份有限公司,4G,414
宜蘭縣,1110131,亞太電信股份有限公司,4G,194
宜蘭縣,1110131,遠傳電信股份有限公司,4G,577
宜蘭縣,1110131,台灣大哥大股份有限公司,4G,632
花蓮縣,1110131,中華電信股份有限公司,4G,935
花蓮縣,1110131,台灣之星電信股份有限公司,4G,431
花蓮縣,1110131,台灣大哥大股份有限公司,4G,702
花蓮縣,1110131,遠傳電信股份有限公司,4G,660
花蓮縣,1110131,亞太電信股份有限公司,4G,185
金門縣,1110131,台灣之星電信股份有限公司,4G,47
金門縣,1110131,台灣大哥大股份有限公司,4G,124
金門縣,1110131,中華電信股份有限公司,4G,257
金門縣,1110131,遠傳電信股份有限公司,4G,139
金門縣,1110131,亞太電信股份有限公司,4G,36
南投縣,1110131,中華電信股份有限公司,4G,1193
南投縣,1110131,台灣大哥大股份有限公司,4G,810
南投縣,1110131,遠傳電信股份有限公司,4G,883
南投縣,1110131,台灣之星電信股份有限公司,4G,522
南投縣,1110131,亞太電信股份有限公司,4G,359
屏東縣,1110131,中華電信股份有限公司,4G,1067
屏東縣,1110131,台灣之星電信股份有限公司,4G,703
屏東縣,1110131,亞太電信股份有限公司,4G,522
屏東縣,1110131,台灣大哥大股份有限公司,4G,923
屏東縣,1110131,遠傳電信股份有限公司,4G,1015
苗栗縣,1110131,台灣大哥大股份有限公司,4G,852
苗栗縣,1110131,亞太電信股份有限公司,4G,394
苗栗縣,1110131,中華電信股份有限公司,4G,1304
苗栗縣,1110131,台灣之星電信股份有限公司,4G,495
苗栗縣,1110131,遠傳電信股份有限公司,4G,974
桃園市,1110131,台灣大哥大股份有限公司,4G,1936
桃園市,1110131,亞太電信股份有限公司,4G,1070
桃園市,1110131,台灣之星電信股份有限公司,4G,1512
桃園市,1110131,中華電信股份有限公司,4G,2058
桃園市,1110131,遠傳電信股份有限公司,4G,1962
高雄市,1110131,台灣之星電信股份有限公司,4G,1961
高雄市,1110131,台灣大哥大股份有限公司,4G,2409
高雄市,1110131,亞太電信股份有限公司,4G,1285
高雄市,1110131,中華電信股份有限公司,4G,3024
高雄市,1110131,遠傳電信股份有限公司,4G,2289
基隆市,1110131,台灣大哥大股份有限公司,4G,275
基隆市,1110131,中華電信股份有限公司,4G,361
基隆市,1110131,台灣之星電信股份有限公司,4G,223
基隆市,1110131,亞太電信股份有限公司,4G,230
基隆市,1110131,遠傳電信股份有限公司,4G,344
連江縣,1110131,亞太電信股份有限公司,4G,20
連江縣,1110131,遠傳電信股份有限公司,4G,44
連江縣,1110131,中華電信股份有限公司,4G,93
連江縣,1110131,台灣大哥大股份有限公司,4G,43
連江縣,1110131,台灣之星電信股份有限公司,4G,20
雲林縣,1110131,台灣大哥大股份有限公司,4G,711
雲林縣,1110131,遠傳電信股份有限公司,4G,719
雲林縣,1110131,中華電信股份有限公司,4G,1268
雲林縣,1110131,亞太電信股份有限公司,4G,300
雲林縣,1110131,台灣之星電信股份有限公司,4G,454
新北市,1110131,台灣之星電信股份有限公司,4G,2295
新北市,1110131,台灣大哥大股份有限公司,4G,2669
新北市,1110131,中華電信股份有限公司,4G,2897
新北市,1110131,亞太電信股份有限公司,4G,1610
新北市,1110131,遠傳電信股份有限公司,4G,2613
新竹市,1110131,遠傳電信股份有限公司,4G,549
新竹市,1110131,中華電信股份有限公司,4G,612
新竹市,1110131,台灣之星電信股份有限公司,4G,363
新竹市,1110131,台灣大哥大股份有限公司,4G,399
新竹市,1110131,亞太電信股份有限公司,4G,201
新竹縣,1110131,台灣大哥大股份有限公司,4G,700
新竹縣,1110131,中華電信股份有限公司,4G,1011
新竹縣,1110131,台灣之星電信股份有限公司,4G,518
新竹縣,1110131,亞太電信股份有限公司,4G,304
新竹縣,1110131,遠傳電信股份有限公司,4G,684
嘉義市,1110131,中華電信股份有限公司,4G,337
嘉義市,1110131,遠傳電信股份有限公司,4G,207
嘉義市,1110131,台灣大哥大股份有限公司,4G,269
嘉義市,1110131,亞太電信股份有限公司,4G,130
嘉義市,1110131,台灣之星電信股份有限公司,4G,172
嘉義縣,1110131,台灣大哥大股份有限公司,4G,541
嘉義縣,1110131,亞太電信股份有限公司,4G,250
嘉義縣,1110131,中華電信股份有限公司,4G,968
嘉義縣,1110131,台灣之星電信股份有限公司,4G,368
嘉義縣,1110131,遠傳電信股份有限公司,4G,574
彰化縣,1110131,亞太電信股份有限公司,4G,510
彰化縣,1110131,台灣大哥大股份有限公司,4G,1178
彰化縣,1110131,中華電信股份有限公司,4G,1811
彰化縣,1110131,台灣之星電信股份有限公司,4G,689
彰化縣,1110131,遠傳電信股份有限公司,4G,1118
臺中市,1110131,中華電信股份有限公司,4G,4797
臺中市,1110131,遠傳電信股份有限公司,4G,3313
臺中市,1110131,台灣之星電信股份有限公司,4G,2136
臺中市,1110131,台灣大哥大股份有限公司,4G,3290
臺中市,1110131,亞太電信股份有限公司,4G,1775
臺北市,1110131,台灣之星電信股份有限公司,4G,1817
臺北市,1110131,中華電信股份有限公司,4G,2932
臺北市,1110131,亞太電信股份有限公司,4G,1590
臺北市,1110131,台灣大哥大股份有限公司,4G,2630
臺北市,1110131,遠傳電信股份有限公司,4G,2880
臺東縣,1110131,中華電信股份有限公司,4G,636
臺東縣,1110131,遠傳電信股份有限公司,4G,410
臺東縣,1110131,台灣大哥大股份有限公司,4G,439
臺東縣,1110131,亞太電信股份有限公司,4G,142
臺東縣,1110131,台灣之星電信股份有限公司,4G,292
臺南市,1110131,中華電信股份有限公司,4G,2082
臺南市,1110131,遠傳電信股份有限公司,4G,1510
臺南市,1110131,亞太電信股份有限公司,4G,867
臺南市,1110131,台灣大哥大股份有限公司,4G,1689
臺南市,1110131,台灣之星電信股份有限公司,4G,1304
澎湖縣,1110131,台灣大哥大股份有限公司,4G,169
澎湖縣,1110131,亞太電信股份有限公司,4G,44
澎湖縣,1110131,台灣之星電信股份有限公司,4G,75
澎湖縣,1110131,遠傳電信股份有限公司,4G,162
澎湖縣,1110131,中華電信股份有限公司,4G,191
宜蘭縣,1101231,台灣大哥大股份有限公司,4G,632
宜蘭縣,1101231,台灣之星電信股份有限公司,4G,413
宜蘭縣,1101231,遠傳電信股份有限公司,4G,577
宜蘭縣,1101231,中華電信股份有限公司,4G,954
宜蘭縣,1101231,中華電信股份有限公司,5G,216
宜蘭縣,1101231,台灣大哥大股份有限公司,5G,109
宜蘭縣,1101231,台灣之星電信股份有限公司,5G,12
宜蘭縣,1101231,亞太電信股份有限公司,4G,194
宜蘭縣,1101231,遠傳電信股份有限公司,5G,236
花蓮縣,1101231,台灣大哥大股份有限公司,5G,73
花蓮縣,1101231,台灣之星電信股份有限公司,4G,421
花蓮縣,1101231,台灣之星電信股份有限公司,5G,6
花蓮縣,1101231,台灣大哥大股份有限公司,4G,701
花蓮縣,1101231,遠傳電信股份有限公司,4G,660
花蓮縣,1101231,中華電信股份有限公司,4G,935
花蓮縣,1101231,亞太電信股份有限公司,4G,185
花蓮縣,1101231,中華電信股份有限公司,5G,178
花蓮縣,1101231,遠傳電信股份有限公司,5G,291
金門縣,1101231,中華電信股份有限公司,5G,59
金門縣,1101231,中華電信股份有限公司,4G,257
金門縣,1101231,台灣之星電信股份有限公司,4G,47
金門縣,1101231,遠傳電信股份有限公司,5G,5
金門縣,1101231,台灣大哥大股份有限公司,4G,124
金門縣,1101231,亞太電信股份有限公司,5G,2
金門縣,1101231,遠傳電信股份有限公司,4G,139
金門縣,1101231,台灣大哥大股份有限公司,5G,7
金門縣,1101231,亞太電信股份有限公司,4G,36
南投縣,1101231,台灣之星電信股份有限公司,4G,522
南投縣,1101231,中華電信股份有限公司,5G,252
南投縣,1101231,台灣大哥大股份有限公司,5G,134
南投縣,1101231,中華電信股份有限公司,4G,1193
南投縣,1101231,亞太電信股份有限公司,4G,359
南投縣,1101231,台灣大哥大股份有限公司,4G,810
南投縣,1101231,亞太電信股份有限公司,5G,14
南投縣,1101231,遠傳電信股份有限公司,4G,880
南投縣,1101231,遠傳電信股份有限公司,5G,233
南投縣,1101231,台灣之星電信股份有限公司,5G,20
屏東縣,1101231,中華電信股份有限公司,4G,1067
屏東縣,1101231,遠傳電信股份有限公司,5G,303
屏東縣,1101231,台灣大哥大股份有限公司,4G,923
屏東縣,1101231,遠傳電信股份有限公司,4G,1015
屏東縣,1101231,中華電信股份有限公司,5G,277
屏東縣,1101231,台灣之星電信股份有限公司,5G,27
屏東縣,1101231,台灣大哥大股份有限公司,5G,182
屏東縣,1101231,台灣之星電信股份有限公司,4G,695
屏東縣,1101231,亞太電信股份有限公司,4G,522
屏東縣,1101231,亞太電信股份有限公司,5G,40
苗栗縣,1101231,遠傳電信股份有限公司,4G,973
苗栗縣,1101231,亞太電信股份有限公司,4G,394
苗栗縣,1101231,台灣大哥大股份有限公司,5G,115
苗栗縣,1101231,中華電信股份有限公司,5G,290
苗栗縣,1101231,台灣大哥大股份有限公司,4G,852
苗栗縣,1101231,中華電信股份有限公司,4G,1305
苗栗縣,1101231,亞太電信股份有限公司,5G,51
苗栗縣,1101231,遠傳電信股份有限公司,5G,351
苗栗縣,1101231,台灣之星電信股份有限公司,4G,493
苗栗縣,1101231,台灣之星電信股份有限公司,5G,20
桃園市,1101231,中華電信股份有限公司,4G,2057
桃園市,1101231,遠傳電信股份有限公司,5G,827
桃園市,1101231,台灣大哥大股份有限公司,4G,1911
桃園市,1101231,中華電信股份有限公司,5G,617
桃園市,1101231,台灣之星電信股份有限公司,4G,1501
桃園市,1101231,台灣大哥大股份有限公司,5G,533
桃園市,1101231,亞太電信股份有限公司,4G,1070
桃園市,1101231,台灣之星電信股份有限公司,5G,206
桃園市,1101231,遠傳電信股份有限公司,4G,1962
高雄市,1101231,遠傳電信股份有限公司,5G,1063
高雄市,1101231,亞太電信股份有限公司,5G,81
高雄市,1101231,台灣之星電信股份有限公司,5G,375
高雄市,1101231,台灣大哥大股份有限公司,5G,760
高雄市,1101231,中華電信股份有限公司,5G,1153
高雄市,1101231,中華電信股份有限公司,4G,3021
高雄市,1101231,遠傳電信股份有限公司,4G,2289
高雄市,1101231,台灣大哥大股份有限公司,4G,2409
高雄市,1101231,亞太電信股份有限公司,4G,1285
高雄市,1101231,台灣之星電信股份有限公司,4G,1952
基隆市,1101231,台灣大哥大股份有限公司,4G,275
基隆市,1101231,中華電信股份有限公司,4G,358
基隆市,1101231,中華電信股份有限公司,5G,96
基隆市,1101231,亞太電信股份有限公司,4G,230
基隆市,1101231,遠傳電信股份有限公司,4G,344
基隆市,1101231,台灣大哥大股份有限公司,5G,75
基隆市,1101231,台灣之星電信股份有限公司,5G,35
基隆市,1101231,台灣之星電信股份有限公司,4G,223
基隆市,1101231,遠傳電信股份有限公司,5G,144
連江縣,1101231,台灣大哥大股份有限公司,4G,42
連江縣,1101231,遠傳電信股份有限公司,4G,44
連江縣,1101231,中華電信股份有限公司,4G,92
連江縣,1101231,中華電信股份有限公司,5G,8
連江縣,1101231,亞太電信股份有限公司,4G,20
連江縣,1101231,台灣之星電信股份有限公司,4G,20
連江縣,1101231,台灣大哥大股份有限公司,5G,3
連江縣,1101231,遠傳電信股份有限公司,5G,6
雲林縣,1101231,亞太電信股份有限公司,5G,12
雲林縣,1101231,中華電信股份有限公司,4G,1268
雲林縣,1101231,台灣之星電信股份有限公司,5G,10
雲林縣,1101231,台灣之星電信股份有限公司,4G,454
雲林縣,1101231,遠傳電信股份有限公司,5G,211
雲林縣,1101231,台灣大哥大股份有限公司,5G,159
雲林縣,1101231,台灣大哥大股份有限公司,4G,711
雲林縣,1101231,中華電信股份有限公司,5G,268
雲林縣,1101231,亞太電信股份有限公司,4G,300
雲林縣,1101231,遠傳電信股份有限公司,4G,717
新北市,1101231,遠傳電信股份有限公司,4G,2613
新北市,1101231,中華電信股份有限公司,5G,920
新北市,1101231,台灣之星電信股份有限公司,4G,2284
新北市,1101231,中華電信股份有限公司,4G,2896
新北市,1101231,遠傳電信股份有限公司,5G,1363
新北市,1101231,台灣之星電信股份有限公司,5G,431
新北市,1101231,台灣大哥大股份有限公司,4G,2659
新北市,1101231,台灣大哥大股份有限公司,5G,711
新北市,1101231,亞太電信股份有限公司,4G,1610
新竹市,1101231,中華電信股份有限公司,4G,612
新竹市,1101231,台灣之星電信股份有限公司,4G,363
新竹市,1101231,亞太電信股份有限公司,4G,201
新竹市,1101231,遠傳電信股份有限公司,4G,549
新竹市,1101231,中華電信股份有限公司,5G,193
新竹市,1101231,遠傳電信股份有限公司,5G,283
新竹市,1101231,台灣大哥大股份有限公司,4G,399
新竹市,1101231,台灣之星電信股份有限公司,5G,67
新竹市,1101231,台灣大哥大股份有限公司,5G,115
新竹縣,1101231,亞太電信股份有限公司,4G,304
新竹縣,1101231,台灣之星電信股份有限公司,4G,518
新竹縣,1101231,中華電信股份有限公司,4G,1011
新竹縣,1101231,台灣大哥大股份有限公司,5G,97
新竹縣,1101231,台灣大哥大股份有限公司,4G,700
新竹縣,1101231,中華電信股份有限公司,5G,263
新竹縣,1101231,遠傳電信股份有限公司,4G,684
新竹縣,1101231,遠傳電信股份有限公司,5G,314
新竹縣,1101231,台灣之星電信股份有限公司,5G,27
嘉義市,1101231,台灣之星電信股份有限公司,5G,20
嘉義市,1101231,中華電信股份有限公司,5G,146
嘉義市,1101231,中華電信股份有限公司,4G,338
嘉義市,1101231,台灣之星電信股份有限公司,4G,171
嘉義市,1101231,亞太電信股份有限公司,4G,130
嘉義市,1101231,台灣大哥大股份有限公司,4G,269
嘉義市,1101231,遠傳電信股份有限公司,4G,207
嘉義市,1101231,遠傳電信股份有限公司,5G,108
嘉義市,1101231,台灣大哥大股份有限公司,5G,90
嘉義市,1101231,亞太電信股份有限公司,5G,6
嘉義縣,1101231,台灣之星電信股份有限公司,5G,4
嘉義縣,1101231,遠傳電信股份有限公司,4G,574
嘉義縣,1101231,台灣大哥大股份有限公司,5G,98
嘉義縣,1101231,中華電信股份有限公司,4G,969
嘉義縣,1101231,台灣之星電信股份有限公司,4G,364
嘉義縣,1101231,台灣大哥大股份有限公司,4G,541
嘉義縣,1101231,亞太電信股份有限公司,5G,14
嘉義縣,1101231,中華電信股份有限公司,5G,295
嘉義縣,1101231,遠傳電信股份有限公司,5G,144
嘉義縣,1101231,亞太電信股份有限公司,4G,252
彰化縣,1101231,台灣大哥大股份有限公司,4G,1178
彰化縣,1101231,中華電信股份有限公司,5G,549
彰化縣,1101231,台灣大哥大股份有限公司,5G,320
彰化縣,1101231,台灣之星電信股份有限公司,4G,688
彰化縣,1101231,亞太電信股份有限公司,5G,35
彰化縣,1101231,遠傳電信股份有限公司,4G,1117
彰化縣,1101231,中華電信股份有限公司,4G,1812
彰化縣,1101231,遠傳電信股份有限公司,5G,381
彰化縣,1101231,台灣之星電信股份有限公司,5G,33
彰化縣,1101231,亞太電信股份有限公司,4G,510
臺中市,1101231,台灣之星電信股份有限公司,5G,293
臺中市,1101231,台灣大哥大股份有限公司,4G,3290
臺中市,1101231,亞太電信股份有限公司,4G,1775
臺中市,1101231,中華電信股份有限公司,4G,4800
臺中市,1101231,中華電信股份有限公司,5G,1506
臺中市,1101231,台灣大哥大股份有限公司,5G,1044
臺中市,1101231,遠傳電信股份有限公司,4G,3309
臺中市,1101231,亞太電信股份有限公司,5G,138
臺中市,1101231,台灣之星電信股份有限公司,4G,2129
臺中市,1101231,遠傳電信股份有限公司,5G,1496
臺北市,1101231,台灣大哥大股份有限公司,4G,2617
臺北市,1101231,遠傳電信股份有限公司,5G,1256
臺北市,1101231,台灣大哥大股份有限公司,5G,761
臺北市,1101231,中華電信股份有限公司,4G,2888
臺北市,1101231,中華電信股份有限公司,5G,916
臺北市,1101231,亞太電信股份有限公司,4G,1590
臺北市,1101231,台灣之星電信股份有限公司,4G,1810
臺北市,1101231,遠傳電信股份有限公司,4G,2880
臺北市,1101231,台灣之星電信股份有限公司,5G,336
臺東縣,1101231,遠傳電信股份有限公司,4G,410
臺東縣,1101231,亞太電信股份有限公司,4G,142
臺東縣,1101231,中華電信股份有限公司,4G,636
臺東縣,1101231,中華電信股份有限公司,5G,134
臺東縣,1101231,遠傳電信股份有限公司,5G,87
臺東縣,1101231,台灣大哥大股份有限公司,4G,439
臺東縣,1101231,台灣之星電信股份有限公司,5G,8
臺東縣,1101231,台灣大哥大股份有限公司,5G,26
臺東縣,1101231,台灣之星電信股份有限公司,4G,285
臺東縣,1101231,亞太電信股份有限公司,5G,14
臺南市,1101231,中華電信股份有限公司,5G,807
臺南市,1101231,遠傳電信股份有限公司,4G,1510
臺南市,1101231,中華電信股份有限公司,4G,2082
臺南市,1101231,台灣大哥大股份有限公司,4G,1689
臺南市,1101231,亞太電信股份有限公司,4G,867
臺南市,1101231,台灣大哥大股份有限公司,5G,503
臺南市,1101231,台灣之星電信股份有限公司,5G,194
臺南市,1101231,台灣之星電信股份有限公司,4G,1300
臺南市,1101231,亞太電信股份有限公司,5G,59
臺南市,1101231,遠傳電信股份有限公司,5G,711
澎湖縣,1101231,中華電信股份有限公司,5G,46
澎湖縣,1101231,亞太電信股份有限公司,5G,6
澎湖縣,1101231,台灣之星電信股份有限公司,4G,74
澎湖縣,1101231,台灣大哥大股份有限公司,5G,21
澎湖縣,1101231,遠傳電信股份有限公司,5G,19
澎湖縣,1101231,台灣之星電信股份有限公司,5G,1
澎湖縣,1101231,中華電信股份有限公司,4G,191
澎湖縣,1101231,亞太電信股份有限公司,4G,44
澎湖縣,1101231,台灣大哥大股份有限公司,4G,169
澎湖縣,1101231,遠傳電信股份有限公司,4G,162
宜蘭縣,1101130,台灣之星電信股份有限公司,4G,413
宜蘭縣,1101130,中華電信股份有限公司,4G,954
宜蘭縣,1101130,遠傳電信股份有限公司,4G,577
宜蘭縣,1101130,台灣大哥大股份有限公司,4G,632
宜蘭縣,1101130,亞太電信股份有限公司,4G,194
花蓮縣,1101130,遠傳電信股份有限公司,4G,660
花蓮縣,1101130,台灣大哥大股份有限公司,4G,701
花蓮縣,1101130,台灣之星電信股份有限公司,4G,421
花蓮縣,1101130,中華電信股份有限公司,4G,935
花蓮縣,1101130,亞太電信股份有限公司,4G,185
金門縣,1101130,台灣大哥大股份有限公司,4G,126
金門縣,1101130,中華電信股份有限公司,4G,257
金門縣,1101130,台灣之星電信股份有限公司,4G,47
金門縣,1101130,遠傳電信股份有限公司,4G,139
金門縣,1101130,亞太電信股份有限公司,4G,36
南投縣,1101130,台灣之星電信股份有限公司,4G,513
南投縣,1101130,中華電信股份有限公司,4G,1193
南投縣,1101130,亞太電信股份有限公司,4G,359
南投縣,1101130,台灣大哥大股份有限公司,4G,810
南投縣,1101130,遠傳電信股份有限公司,4G,878
屏東縣,1101130,遠傳電信股份有限公司,4G,1014
屏東縣,1101130,台灣大哥大股份有限公司,4G,921
屏東縣,1101130,中華電信股份有限公司,4G,1066
屏東縣,1101130,台灣之星電信股份有限公司,4G,695
屏東縣,1101130,亞太電信股份有限公司,4G,522
苗栗縣,1101130,遠傳電信股份有限公司,4G,973
苗栗縣,1101130,中華電信股份有限公司,4G,1305
苗栗縣,1101130,亞太電信股份有限公司,4G,394
苗栗縣,1101130,台灣大哥大股份有限公司,4G,852
苗栗縣,1101130,台灣之星電信股份有限公司,4G,489
桃園市,1101130,亞太電信股份有限公司,4G,1070
桃園市,1101130,台灣大哥大股份有限公司,4G,1911
桃園市,1101130,中華電信股份有限公司,4G,2057
桃園市,1101130,台灣之星電信股份有限公司,4G,1501
桃園市,1101130,遠傳電信股份有限公司,4G,1962
高雄市,1101130,台灣之星電信股份有限公司,4G,1952
高雄市,1101130,台灣大哥大股份有限公司,4G,2409
高雄市,1101130,中華電信股份有限公司,4G,3015
高雄市,1101130,遠傳電信股份有限公司,4G,2287
高雄市,1101130,亞太電信股份有限公司,4G,1285
基隆市,1101130,遠傳電信股份有限公司,4G,344
基隆市,1101130,中華電信股份有限公司,4G,360
基隆市,1101130,台灣之星電信股份有限公司,4G,223
基隆市,1101130,亞太電信股份有限公司,4G,230
基隆市,1101130,台灣大哥大股份有限公司,4G,275
連江縣,1101130,中華電信股份有限公司,4G,92
連江縣,1101130,台灣大哥大股份有限公司,4G,42
連江縣,1101130,台灣之星電信股份有限公司,4G,20
連江縣,1101130,遠傳電信股份有限公司,4G,44
連江縣,1101130,亞太電信股份有限公司,4G,20
雲林縣,1101130,中華電信股份有限公司,4G,1268
雲林縣,1101130,亞太電信股份有限公司,4G,300
雲林縣,1101130,台灣之星電信股份有限公司,4G,454
雲林縣,1101130,台灣大哥大股份有限公司,4G,711
雲林縣,1101130,遠傳電信股份有限公司,4G,717
新北市,1101130,中華電信股份有限公司,4G,2896
新北市,1101130,台灣大哥大股份有限公司,4G,2659
新北市,1101130,遠傳電信股份有限公司,4G,2613
新北市,1101130,台灣之星電信股份有限公司,4G,2284
新北市,1101130,亞太電信股份有限公司,4G,1611
新竹市,1101130,中華電信股份有限公司,4G,612
新竹市,1101130,亞太電信股份有限公司,4G,201
新竹市,1101130,台灣大哥大股份有限公司,4G,399
新竹市,1101130,台灣之星電信股份有限公司,4G,363
新竹市,1101130,遠傳電信股份有限公司,4G,549
新竹縣,1101130,台灣大哥大股份有限公司,4G,700
新竹縣,1101130,中華電信股份有限公司,4G,1011
新竹縣,1101130,台灣之星電信股份有限公司,4G,517
新竹縣,1101130,遠傳電信股份有限公司,4G,684
新竹縣,1101130,亞太電信股份有限公司,4G,304
嘉義市,1101130,中華電信股份有限公司,4G,338
嘉義市,1101130,亞太電信股份有限公司,4G,130
嘉義市,1101130,台灣之星電信股份有限公司,4G,171
嘉義市,1101130,台灣大哥大股份有限公司,4G,271
嘉義市,1101130,遠傳電信股份有限公司,4G,207
嘉義縣,1101130,中華電信股份有限公司,4G,969
嘉義縣,1101130,遠傳電信股份有限公司,4G,574
嘉義縣,1101130,台灣大哥大股份有限公司,4G,541
嘉義縣,1101130,台灣之星電信股份有限公司,4G,364
嘉義縣,1101130,亞太電信股份有限公司,4G,252
彰化縣,1101130,亞太電信股份有限公司,4G,510
彰化縣,1101130,遠傳電信股份有限公司,4G,1116
彰化縣,1101130,中華電信股份有限公司,4G,1812
彰化縣,1101130,台灣大哥大股份有限公司,4G,1178
彰化縣,1101130,台灣之星電信股份有限公司,4G,688
臺中市,1101130,台灣大哥大股份有限公司,4G,3290
臺中市,1101130,亞太電信股份有限公司,4G,1775
臺中市,1101130,台灣之星電信股份有限公司,4G,2129
臺中市,1101130,遠傳電信股份有限公司,4G,3310
臺中市,1101130,中華電信股份有限公司,4G,4800
臺北市,1101130,台灣之星電信股份有限公司,4G,1810
臺北市,1101130,中華電信股份有限公司,4G,2888
臺北市,1101130,亞太電信股份有限公司,4G,1590
臺北市,1101130,台灣大哥大股份有限公司,4G,2617
臺北市,1101130,遠傳電信股份有限公司,4G,2880
臺東縣,1101130,亞太電信股份有限公司,4G,142
臺東縣,1101130,中華電信股份有限公司,4G,632
臺東縣,1101130,台灣大哥大股份有限公司,4G,437
臺東縣,1101130,遠傳電信股份有限公司,4G,410
臺東縣,1101130,台灣之星電信股份有限公司,4G,285
臺南市,1101130,中華電信股份有限公司,4G,2083
臺南市,1101130,遠傳電信股份有限公司,4G,1510
臺南市,1101130,台灣大哥大股份有限公司,4G,1691
臺南市,1101130,台灣之星電信股份有限公司,4G,1300
臺南市,1101130,亞太電信股份有限公司,4G,869
澎湖縣,1101130,亞太電信股份有限公司,4G,44
澎湖縣,1101130,台灣之星電信股份有限公司,4G,74
澎湖縣,1101130,遠傳電信股份有限公司,4G,162
澎湖縣,1101130,中華電信股份有限公司,4G,191
澎湖縣,1101130,台灣大哥大股份有限公司,4G,169
宜蘭縣,1101031,台灣之星電信股份有限公司,4G,413
宜蘭縣,1101031,中華電信股份有限公司,4G,954
宜蘭縣,1101031,遠傳電信股份有限公司,4G,577
宜蘭縣,1101031,亞太電信股份有限公司,4G,194
宜蘭縣,1101031,台灣大哥大股份有限公司,4G,632
花蓮縣,1101031,亞太電信股份有限公司,4G,185
花蓮縣,1101031,中華電信股份有限公司,4G,935
花蓮縣,1101031,遠傳電信股份有限公司,4G,660
花蓮縣,1101031,台灣大哥大股份有限公司,4G,701
花蓮縣,1101031,台灣之星電信股份有限公司,4G,421
金門縣,1101031,亞太電信股份有限公司,4G,36
金門縣,1101031,台灣大哥大股份有限公司,4G,126
金門縣,1101031,台灣之星電信股份有限公司,4G,47
金門縣,1101031,中華電信股份有限公司,4G,255
金門縣,1101031,遠傳電信股份有限公司,4G,139
南投縣,1101031,台灣之星電信股份有限公司,4G,513
南投縣,1101031,中華電信股份有限公司,4G,1193
南投縣,1101031,亞太電信股份有限公司,4G,359
南投縣,1101031,台灣大哥大股份有限公司,4G,810
南投縣,1101031,遠傳電信股份有限公司,4G,878
屏東縣,1101031,台灣大哥大股份有限公司,4G,919
屏東縣,1101031,中華電信股份有限公司,4G,1068
屏東縣,1101031,台灣之星電信股份有限公司,4G,695
屏東縣,1101031,亞太電信股份有限公司,4G,522
屏東縣,1101031,遠傳電信股份有限公司,4G,1013
苗栗縣,1101031,台灣大哥大股份有限公司,4G,852
苗栗縣,1101031,亞太電信股份有限公司,4G,394
苗栗縣,1101031,中華電信股份有限公司,4G,1306
苗栗縣,1101031,台灣之星電信股份有限公司,4G,489
苗栗縣,1101031,遠傳電信股份有限公司,4G,973
桃園市,1101031,台灣大哥大股份有限公司,4G,1911
桃園市,1101031,中華電信股份有限公司,4G,2057
桃園市,1101031,遠傳電信股份有限公司,4G,1962
桃園市,1101031,台灣之星電信股份有限公司,4G,1501
桃園市,1101031,亞太電信股份有限公司,4G,1024
高雄市,1101031,中華電信股份有限公司,4G,3014
高雄市,1101031,台灣之星電信股份有限公司,4G,1952
高雄市,1101031,台灣大哥大股份有限公司,4G,2362
高雄市,1101031,遠傳電信股份有限公司,4G,2287
高雄市,1101031,亞太電信股份有限公司,4G,1286
基隆市,1101031,台灣之星電信股份有限公司,4G,223
基隆市,1101031,台灣大哥大股份有限公司,4G,275
基隆市,1101031,亞太電信股份有限公司,4G,233
基隆市,1101031,遠傳電信股份有限公司,4G,344
基隆市,1101031,中華電信股份有限公司,4G,360
連江縣,1101031,台灣大哥大股份有限公司,4G,42
連江縣,1101031,台灣之星電信股份有限公司,4G,20
連江縣,1101031,中華電信股份有限公司,4G,92
連江縣,1101031,亞太電信股份有限公司,4G,20
連江縣,1101031,遠傳電信股份有限公司,4G,44
雲林縣,1101031,亞太電信股份有限公司,4G,300
雲林縣,1101031,中華電信股份有限公司,4G,1270
雲林縣,1101031,台灣大哥大股份有限公司,4G,711
雲林縣,1101031,台灣之星電信股份有限公司,4G,454
雲林縣,1101031,遠傳電信股份有限公司,4G,717
新北市,1101031,遠傳電信股份有限公司,4G,2613
新北市,1101031,台灣大哥大股份有限公司,4G,2659
新北市,1101031,中華電信股份有限公司,4G,2896
新北市,1101031,台灣之星電信股份有限公司,4G,2284
新北市,1101031,亞太電信股份有限公司,4G,1559
新竹市,1101031,台灣之星電信股份有限公司,4G,363
新竹市,1101031,台灣大哥大股份有限公司,4G,399
新竹市,1101031,遠傳電信股份有限公司,4G,549
新竹市,1101031,中華電信股份有限公司,4G,612
新竹市,1101031,亞太電信股份有限公司,4G,201
新竹縣,1101031,亞太電信股份有限公司,4G,304
新竹縣,1101031,台灣之星電信股份有限公司,4G,517
新竹縣,1101031,中華電信股份有限公司,4G,1011
新竹縣,1101031,台灣大哥大股份有限公司,4G,700
新竹縣,1101031,遠傳電信股份有限公司,4G,684
嘉義市,1101031,亞太電信股份有限公司,4G,130
嘉義市,1101031,台灣大哥大股份有限公司,4G,271
嘉義市,1101031,中華電信股份有限公司,4G,338
嘉義市,1101031,台灣之星電信股份有限公司,4G,171
嘉義市,1101031,遠傳電信股份有限公司,4G,207
嘉義縣,1101031,亞太電信股份有限公司,4G,252
嘉義縣,1101031,台灣之星電信股份有限公司,4G,364
嘉義縣,1101031,台灣大哥大股份有限公司,4G,538
嘉義縣,1101031,中華電信股份有限公司,4G,970
嘉義縣,1101031,遠傳電信股份有限公司,4G,574
彰化縣,1101031,台灣大哥大股份有限公司,4G,1178
彰化縣,1101031,台灣之星電信股份有限公司,4G,688
彰化縣,1101031,中華電信股份有限公司,4G,1812
彰化縣,1101031,遠傳電信股份有限公司,4G,1117
彰化縣,1101031,亞太電信股份有限公司,4G,510
臺中市,1101031,台灣大哥大股份有限公司,4G,3292
臺中市,1101031,台灣之星電信股份有限公司,4G,2129
臺中市,1101031,中華電信股份有限公司,4G,4805
臺中市,1101031,亞太電信股份有限公司,4G,1775
臺中市,1101031,遠傳電信股份有限公司,4G,3306
臺北市,1101031,遠傳電信股份有限公司,4G,2880
臺北市,1101031,台灣大哥大股份有限公司,4G,2617
臺北市,1101031,中華電信股份有限公司,4G,2888
臺北市,1101031,台灣之星電信股份有限公司,4G,1810
臺北市,1101031,亞太電信股份有限公司,4G,1586
臺東縣,1101031,中華電信股份有限公司,4G,632
臺東縣,1101031,亞太電信股份有限公司,4G,142
臺東縣,1101031,台灣大哥大股份有限公司,4G,437
臺東縣,1101031,台灣之星電信股份有限公司,4G,285
臺東縣,1101031,遠傳電信股份有限公司,4G,410
臺南市,1101031,台灣之星電信股份有限公司,4G,1300
臺南市,1101031,中華電信股份有限公司,4G,2083
臺南市,1101031,亞太電信股份有限公司,4G,869
臺南市,1101031,台灣大哥大股份有限公司,4G,1660
臺南市,1101031,遠傳電信股份有限公司,4G,1510
澎湖縣,1101031,台灣大哥大股份有限公司,4G,169
澎湖縣,1101031,亞太電信股份有限公司,4G,44
澎湖縣,1101031,台灣之星電信股份有限公司,4G,74
澎湖縣,1101031,遠傳電信股份有限公司,4G,162
澎湖縣,1101031,中華電信股份有限公司,4G,191
宜蘭縣,1100930,遠傳電信股份有限公司,4G,572
宜蘭縣,1100930,中華電信股份有限公司,4G,954
宜蘭縣,1100930,台灣之星電信股份有限公司,4G,413
宜蘭縣,1100930,台灣大哥大股份有限公司,4G,632
宜蘭縣,1100930,亞太電信股份有限公司,4G,194
花蓮縣,1100930,遠傳電信股份有限公司,4G,661
花蓮縣,1100930,中華電信股份有限公司,4G,933
花蓮縣,1100930,台灣之星電信股份有限公司,4G,421
花蓮縣,1100930,亞太電信股份有限公司,4G,185
花蓮縣,1100930,台灣大哥大股份有限公司,4G,701
金門縣,1100930,台灣大哥大股份有限公司,4G,126
金門縣,1100930,遠傳電信股份有限公司,4G,139
金門縣,1100930,亞太電信股份有限公司,4G,36
金門縣,1100930,中華電信股份有限公司,4G,252
金門縣,1100930,台灣之星電信股份有限公司,4G,47
南投縣,1100930,遠傳電信股份有限公司,4G,878
南投縣,1100930,中華電信股份有限公司,4G,1197
南投縣,1100930,台灣之星電信股份有限公司,4G,513
南投縣,1100930,亞太電信股份有限公司,4G,354
南投縣,1100930,台灣大哥大股份有限公司,4G,810
屏東縣,1100930,台灣之星電信股份有限公司,4G,693
屏東縣,1100930,中華電信股份有限公司,4G,1056
屏東縣,1100930,台灣大哥大股份有限公司,4G,919
屏東縣,1100930,亞太電信股份有限公司,4G,517
屏東縣,1100930,遠傳電信股份有限公司,4G,1006
苗栗縣,1100930,中華電信股份有限公司,4G,1306
苗栗縣,1100930,台灣大哥大股份有限公司,4G,852
苗栗縣,1100930,亞太電信股份有限公司,4G,389
苗栗縣,1100930,台灣之星電信股份有限公司,4G,489
苗栗縣,1100930,遠傳電信股份有限公司,4G,973
桃園市,1100930,亞太電信股份有限公司,4G,1048
桃園市,1100930,中華電信股份有限公司,4G,2056
桃園市,1100930,台灣大哥大股份有限公司,4G,1894
桃園市,1100930,台灣之星電信股份有限公司,4G,1501
桃園市,1100930,遠傳電信股份有限公司,4G,1962
高雄市,1100930,台灣大哥大股份有限公司,4G,2359
高雄市,1100930,中華電信股份有限公司,4G,2990
高雄市,1100930,亞太電信股份有限公司,4G,1281
高雄市,1100930,台灣之星電信股份有限公司,4G,1946
高雄市,1100930,遠傳電信股份有限公司,4G,2248
基隆市,1100930,遠傳電信股份有限公司,4G,343
基隆市,1100930,台灣之星電信股份有限公司,4G,223
基隆市,1100930,中華電信股份有限公司,4G,349
基隆市,1100930,台灣大哥大股份有限公司,4G,277
基隆市,1100930,亞太電信股份有限公司,4G,233
連江縣,1100930,台灣大哥大股份有限公司,4G,42
連江縣,1100930,台灣之星電信股份有限公司,4G,20
連江縣,1100930,遠傳電信股份有限公司,4G,44
連江縣,1100930,中華電信股份有限公司,4G,92
連江縣,1100930,亞太電信股份有限公司,4G,20
雲林縣,1100930,台灣之星電信股份有限公司,4G,454
雲林縣,1100930,亞太電信股份有限公司,4G,296
雲林縣,1100930,遠傳電信股份有限公司,4G,717
雲林縣,1100930,中華電信股份有限公司,4G,1275
雲林縣,1100930,台灣大哥大股份有限公司,4G,711
新北市,1100930,中華電信股份有限公司,4G,2891
新北市,1100930,台灣之星電信股份有限公司,4G,2287
新北市,1100930,台灣大哥大股份有限公司,4G,2641
新北市,1100930,遠傳電信股份有限公司,4G,2598
新北市,1100930,亞太電信股份有限公司,4G,1598
新竹市,1100930,亞太電信股份有限公司,4G,199
新竹市,1100930,台灣之星電信股份有限公司,4G,363
新竹市,1100930,中華電信股份有限公司,4G,612
新竹市,1100930,台灣大哥大股份有限公司,4G,391
新竹市,1100930,遠傳電信股份有限公司,4G,549
新竹縣,1100930,亞太電信股份有限公司,4G,300
新竹縣,1100930,台灣大哥大股份有限公司,4G,683
新竹縣,1100930,台灣之星電信股份有限公司,4G,517
新竹縣,1100930,中華電信股份有限公司,4G,1009
新竹縣,1100930,遠傳電信股份有限公司,4G,684
嘉義市,1100930,中華電信股份有限公司,4G,333
嘉義市,1100930,台灣大哥大股份有限公司,4G,271
嘉義市,1100930,台灣之星電信股份有限公司,4G,168
嘉義市,1100930,亞太電信股份有限公司,4G,130
嘉義市,1100930,遠傳電信股份有限公司,4G,207
嘉義縣,1100930,中華電信股份有限公司,4G,958
嘉義縣,1100930,遠傳電信股份有限公司,4G,574
嘉義縣,1100930,台灣大哥大股份有限公司,4G,535
嘉義縣,1100930,亞太電信股份有限公司,4G,250
嘉義縣,1100930,台灣之星電信股份有限公司,4G,359
彰化縣,1100930,中華電信股份有限公司,4G,1813
彰化縣,1100930,台灣大哥大股份有限公司,4G,1178
彰化縣,1100930,遠傳電信股份有限公司,4G,1117
彰化縣,1100930,台灣之星電信股份有限公司,4G,688
彰化縣,1100930,亞太電信股份有限公司,4G,506
臺中市,1100930,台灣之星電信股份有限公司,4G,2129
臺中市,1100930,中華電信股份有限公司,4G,4813
臺中市,1100930,亞太電信股份有限公司,4G,1749
臺中市,1100930,台灣大哥大股份有限公司,4G,3292
臺中市,1100930,遠傳電信股份有限公司,4G,3306
臺北市,1100930,台灣大哥大股份有限公司,4G,2617
臺北市,1100930,中華電信股份有限公司,4G,2707
臺北市,1100930,亞太電信股份有限公司,4G,1586
臺北市,1100930,遠傳電信股份有限公司,4G,2855
臺北市,1100930,台灣之星電信股份有限公司,4G,1810
臺東縣,1100930,亞太電信股份有限公司,4G,142
臺東縣,1100930,台灣之星電信股份有限公司,4G,283
臺東縣,1100930,台灣大哥大股份有限公司,4G,437
臺東縣,1100930,遠傳電信股份有限公司,4G,409
臺東縣,1100930,中華電信股份有限公司,4G,624
臺南市,1100930,遠傳電信股份有限公司,4G,1510
臺南市,1100930,中華電信股份有限公司,4G,2062
臺南市,1100930,台灣大哥大股份有限公司,4G,1616
臺南市,1100930,台灣之星電信股份有限公司,4G,1291
臺南市,1100930,亞太電信股份有限公司,4G,868
澎湖縣,1100930,亞太電信股份有限公司,4G,44
澎湖縣,1100930,台灣大哥大股份有限公司,4G,169
澎湖縣,1100930,遠傳電信股份有限公司,4G,162
澎湖縣,1100930,台灣之星電信股份有限公司,4G,74
澎湖縣,1100930,中華電信股份有限公司,4G,191
宜蘭縣,1100831,台灣之星電信股份有限公司,4G,413
宜蘭縣,1100831,中華電信股份有限公司,4G,954
宜蘭縣,1100831,台灣大哥大股份有限公司,4G,630
宜蘭縣,1100831,亞太電信股份有限公司,4G,183
宜蘭縣,1100831,遠傳電信股份有限公司,4G,572
花蓮縣,1100831,中華電信股份有限公司,4G,933
花蓮縣,1100831,台灣大哥大股份有限公司,4G,699
花蓮縣,1100831,台灣之星電信股份有限公司,4G,421
花蓮縣,1100831,遠傳電信股份有限公司,4G,661
花蓮縣,1100831,亞太電信股份有限公司,4G,181
金門縣,1100831,台灣之星電信股份有限公司,4G,47
金門縣,1100831,台灣大哥大股份有限公司,4G,126
金門縣,1100831,亞太電信股份有限公司,4G,36
金門縣,1100831,中華電信股份有限公司,4G,252
金門縣,1100831,遠傳電信股份有限公司,4G,139
南投縣,1100831,台灣之星電信股份有限公司,4G,513
南投縣,1100831,台灣大哥大股份有限公司,4G,810
南投縣,1100831,亞太電信股份有限公司,4G,352
南投縣,1100831,中華電信股份有限公司,4G,1194
南投縣,1100831,遠傳電信股份有限公司,4G,878
屏東縣,1100831,中華電信股份有限公司,4G,1056
屏東縣,1100831,台灣之星電信股份有限公司,4G,693
屏東縣,1100831,亞太電信股份有限公司,4G,516
屏東縣,1100831,台灣大哥大股份有限公司,4G,919
屏東縣,1100831,遠傳電信股份有限公司,4G,1006
苗栗縣,1100831,台灣大哥大股份有限公司,4G,852
苗栗縣,1100831,中華電信股份有限公司,4G,1302
苗栗縣,1100831,遠傳電信股份有限公司,4G,973
苗栗縣,1100831,亞太電信股份有限公司,4G,389
苗栗縣,1100831,台灣之星電信股份有限公司,4G,489
桃園市,1100831,遠傳電信股份有限公司,4G,1937
桃園市,1100831,台灣之星電信股份有限公司,4G,1501
桃園市,1100831,中華電信股份有限公司,4G,2056
桃園市,1100831,台灣大哥大股份有限公司,4G,1882
桃園市,1100831,亞太電信股份有限公司,4G,1013
高雄市,1100831,台灣大哥大股份有限公司,4G,2322
高雄市,1100831,中華電信股份有限公司,4G,2987
高雄市,1100831,遠傳電信股份有限公司,4G,2246
高雄市,1100831,台灣之星電信股份有限公司,4G,1946
高雄市,1100831,亞太電信股份有限公司,4G,1275
基隆市,1100831,遠傳電信股份有限公司,4G,343
基隆市,1100831,台灣之星電信股份有限公司,4G,223
基隆市,1100831,台灣大哥大股份有限公司,4G,277
基隆市,1100831,中華電信股份有限公司,4G,349
基隆市,1100831,亞太電信股份有限公司,4G,221
連江縣,1100831,亞太電信股份有限公司,4G,20
連江縣,1100831,中華電信股份有限公司,4G,92
連江縣,1100831,台灣之星電信股份有限公司,4G,20
連江縣,1100831,台灣大哥大股份有限公司,4G,42
連江縣,1100831,遠傳電信股份有限公司,4G,44
雲林縣,1100831,台灣大哥大股份有限公司,4G,711
雲林縣,1100831,亞太電信股份有限公司,4G,296
雲林縣,1100831,中華電信股份有限公司,4G,1271
雲林縣,1100831,遠傳電信股份有限公司,4G,717
雲林縣,1100831,台灣之星電信股份有限公司,4G,454
新北市,1100831,台灣之星電信股份有限公司,4G,2290
新北市,1100831,中華電信股份有限公司,4G,2891
新北市,1100831,台灣大哥大股份有限公司,4G,2627
新北市,1100831,亞太電信股份有限公司,4G,1571
新北市,1100831,遠傳電信股份有限公司,4G,2578
新竹市,1100831,台灣之星電信股份有限公司,4G,363
新竹市,1100831,台灣大哥大股份有限公司,4G,391
新竹市,1100831,遠傳電信股份有限公司,4G,549
新竹市,1100831,中華電信股份有限公司,4G,609
新竹市,1100831,亞太電信股份有限公司,4G,191
新竹縣,1100831,亞太電信股份有限公司,4G,293
新竹縣,1100831,台灣之星電信股份有限公司,4G,517
新竹縣,1100831,遠傳電信股份有限公司,4G,684
新竹縣,1100831,中華電信股份有限公司,4G,1003
新竹縣,1100831,台灣大哥大股份有限公司,4G,683
嘉義市,1100831,台灣大哥大股份有限公司,4G,271
嘉義市,1100831,亞太電信股份有限公司,4G,130
嘉義市,1100831,中華電信股份有限公司,4G,332
嘉義市,1100831,遠傳電信股份有限公司,4G,205
嘉義市,1100831,台灣之星電信股份有限公司,4G,168
嘉義縣,1100831,台灣之星電信股份有限公司,4G,359
嘉義縣,1100831,台灣大哥大股份有限公司,4G,535
嘉義縣,1100831,中華電信股份有限公司,4G,958
嘉義縣,1100831,亞太電信股份有限公司,4G,251
嘉義縣,1100831,遠傳電信股份有限公司,4G,571
彰化縣,1100831,台灣大哥大股份有限公司,4G,1178
彰化縣,1100831,亞太電信股份有限公司,4G,501
彰化縣,1100831,中華電信股份有限公司,4G,1812
彰化縣,1100831,遠傳電信股份有限公司,4G,1117
彰化縣,1100831,台灣之星電信股份有限公司,4G,688
臺中市,1100831,亞太電信股份有限公司,4G,1721
臺中市,1100831,台灣之星電信股份有限公司,4G,2133
臺中市,1100831,台灣大哥大股份有限公司,4G,3292
臺中市,1100831,中華電信股份有限公司,4G,4816
臺中市,1100831,遠傳電信股份有限公司,4G,3312
臺北市,1100831,台灣之星電信股份有限公司,4G,1810
臺北市,1100831,中華電信股份有限公司,4G,2707
臺北市,1100831,亞太電信股份有限公司,4G,1575
臺北市,1100831,遠傳電信股份有限公司,4G,2855
臺北市,1100831,台灣大哥大股份有限公司,4G,2600
臺東縣,1100831,遠傳電信股份有限公司,4G,408
臺東縣,1100831,中華電信股份有限公司,4G,624
臺東縣,1100831,台灣之星電信股份有限公司,4G,283
臺東縣,1100831,台灣大哥大股份有限公司,4G,437
臺東縣,1100831,亞太電信股份有限公司,4G,142
臺南市,1100831,遠傳電信股份有限公司,4G,1469
臺南市,1100831,亞太電信股份有限公司,4G,858
臺南市,1100831,台灣大哥大股份有限公司,4G,1619
臺南市,1100831,台灣之星電信股份有限公司,4G,1291
臺南市,1100831,中華電信股份有限公司,4G,2056
澎湖縣,1100831,台灣之星電信股份有限公司,4G,74
澎湖縣,1100831,亞太電信股份有限公司,4G,44
澎湖縣,1100831,台灣大哥大股份有限公司,4G,169
澎湖縣,1100831,中華電信股份有限公司,4G,191
澎湖縣,1100831,遠傳電信股份有限公司,4G,162
宜蘭縣,1100731,亞太電信股份有限公司,4G,183
宜蘭縣,1100731,台灣之星電信股份有限公司,4G,413
宜蘭縣,1100731,中華電信股份有限公司,4G,954
宜蘭縣,1100731,台灣大哥大股份有限公司,4G,630
宜蘭縣,1100731,遠傳電信股份有限公司,4G,574
花蓮縣,1100731,遠傳電信股份有限公司,4G,661
花蓮縣,1100731,中華電信股份有限公司,4G,933
花蓮縣,1100731,台灣大哥大股份有限公司,4G,697
花蓮縣,1100731,台灣之星電信股份有限公司,4G,421
花蓮縣,1100731,亞太電信股份有限公司,4G,181
金門縣,1100731,台灣之星電信股份有限公司,4G,47
金門縣,1100731,中華電信股份有限公司,4G,250
金門縣,1100731,亞太電信股份有限公司,4G,36
金門縣,1100731,台灣大哥大股份有限公司,4G,126
金門縣,1100731,遠傳電信股份有限公司,4G,139
南投縣,1100731,台灣之星電信股份有限公司,4G,513
南投縣,1100731,中華電信股份有限公司,4G,1193
南投縣,1100731,亞太電信股份有限公司,4G,352
南投縣,1100731,台灣大哥大股份有限公司,4G,801
南投縣,1100731,遠傳電信股份有限公司,4G,878
屏東縣,1100731,中華電信股份有限公司,4G,1055
屏東縣,1100731,台灣之星電信股份有限公司,4G,693
屏東縣,1100731,台灣大哥大股份有限公司,4G,920
屏東縣,1100731,遠傳電信股份有限公司,4G,1006
屏東縣,1100731,亞太電信股份有限公司,4G,510
苗栗縣,1100731,中華電信股份有限公司,4G,1288
苗栗縣,1100731,台灣大哥大股份有限公司,4G,844
苗栗縣,1100731,台灣之星電信股份有限公司,4G,489
苗栗縣,1100731,亞太電信股份有限公司,4G,389
苗栗縣,1100731,遠傳電信股份有限公司,4G,956
桃園市,1100731,遠傳電信股份有限公司,4G,1937
桃園市,1100731,台灣之星電信股份有限公司,4G,1501
桃園市,1100731,中華電信股份有限公司,4G,2056
桃園市,1100731,台灣大哥大股份有限公司,4G,1879
桃園市,1100731,亞太電信股份有限公司,4G,1013
高雄市,1100731,台灣大哥大股份有限公司,4G,2322
高雄市,1100731,中華電信股份有限公司,4G,2981
高雄市,1100731,遠傳電信股份有限公司,4G,2246
高雄市,1100731,亞太電信股份有限公司,4G,1257
高雄市,1100731,台灣之星電信股份有限公司,4G,1947
基隆市,1100731,台灣之星電信股份有限公司,4G,223
基隆市,1100731,台灣大哥大股份有限公司,4G,277
基隆市,1100731,遠傳電信股份有限公司,4G,343
基隆市,1100731,中華電信股份有限公司,4G,349
基隆市,1100731,亞太電信股份有限公司,4G,221
連江縣,1100731,台灣之星電信股份有限公司,4G,20
連江縣,1100731,中華電信股份有限公司,4G,92
連江縣,1100731,亞太電信股份有限公司,4G,20
連江縣,1100731,台灣大哥大股份有限公司,4G,42
連江縣,1100731,遠傳電信股份有限公司,4G,44
雲林縣,1100731,台灣大哥大股份有限公司,4G,708
雲林縣,1100731,中華電信股份有限公司,4G,1259
雲林縣,1100731,遠傳電信股份有限公司,4G,717
雲林縣,1100731,亞太電信股份有限公司,4G,296
雲林縣,1100731,台灣之星電信股份有限公司,4G,454
新北市,1100731,遠傳電信股份有限公司,4G,2578
新北市,1100731,中華電信股份有限公司,4G,2891
新北市,1100731,台灣之星電信股份有限公司,4G,2290
新北市,1100731,台灣大哥大股份有限公司,4G,2612
新北市,1100731,亞太電信股份有限公司,4G,1571
新竹市,1100731,台灣之星電信股份有限公司,4G,363
新竹市,1100731,遠傳電信股份有限公司,4G,549
新竹市,1100731,中華電信股份有限公司,4G,612
新竹市,1100731,台灣大哥大股份有限公司,4G,391
新竹市,1100731,亞太電信股份有限公司,4G,191
新竹縣,1100731,亞太電信股份有限公司,4G,293
新竹縣,1100731,中華電信股份有限公司,4G,1009
新竹縣,1100731,遠傳電信股份有限公司,4G,684
新竹縣,1100731,台灣大哥大股份有限公司,4G,683
新竹縣,1100731,台灣之星電信股份有限公司,4G,517
嘉義市,1100731,中華電信股份有限公司,4G,332
嘉義市,1100731,遠傳電信股份有限公司,4G,205
嘉義市,1100731,台灣大哥大股份有限公司,4G,269
嘉義市,1100731,亞太電信股份有限公司,4G,127
嘉義市,1100731,台灣之星電信股份有限公司,4G,168
嘉義縣,1100731,台灣之星電信股份有限公司,4G,359
嘉義縣,1100731,遠傳電信股份有限公司,4G,571
嘉義縣,1100731,台灣大哥大股份有限公司,4G,527
嘉義縣,1100731,中華電信股份有限公司,4G,946
嘉義縣,1100731,亞太電信股份有限公司,4G,250
彰化縣,1100731,亞太電信股份有限公司,4G,501
彰化縣,1100731,遠傳電信股份有限公司,4G,1093
彰化縣,1100731,中華電信股份有限公司,4G,1808
彰化縣,1100731,台灣之星電信股份有限公司,4G,688
彰化縣,1100731,台灣大哥大股份有限公司,4G,1167
臺中市,1100731,台灣之星電信股份有限公司,4G,2133
臺中市,1100731,亞太電信股份有限公司,4G,1721
臺中市,1100731,台灣大哥大股份有限公司,4G,3242
臺中市,1100731,中華電信股份有限公司,4G,4820
臺中市,1100731,遠傳電信股份有限公司,4G,3275
臺北市,1100731,亞太電信股份有限公司,4G,1575
臺北市,1100731,中華電信股份有限公司,4G,2707
臺北市,1100731,台灣大哥大股份有限公司,4G,2584
臺北市,1100731,遠傳電信股份有限公司,4G,2855
臺北市,1100731,台灣之星電信股份有限公司,4G,1810
臺東縣,1100731,台灣大哥大股份有限公司,4G,420
臺東縣,1100731,遠傳電信股份有限公司,4G,408
臺東縣,1100731,中華電信股份有限公司,4G,624
臺東縣,1100731,台灣之星電信股份有限公司,4G,283
臺東縣,1100731,亞太電信股份有限公司,4G,140
臺南市,1100731,中華電信股份有限公司,4G,2044
臺南市,1100731,亞太電信股份有限公司,4G,842
臺南市,1100731,遠傳電信股份有限公司,4G,1469
臺南市,1100731,台灣之星電信股份有限公司,4G,1291
臺南市,1100731,台灣大哥大股份有限公司,4G,1619
澎湖縣,1100731,中華電信股份有限公司,4G,191
澎湖縣,1100731,亞太電信股份有限公司,4G,44
澎湖縣,1100731,台灣大哥大股份有限公司,4G,169
澎湖縣,1100731,台灣之星電信股份有限公司,4G,74
澎湖縣,1100731,遠傳電信股份有限公司,4G,162
宜蘭縣,1100630,遠傳電信股份有限公司,5G,135
宜蘭縣,1100630,台灣大哥大股份有限公司,5G,95
宜蘭縣,1100630,台灣之星電信股份有限公司,4G,413
宜蘭縣,1100630,中華電信股份有限公司,5G,81
宜蘭縣,1100630,台灣大哥大股份有限公司,4G,630
宜蘭縣,1100630,中華電信股份有限公司,4G,954
宜蘭縣,1100630,亞太電信股份有限公司,4G,183
宜蘭縣,1100630,台灣之星電信股份有限公司,5G,8
宜蘭縣,1100630,遠傳電信股份有限公司,4G,574
花蓮縣,1100630,台灣大哥大股份有限公司,4G,697
花蓮縣,1100630,台灣之星電信股份有限公司,5G,1
花蓮縣,1100630,中華電信股份有限公司,4G,928
花蓮縣,1100630,台灣大哥大股份有限公司,5G,65
花蓮縣,1100630,台灣之星電信股份有限公司,4G,421
花蓮縣,1100630,遠傳電信股份有限公司,5G,153
花蓮縣,1100630,遠傳電信股份有限公司,4G,661
花蓮縣,1100630,中華電信股份有限公司,5G,64
花蓮縣,1100630,亞太電信股份有限公司,4G,181
金門縣,1100630,遠傳電信股份有限公司,5G,3
金門縣,1100630,中華電信股份有限公司,5G,22
金門縣,1100630,中華電信股份有限公司,4G,250
金門縣,1100630,亞太電信股份有限公司,5G,2
金門縣,1100630,台灣大哥大股份有限公司,4G,124
金門縣,1100630,遠傳電信股份有限公司,4G,139
金門縣,1100630,台灣之星電信股份有限公司,4G,47
金門縣,1100630,台灣大哥大股份有限公司,5G,7
金門縣,1100630,亞太電信股份有限公司,4G,36
南投縣,1100630,中華電信股份有限公司,5G,139
南投縣,1100630,中華電信股份有限公司,4G,1192
南投縣,1100630,台灣大哥大股份有限公司,5G,89
南投縣,1100630,台灣大哥大股份有限公司,4G,801
南投縣,1100630,台灣之星電信股份有限公司,5G,11
南投縣,1100630,遠傳電信股份有限公司,5G,134
南投縣,1100630,台灣之星電信股份有限公司,4G,513
南投縣,1100630,遠傳電信股份有限公司,4G,878
南投縣,1100630,亞太電信股份有限公司,4G,352
南投縣,1100630,亞太電信股份有限公司,5G,14
屏東縣,1100630,台灣之星電信股份有限公司,5G,17
屏東縣,1100630,台灣大哥大股份有限公司,5G,147
屏東縣,1100630,台灣大哥大股份有限公司,4G,922
屏東縣,1100630,中華電信股份有限公司,5G,159
屏東縣,1100630,亞太電信股份有限公司,4G,504
屏東縣,1100630,中華電信股份有限公司,4G,1055
屏東縣,1100630,亞太電信股份有限公司,5G,39
屏東縣,1100630,台灣之星電信股份有限公司,4G,693
屏東縣,1100630,遠傳電信股份有限公司,4G,1006
屏東縣,1100630,遠傳電信股份有限公司,5G,198
苗栗縣,1100630,遠傳電信股份有限公司,5G,260
苗栗縣,1100630,中華電信股份有限公司,5G,121
苗栗縣,1100630,亞太電信股份有限公司,4G,389
苗栗縣,1100630,台灣大哥大股份有限公司,4G,839
苗栗縣,1100630,中華電信股份有限公司,4G,1288
苗栗縣,1100630,台灣之星電信股份有限公司,4G,489
苗栗縣,1100630,台灣大哥大股份有限公司,5G,85
苗栗縣,1100630,亞太電信股份有限公司,5G,51
苗栗縣,1100630,台灣之星電信股份有限公司,5G,3
苗栗縣,1100630,遠傳電信股份有限公司,4G,956
桃園市,1100630,台灣之星電信股份有限公司,4G,1501
桃園市,1100630,遠傳電信股份有限公司,4G,1937
桃園市,1100630,中華電信股份有限公司,4G,2056
桃園市,1100630,台灣大哥大股份有限公司,4G,1879
桃園市,1100630,台灣之星電信股份有限公司,5G,134
桃園市,1100630,台灣大哥大股份有限公司,5G,430
桃園市,1100630,中華電信股份有限公司,5G,383
桃園市,1100630,亞太電信股份有限公司,4G,1013
桃園市,1100630,遠傳電信股份有限公司,5G,693
高雄市,1100630,亞太電信股份有限公司,4G,1239
高雄市,1100630,台灣大哥大股份有限公司,5G,641
高雄市,1100630,中華電信股份有限公司,4G,2982
高雄市,1100630,台灣大哥大股份有限公司,4G,2311
高雄市,1100630,遠傳電信股份有限公司,4G,2246
高雄市,1100630,亞太電信股份有限公司,5G,79
高雄市,1100630,中華電信股份有限公司,5G,873
高雄市,1100630,台灣之星電信股份有限公司,4G,1948
高雄市,1100630,台灣之星電信股份有限公司,5G,307
高雄市,1100630,遠傳電信股份有限公司,5G,893
基隆市,1100630,中華電信股份有限公司,4G,338
基隆市,1100630,台灣大哥大股份有限公司,4G,277
基隆市,1100630,台灣大哥大股份有限公司,5G,62
基隆市,1100630,中華電信股份有限公司,5G,54
基隆市,1100630,遠傳電信股份有限公司,4G,343
基隆市,1100630,台灣之星電信股份有限公司,5G,21
基隆市,1100630,亞太電信股份有限公司,4G,221
基隆市,1100630,台灣之星電信股份有限公司,4G,223
基隆市,1100630,遠傳電信股份有限公司,5G,135
連江縣,1100630,中華電信股份有限公司,5G,6
連江縣,1100630,中華電信股份有限公司,4G,92
連江縣,1100630,台灣大哥大股份有限公司,4G,42
連江縣,1100630,亞太電信股份有限公司,4G,20
連江縣,1100630,遠傳電信股份有限公司,4G,44
連江縣,1100630,台灣之星電信股份有限公司,4G,20
雲林縣,1100630,台灣之星電信股份有限公司,5G,4
雲林縣,1100630,台灣大哥大股份有限公司,4G,708
雲林縣,1100630,中華電信股份有限公司,4G,1259
雲林縣,1100630,亞太電信股份有限公司,4G,296
雲林縣,1100630,亞太電信股份有限公司,5G,12
雲林縣,1100630,中華電信股份有限公司,5G,147
雲林縣,1100630,台灣之星電信股份有限公司,4G,454
雲林縣,1100630,遠傳電信股份有限公司,4G,717
雲林縣,1100630,台灣大哥大股份有限公司,5G,114
雲林縣,1100630,遠傳電信股份有限公司,5G,137
新北市,1100630,中華電信股份有限公司,4G,2892
新北市,1100630,台灣之星電信股份有限公司,5G,327
新北市,1100630,台灣大哥大股份有限公司,4G,2612
新北市,1100630,中華電信股份有限公司,5G,600
新北市,1100630,遠傳電信股份有限公司,5G,1230
新北市,1100630,台灣大哥大股份有限公司,5G,571
新北市,1100630,台灣之星電信股份有限公司,4G,2291
新北市,1100630,亞太電信股份有限公司,4G,1574
新北市,1100630,遠傳電信股份有限公司,4G,2580
新竹市,1100630,亞太電信股份有限公司,4G,191
新竹市,1100630,遠傳電信股份有限公司,5G,215
新竹市,1100630,中華電信股份有限公司,4G,611
新竹市,1100630,台灣大哥大股份有限公司,4G,386
新竹市,1100630,遠傳電信股份有限公司,4G,549
新竹市,1100630,台灣大哥大股份有限公司,5G,103
新竹市,1100630,中華電信股份有限公司,5G,130
新竹市,1100630,台灣之星電信股份有限公司,4G,363
新竹市,1100630,台灣之星電信股份有限公司,5G,38
新竹縣,1100630,台灣大哥大股份有限公司,5G,47
新竹縣,1100630,台灣之星電信股份有限公司,4G,517
新竹縣,1100630,台灣大哥大股份有限公司,4G,675
新竹縣,1100630,中華電信股份有限公司,5G,81
新竹縣,1100630,亞太電信股份有限公司,4G,293
新竹縣,1100630,中華電信股份有限公司,4G,1007
新竹縣,1100630,遠傳電信股份有限公司,5G,209
新竹縣,1100630,台灣之星電信股份有限公司,5G,20
新竹縣,1100630,遠傳電信股份有限公司,4G,684
嘉義市,1100630,中華電信股份有限公司,5G,119
嘉義市,1100630,台灣大哥大股份有限公司,4G,269
嘉義市,1100630,遠傳電信股份有限公司,4G,205
嘉義市,1100630,亞太電信股份有限公司,4G,125
嘉義市,1100630,中華電信股份有限公司,4G,332
嘉義市,1100630,台灣之星電信股份有限公司,5G,10
嘉義市,1100630,遠傳電信股份有限公司,5G,100
嘉義市,1100630,台灣大哥大股份有限公司,5G,76
嘉義市,1100630,台灣之星電信股份有限公司,4G,168
嘉義市,1100630,亞太電信股份有限公司,5G,6
嘉義縣,1100630,中華電信股份有限公司,4G,946
嘉義縣,1100630,遠傳電信股份有限公司,4G,571
嘉義縣,1100630,台灣大哥大股份有限公司,4G,527
嘉義縣,1100630,台灣大哥大股份有限公司,5G,82
嘉義縣,1100630,中華電信股份有限公司,5G,140
嘉義縣,1100630,遠傳電信股份有限公司,5G,95
嘉義縣,1100630,台灣之星電信股份有限公司,5G,2
嘉義縣,1100630,台灣之星電信股份有限公司,4G,359
嘉義縣,1100630,亞太電信股份有限公司,5G,13
嘉義縣,1100630,亞太電信股份有限公司,4G,242
彰化縣,1100630,台灣大哥大股份有限公司,5G,262
彰化縣,1100630,亞太電信股份有限公司,5G,35
彰化縣,1100630,遠傳電信股份有限公司,4G,1093
彰化縣,1100630,台灣之星電信股份有限公司,5G,14
彰化縣,1100630,中華電信股份有限公司,5G,308
彰化縣,1100630,中華電信股份有限公司,4G,1808
彰化縣,1100630,台灣之星電信股份有限公司,4G,688
彰化縣,1100630,台灣大哥大股份有限公司,4G,1167
彰化縣,1100630,亞太電信股份有限公司,4G,501
彰化縣,1100630,遠傳電信股份有限公司,5G,276
臺中市,1100630,亞太電信股份有限公司,5G,136
臺中市,1100630,台灣大哥大股份有限公司,4G,3235
臺中市,1100630,台灣大哥大股份有限公司,5G,916
臺中市,1100630,中華電信股份有限公司,4G,4819
臺中市,1100630,中華電信股份有限公司,5G,1077
臺中市,1100630,台灣之星電信股份有限公司,5G,203
臺中市,1100630,台灣之星電信股份有限公司,4G,2133
臺中市,1100630,亞太電信股份有限公司,4G,1721
臺中市,1100630,遠傳電信股份有限公司,5G,1314
臺中市,1100630,遠傳電信股份有限公司,4G,3275
臺北市,1100630,台灣之星電信股份有限公司,5G,235
臺北市,1100630,遠傳電信股份有限公司,4G,2855
臺北市,1100630,中華電信股份有限公司,4G,2676
臺北市,1100630,台灣大哥大股份有限公司,5G,569
臺北市,1100630,中華電信股份有限公司,5G,638
臺北市,1100630,亞太電信股份有限公司,4G,1575
臺北市,1100630,台灣大哥大股份有限公司,4G,2584
臺北市,1100630,台灣之星電信股份有限公司,4G,1810
臺北市,1100630,遠傳電信股份有限公司,5G,1205
臺東縣,1100630,中華電信股份有限公司,4G,624
臺東縣,1100630,台灣大哥大股份有限公司,5G,23
臺東縣,1100630,亞太電信股份有限公司,5G,14
臺東縣,1100630,中華電信股份有限公司,5G,44
臺東縣,1100630,台灣大哥大股份有限公司,4G,420
臺東縣,1100630,遠傳電信股份有限公司,4G,408
臺東縣,1100630,遠傳電信股份有限公司,5G,33
臺東縣,1100630,亞太電信股份有限公司,4G,137
臺東縣,1100630,台灣之星電信股份有限公司,5G,8
臺東縣,1100630,台灣之星電信股份有限公司,4G,283
臺南市,1100630,中華電信股份有限公司,4G,2049
臺南市,1100630,遠傳電信股份有限公司,4G,1469
臺南市,1100630,中華電信股份有限公司,5G,551
臺南市,1100630,台灣大哥大股份有限公司,4G,1619
臺南市,1100630,亞太電信股份有限公司,5G,55
臺南市,1100630,台灣大哥大股份有限公司,5G,424
臺南市,1100630,遠傳電信股份有限公司,5G,517
臺南市,1100630,台灣之星電信股份有限公司,4G,1291
臺南市,1100630,台灣之星電信股份有限公司,5G,161
臺南市,1100630,亞太電信股份有限公司,4G,830
澎湖縣,1100630,台灣大哥大股份有限公司,5G,17
澎湖縣,1100630,台灣之星電信股份有限公司,4G,74
澎湖縣,1100630,亞太電信股份有限公司,4G,44
澎湖縣,1100630,中華電信股份有限公司,4G,191
澎湖縣,1100630,台灣之星電信股份有限公司,5G,1
澎湖縣,1100630,亞太電信股份有限公司,5G,6
澎湖縣,1100630,遠傳電信股份有限公司,4G,162
澎湖縣,1100630,台灣大哥大股份有限公司,4G,169
澎湖縣,1100630,中華電信股份有限公司,5G,27
宜蘭縣,1100531,亞太電信股份有限公司,4G,182
宜蘭縣,1100531,中華電信股份有限公司,4G,954
宜蘭縣,1100531,台灣大哥大股份有限公司,4G,630
宜蘭縣,1100531,遠傳電信股份有限公司,4G,574
宜蘭縣,1100531,台灣之星電信股份有限公司,4G,413
花蓮縣,1100531,中華電信股份有限公司,4G,2
花蓮縣,1100531,遠傳電信股份有限公司,4G,661
花蓮縣,1100531,台灣大哥大股份有限公司,4G,697
花蓮縣,1100531,中華電信股份有限公司,4G,928
花蓮縣,1100531,台灣之星電信股份有限公司,4G,421
花蓮縣,1100531,亞太電信股份有限公司,4G,180
金門縣,1100531,中華電信股份有限公司,4G,250
金門縣,1100531,台灣大哥大股份有限公司,4G,124
金門縣,1100531,台灣之星電信股份有限公司,4G,47
金門縣,1100531,亞太電信股份有限公司,4G,36
金門縣,1100531,遠傳電信股份有限公司,4G,139
南投縣,1100531,台灣大哥大股份有限公司,4G,801
南投縣,1100531,台灣之星電信股份有限公司,4G,505
南投縣,1100531,亞太電信股份有限公司,4G,352
南投縣,1100531,中華電信股份有限公司,4G,1193
南投縣,1100531,遠傳電信股份有限公司,4G,878
屏東縣,1100531,中華電信股份有限公司,4G,1055
屏東縣,1100531,亞太電信股份有限公司,4G,503
屏東縣,1100531,台灣之星電信股份有限公司,4G,692
屏東縣,1100531,遠傳電信股份有限公司,4G,1006
屏東縣,1100531,台灣大哥大股份有限公司,4G,922
苗栗縣,1100531,台灣大哥大股份有限公司,4G,839
苗栗縣,1100531,中華電信股份有限公司,4G,1288
苗栗縣,1100531,台灣之星電信股份有限公司,4G,487
苗栗縣,1100531,亞太電信股份有限公司,4G,389
苗栗縣,1100531,遠傳電信股份有限公司,4G,956
桃園市,1100531,遠傳電信股份有限公司,4G,1937
桃園市,1100531,台灣之星電信股份有限公司,4G,1501
桃園市,1100531,亞太電信股份有限公司,4G,1009
桃園市,1100531,中華電信股份有限公司,4G,2056
桃園市,1100531,亞太電信股份有限公司,4G,2
桃園市,1100531,台灣大哥大股份有限公司,4G,1865
高雄市,1100531,中華電信股份有限公司,4G,2982
高雄市,1100531,亞太電信股份有限公司,4G,1240
高雄市,1100531,台灣大哥大股份有限公司,4G,2311
高雄市,1100531,台灣之星電信股份有限公司,4G,1942
高雄市,1100531,中華電信股份有限公司,4G,1
高雄市,1100531,遠傳電信股份有限公司,4G,2246
基隆市,1100531,台灣之星電信股份有限公司,4G,223
基隆市,1100531,中華電信股份有限公司,4G,338
基隆市,1100531,亞太電信股份有限公司,4G,218
基隆市,1100531,台灣大哥大股份有限公司,4G,277
基隆市,1100531,遠傳電信股份有限公司,4G,343
連江縣,1100531,亞太電信股份有限公司,4G,20
連江縣,1100531,中華電信股份有限公司,4G,92
連江縣,1100531,台灣大哥大股份有限公司,4G,42
連江縣,1100531,台灣之星電信股份有限公司,4G,20
連江縣,1100531,遠傳電信股份有限公司,4G,44
雲林縣,1100531,台灣大哥大股份有限公司,4G,708
雲林縣,1100531,亞太電信股份有限公司,4G,296
雲林縣,1100531,台灣之星電信股份有限公司,4G,445
雲林縣,1100531,遠傳電信股份有限公司,4G,717
雲林縣,1100531,中華電信股份有限公司,4G,1259
新北市,1100531,中華電信股份有限公司,4G,2892
新北市,1100531,台灣之星電信股份有限公司,4G,2291
新北市,1100531,亞太電信股份有限公司,4G,1525
新北市,1100531,遠傳電信股份有限公司,4G,2580
新北市,1100531,台灣大哥大股份有限公司,4G,2610
新竹市,1100531,遠傳電信股份有限公司,4G,549
新竹市,1100531,台灣大哥大股份有限公司,4G,386
新竹市,1100531,亞太電信股份有限公司,4G,191
新竹市,1100531,中華電信股份有限公司,4G,611
新竹市,1100531,台灣之星電信股份有限公司,4G,363
新竹縣,1100531,台灣大哥大股份有限公司,4G,675
新竹縣,1100531,亞太電信股份有限公司,4G,293
新竹縣,1100531,中華電信股份有限公司,4G,1007
新竹縣,1100531,遠傳電信股份有限公司,4G,684
新竹縣,1100531,台灣之星電信股份有限公司,4G,517
嘉義市,1100531,台灣之星電信股份有限公司,4G,167
嘉義市,1100531,台灣大哥大股份有限公司,4G,269
嘉義市,1100531,中華電信股份有限公司,4G,333
嘉義市,1100531,亞太電信股份有限公司,4G,125
嘉義市,1100531,遠傳電信股份有限公司,4G,205
嘉義縣,1100531,遠傳電信股份有限公司,4G,571
嘉義縣,1100531,台灣大哥大股份有限公司,4G,527
嘉義縣,1100531,中華電信股份有限公司,4G,946
嘉義縣,1100531,台灣之星電信股份有限公司,4G,359
嘉義縣,1100531,亞太電信股份有限公司,4G,242
彰化縣,1100531,台灣之星電信股份有限公司,4G,685
彰化縣,1100531,亞太電信股份有限公司,4G,501
彰化縣,1100531,遠傳電信股份有限公司,4G,1093
彰化縣,1100531,中華電信股份有限公司,4G,1808
彰化縣,1100531,台灣大哥大股份有限公司,4G,1167
臺中市,1100531,台灣之星電信股份有限公司,4G,2115
臺中市,1100531,亞太電信股份有限公司,4G,1721
臺中市,1100531,台灣大哥大股份有限公司,4G,3235
臺中市,1100531,中華電信股份有限公司,4G,4820
臺中市,1100531,遠傳電信股份有限公司,4G,3275
臺北市,1100531,遠傳電信股份有限公司,4G,2855
臺北市,1100531,台灣之星電信股份有限公司,4G,1
臺北市,1100531,中華電信股份有限公司,4G,2676
臺北市,1100531,台灣之星電信股份有限公司,4G,1810
臺北市,1100531,台灣大哥大股份有限公司,4G,2584
臺北市,1100531,亞太電信股份有限公司,4G,1533
臺東縣,1100531,中華電信股份有限公司,4G,624
臺東縣,1100531,台灣之星電信股份有限公司,4G,282
臺東縣,1100531,亞太電信股份有限公司,4G,137
臺東縣,1100531,遠傳電信股份有限公司,4G,408
臺東縣,1100531,台灣大哥大股份有限公司,4G,420
臺南市,1100531,中華電信股份有限公司,4G,2049
臺南市,1100531,遠傳電信股份有限公司,4G,1470
臺南市,1100531,亞太電信股份有限公司,4G,830
臺南市,1100531,台灣大哥大股份有限公司,4G,1619
臺南市,1100531,台灣之星電信股份有限公司,4G,1289
澎湖縣,1100531,中華電信股份有限公司,4G,191
澎湖縣,1100531,亞太電信股份有限公司,4G,44
澎湖縣,1100531,台灣大哥大股份有限公司,4G,169
澎湖縣,1100531,台灣之星電信股份有限公司,4G,74
澎湖縣,1100531,遠傳電信股份有限公司,4G,162
宜蘭縣,1100430,台灣大哥大股份有限公司,4G,621
宜蘭縣,1100430,遠傳電信股份有限公司,4G,574
宜蘭縣,1100430,台灣之星電信股份有限公司,4G,413
宜蘭縣,1100430,中華電信股份有限公司,4G,954
宜蘭縣,1100430,亞太電信股份有限公司,4G,182
花蓮縣,1100430,中華電信股份有限公司,4G,2
花蓮縣,1100430,台灣之星電信股份有限公司,4G,421
花蓮縣,1100430,台灣大哥大股份有限公司,4G,5
花蓮縣,1100430,中華電信股份有限公司,4G,928
花蓮縣,1100430,遠傳電信股份有限公司,4G,661
花蓮縣,1100430,台灣大哥大股份有限公司,4G,693
花蓮縣,1100430,亞太電信股份有限公司,4G,180
金門縣,1100430,中華電信股份有限公司,4G,250
金門縣,1100430,台灣之星電信股份有限公司,4G,47
金門縣,1100430,遠傳電信股份有限公司,4G,139
金門縣,1100430,台灣大哥大股份有限公司,4G,124
金門縣,1100430,亞太電信股份有限公司,4G,36
南投縣,1100430,亞太電信股份有限公司,4G,352
南投縣,1100430,中華電信股份有限公司,4G,1193
南投縣,1100430,台灣之星電信股份有限公司,4G,505
南投縣,1100430,遠傳電信股份有限公司,4G,877
南投縣,1100430,台灣大哥大股份有限公司,4G,793
屏東縣,1100430,台灣之星電信股份有限公司,4G,692
屏東縣,1100430,亞太電信股份有限公司,4G,503
屏東縣,1100430,中華電信股份有限公司,4G,1055
屏東縣,1100430,遠傳電信股份有限公司,4G,1003
屏東縣,1100430,台灣大哥大股份有限公司,4G,884
苗栗縣,1100430,中華電信股份有限公司,4G,1288
苗栗縣,1100430,台灣之星電信股份有限公司,4G,487
苗栗縣,1100430,亞太電信股份有限公司,4G,389
苗栗縣,1100430,遠傳電信股份有限公司,4G,958
苗栗縣,1100430,台灣大哥大股份有限公司,4G,828
桃園市,1100430,亞太電信股份有限公司,4G,1009
桃園市,1100430,台灣之星電信股份有限公司,4G,1501
桃園市,1100430,遠傳電信股份有限公司,4G,1937
桃園市,1100430,中華電信股份有限公司,4G,2056
桃園市,1100430,亞太電信股份有限公司,4G,2
桃園市,1100430,台灣大哥大股份有限公司,4G,17
桃園市,1100430,台灣大哥大股份有限公司,4G,1865
高雄市,1100430,中華電信股份有限公司,4G,2979
高雄市,1100430,中華電信股份有限公司,4G,1
高雄市,1100430,台灣大哥大股份有限公司,4G,2309
高雄市,1100430,台灣之星電信股份有限公司,4G,1942
高雄市,1100430,亞太電信股份有限公司,4G,1240
高雄市,1100430,遠傳電信股份有限公司,4G,2244
基隆市,1100430,中華電信股份有限公司,4G,338
基隆市,1100430,台灣大哥大股份有限公司,4G,272
基隆市,1100430,亞太電信股份有限公司,4G,218
基隆市,1100430,台灣之星電信股份有限公司,4G,223
基隆市,1100430,遠傳電信股份有限公司,4G,343
連江縣,1100430,台灣大哥大股份有限公司,4G,42
連江縣,1100430,台灣之星電信股份有限公司,4G,20
連江縣,1100430,遠傳電信股份有限公司,4G,44
連江縣,1100430,亞太電信股份有限公司,4G,20
連江縣,1100430,中華電信股份有限公司,4G,92
雲林縣,1100430,台灣之星電信股份有限公司,4G,445
雲林縣,1100430,遠傳電信股份有限公司,4G,717
雲林縣,1100430,中華電信股份有限公司,4G,1259
雲林縣,1100430,台灣大哥大股份有限公司,4G,706
雲林縣,1100430,亞太電信股份有限公司,4G,296
新北市,1100430,台灣大哥大股份有限公司,4G,2599
新北市,1100430,中華電信股份有限公司,4G,2892
新北市,1100430,遠傳電信股份有限公司,4G,2580
新北市,1100430,亞太電信股份有限公司,4G,1525
新北市,1100430,台灣之星電信股份有限公司,4G,2292
新北市,1100430,台灣大哥大股份有限公司,4G,57
新竹市,1100430,台灣之星電信股份有限公司,4G,363
新竹市,1100430,中華電信股份有限公司,4G,611
新竹市,1100430,亞太電信股份有限公司,4G,191
新竹市,1100430,台灣大哥大股份有限公司,4G,386
新竹市,1100430,遠傳電信股份有限公司,4G,549
新竹縣,1100430,遠傳電信股份有限公司,4G,684
新竹縣,1100430,中華電信股份有限公司,4G,1006
新竹縣,1100430,台灣之星電信股份有限公司,4G,517
新竹縣,1100430,台灣大哥大股份有限公司,4G,675
新竹縣,1100430,亞太電信股份有限公司,4G,293
嘉義市,1100430,台灣大哥大股份有限公司,4G,265
嘉義市,1100430,遠傳電信股份有限公司,4G,204
嘉義市,1100430,亞太電信股份有限公司,4G,125
嘉義市,1100430,中華電信股份有限公司,4G,333
嘉義市,1100430,台灣之星電信股份有限公司,4G,167
嘉義縣,1100430,台灣大哥大股份有限公司,4G,509
嘉義縣,1100430,遠傳電信股份有限公司,4G,563
嘉義縣,1100430,中華電信股份有限公司,4G,946
嘉義縣,1100430,台灣之星電信股份有限公司,4G,359
嘉義縣,1100430,亞太電信股份有限公司,4G,242
彰化縣,1100430,亞太電信股份有限公司,4G,501
彰化縣,1100430,台灣大哥大股份有限公司,4G,1143
彰化縣,1100430,台灣之星電信股份有限公司,4G,685
彰化縣,1100430,中華電信股份有限公司,4G,1808
彰化縣,1100430,遠傳電信股份有限公司,4G,1094
臺中市,1100430,中華電信股份有限公司,4G,4822
臺中市,1100430,台灣之星電信股份有限公司,4G,2106
臺中市,1100430,台灣大哥大股份有限公司,4G,3142
臺中市,1100430,亞太電信股份有限公司,4G,1721
臺中市,1100430,遠傳電信股份有限公司,4G,3280
臺北市,1100430,台灣大哥大股份有限公司,4G,61
臺北市,1100430,中華電信股份有限公司,4G,2678
臺北市,1100430,遠傳電信股份有限公司,4G,2855
臺北市,1100430,台灣大哥大股份有限公司,4G,2575
臺北市,1100430,台灣之星電信股份有限公司,4G,1
臺北市,1100430,亞太電信股份有限公司,4G,1533
臺北市,1100430,台灣之星電信股份有限公司,4G,1810
臺東縣,1100430,台灣之星電信股份有限公司,4G,285
臺東縣,1100430,台灣大哥大股份有限公司,4G,420
臺東縣,1100430,亞太電信股份有限公司,4G,137
臺東縣,1100430,遠傳電信股份有限公司,4G,407
臺東縣,1100430,中華電信股份有限公司,4G,624
臺南市,1100430,中華電信股份有限公司,4G,2051
臺南市,1100430,台灣之星電信股份有限公司,4G,1291
臺南市,1100430,台灣大哥大股份有限公司,4G,1551
臺南市,1100430,遠傳電信股份有限公司,4G,1450
臺南市,1100430,亞太電信股份有限公司,4G,831
澎湖縣,1100430,亞太電信股份有限公司,4G,44
澎湖縣,1100430,台灣大哥大股份有限公司,4G,169
澎湖縣,1100430,遠傳電信股份有限公司,4G,160
澎湖縣,1100430,台灣之星電信股份有限公司,4G,74
澎湖縣,1100430,中華電信股份有限公司,4G,191
宜蘭縣,1100331,亞太電信股份有限公司,4G,182
宜蘭縣,1100331,中華電信股份有限公司,4G,32
宜蘭縣,1100331,台灣大哥大股份有限公司,4G,621
宜蘭縣,1100331,遠傳電信股份有限公司,4G,574
宜蘭縣,1100331,台灣之星電信股份有限公司,4G,10
宜蘭縣,1100331,中華電信股份有限公司,4G,954
宜蘭縣,1100331,台灣之星電信股份有限公司,4G,414
花蓮縣,1100331,中華電信股份有限公司,4G,928
花蓮縣,1100331,中華電信股份有限公司,4G,10
花蓮縣,1100331,遠傳電信股份有限公司,4G,661
花蓮縣,1100331,台灣大哥大股份有限公司,4G,5
花蓮縣,1100331,台灣之星電信股份有限公司,4G,420
花蓮縣,1100331,台灣之星電信股份有限公司,4G,5
花蓮縣,1100331,台灣大哥大股份有限公司,4G,693
花蓮縣,1100331,亞太電信股份有限公司,4G,180
金門縣,1100331,中華電信股份有限公司,4G,250
金門縣,1100331,亞太電信股份有限公司,4G,36
金門縣,1100331,台灣大哥大股份有限公司,4G,126
金門縣,1100331,台灣之星電信股份有限公司,4G,47
金門縣,1100331,遠傳電信股份有限公司,4G,139
南投縣,1100331,亞太電信股份有限公司,4G,352
南投縣,1100331,台灣之星電信股份有限公司,4G,505
南投縣,1100331,中華電信股份有限公司,4G,1193
南投縣,1100331,台灣大哥大股份有限公司,4G,793
南投縣,1100331,遠傳電信股份有限公司,4G,877
屏東縣,1100331,遠傳電信股份有限公司,4G,1003
屏東縣,1100331,台灣之星電信股份有限公司,4G,691
屏東縣,1100331,中華電信股份有限公司,4G,1055
屏東縣,1100331,台灣大哥大股份有限公司,4G,890
屏東縣,1100331,亞太電信股份有限公司,4G,503
苗栗縣,1100331,台灣之星電信股份有限公司,4G,487
苗栗縣,1100331,遠傳電信股份有限公司,4G,958
苗栗縣,1100331,亞太電信股份有限公司,4G,389
苗栗縣,1100331,中華電信股份有限公司,4G,1287
苗栗縣,1100331,台灣大哥大股份有限公司,4G,828
桃園市,1100331,台灣大哥大股份有限公司,4G,1865
桃園市,1100331,台灣之星電信股份有限公司,4G,1501
桃園市,1100331,中華電信股份有限公司,4G,2056
桃園市,1100331,中華電信股份有限公司,4G,35
桃園市,1100331,台灣大哥大股份有限公司,4G,17
桃園市,1100331,遠傳電信股份有限公司,4G,1937
桃園市,1100331,亞太電信股份有限公司,4G,2
桃園市,1100331,亞太電信股份有限公司,4G,1009
高雄市,1100331,台灣大哥大股份有限公司,4G,2318
高雄市,1100331,中華電信股份有限公司,4G,2979
高雄市,1100331,遠傳電信股份有限公司,4G,2244
高雄市,1100331,中華電信股份有限公司,4G,1
高雄市,1100331,亞太電信股份有限公司,4G,1243
高雄市,1100331,台灣之星電信股份有限公司,4G,1933
基隆市,1100331,台灣之星電信股份有限公司,4G,223
基隆市,1100331,台灣大哥大股份有限公司,4G,272
基隆市,1100331,台灣之星電信股份有限公司,4G,2
基隆市,1100331,中華電信股份有限公司,4G,30
基隆市,1100331,亞太電信股份有限公司,4G,218
基隆市,1100331,中華電信股份有限公司,4G,338
基隆市,1100331,遠傳電信股份有限公司,4G,343
連江縣,1100331,亞太電信股份有限公司,4G,20
連江縣,1100331,中華電信股份有限公司,4G,92
連江縣,1100331,台灣大哥大股份有限公司,4G,42
連江縣,1100331,台灣之星電信股份有限公司,4G,1
連江縣,1100331,遠傳電信股份有限公司,4G,44
連江縣,1100331,台灣之星電信股份有限公司,4G,20
雲林縣,1100331,台灣大哥大股份有限公司,4G,706
雲林縣,1100331,台灣之星電信股份有限公司,4G,445
雲林縣,1100331,中華電信股份有限公司,4G,1259
雲林縣,1100331,亞太電信股份有限公司,4G,296
雲林縣,1100331,遠傳電信股份有限公司,4G,715
新北市,1100331,中華電信股份有限公司,4G,2892
新北市,1100331,台灣大哥大股份有限公司,4G,2599
新北市,1100331,台灣大哥大股份有限公司,4G,57
新北市,1100331,遠傳電信股份有限公司,4G,2580
新北市,1100331,中華電信股份有限公司,4G,334
新北市,1100331,台灣之星電信股份有限公司,4G,10
新北市,1100331,亞太電信股份有限公司,4G,1525
新北市,1100331,台灣之星電信股份有限公司,4G,2292
新竹市,1100331,台灣之星電信股份有限公司,4G,363
新竹市,1100331,亞太電信股份有限公司,4G,191
新竹市,1100331,中華電信股份有限公司,4G,611
新竹市,1100331,遠傳電信股份有限公司,4G,549
新竹市,1100331,台灣大哥大股份有限公司,4G,386
新竹縣,1100331,台灣大哥大股份有限公司,4G,675
新竹縣,1100331,亞太電信股份有限公司,4G,293
新竹縣,1100331,中華電信股份有限公司,4G,1006
新竹縣,1100331,台灣之星電信股份有限公司,4G,517
新竹縣,1100331,台灣大哥大股份有限公司,4G,6
新竹縣,1100331,遠傳電信股份有限公司,4G,684
嘉義市,1100331,台灣之星電信股份有限公司,4G,167
嘉義市,1100331,台灣大哥大股份有限公司,4G,260
嘉義市,1100331,中華電信股份有限公司,4G,333
嘉義市,1100331,遠傳電信股份有限公司,4G,204
嘉義市,1100331,亞太電信股份有限公司,4G,125
嘉義縣,1100331,中華電信股份有限公司,4G,946
嘉義縣,1100331,遠傳電信股份有限公司,4G,563
嘉義縣,1100331,台灣大哥大股份有限公司,4G,495
嘉義縣,1100331,台灣之星電信股份有限公司,4G,358
嘉義縣,1100331,亞太電信股份有限公司,4G,242
彰化縣,1100331,台灣大哥大股份有限公司,4G,1143
彰化縣,1100331,亞太電信股份有限公司,4G,501
彰化縣,1100331,台灣之星電信股份有限公司,4G,685
彰化縣,1100331,中華電信股份有限公司,4G,1808
彰化縣,1100331,遠傳電信股份有限公司,4G,1094
臺中市,1100331,遠傳電信股份有限公司,4G,3277
臺中市,1100331,中華電信股份有限公司,4G,4822
臺中市,1100331,台灣之星電信股份有限公司,4G,2106
臺中市,1100331,台灣大哥大股份有限公司,4G,3142
臺中市,1100331,亞太電信股份有限公司,4G,1721
臺北市,1100331,台灣大哥大股份有限公司,4G,61
臺北市,1100331,台灣之星電信股份有限公司,4G,1810
臺北市,1100331,中華電信股份有限公司,4G,2678
臺北市,1100331,中華電信股份有限公司,4G,157
臺北市,1100331,台灣之星電信股份有限公司,4G,38
臺北市,1100331,遠傳電信股份有限公司,4G,2857
臺北市,1100331,亞太電信股份有限公司,4G,1533
臺北市,1100331,台灣大哥大股份有限公司,4G,2575
臺東縣,1100331,中華電信股份有限公司,4G,624
臺東縣,1100331,台灣之星電信股份有限公司,4G,280
臺東縣,1100331,亞太電信股份有限公司,4G,137
臺東縣,1100331,遠傳電信股份有限公司,4G,407
臺東縣,1100331,台灣大哥大股份有限公司,4G,422
臺南市,1100331,台灣之星電信股份有限公司,4G,1285
臺南市,1100331,台灣大哥大股份有限公司,4G,1554
臺南市,1100331,亞太電信股份有限公司,4G,831
臺南市,1100331,遠傳電信股份有限公司,4G,1450
臺南市,1100331,中華電信股份有限公司,4G,2045
澎湖縣,1100331,亞太電信股份有限公司,4G,44
澎湖縣,1100331,台灣大哥大股份有限公司,4G,171
澎湖縣,1100331,台灣之星電信股份有限公司,4G,74
澎湖縣,1100331,遠傳電信股份有限公司,4G,160
澎湖縣,1100331,中華電信股份有限公司,4G,191
宜蘭縣,1100228,中華電信股份有限公司,4G,44
宜蘭縣,1100228,中華電信股份有限公司,4G,953
宜蘭縣,1100228,亞太電信股份有限公司,4G,2
宜蘭縣,1100228,台灣之星電信股份有限公司,4G,414
宜蘭縣,1100228,亞太電信股份有限公司,4G,187
宜蘭縣,1100228,台灣大哥大股份有限公司,4G,621
宜蘭縣,1100228,台灣大哥大股份有限公司,4G,1
宜蘭縣,1100228,遠傳電信股份有限公司,4G,574
宜蘭縣,1100228,台灣之星電信股份有限公司,4G,10
花蓮縣,1100228,中華電信股份有限公司,4G,17
花蓮縣,1100228,亞太電信股份有限公司,4G,181
花蓮縣,1100228,遠傳電信股份有限公司,4G,661
花蓮縣,1100228,中華電信股份有限公司,4G,928
花蓮縣,1100228,台灣之星電信股份有限公司,4G,420
花蓮縣,1100228,台灣大哥大股份有限公司,4G,693
花蓮縣,1100228,台灣大哥大股份有限公司,4G,8
花蓮縣,1100228,亞太電信股份有限公司,4G,2
花蓮縣,1100228,台灣之星電信股份有限公司,4G,5
金門縣,1100228,中華電信股份有限公司,4G,252
金門縣,1100228,遠傳電信股份有限公司,4G,139
金門縣,1100228,台灣之星電信股份有限公司,4G,47
金門縣,1100228,台灣大哥大股份有限公司,4G,126
金門縣,1100228,亞太電信股份有限公司,4G,36
南投縣,1100228,台灣大哥大股份有限公司,4G,793
南投縣,1100228,亞太電信股份有限公司,4G,348
南投縣,1100228,中華電信股份有限公司,4G,1193
南投縣,1100228,台灣之星電信股份有限公司,4G,505
南投縣,1100228,遠傳電信股份有限公司,4G,877
屏東縣,1100228,中華電信股份有限公司,4G,1054
屏東縣,1100228,遠傳電信股份有限公司,4G,5
屏東縣,1100228,亞太電信股份有限公司,4G,503
屏東縣,1100228,台灣大哥大股份有限公司,4G,890
屏東縣,1100228,台灣之星電信股份有限公司,4G,691
屏東縣,1100228,遠傳電信股份有限公司,4G,1003
苗栗縣,1100228,中華電信股份有限公司,4G,1
苗栗縣,1100228,台灣大哥大股份有限公司,4G,828
苗栗縣,1100228,台灣之星電信股份有限公司,4G,487
苗栗縣,1100228,亞太電信股份有限公司,4G,383
苗栗縣,1100228,中華電信股份有限公司,4G,1287
苗栗縣,1100228,遠傳電信股份有限公司,4G,958
桃園市,1100228,中華電信股份有限公司,4G,42
桃園市,1100228,中華電信股份有限公司,4G,2056
桃園市,1100228,亞太電信股份有限公司,4G,1027
桃園市,1100228,遠傳電信股份有限公司,4G,1937
桃園市,1100228,台灣之星電信股份有限公司,4G,9
桃園市,1100228,台灣大哥大股份有限公司,4G,17
桃園市,1100228,台灣之星電信股份有限公司,4G,1501
桃園市,1100228,台灣大哥大股份有限公司,4G,1865
桃園市,1100228,亞太電信股份有限公司,4G,6
高雄市,1100228,台灣大哥大股份有限公司,4G,2320
高雄市,1100228,台灣之星電信股份有限公司,4G,1933
高雄市,1100228,中華電信股份有限公司,4G,1
高雄市,1100228,遠傳電信股份有限公司,4G,20
高雄市,1100228,中華電信股份有限公司,4G,2978
高雄市,1100228,亞太電信股份有限公司,4G,1243
高雄市,1100228,遠傳電信股份有限公司,4G,2244
基隆市,1100228,遠傳電信股份有限公司,4G,343
基隆市,1100228,中華電信股份有限公司,4G,55
基隆市,1100228,台灣大哥大股份有限公司,4G,272
基隆市,1100228,中華電信股份有限公司,4G,337
基隆市,1100228,亞太電信股份有限公司,4G,4
基隆市,1100228,台灣之星電信股份有限公司,4G,223
基隆市,1100228,台灣之星電信股份有限公司,4G,2
基隆市,1100228,亞太電信股份有限公司,4G,226
連江縣,1100228,中華電信股份有限公司,4G,92
連江縣,1100228,台灣之星電信股份有限公司,4G,20
連江縣,1100228,台灣之星電信股份有限公司,4G,1
連江縣,1100228,台灣大哥大股份有限公司,4G,42
連江縣,1100228,亞太電信股份有限公司,4G,20
連江縣,1100228,遠傳電信股份有限公司,4G,44
雲林縣,1100228,遠傳電信股份有限公司,4G,715
雲林縣,1100228,亞太電信股份有限公司,4G,294
雲林縣,1100228,中華電信股份有限公司,4G,1258
雲林縣,1100228,台灣大哥大股份有限公司,4G,706
雲林縣,1100228,中華電信股份有限公司,4G,1
雲林縣,1100228,台灣之星電信股份有限公司,4G,445
新北市,1100228,台灣之星電信股份有限公司,4G,16
新北市,1100228,中華電信股份有限公司,4G,2892
新北市,1100228,中華電信股份有限公司,4G,369
新北市,1100228,台灣大哥大股份有限公司,4G,2599
新北市,1100228,亞太電信股份有限公司,4G,1572
新北市,1100228,亞太電信股份有限公司,4G,12
新北市,1100228,台灣大哥大股份有限公司,4G,59
新北市,1100228,台灣之星電信股份有限公司,4G,2292
新北市,1100228,遠傳電信股份有限公司,4G,2580
新竹市,1100228,台灣之星電信股份有限公司,4G,363
新竹市,1100228,亞太電信股份有限公司,4G,185
新竹市,1100228,台灣大哥大股份有限公司,4G,386
新竹市,1100228,中華電信股份有限公司,4G,611
新竹市,1100228,遠傳電信股份有限公司,4G,549
新竹市,1100228,台灣之星電信股份有限公司,4G,1
新竹縣,1100228,中華電信股份有限公司,4G,1006
新竹縣,1100228,台灣大哥大股份有限公司,4G,6
新竹縣,1100228,遠傳電信股份有限公司,4G,684
新竹縣,1100228,台灣大哥大股份有限公司,4G,675
新竹縣,1100228,台灣之星電信股份有限公司,4G,517
新竹縣,1100228,亞太電信股份有限公司,4G,282
嘉義市,1100228,遠傳電信股份有限公司,4G,204
嘉義市,1100228,台灣大哥大股份有限公司,4G,260
嘉義市,1100228,亞太電信股份有限公司,4G,125
嘉義市,1100228,中華電信股份有限公司,4G,334
嘉義市,1100228,台灣之星電信股份有限公司,4G,167
嘉義縣,1100228,台灣大哥大股份有限公司,4G,495
嘉義縣,1100228,台灣之星電信股份有限公司,4G,358
嘉義縣,1100228,中華電信股份有限公司,4G,946
嘉義縣,1100228,遠傳電信股份有限公司,4G,561
嘉義縣,1100228,遠傳電信股份有限公司,4G,2
嘉義縣,1100228,亞太電信股份有限公司,4G,242
彰化縣,1100228,中華電信股份有限公司,4G,1805
彰化縣,1100228,台灣大哥大股份有限公司,4G,1143
彰化縣,1100228,亞太電信股份有限公司,4G,489
彰化縣,1100228,遠傳電信股份有限公司,4G,1094
彰化縣,1100228,台灣之星電信股份有限公司,4G,685
臺中市,1100228,台灣大哥大股份有限公司,4G,3142
臺中市,1100228,中華電信股份有限公司,4G,4819
臺中市,1100228,台灣之星電信股份有限公司,4G,2106
臺中市,1100228,亞太電信股份有限公司,4G,1672
臺中市,1100228,中華電信股份有限公司,4G,5
臺中市,1100228,遠傳電信股份有限公司,4G,3277
臺北市,1100228,台灣之星電信股份有限公司,4G,38
臺北市,1100228,台灣大哥大股份有限公司,4G,61
臺北市,1100228,中華電信股份有限公司,4G,2678
臺北市,1100228,中華電信股份有限公司,4G,244
臺北市,1100228,亞太電信股份有限公司,4G,1538
臺北市,1100228,遠傳電信股份有限公司,4G,2857
臺北市,1100228,亞太電信股份有限公司,4G,13
臺北市,1100228,台灣大哥大股份有限公司,4G,2575
臺北市,1100228,台灣之星電信股份有限公司,4G,1810
臺東縣,1100228,中華電信股份有限公司,4G,624
臺東縣,1100228,遠傳電信股份有限公司,4G,407
臺東縣,1100228,亞太電信股份有限公司,4G,137
臺東縣,1100228,台灣大哥大股份有限公司,4G,428
臺東縣,1100228,台灣之星電信股份有限公司,4G,280
臺東縣,1100228,遠傳電信股份有限公司,4G,1
臺南市,1100228,亞太電信股份有限公司,4G,831
臺南市,1100228,台灣之星電信股份有限公司,4G,1286
臺南市,1100228,遠傳電信股份有限公司,4G,11
臺南市,1100228,中華電信股份有限公司,4G,2045
臺南市,1100228,遠傳電信股份有限公司,4G,1450
臺南市,1100228,台灣大哥大股份有限公司,4G,1554
澎湖縣,1100228,亞太電信股份有限公司,4G,44
澎湖縣,1100228,遠傳電信股份有限公司,4G,160
澎湖縣,1100228,台灣大哥大股份有限公司,4G,171
澎湖縣,1100228,中華電信股份有限公司,4G,191
澎湖縣,1100228,台灣之星電信股份有限公司,4G,74
宜蘭縣,1100131,亞太電信股份有限公司,4G,2
宜蘭縣,1100131,遠傳電信股份有限公司,4G,574
宜蘭縣,1100131,台灣大哥大股份有限公司,4G,1
宜蘭縣,1100131,台灣之星電信股份有限公司,4G,414
宜蘭縣,1100131,中華電信股份有限公司,4G,653
宜蘭縣,1100131,中華電信股份有限公司,4G,344
宜蘭縣,1100131,台灣大哥大股份有限公司,4G,621
宜蘭縣,1100131,亞太電信股份有限公司,4G,187
宜蘭縣,1100131,台灣之星電信股份有限公司,4G,10
花蓮縣,1100131,台灣大哥大股份有限公司,4G,8
花蓮縣,1100131,中華電信股份有限公司,4G,285
花蓮縣,1100131,中華電信股份有限公司,4G,660
花蓮縣,1100131,遠傳電信股份有限公司,4G,661
花蓮縣,1100131,亞太電信股份有限公司,4G,181
花蓮縣,1100131,亞太電信股份有限公司,4G,2
花蓮縣,1100131,台灣大哥大股份有限公司,4G,693
花蓮縣,1100131,台灣之星電信股份有限公司,4G,420
花蓮縣,1100131,台灣之星電信股份有限公司,4G,5
金門縣,1100131,中華電信股份有限公司,4G,250
金門縣,1100131,台灣之星電信股份有限公司,4G,47
金門縣,1100131,台灣大哥大股份有限公司,4G,126
金門縣,1100131,亞太電信股份有限公司,4G,36
金門縣,1100131,遠傳電信股份有限公司,4G,139
南投縣,1100131,中華電信股份有限公司,4G,1091
南投縣,1100131,中華電信股份有限公司,4G,102
南投縣,1100131,亞太電信股份有限公司,4G,348
南投縣,1100131,台灣大哥大股份有限公司,4G,793
南投縣,1100131,台灣之星電信股份有限公司,4G,505
南投縣,1100131,遠傳電信股份有限公司,4G,877
屏東縣,1100131,台灣之星電信股份有限公司,4G,690
屏東縣,1100131,遠傳電信股份有限公司,4G,449
屏東縣,1100131,中華電信股份有限公司,4G,1050
屏東縣,1100131,台灣大哥大股份有限公司,4G,890
屏東縣,1100131,亞太電信股份有限公司,4G,503
屏東縣,1100131,遠傳電信股份有限公司,4G,559
苗栗縣,1100131,中華電信股份有限公司,4G,202
苗栗縣,1100131,遠傳電信股份有限公司,4G,958
苗栗縣,1100131,中華電信股份有限公司,4G,1086
苗栗縣,1100131,台灣大哥大股份有限公司,4G,828
苗栗縣,1100131,台灣之星電信股份有限公司,4G,487
苗栗縣,1100131,亞太電信股份有限公司,4G,383
桃園市,1100131,台灣大哥大股份有限公司,4G,1865
桃園市,1100131,亞太電信股份有限公司,4G,6
桃園市,1100131,中華電信股份有限公司,4G,1250
桃園市,1100131,中華電信股份有限公司,4G,848
桃園市,1100131,亞太電信股份有限公司,4G,1027
桃園市,1100131,台灣之星電信股份有限公司,4G,1501
桃園市,1100131,台灣大哥大股份有限公司,4G,17
桃園市,1100131,遠傳電信股份有限公司,4G,1937
桃園市,1100131,台灣之星電信股份有限公司,4G,9
高雄市,1100131,台灣之星電信股份有限公司,4G,1933
高雄市,1100131,遠傳電信股份有限公司,4G,1280
高雄市,1100131,台灣大哥大股份有限公司,4G,2320
高雄市,1100131,中華電信股份有限公司,4G,1
高雄市,1100131,亞太電信股份有限公司,4G,1245
高雄市,1100131,中華電信股份有限公司,4G,2969
高雄市,1100131,遠傳電信股份有限公司,4G,984
基隆市,1100131,台灣大哥大股份有限公司,4G,272
基隆市,1100131,亞太電信股份有限公司,4G,4
基隆市,1100131,中華電信股份有限公司,4G,209
基隆市,1100131,台灣之星電信股份有限公司,4G,2
基隆市,1100131,遠傳電信股份有限公司,4G,343
基隆市,1100131,中華電信股份有限公司,4G,183
基隆市,1100131,台灣之星電信股份有限公司,4G,223
基隆市,1100131,亞太電信股份有限公司,4G,226
連江縣,1100131,中華電信股份有限公司,4G,37
連江縣,1100131,中華電信股份有限公司,4G,55
連江縣,1100131,台灣之星電信股份有限公司,4G,1
連江縣,1100131,亞太電信股份有限公司,4G,20
連江縣,1100131,台灣之星電信股份有限公司,4G,20
連江縣,1100131,台灣大哥大股份有限公司,4G,42
連江縣,1100131,遠傳電信股份有限公司,4G,44
雲林縣,1100131,中華電信股份有限公司,4G,1117
雲林縣,1100131,台灣大哥大股份有限公司,4G,706
雲林縣,1100131,台灣之星電信股份有限公司,4G,445
雲林縣,1100131,遠傳電信股份有限公司,4G,714
雲林縣,1100131,中華電信股份有限公司,4G,142
雲林縣,1100131,亞太電信股份有限公司,4G,294
新北市,1100131,台灣之星電信股份有限公司,4G,16
新北市,1100131,台灣大哥大股份有限公司,4G,59
新北市,1100131,亞太電信股份有限公司,4G,12
新北市,1100131,遠傳電信股份有限公司,4G,2580
新北市,1100131,台灣之星電信股份有限公司,4G,2292
新北市,1100131,台灣大哥大股份有限公司,4G,2599
新北市,1100131,中華電信股份有限公司,4G,1411
新北市,1100131,中華電信股份有限公司,4G,1850
新北市,1100131,亞太電信股份有限公司,4G,1572
新竹市,1100131,台灣之星電信股份有限公司,4G,1
新竹市,1100131,亞太電信股份有限公司,4G,185
新竹市,1100131,遠傳電信股份有限公司,4G,549
新竹市,1100131,台灣之星電信股份有限公司,4G,363
新竹市,1100131,中華電信股份有限公司,4G,611
新竹市,1100131,台灣大哥大股份有限公司,4G,386
新竹縣,1100131,台灣大哥大股份有限公司,4G,675
新竹縣,1100131,遠傳電信股份有限公司,4G,684
新竹縣,1100131,中華電信股份有限公司,4G,1006
新竹縣,1100131,台灣之星電信股份有限公司,4G,517
新竹縣,1100131,台灣大哥大股份有限公司,4G,6
新竹縣,1100131,亞太電信股份有限公司,4G,282
嘉義市,1100131,台灣之星電信股份有限公司,4G,167
嘉義市,1100131,台灣大哥大股份有限公司,4G,260
嘉義市,1100131,遠傳電信股份有限公司,4G,96
嘉義市,1100131,亞太電信股份有限公司,4G,126
嘉義市,1100131,遠傳電信股份有限公司,4G,108
嘉義市,1100131,中華電信股份有限公司,4G,334
嘉義縣,1100131,台灣之星電信股份有限公司,4G,356
嘉義縣,1100131,中華電信股份有限公司,4G,942
嘉義縣,1100131,遠傳電信股份有限公司,4G,305
嘉義縣,1100131,亞太電信股份有限公司,4G,242
嘉義縣,1100131,遠傳電信股份有限公司,4G,258
嘉義縣,1100131,台灣大哥大股份有限公司,4G,495
彰化縣,1100131,台灣之星電信股份有限公司,4G,685
彰化縣,1100131,台灣大哥大股份有限公司,4G,1143
彰化縣,1100131,中華電信股份有限公司,4G,1525
彰化縣,1100131,中華電信股份有限公司,4G,280
彰化縣,1100131,亞太電信股份有限公司,4G,489
彰化縣,1100131,遠傳電信股份有限公司,4G,1089
臺中市,1100131,台灣大哥大股份有限公司,4G,3142
臺中市,1100131,中華電信股份有限公司,4G,649
臺中市,1100131,中華電信股份有限公司,4G,4174
臺中市,1100131,台灣之星電信股份有限公司,4G,2106
臺中市,1100131,亞太電信股份有限公司,4G,1672
臺中市,1100131,遠傳電信股份有限公司,4G,3274
臺北市,1100131,台灣大哥大股份有限公司,4G,61
臺北市,1100131,台灣之星電信股份有限公司,4G,38
臺北市,1100131,台灣之星電信股份有限公司,4G,1810
臺北市,1100131,亞太電信股份有限公司,4G,13
臺北市,1100131,中華電信股份有限公司,4G,1244
臺北市,1100131,中華電信股份有限公司,4G,1678
臺北市,1100131,台灣大哥大股份有限公司,4G,2575
臺北市,1100131,亞太電信股份有限公司,4G,1538
臺北市,1100131,遠傳電信股份有限公司,4G,2857
臺東縣,1100131,亞太電信股份有限公司,4G,137
臺東縣,1100131,台灣之星電信股份有限公司,4G,280
臺東縣,1100131,中華電信股份有限公司,4G,623
臺東縣,1100131,台灣大哥大股份有限公司,4G,428
臺東縣,1100131,遠傳電信股份有限公司,4G,185
臺東縣,1100131,遠傳電信股份有限公司,4G,223
臺南市,1100131,台灣之星電信股份有限公司,4G,1281
臺南市,1100131,台灣大哥大股份有限公司,4G,1554
臺南市,1100131,遠傳電信股份有限公司,4G,650
臺南市,1100131,中華電信股份有限公司,4G,2041
臺南市,1100131,遠傳電信股份有限公司,4G,811
臺南市,1100131,亞太電信股份有限公司,4G,832
澎湖縣,1100131,中華電信股份有限公司,4G,191
澎湖縣,1100131,遠傳電信股份有限公司,4G,59
澎湖縣,1100131,台灣大哥大股份有限公司,4G,171
澎湖縣,1100131,亞太電信股份有限公司,4G,44
澎湖縣,1100131,台灣之星電信股份有限公司,4G,74
澎湖縣,1100131,遠傳電信股份有限公司,4G,101
宜蘭縣,1091231,中華電信股份有限公司,4G,234
宜蘭縣,1091231,中華電信股份有限公司,5G,15
宜蘭縣,1091231,台灣大哥大股份有限公司,4G,621
宜蘭縣,1091231,亞太電信股份有限公司,4G,187
宜蘭縣,1091231,台灣大哥大股份有限公司,4G,1
宜蘭縣,1091231,台灣大哥大股份有限公司,5G,86
宜蘭縣,1091231,遠傳電信股份有限公司,4G,574
宜蘭縣,1091231,中華電信股份有限公司,4G,764
宜蘭縣,1091231,亞太電信股份有限公司,4G,2
宜蘭縣,1091231,台灣之星電信股份有限公司,4G,10
宜蘭縣,1091231,遠傳電信股份有限公司,5G,36
宜蘭縣,1091231,台灣之星電信股份有限公司,5G,6
宜蘭縣,1091231,台灣之星電信股份有限公司,4G,411
花蓮縣,1091231,中華電信股份有限公司,4G,741
花蓮縣,1091231,中華電信股份有限公司,5G,18
花蓮縣,1091231,中華電信股份有限公司,4G,204
花蓮縣,1091231,台灣之星電信股份有限公司,4G,390
花蓮縣,1091231,台灣之星電信股份有限公司,5G,1
花蓮縣,1091231,台灣大哥大股份有限公司,4G,8
花蓮縣,1091231,台灣大哥大股份有限公司,4G,693
花蓮縣,1091231,台灣大哥大股份有限公司,5G,55
花蓮縣,1091231,亞太電信股份有限公司,4G,2
花蓮縣,1091231,亞太電信股份有限公司,4G,181
花蓮縣,1091231,遠傳電信股份有限公司,5G,62
花蓮縣,1091231,台灣之星電信股份有限公司,4G,5
花蓮縣,1091231,遠傳電信股份有限公司,4G,661
金門縣,1091231,中華電信股份有限公司,5G,4
金門縣,1091231,台灣大哥大股份有限公司,4G,126
金門縣,1091231,台灣大哥大股份有限公司,5G,7
金門縣,1091231,台灣之星電信股份有限公司,4G,45
金門縣,1091231,台灣之星電信股份有限公司,4G,3
金門縣,1091231,中華電信股份有限公司,4G,5
金門縣,1091231,遠傳電信股份有限公司,5G,3
金門縣,1091231,亞太電信股份有限公司,4G,36
金門縣,1091231,亞太電信股份有限公司,5G,2
金門縣,1091231,中華電信股份有限公司,4G,252
金門縣,1091231,遠傳電信股份有限公司,4G,139
金門縣,1091231,亞太電信股份有限公司,4G,1
南投縣,1091231,中華電信股份有限公司,4G,564
南投縣,1091231,台灣之星電信股份有限公司,5G,4
南投縣,1091231,中華電信股份有限公司,4G,629
南投縣,1091231,台灣大哥大股份有限公司,5G,68
南投縣,1091231,亞太電信股份有限公司,5G,14
南投縣,1091231,中華電信股份有限公司,5G,41
南投縣,1091231,台灣大哥大股份有限公司,4G,793
南投縣,1091231,遠傳電信股份有限公司,4G,873
南投縣,1091231,台灣之星電信股份有限公司,4G,1
南投縣,1091231,台灣之星電信股份有限公司,4G,475
南投縣,1091231,亞太電信股份有限公司,4G,348
南投縣,1091231,遠傳電信股份有限公司,5G,106
屏東縣,1091231,台灣之星電信股份有限公司,5G,3
屏東縣,1091231,中華電信股份有限公司,5G,39
屏東縣,1091231,台灣之星電信股份有限公司,4G,671
屏東縣,1091231,中華電信股份有限公司,4G,1025
屏東縣,1091231,台灣大哥大股份有限公司,5G,60
屏東縣,1091231,遠傳電信股份有限公司,4G,981
屏東縣,1091231,中華電信股份有限公司,4G,38
屏東縣,1091231,台灣大哥大股份有限公司,4G,890
屏東縣,1091231,亞太電信股份有限公司,4G,22
屏東縣,1091231,遠傳電信股份有限公司,5G,35
屏東縣,1091231,遠傳電信股份有限公司,4G,27
屏東縣,1091231,台灣之星電信股份有限公司,4G,9
屏東縣,1091231,亞太電信股份有限公司,4G,503
屏東縣,1091231,亞太電信股份有限公司,5G,39
苗栗縣,1091231,中華電信股份有限公司,5G,43
苗栗縣,1091231,台灣之星電信股份有限公司,4G,478
苗栗縣,1091231,台灣大哥大股份有限公司,4G,828
苗栗縣,1091231,中華電信股份有限公司,4G,811
苗栗縣,1091231,台灣之星電信股份有限公司,4G,1
苗栗縣,1091231,亞太電信股份有限公司,5G,50
苗栗縣,1091231,亞太電信股份有限公司,4G,383
苗栗縣,1091231,中華電信股份有限公司,4G,477
苗栗縣,1091231,遠傳電信股份有限公司,4G,956
苗栗縣,1091231,台灣之星電信股份有限公司,5G,3
苗栗縣,1091231,台灣大哥大股份有限公司,5G,38
苗栗縣,1091231,遠傳電信股份有限公司,5G,158
桃園市,1091231,中華電信股份有限公司,5G,160
桃園市,1091231,遠傳電信股份有限公司,4G,1937
桃園市,1091231,台灣之星電信股份有限公司,5G,31
桃園市,1091231,中華電信股份有限公司,4G,543
桃園市,1091231,台灣之星電信股份有限公司,4G,1500
桃園市,1091231,台灣大哥大股份有限公司,4G,17
桃園市,1091231,台灣大哥大股份有限公司,4G,1865
桃園市,1091231,中華電信股份有限公司,4G,1555
桃園市,1091231,台灣之星電信股份有限公司,4G,9
桃園市,1091231,亞太電信股份有限公司,4G,6
桃園市,1091231,台灣大哥大股份有限公司,5G,354
桃園市,1091231,亞太電信股份有限公司,4G,1027
桃園市,1091231,遠傳電信股份有限公司,5G,261
高雄市,1091231,台灣之星電信股份有限公司,4G,126
高雄市,1091231,中華電信股份有限公司,4G,111
高雄市,1091231,中華電信股份有限公司,4G,2963
高雄市,1091231,亞太電信股份有限公司,4G,129
高雄市,1091231,台灣大哥大股份有限公司,5G,558
高雄市,1091231,遠傳電信股份有限公司,5G,629
高雄市,1091231,中華電信股份有限公司,5G,349
高雄市,1091231,台灣大哥大股份有限公司,4G,2320
高雄市,1091231,台灣之星電信股份有限公司,5G,113
高雄市,1091231,台灣之星電信股份有限公司,4G,1925
高雄市,1091231,亞太電信股份有限公司,5G,79
高雄市,1091231,遠傳電信股份有限公司,4G,53
高雄市,1091231,遠傳電信股份有限公司,4G,2211
高雄市,1091231,亞太電信股份有限公司,4G,1246
基隆市,1091231,中華電信股份有限公司,4G,320
基隆市,1091231,台灣之星電信股份有限公司,4G,2
基隆市,1091231,台灣之星電信股份有限公司,5G,17
基隆市,1091231,中華電信股份有限公司,4G,72
基隆市,1091231,亞太電信股份有限公司,4G,4
基隆市,1091231,台灣之星電信股份有限公司,4G,222
基隆市,1091231,亞太電信股份有限公司,4G,226
基隆市,1091231,中華電信股份有限公司,5G,18
基隆市,1091231,遠傳電信股份有限公司,5G,13
基隆市,1091231,台灣大哥大股份有限公司,4G,272
基隆市,1091231,台灣大哥大股份有限公司,5G,46
基隆市,1091231,遠傳電信股份有限公司,4G,343
連江縣,1091231,中華電信股份有限公司,4G,15
連江縣,1091231,中華電信股份有限公司,5G,1
連江縣,1091231,遠傳電信股份有限公司,4G,44
連江縣,1091231,台灣大哥大股份有限公司,4G,42
連江縣,1091231,亞太電信股份有限公司,4G,20
連江縣,1091231,中華電信股份有限公司,4G,77
連江縣,1091231,台灣之星電信股份有限公司,4G,17
連江縣,1091231,台灣之星電信股份有限公司,4G,1
雲林縣,1091231,台灣大哥大股份有限公司,4G,706
雲林縣,1091231,中華電信股份有限公司,4G,468
雲林縣,1091231,遠傳電信股份有限公司,4G,709
雲林縣,1091231,中華電信股份有限公司,4G,790
雲林縣,1091231,亞太電信股份有限公司,4G,294
雲林縣,1091231,台灣大哥大股份有限公司,5G,55
雲林縣,1091231,台灣之星電信股份有限公司,4G,445
雲林縣,1091231,中華電信股份有限公司,5G,53
雲林縣,1091231,亞太電信股份有限公司,5G,12
雲林縣,1091231,遠傳電信股份有限公司,5G,49
新北市,1091231,中華電信股份有限公司,5G,262
新北市,1091231,中華電信股份有限公司,4G,586
新北市,1091231,台灣之星電信股份有限公司,5G,154
新北市,1091231,台灣之星電信股份有限公司,4G,16
新北市,1091231,台灣大哥大股份有限公司,5G,517
新北市,1091231,中華電信股份有限公司,4G,2675
新北市,1091231,亞太電信股份有限公司,4G,1572
新北市,1091231,台灣大哥大股份有限公司,4G,59
新北市,1091231,台灣之星電信股份有限公司,4G,2284
新北市,1091231,亞太電信股份有限公司,4G,12
新北市,1091231,台灣大哥大股份有限公司,4G,2599
新北市,1091231,遠傳電信股份有限公司,4G,2580
新北市,1091231,遠傳電信股份有限公司,5G,592
新竹市,1091231,亞太電信股份有限公司,4G,185
新竹市,1091231,中華電信股份有限公司,4G,608
新竹市,1091231,台灣之星電信股份有限公司,4G,363
新竹市,1091231,台灣之星電信股份有限公司,5G,34
新竹市,1091231,台灣大哥大股份有限公司,5G,73
新竹市,1091231,台灣之星電信股份有限公司,4G,1
新竹市,1091231,中華電信股份有限公司,5G,76
新竹市,1091231,遠傳電信股份有限公司,4G,548
新竹市,1091231,遠傳電信股份有限公司,4G,1
新竹市,1091231,遠傳電信股份有限公司,5G,46
新竹市,1091231,台灣大哥大股份有限公司,4G,386
新竹縣,1091231,台灣大哥大股份有限公司,5G,27
新竹縣,1091231,遠傳電信股份有限公司,4G,684
新竹縣,1091231,中華電信股份有限公司,5G,9
新竹縣,1091231,中華電信股份有限公司,4G,998
新竹縣,1091231,台灣之星電信股份有限公司,5G,18
新竹縣,1091231,台灣大哥大股份有限公司,4G,6
新竹縣,1091231,台灣大哥大股份有限公司,4G,675
新竹縣,1091231,台灣之星電信股份有限公司,4G,516
新竹縣,1091231,遠傳電信股份有限公司,5G,108
新竹縣,1091231,亞太電信股份有限公司,4G,282
嘉義市,1091231,台灣大哥大股份有限公司,5G,44
嘉義市,1091231,台灣大哥大股份有限公司,4G,260
嘉義市,1091231,亞太電信股份有限公司,4G,15
嘉義市,1091231,台灣之星電信股份有限公司,4G,9
嘉義市,1091231,中華電信股份有限公司,4G,331
嘉義市,1091231,中華電信股份有限公司,4G,9
嘉義市,1091231,遠傳電信股份有限公司,4G,194
嘉義市,1091231,亞太電信股份有限公司,4G,126
嘉義市,1091231,中華電信股份有限公司,5G,49
嘉義市,1091231,遠傳電信股份有限公司,4G,10
嘉義市,1091231,台灣之星電信股份有限公司,5G,4
嘉義市,1091231,遠傳電信股份有限公司,5G,56
嘉義市,1091231,台灣之星電信股份有限公司,4G,167
嘉義市,1091231,亞太電信股份有限公司,5G,6
嘉義縣,1091231,亞太電信股份有限公司,4G,242
嘉義縣,1091231,中華電信股份有限公司,5G,45
嘉義縣,1091231,台灣大哥大股份有限公司,4G,495
嘉義縣,1091231,中華電信股份有限公司,4G,945
嘉義縣,1091231,遠傳電信股份有限公司,5G,12
嘉義縣,1091231,台灣之星電信股份有限公司,4G,354
嘉義縣,1091231,中華電信股份有限公司,4G,26
嘉義縣,1091231,亞太電信股份有限公司,5G,13
嘉義縣,1091231,台灣之星電信股份有限公司,4G,4
嘉義縣,1091231,亞太電信股份有限公司,4G,7
嘉義縣,1091231,台灣大哥大股份有限公司,5G,40
嘉義縣,1091231,遠傳電信股份有限公司,4G,28
嘉義縣,1091231,遠傳電信股份有限公司,4G,535
彰化縣,1091231,中華電信股份有限公司,4G,681
彰化縣,1091231,亞太電信股份有限公司,5G,33
彰化縣,1091231,中華電信股份有限公司,5G,121
彰化縣,1091231,台灣大哥大股份有限公司,5G,160
彰化縣,1091231,遠傳電信股份有限公司,5G,70
彰化縣,1091231,中華電信股份有限公司,4G,1127
彰化縣,1091231,遠傳電信股份有限公司,4G,1085
彰化縣,1091231,台灣之星電信股份有限公司,4G,685
彰化縣,1091231,台灣大哥大股份有限公司,4G,1143
彰化縣,1091231,台灣之星電信股份有限公司,5G,14
彰化縣,1091231,亞太電信股份有限公司,4G,489
臺中市,1091231,中華電信股份有限公司,5G,460
臺中市,1091231,台灣大哥大股份有限公司,4G,3142
臺中市,1091231,台灣大哥大股份有限公司,5G,670
臺中市,1091231,台灣之星電信股份有限公司,5G,119
臺中市,1091231,亞太電信股份有限公司,4G,1671
臺中市,1091231,中華電信股份有限公司,4G,1913
臺中市,1091231,台灣之星電信股份有限公司,4G,2094
臺中市,1091231,中華電信股份有限公司,4G,2911
臺中市,1091231,亞太電信股份有限公司,5G,136
臺中市,1091231,亞太電信股份有限公司,4G,1
臺中市,1091231,遠傳電信股份有限公司,4G,3259
臺中市,1091231,遠傳電信股份有限公司,5G,846
臺北市,1091231,亞太電信股份有限公司,4G,13
臺北市,1091231,台灣大哥大股份有限公司,4G,2575
臺北市,1091231,遠傳電信股份有限公司,4G,2857
臺北市,1091231,台灣大哥大股份有限公司,5G,493
臺北市,1091231,中華電信股份有限公司,4G,530
臺北市,1091231,台灣之星電信股份有限公司,4G,1806
臺北市,1091231,中華電信股份有限公司,4G,2392
臺北市,1091231,台灣之星電信股份有限公司,4G,38
臺北市,1091231,遠傳電信股份有限公司,5G,893
臺北市,1091231,亞太電信股份有限公司,4G,1538
臺北市,1091231,中華電信股份有限公司,5G,352
臺北市,1091231,台灣之星電信股份有限公司,5G,195
臺北市,1091231,台灣大哥大股份有限公司,4G,61
臺東縣,1091231,台灣之星電信股份有限公司,4G,5
臺東縣,1091231,台灣之星電信股份有限公司,5G,2
臺東縣,1091231,遠傳電信股份有限公司,4G,20
臺東縣,1091231,中華電信股份有限公司,4G,607
臺東縣,1091231,中華電信股份有限公司,5G,17
臺東縣,1091231,亞太電信股份有限公司,5G,14
臺東縣,1091231,中華電信股份有限公司,4G,18
臺東縣,1091231,遠傳電信股份有限公司,5G,10
臺東縣,1091231,亞太電信股份有限公司,4G,3
臺東縣,1091231,台灣大哥大股份有限公司,4G,428
臺東縣,1091231,台灣大哥大股份有限公司,5G,6
臺東縣,1091231,遠傳電信股份有限公司,4G,388
臺東縣,1091231,台灣之星電信股份有限公司,4G,268
臺東縣,1091231,亞太電信股份有限公司,4G,137
臺南市,1091231,亞太電信股份有限公司,5G,55
臺南市,1091231,中華電信股份有限公司,5G,243
臺南市,1091231,中華電信股份有限公司,4G,106
臺南市,1091231,中華電信股份有限公司,4G,1995
臺南市,1091231,台灣之星電信股份有限公司,4G,1278
臺南市,1091231,遠傳電信股份有限公司,4G,45
臺南市,1091231,亞太電信股份有限公司,4G,68
臺南市,1091231,台灣之星電信股份有限公司,4G,69
臺南市,1091231,亞太電信股份有限公司,4G,832
臺南市,1091231,遠傳電信股份有限公司,5G,151
臺南市,1091231,遠傳電信股份有限公司,4G,1416
臺南市,1091231,台灣大哥大股份有限公司,4G,1554
臺南市,1091231,台灣之星電信股份有限公司,5G,89
臺南市,1091231,台灣大哥大股份有限公司,5G,273
澎湖縣,1091231,遠傳電信股份有限公司,4G,9
澎湖縣,1091231,台灣大哥大股份有限公司,4G,171
澎湖縣,1091231,遠傳電信股份有限公司,4G,151
澎湖縣,1091231,台灣之星電信股份有限公司,4G,73
澎湖縣,1091231,台灣之星電信股份有限公司,4G,5
澎湖縣,1091231,中華電信股份有限公司,4G,187
澎湖縣,1091231,中華電信股份有限公司,4G,12
澎湖縣,1091231,台灣大哥大股份有限公司,5G,15
澎湖縣,1091231,亞太電信股份有限公司,4G,44
澎湖縣,1091231,中華電信股份有限公司,5G,2
澎湖縣,1091231,亞太電信股份有限公司,5G,6
宜蘭縣,1091130,台灣大哥大股份有限公司,4G,1
宜蘭縣,1091130,中華電信股份有限公司,4G,991
宜蘭縣,1091130,遠傳電信股份有限公司,4G,30
宜蘭縣,1091130,台灣之星電信股份有限公司,4G,184
宜蘭縣,1091130,遠傳電信股份有限公司,4G,528
宜蘭縣,1091130,台灣大哥大股份有限公司,4G,619
宜蘭縣,1091130,亞太電信股份有限公司,4G,187
宜蘭縣,1091130,台灣之星電信股份有限公司,4G,237
花蓮縣,1091130,台灣大哥大股份有限公司,4G,8
花蓮縣,1091130,亞太電信股份有限公司,4G,181
花蓮縣,1091130,台灣之星電信股份有限公司,4G,209
花蓮縣,1091130,中華電信股份有限公司,4G,1
花蓮縣,1091130,遠傳電信股份有限公司,4G,27
花蓮縣,1091130,中華電信股份有限公司,4G,935
花蓮縣,1091130,台灣大哥大股份有限公司,4G,682
花蓮縣,1091130,台灣之星電信股份有限公司,4G,178
花蓮縣,1091130,遠傳電信股份有限公司,4G,631
金門縣,1091130,遠傳電信股份有限公司,4G,130
金門縣,1091130,亞太電信股份有限公司,4G,37
金門縣,1091130,中華電信股份有限公司,4G,4
金門縣,1091130,中華電信股份有限公司,4G,252
金門縣,1091130,台灣大哥大股份有限公司,4G,123
金門縣,1091130,台灣之星電信股份有限公司,4G,48
南投縣,1091130,台灣之星電信股份有限公司,4G,1
南投縣,1091130,中華電信股份有限公司,4G,1126
南投縣,1091130,中華電信股份有限公司,4G,66
南投縣,1091130,台灣大哥大股份有限公司,4G,785
南投縣,1091130,亞太電信股份有限公司,4G,346
南投縣,1091130,台灣之星電信股份有限公司,4G,475
南投縣,1091130,遠傳電信股份有限公司,4G,873
屏東縣,1091130,台灣之星電信股份有限公司,4G,4
屏東縣,1091130,中華電信股份有限公司,4G,38
屏東縣,1091130,台灣大哥大股份有限公司,4G,880
屏東縣,1091130,台灣之星電信股份有限公司,4G,676
屏東縣,1091130,亞太電信股份有限公司,4G,522
屏東縣,1091130,中華電信股份有限公司,4G,1027
屏東縣,1091130,遠傳電信股份有限公司,4G,15
屏東縣,1091130,遠傳電信股份有限公司,4G,989
苗栗縣,1091130,台灣大哥大股份有限公司,4G,823
苗栗縣,1091130,遠傳電信股份有限公司,4G,955
苗栗縣,1091130,中華電信股份有限公司,4G,1271
苗栗縣,1091130,台灣之星電信股份有限公司,4G,456
苗栗縣,1091130,亞太電信股份有限公司,4G,380
苗栗縣,1091130,中華電信股份有限公司,4G,17
苗栗縣,1091130,遠傳電信股份有限公司,4G,1
桃園市,1091130,台灣大哥大股份有限公司,4G,1860
桃園市,1091130,亞太電信股份有限公司,4G,1027
桃園市,1091130,台灣之星電信股份有限公司,4G,9
桃園市,1091130,中華電信股份有限公司,4G,2056
桃園市,1091130,台灣之星電信股份有限公司,4G,1491
桃園市,1091130,遠傳電信股份有限公司,4G,52
桃園市,1091130,中華電信股份有限公司,4G,31
桃園市,1091130,遠傳電信股份有限公司,4G,1884
桃園市,1091130,台灣大哥大股份有限公司,4G,17
高雄市,1091130,遠傳電信股份有限公司,4G,2232
高雄市,1091130,亞太電信股份有限公司,4G,1293
高雄市,1091130,亞太電信股份有限公司,4G,81
高雄市,1091130,台灣大哥大股份有限公司,4G,2301
高雄市,1091130,中華電信股份有限公司,4G,2982
高雄市,1091130,中華電信股份有限公司,4G,100
高雄市,1091130,台灣之星電信股份有限公司,4G,22
高雄市,1091130,台灣之星電信股份有限公司,4G,2029
高雄市,1091130,遠傳電信股份有限公司,4G,31
基隆市,1091130,遠傳電信股份有限公司,4G,19
基隆市,1091130,中華電信股份有限公司,4G,389
基隆市,1091130,中華電信股份有限公司,4G,1
基隆市,1091130,台灣之星電信股份有限公司,4G,83
基隆市,1091130,台灣之星電信股份有限公司,4G,139
基隆市,1091130,亞太電信股份有限公司,4G,226
基隆市,1091130,遠傳電信股份有限公司,4G,324
基隆市,1091130,台灣大哥大股份有限公司,4G,270
連江縣,1091130,中華電信股份有限公司,4G,90
連江縣,1091130,亞太電信股份有限公司,4G,20
連江縣,1091130,台灣大哥大股份有限公司,4G,40
連江縣,1091130,遠傳電信股份有限公司,4G,44
連江縣,1091130,台灣之星電信股份有限公司,4G,8
連江縣,1091130,台灣之星電信股份有限公司,4G,10
雲林縣,1091130,台灣之星電信股份有限公司,4G,486
雲林縣,1091130,中華電信股份有限公司,4G,23
雲林縣,1091130,亞太電信股份有限公司,4G,293
雲林縣,1091130,台灣大哥大股份有限公司,4G,699
雲林縣,1091130,遠傳電信股份有限公司,4G,709
雲林縣,1091130,中華電信股份有限公司,4G,1236
新北市,1091130,中華電信股份有限公司,4G,3174
新北市,1091130,台灣大哥大股份有限公司,4G,59
新北市,1091130,台灣之星電信股份有限公司,4G,2034
新北市,1091130,台灣大哥大股份有限公司,4G,2582
新北市,1091130,遠傳電信股份有限公司,4G,23
新北市,1091130,亞太電信股份有限公司,4G,1
新北市,1091130,亞太電信股份有限公司,4G,1572
新北市,1091130,中華電信股份有限公司,4G,83
新北市,1091130,遠傳電信股份有限公司,4G,2544
新北市,1091130,台灣之星電信股份有限公司,4G,252
新竹市,1091130,中華電信股份有限公司,4G,2
新竹市,1091130,台灣之星電信股份有限公司,4G,1
新竹市,1091130,台灣大哥大股份有限公司,4G,386
新竹市,1091130,中華電信股份有限公司,4G,606
新竹市,1091130,亞太電信股份有限公司,4G,176
新竹市,1091130,台灣之星電信股份有限公司,4G,363
新竹市,1091130,遠傳電信股份有限公司,4G,20
新竹市,1091130,遠傳電信股份有限公司,4G,529
新竹縣,1091130,台灣之星電信股份有限公司,4G,514
新竹縣,1091130,遠傳電信股份有限公司,4G,665
新竹縣,1091130,台灣大哥大股份有限公司,4G,6
新竹縣,1091130,遠傳電信股份有限公司,4G,19
新竹縣,1091130,台灣大哥大股份有限公司,4G,675
新竹縣,1091130,中華電信股份有限公司,4G,998
新竹縣,1091130,亞太電信股份有限公司,4G,269
嘉義市,1091130,中華電信股份有限公司,4G,9
嘉義市,1091130,遠傳電信股份有限公司,4G,1
嘉義市,1091130,台灣之星電信股份有限公司,4G,1
嘉義市,1091130,中華電信股份有限公司,4G,333
嘉義市,1091130,台灣之星電信股份有限公司,4G,175
嘉義市,1091130,台灣大哥大股份有限公司,4G,260
嘉義市,1091130,遠傳電信股份有限公司,4G,203
嘉義市,1091130,亞太電信股份有限公司,4G,141
嘉義縣,1091130,台灣大哥大股份有限公司,4G,494
嘉義縣,1091130,中華電信股份有限公司,4G,22
嘉義縣,1091130,遠傳電信股份有限公司,4G,547
嘉義縣,1091130,中華電信股份有限公司,4G,950
嘉義縣,1091130,台灣之星電信股份有限公司,4G,358
嘉義縣,1091130,亞太電信股份有限公司,4G,249
嘉義縣,1091130,遠傳電信股份有限公司,4G,17
彰化縣,1091130,台灣之星電信股份有限公司,4G,734
彰化縣,1091130,中華電信股份有限公司,4G,72
彰化縣,1091130,台灣大哥大股份有限公司,4G,1139
彰化縣,1091130,中華電信股份有限公司,4G,1736
彰化縣,1091130,遠傳電信股份有限公司,4G,1085
彰化縣,1091130,亞太電信股份有限公司,4G,487
臺中市,1091130,中華電信股份有限公司,4G,109
臺中市,1091130,亞太電信股份有限公司,4G,1651
臺中市,1091130,台灣大哥大股份有限公司,4G,3116
臺中市,1091130,台灣之星電信股份有限公司,4G,2026
臺中市,1091130,中華電信股份有限公司,4G,4723
臺中市,1091130,遠傳電信股份有限公司,4G,3259
臺北市,1091130,亞太電信股份有限公司,4G,1539
臺北市,1091130,中華電信股份有限公司,4G,27
臺北市,1091130,台灣之星電信股份有限公司,4G,81
臺北市,1091130,台灣大哥大股份有限公司,4G,2565
臺北市,1091130,台灣大哥大股份有限公司,4G,62
臺北市,1091130,中華電信股份有限公司,4G,2880
臺北市,1091130,遠傳電信股份有限公司,4G,55
臺北市,1091130,遠傳電信股份有限公司,4G,2784
臺北市,1091130,台灣之星電信股份有限公司,4G,1746
臺東縣,1091130,台灣之星電信股份有限公司,4G,267
臺東縣,1091130,台灣之星電信股份有限公司,4G,6
臺東縣,1091130,中華電信股份有限公司,4G,18
臺東縣,1091130,中華電信股份有限公司,4G,608
臺東縣,1091130,亞太電信股份有限公司,4G,132
臺東縣,1091130,台灣大哥大股份有限公司,4G,417
臺東縣,1091130,遠傳電信股份有限公司,4G,389
臺東縣,1091130,遠傳電信股份有限公司,4G,13
臺南市,1091130,中華電信股份有限公司,4G,102
臺南市,1091130,台灣大哥大股份有限公司,4G,1549
臺南市,1091130,中華電信股份有限公司,4G,2010
臺南市,1091130,遠傳電信股份有限公司,4G,1453
臺南市,1091130,台灣之星電信股份有限公司,4G,14
臺南市,1091130,亞太電信股份有限公司,4G,899
臺南市,1091130,台灣之星電信股份有限公司,4G,1333
臺南市,1091130,遠傳電信股份有限公司,4G,8
澎湖縣,1091130,台灣之星電信股份有限公司,4G,2
澎湖縣,1091130,中華電信股份有限公司,4G,12
澎湖縣,1091130,遠傳電信股份有限公司,4G,8
澎湖縣,1091130,台灣之星電信股份有限公司,4G,76
澎湖縣,1091130,台灣大哥大股份有限公司,4G,170
澎湖縣,1091130,中華電信股份有限公司,4G,188
澎湖縣,1091130,亞太電信股份有限公司,4G,44
澎湖縣,1091130,遠傳電信股份有限公司,4G,151
宜蘭縣,1091031,亞太電信股份有限公司,4G,187
宜蘭縣,1091031,台灣大哥大股份有限公司,4G,619
宜蘭縣,1091031,台灣大哥大股份有限公司,4G,1
宜蘭縣,1091031,遠傳電信股份有限公司,4G,30
宜蘭縣,1091031,中華電信股份有限公司,4G,991
宜蘭縣,1091031,台灣之星電信股份有限公司,4G,421
宜蘭縣,1091031,遠傳電信股份有限公司,4G,528
花蓮縣,1091031,亞太電信股份有限公司,4G,181
花蓮縣,1091031,中華電信股份有限公司,4G,936
花蓮縣,1091031,台灣之星電信股份有限公司,4G,1
花蓮縣,1091031,台灣大哥大股份有限公司,4G,682
花蓮縣,1091031,台灣之星電信股份有限公司,4G,386
花蓮縣,1091031,台灣大哥大股份有限公司,4G,8
花蓮縣,1091031,遠傳電信股份有限公司,4G,27
花蓮縣,1091031,遠傳電信股份有限公司,4G,631
金門縣,1091031,遠傳電信股份有限公司,4G,130
金門縣,1091031,亞太電信股份有限公司,4G,37
金門縣,1091031,中華電信股份有限公司,4G,4
金門縣,1091031,台灣大哥大股份有限公司,4G,123
金門縣,1091031,中華電信股份有限公司,4G,252
金門縣,1091031,台灣之星電信股份有限公司,4G,48
南投縣,1091031,中華電信股份有限公司,4G,66
南投縣,1091031,中華電信股份有限公司,4G,1126
南投縣,1091031,亞太電信股份有限公司,4G,346
南投縣,1091031,遠傳電信股份有限公司,4G,869
南投縣,1091031,台灣之星電信股份有限公司,4G,475
南投縣,1091031,台灣大哥大股份有限公司,4G,784
屏東縣,1091031,亞太電信股份有限公司,4G,522
屏東縣,1091031,中華電信股份有限公司,4G,33
屏東縣,1091031,台灣之星電信股份有限公司,4G,676
屏東縣,1091031,遠傳電信股份有限公司,4G,1004
屏東縣,1091031,台灣大哥大股份有限公司,4G,880
屏東縣,1091031,中華電信股份有限公司,4G,1028
苗栗縣,1091031,遠傳電信股份有限公司,4G,955
苗栗縣,1091031,中華電信股份有限公司,4G,1274
苗栗縣,1091031,亞太電信股份有限公司,4G,380
苗栗縣,1091031,台灣大哥大股份有限公司,4G,823
苗栗縣,1091031,中華電信股份有限公司,4G,15
苗栗縣,1091031,台灣之星電信股份有限公司,4G,456
桃園市,1091031,台灣之星電信股份有限公司,4G,1500
桃園市,1091031,台灣大哥大股份有限公司,4G,17
桃園市,1091031,中華電信股份有限公司,4G,2086
桃園市,1091031,亞太電信股份有限公司,4G,1027
桃園市,1091031,遠傳電信股份有限公司,4G,1935
桃園市,1091031,台灣大哥大股份有限公司,4G,1860
桃園市,1091031,中華電信股份有限公司,4G,1
高雄市,1091031,台灣大哥大股份有限公司,4G,2301
高雄市,1091031,台灣之星電信股份有限公司,4G,2029
高雄市,1091031,中華電信股份有限公司,4G,100
高雄市,1091031,中華電信股份有限公司,4G,2982
高雄市,1091031,亞太電信股份有限公司,4G,1374
高雄市,1091031,台灣之星電信股份有限公司,4G,20
高雄市,1091031,遠傳電信股份有限公司,4G,2263
基隆市,1091031,遠傳電信股份有限公司,4G,324
基隆市,1091031,遠傳電信股份有限公司,4G,19
基隆市,1091031,中華電信股份有限公司,4G,390
基隆市,1091031,台灣之星電信股份有限公司,4G,222
基隆市,1091031,亞太電信股份有限公司,4G,226
基隆市,1091031,台灣大哥大股份有限公司,4G,270
連江縣,1091031,台灣之星電信股份有限公司,4G,18
連江縣,1091031,遠傳電信股份有限公司,4G,44
連江縣,1091031,亞太電信股份有限公司,4G,20
連江縣,1091031,中華電信股份有限公司,4G,90
連江縣,1091031,台灣大哥大股份有限公司,4G,40
雲林縣,1091031,台灣大哥大股份有限公司,4G,699
雲林縣,1091031,中華電信股份有限公司,4G,1236
雲林縣,1091031,中華電信股份有限公司,4G,23
雲林縣,1091031,亞太電信股份有限公司,4G,293
雲林縣,1091031,遠傳電信股份有限公司,4G,709
雲林縣,1091031,台灣之星電信股份有限公司,4G,486
新北市,1091031,中華電信股份有限公司,4G,49
新北市,1091031,遠傳電信股份有限公司,4G,2550
新北市,1091031,遠傳電信股份有限公司,4G,14
新北市,1091031,台灣之星電信股份有限公司,4G,1
新北市,1091031,台灣大哥大股份有限公司,4G,59
新北市,1091031,台灣大哥大股份有限公司,4G,2582
新北市,1091031,中華電信股份有限公司,4G,3208
新北市,1091031,台灣之星電信股份有限公司,4G,2285
新北市,1091031,亞太電信股份有限公司,4G,1572
新竹市,1091031,中華電信股份有限公司,4G,332
新竹市,1091031,遠傳電信股份有限公司,4G,549
新竹市,1091031,中華電信股份有限公司,4G,276
新竹市,1091031,台灣大哥大股份有限公司,4G,386
新竹市,1091031,台灣之星電信股份有限公司,4G,364
新竹市,1091031,亞太電信股份有限公司,4G,176
新竹縣,1091031,中華電信股份有限公司,4G,491
新竹縣,1091031,台灣大哥大股份有限公司,4G,675
新竹縣,1091031,中華電信股份有限公司,4G,507
新竹縣,1091031,台灣大哥大股份有限公司,4G,6
新竹縣,1091031,台灣之星電信股份有限公司,4G,514
新竹縣,1091031,亞太電信股份有限公司,4G,269
新竹縣,1091031,遠傳電信股份有限公司,4G,684
嘉義市,1091031,亞太電信股份有限公司,4G,141
嘉義市,1091031,中華電信股份有限公司,4G,9
嘉義市,1091031,遠傳電信股份有限公司,4G,204
嘉義市,1091031,台灣大哥大股份有限公司,4G,260
嘉義市,1091031,中華電信股份有限公司,4G,333
嘉義市,1091031,台灣之星電信股份有限公司,4G,175
嘉義縣,1091031,中華電信股份有限公司,4G,950
嘉義縣,1091031,台灣之星電信股份有限公司,4G,358
嘉義縣,1091031,中華電信股份有限公司,4G,22
嘉義縣,1091031,遠傳電信股份有限公司,4G,564
嘉義縣,1091031,亞太電信股份有限公司,4G,249
嘉義縣,1091031,台灣大哥大股份有限公司,4G,494
彰化縣,1091031,中華電信股份有限公司,4G,1736
彰化縣,1091031,台灣大哥大股份有限公司,4G,1139
彰化縣,1091031,中華電信股份有限公司,4G,72
彰化縣,1091031,遠傳電信股份有限公司,4G,1085
彰化縣,1091031,台灣之星電信股份有限公司,4G,734
彰化縣,1091031,亞太電信股份有限公司,4G,487
臺中市,1091031,台灣之星電信股份有限公司,4G,2026
臺中市,1091031,遠傳電信股份有限公司,4G,3258
臺中市,1091031,中華電信股份有限公司,4G,109
臺中市,1091031,中華電信股份有限公司,4G,4724
臺中市,1091031,亞太電信股份有限公司,4G,1651
臺中市,1091031,台灣大哥大股份有限公司,4G,3116
臺北市,1091031,中華電信股份有限公司,4G,2900
臺北市,1091031,中華電信股份有限公司,4G,7
臺北市,1091031,遠傳電信股份有限公司,4G,2784
臺北市,1091031,台灣大哥大股份有限公司,4G,62
臺北市,1091031,台灣之星電信股份有限公司,4G,48
臺北市,1091031,台灣大哥大股份有限公司,4G,2565
臺北市,1091031,台灣之星電信股份有限公司,4G,1779
臺北市,1091031,亞太電信股份有限公司,4G,1539
臺北市,1091031,遠傳電信股份有限公司,4G,55
臺東縣,1091031,亞太電信股份有限公司,4G,132
臺東縣,1091031,中華電信股份有限公司,4G,610
臺東縣,1091031,遠傳電信股份有限公司,4G,402
臺東縣,1091031,中華電信股份有限公司,4G,7
臺東縣,1091031,台灣之星電信股份有限公司,4G,268
臺東縣,1091031,台灣大哥大股份有限公司,4G,417
臺南市,1091031,中華電信股份有限公司,4G,2020
臺南市,1091031,中華電信股份有限公司,4G,92
臺南市,1091031,亞太電信股份有限公司,4G,899
臺南市,1091031,台灣大哥大股份有限公司,4G,1549
臺南市,1091031,台灣之星電信股份有限公司,4G,1334
臺南市,1091031,台灣之星電信股份有限公司,4G,4
臺南市,1091031,遠傳電信股份有限公司,4G,1461
澎湖縣,1091031,中華電信股份有限公司,4G,12
澎湖縣,1091031,亞太電信股份有限公司,4G,44
澎湖縣,1091031,中華電信股份有限公司,4G,188
澎湖縣,1091031,台灣大哥大股份有限公司,4G,170
澎湖縣,1091031,台灣之星電信股份有限公司,4G,76
澎湖縣,1091031,遠傳電信股份有限公司,4G,159
宜蘭縣,1090930,台灣之星電信股份有限公司,4G,421
宜蘭縣,1090930,中華電信股份有限公司,4G,994
宜蘭縣,1090930,台灣大哥大股份有限公司,4G,619
宜蘭縣,1090930,亞太電信股份有限公司,4G,187
宜蘭縣,1090930,遠傳電信股份有限公司,4G,568
花蓮縣,1090930,中華電信股份有限公司,4G,937
花蓮縣,1090930,台灣之星電信股份有限公司,4G,387
花蓮縣,1090930,台灣大哥大股份有限公司,4G,687
花蓮縣,1090930,遠傳電信股份有限公司,4G,675
花蓮縣,1090930,亞太電信股份有限公司,4G,181
金門縣,1090930,遠傳電信股份有限公司,4G,130
金門縣,1090930,中華電信股份有限公司,4G,256
金門縣,1090930,亞太電信股份有限公司,4G,36
金門縣,1090930,台灣之星電信股份有限公司,4G,48
金門縣,1090930,台灣大哥大股份有限公司,4G,123
南投縣,1090930,亞太電信股份有限公司,4G,346
南投縣,1090930,中華電信股份有限公司,4G,1199
南投縣,1090930,遠傳電信股份有限公司,4G,864
南投縣,1090930,台灣大哥大股份有限公司,4G,808
南投縣,1090930,台灣之星電信股份有限公司,4G,467
屏東縣,1090930,亞太電信股份有限公司,4G,507
屏東縣,1090930,中華電信股份有限公司,4G,1074
屏東縣,1090930,遠傳電信股份有限公司,4G,990
屏東縣,1090930,台灣大哥大股份有限公司,4G,880
屏東縣,1090930,台灣之星電信股份有限公司,4G,679
苗栗縣,1090930,中華電信股份有限公司,4G,1304
苗栗縣,1090930,遠傳電信股份有限公司,4G,947
苗栗縣,1090930,台灣之星電信股份有限公司,4G,475
苗栗縣,1090930,台灣大哥大股份有限公司,4G,826
苗栗縣,1090930,亞太電信股份有限公司,4G,380
桃園市,1090930,遠傳電信股份有限公司,4G,1935
桃園市,1090930,台灣之星電信股份有限公司,4G,1527
桃園市,1090930,台灣大哥大股份有限公司,4G,1894
桃園市,1090930,中華電信股份有限公司,4G,2119
桃園市,1090930,亞太電信股份有限公司,4G,1027
高雄市,1090930,遠傳電信股份有限公司,4G,2490
高雄市,1090930,亞太電信股份有限公司,4G,1374
高雄市,1090930,中華電信股份有限公司,4G,3259
高雄市,1090930,台灣大哥大股份有限公司,4G,2471
高雄市,1090930,台灣之星電信股份有限公司,4G,2101
基隆市,1090930,台灣大哥大股份有限公司,4G,270
基隆市,1090930,台灣之星電信股份有限公司,4G,225
基隆市,1090930,中華電信股份有限公司,4G,401
基隆市,1090930,亞太電信股份有限公司,4G,226
基隆市,1090930,遠傳電信股份有限公司,4G,354
連江縣,1090930,台灣大哥大股份有限公司,4G,40
連江縣,1090930,中華電信股份有限公司,4G,91
連江縣,1090930,台灣之星電信股份有限公司,4G,18
連江縣,1090930,亞太電信股份有限公司,4G,20
連江縣,1090930,遠傳電信股份有限公司,4G,44
雲林縣,1090930,台灣之星電信股份有限公司,4G,445
雲林縣,1090930,中華電信股份有限公司,4G,1281
雲林縣,1090930,亞太電信股份有限公司,4G,293
雲林縣,1090930,台灣大哥大股份有限公司,4G,710
雲林縣,1090930,遠傳電信股份有限公司,4G,709
新北市,1090930,中華電信股份有限公司,4G,3388
新北市,1090930,亞太電信股份有限公司,4G,1647
新北市,1090930,台灣大哥大股份有限公司,4G,2887
新北市,1090930,遠傳電信股份有限公司,4G,2701
新北市,1090930,台灣之星電信股份有限公司,4G,2338
新竹市,1090930,亞太電信股份有限公司,4G,176
新竹市,1090930,中華電信股份有限公司,4G,641
新竹市,1090930,台灣之星電信股份有限公司,4G,367
新竹市,1090930,遠傳電信股份有限公司,4G,545
新竹市,1090930,台灣大哥大股份有限公司,4G,386
新竹縣,1090930,台灣大哥大股份有限公司,4G,682
新竹縣,1090930,遠傳電信股份有限公司,4G,680
新竹縣,1090930,中華電信股份有限公司,4G,1000
新竹縣,1090930,台灣之星電信股份有限公司,4G,507
新竹縣,1090930,亞太電信股份有限公司,4G,269
嘉義市,1090930,中華電信股份有限公司,4G,358
嘉義市,1090930,台灣大哥大股份有限公司,4G,260
嘉義市,1090930,台灣之星電信股份有限公司,4G,179
嘉義市,1090930,亞太電信股份有限公司,4G,141
嘉義市,1090930,遠傳電信股份有限公司,4G,229
嘉義縣,1090930,亞太電信股份有限公司,4G,244
嘉義縣,1090930,中華電信股份有限公司,4G,987
嘉義縣,1090930,台灣之星電信股份有限公司,4G,358
嘉義縣,1090930,台灣大哥大股份有限公司,4G,494
嘉義縣,1090930,遠傳電信股份有限公司,4G,554
彰化縣,1090930,中華電信股份有限公司,4G,1882
彰化縣,1090930,台灣之星電信股份有限公司,4G,685
彰化縣,1090930,遠傳電信股份有限公司,4G,1079
彰化縣,1090930,亞太電信股份有限公司,4G,487
彰化縣,1090930,台灣大哥大股份有限公司,4G,1196
臺中市,1090930,亞太電信股份有限公司,4G,1686
臺中市,1090930,台灣大哥大股份有限公司,4G,3413
臺中市,1090930,中華電信股份有限公司,4G,5123
臺中市,1090930,台灣之星電信股份有限公司,4G,2105
臺中市,1090930,遠傳電信股份有限公司,4G,3519
臺北市,1090930,中華電信股份有限公司,4G,3155
臺北市,1090930,台灣之星電信股份有限公司,4G,1882
臺北市,1090930,遠傳電信股份有限公司,4G,3049
臺北市,1090930,台灣大哥大股份有限公司,4G,2812
臺北市,1090930,亞太電信股份有限公司,4G,1644
臺東縣,1090930,中華電信股份有限公司,4G,620
臺東縣,1090930,遠傳電信股份有限公司,4G,392
臺東縣,1090930,亞太電信股份有限公司,4G,131
臺東縣,1090930,台灣之星電信股份有限公司,4G,268
臺東縣,1090930,台灣大哥大股份有限公司,4G,417
臺南市,1090930,亞太電信股份有限公司,4G,903
臺南市,1090930,台灣大哥大股份有限公司,4G,1599
臺南市,1090930,中華電信股份有限公司,4G,2219
臺南市,1090930,遠傳電信股份有限公司,4G,1510
臺南市,1090930,台灣之星電信股份有限公司,4G,1369
澎湖縣,1090930,台灣大哥大股份有限公司,4G,170
澎湖縣,1090930,遠傳電信股份有限公司,4G,158
澎湖縣,1090930,中華電信股份有限公司,4G,201
澎湖縣,1090930,亞太電信股份有限公司,4G,42
澎湖縣,1090930,台灣之星電信股份有限公司,4G,76
宜蘭縣,1090831,亞太電信股份有限公司,4G,186
宜蘭縣,1090831,中華電信股份有限公司,4G,995
宜蘭縣,1090831,台灣大哥大股份有限公司,4G,598
宜蘭縣,1090831,台灣之星電信股份有限公司,4G,410
宜蘭縣,1090831,遠傳電信股份有限公司,4G,568
花蓮縣,1090831,台灣大哥大股份有限公司,4G,673
花蓮縣,1090831,亞太電信股份有限公司,4G,177
花蓮縣,1090831,遠傳電信股份有限公司,4G,675
花蓮縣,1090831,台灣之星電信股份有限公司,4G,385
花蓮縣,1090831,中華電信股份有限公司,4G,936
金門縣,1090831,台灣之星電信股份有限公司,4G,47
金門縣,1090831,中華電信股份有限公司,4G,237
金門縣,1090831,台灣大哥大股份有限公司,4G,123
金門縣,1090831,遠傳電信股份有限公司,4G,130
金門縣,1090831,亞太電信股份有限公司,4G,36
南投縣,1090831,中華電信股份有限公司,4G,1194
南投縣,1090831,台灣大哥大股份有限公司,4G,785
南投縣,1090831,遠傳電信股份有限公司,4G,864
南投縣,1090831,台灣之星電信股份有限公司,4G,467
南投縣,1090831,亞太電信股份有限公司,4G,341
屏東縣,1090831,亞太電信股份有限公司,4G,515
屏東縣,1090831,台灣大哥大股份有限公司,4G,880
屏東縣,1090831,中華電信股份有限公司,4G,1065
屏東縣,1090831,遠傳電信股份有限公司,4G,990
屏東縣,1090831,台灣之星電信股份有限公司,4G,668
苗栗縣,1090831,亞太電信股份有限公司,4G,370
苗栗縣,1090831,中華電信股份有限公司,4G,1289
苗栗縣,1090831,遠傳電信股份有限公司,4G,947
苗栗縣,1090831,台灣大哥大股份有限公司,4G,823
苗栗縣,1090831,台灣之星電信股份有限公司,4G,475
桃園市,1090831,遠傳電信股份有限公司,4G,1935
桃園市,1090831,中華電信股份有限公司,4G,2106
桃園市,1090831,台灣大哥大股份有限公司,4G,1883
桃園市,1090831,台灣之星電信股份有限公司,4G,1515
桃園市,1090831,亞太電信股份有限公司,4G,1005
高雄市,1090831,台灣大哥大股份有限公司,4G,2471
高雄市,1090831,台灣之星電信股份有限公司,4G,2087
高雄市,1090831,遠傳電信股份有限公司,4G,2366
高雄市,1090831,中華電信股份有限公司,4G,3188
高雄市,1090831,亞太電信股份有限公司,4G,1378
基隆市,1090831,亞太電信股份有限公司,4G,224
基隆市,1090831,台灣大哥大股份有限公司,4G,267
基隆市,1090831,中華電信股份有限公司,4G,393
基隆市,1090831,台灣之星電信股份有限公司,4G,225
基隆市,1090831,遠傳電信股份有限公司,4G,354
連江縣,1090831,台灣之星電信股份有限公司,4G,17
連江縣,1090831,中華電信股份有限公司,4G,90
連江縣,1090831,台灣大哥大股份有限公司,4G,40
連江縣,1090831,遠傳電信股份有限公司,4G,44
連江縣,1090831,亞太電信股份有限公司,4G,20
雲林縣,1090831,亞太電信股份有限公司,4G,289
雲林縣,1090831,中華電信股份有限公司,4G,1266
雲林縣,1090831,台灣大哥大股份有限公司,4G,699
雲林縣,1090831,台灣之星電信股份有限公司,4G,445
雲林縣,1090831,遠傳電信股份有限公司,4G,700
新北市,1090831,台灣大哥大股份有限公司,4G,2852
新北市,1090831,遠傳電信股份有限公司,4G,2601
新北市,1090831,中華電信股份有限公司,4G,3331
新北市,1090831,亞太電信股份有限公司,4G,1632
新北市,1090831,台灣之星電信股份有限公司,4G,2326
新竹市,1090831,台灣大哥大股份有限公司,4G,386
新竹市,1090831,中華電信股份有限公司,4G,641
新竹市,1090831,遠傳電信股份有限公司,4G,539
新竹市,1090831,台灣之星電信股份有限公司,4G,367
新竹市,1090831,亞太電信股份有限公司,4G,176
新竹縣,1090831,台灣大哥大股份有限公司,4G,682
新竹縣,1090831,中華電信股份有限公司,4G,1000
新竹縣,1090831,遠傳電信股份有限公司,4G,678
新竹縣,1090831,台灣之星電信股份有限公司,4G,509
新竹縣,1090831,亞太電信股份有限公司,4G,262
嘉義市,1090831,亞太電信股份有限公司,4G,142
嘉義市,1090831,台灣大哥大股份有限公司,4G,260
嘉義市,1090831,遠傳電信股份有限公司,4G,202
嘉義市,1090831,台灣之星電信股份有限公司,4G,179
嘉義市,1090831,中華電信股份有限公司,4G,355
嘉義縣,1090831,亞太電信股份有限公司,4G,245
嘉義縣,1090831,台灣之星電信股份有限公司,4G,358
嘉義縣,1090831,中華電信股份有限公司,4G,981
嘉義縣,1090831,台灣大哥大股份有限公司,4G,494
嘉義縣,1090831,遠傳電信股份有限公司,4G,554
彰化縣,1090831,遠傳電信股份有限公司,4G,1079
彰化縣,1090831,中華電信股份有限公司,4G,1828
彰化縣,1090831,台灣大哥大股份有限公司,4G,1148
彰化縣,1090831,台灣之星電信股份有限公司,4G,685
彰化縣,1090831,亞太電信股份有限公司,4G,475
臺中市,1090831,台灣之星電信股份有限公司,4G,2108
臺中市,1090831,中華電信股份有限公司,4G,4993
臺中市,1090831,遠傳電信股份有限公司,4G,3358
臺中市,1090831,台灣大哥大股份有限公司,4G,3352
臺中市,1090831,亞太電信股份有限公司,4G,1674
臺北市,1090831,台灣之星電信股份有限公司,4G,1870
臺北市,1090831,台灣大哥大股份有限公司,4G,2749
臺北市,1090831,中華電信股份有限公司,4G,3088
臺北市,1090831,亞太電信股份有限公司,4G,1638
臺北市,1090831,遠傳電信股份有限公司,4G,3049
臺東縣,1090831,台灣大哥大股份有限公司,4G,417
臺東縣,1090831,亞太電信股份有限公司,4G,131
臺東縣,1090831,中華電信股份有限公司,4G,611
臺東縣,1090831,台灣之星電信股份有限公司,4G,267
臺東縣,1090831,遠傳電信股份有限公司,4G,392
臺南市,1090831,亞太電信股份有限公司,4G,905
臺南市,1090831,遠傳電信股份有限公司,4G,1483
臺南市,1090831,台灣大哥大股份有限公司,4G,1550
臺南市,1090831,中華電信股份有限公司,4G,2157
臺南市,1090831,台灣之星電信股份有限公司,4G,1358
澎湖縣,1090831,中華電信股份有限公司,4G,201
澎湖縣,1090831,台灣大哥大股份有限公司,4G,170
澎湖縣,1090831,台灣之星電信股份有限公司,4G,70
澎湖縣,1090831,亞太電信股份有限公司,4G,42
澎湖縣,1090831,遠傳電信股份有限公司,4G,158
宜蘭縣,1090731,台灣之星電信股份有限公司,4G,409
宜蘭縣,1090731,台灣大哥大股份有限公司,4G,584
宜蘭縣,1090731,亞太電信股份有限公司,4G,185
宜蘭縣,1090731,遠傳電信股份有限公司,4G,558
宜蘭縣,1090731,中華電信股份有限公司,4G,987
花蓮縣,1090731,亞太電信股份有限公司,4G,174
花蓮縣,1090731,台灣大哥大股份有限公司,4G,671
花蓮縣,1090731,中華電信股份有限公司,4G,936
花蓮縣,1090731,台灣之星電信股份有限公司,4G,386
花蓮縣,1090731,遠傳電信股份有限公司,4G,658
金門縣,1090731,中華電信股份有限公司,4G,237
金門縣,1090731,台灣之星電信股份有限公司,4G,47
金門縣,1090731,遠傳電信股份有限公司,4G,130
金門縣,1090731,台灣大哥大股份有限公司,4G,123
金門縣,1090731,亞太電信股份有限公司,4G,36
南投縣,1090731,台灣大哥大股份有限公司,4G,784
南投縣,1090731,亞太電信股份有限公司,4G,343
南投縣,1090731,遠傳電信股份有限公司,4G,863
南投縣,1090731,台灣之星電信股份有限公司,4G,467
南投縣,1090731,中華電信股份有限公司,4G,1192
屏東縣,1090731,台灣大哥大股份有限公司,4G,880
屏東縣,1090731,中華電信股份有限公司,4G,1059
屏東縣,1090731,亞太電信股份有限公司,4G,516
屏東縣,1090731,台灣之星電信股份有限公司,4G,668
屏東縣,1090731,遠傳電信股份有限公司,4G,990
苗栗縣,1090731,中華電信股份有限公司,4G,1289
苗栗縣,1090731,亞太電信股份有限公司,4G,370
苗栗縣,1090731,台灣大哥大股份有限公司,4G,823
苗栗縣,1090731,遠傳電信股份有限公司,4G,947
苗栗縣,1090731,台灣之星電信股份有限公司,4G,475
桃園市,1090731,台灣之星電信股份有限公司,4G,1516
桃園市,1090731,亞太電信股份有限公司,4G,981
桃園市,1090731,遠傳電信股份有限公司,4G,1912
桃園市,1090731,中華電信股份有限公司,4G,2085
桃園市,1090731,台灣大哥大股份有限公司,4G,1858
高雄市,1090731,亞太電信股份有限公司,4G,1363
高雄市,1090731,遠傳電信股份有限公司,4G,2277
高雄市,1090731,中華電信股份有限公司,4G,3142
高雄市,1090731,台灣大哥大股份有限公司,4G,2421
高雄市,1090731,台灣之星電信股份有限公司,4G,2087
基隆市,1090731,中華電信股份有限公司,4G,386
基隆市,1090731,台灣之星電信股份有限公司,4G,225
基隆市,1090731,亞太電信股份有限公司,4G,224
基隆市,1090731,遠傳電信股份有限公司,4G,344
基隆市,1090731,台灣大哥大股份有限公司,4G,263
連江縣,1090731,台灣之星電信股份有限公司,4G,17
連江縣,1090731,中華電信股份有限公司,4G,90
連江縣,1090731,台灣大哥大股份有限公司,4G,40
連江縣,1090731,亞太電信股份有限公司,4G,20
連江縣,1090731,遠傳電信股份有限公司,4G,41
雲林縣,1090731,台灣大哥大股份有限公司,4G,699
雲林縣,1090731,遠傳電信股份有限公司,4G,700
雲林縣,1090731,亞太電信股份有限公司,4G,289
雲林縣,1090731,台灣之星電信股份有限公司,4G,445
雲林縣,1090731,中華電信股份有限公司,4G,1262
新北市,1090731,台灣大哥大股份有限公司,4G,2741
新北市,1090731,中華電信股份有限公司,4G,3286
新北市,1090731,遠傳電信股份有限公司,4G,2569
新北市,1090731,亞太電信股份有限公司,4G,1615
新北市,1090731,台灣之星電信股份有限公司,4G,2326
新竹市,1090731,遠傳電信股份有限公司,4G,539
新竹市,1090731,中華電信股份有限公司,4G,641
新竹市,1090731,台灣大哥大股份有限公司,4G,386
新竹市,1090731,台灣之星電信股份有限公司,4G,367
新竹市,1090731,亞太電信股份有限公司,4G,176
新竹縣,1090731,台灣大哥大股份有限公司,4G,682
新竹縣,1090731,中華電信股份有限公司,4G,1000
新竹縣,1090731,遠傳電信股份有限公司,4G,678
新竹縣,1090731,台灣之星電信股份有限公司,4G,509
新竹縣,1090731,亞太電信股份有限公司,4G,269
嘉義市,1090731,中華電信股份有限公司,4G,338
嘉義市,1090731,台灣大哥大股份有限公司,4G,260
嘉義市,1090731,遠傳電信股份有限公司,4G,202
嘉義市,1090731,台灣之星電信股份有限公司,4G,179
嘉義市,1090731,亞太電信股份有限公司,4G,142
嘉義縣,1090731,台灣之星電信股份有限公司,4G,358
嘉義縣,1090731,中華電信股份有限公司,4G,973
嘉義縣,1090731,台灣大哥大股份有限公司,4G,495
嘉義縣,1090731,遠傳電信股份有限公司,4G,554
嘉義縣,1090731,亞太電信股份有限公司,4G,245
彰化縣,1090731,遠傳電信股份有限公司,4G,1079
彰化縣,1090731,台灣之星電信股份有限公司,4G,685
彰化縣,1090731,台灣大哥大股份有限公司,4G,1141
彰化縣,1090731,中華電信股份有限公司,4G,1809
彰化縣,1090731,亞太電信股份有限公司,4G,475
臺中市,1090731,中華電信股份有限公司,4G,4935
臺中市,1090731,台灣大哥大股份有限公司,4G,3272
臺中市,1090731,台灣之星電信股份有限公司,4G,2108
臺中市,1090731,亞太電信股份有限公司,4G,1639
臺中市,1090731,遠傳電信股份有限公司,4G,3309
臺北市,1090731,中華電信股份有限公司,4G,3049
臺北市,1090731,亞太電信股份有限公司,4G,1633
臺北市,1090731,台灣大哥大股份有限公司,4G,2705
臺北市,1090731,台灣之星電信股份有限公司,4G,1870
臺北市,1090731,遠傳電信股份有限公司,4G,2922
臺東縣,1090731,台灣之星電信股份有限公司,4G,267
臺東縣,1090731,中華電信股份有限公司,4G,611
臺東縣,1090731,亞太電信股份有限公司,4G,131
臺東縣,1090731,台灣大哥大股份有限公司,4G,417
臺東縣,1090731,遠傳電信股份有限公司,4G,392
臺南市,1090731,台灣大哥大股份有限公司,4G,1550
臺南市,1090731,遠傳電信股份有限公司,4G,1485
臺南市,1090731,亞太電信股份有限公司,4G,899
臺南市,1090731,中華電信股份有限公司,4G,2148
臺南市,1090731,台灣之星電信股份有限公司,4G,1358
澎湖縣,1090731,中華電信股份有限公司,4G,201
澎湖縣,1090731,台灣大哥大股份有限公司,4G,170
澎湖縣,1090731,台灣之星電信股份有限公司,4G,70
澎湖縣,1090731,亞太電信股份有限公司,4G,42
澎湖縣,1090731,遠傳電信股份有限公司,4G,158
宜蘭縣,1090630,遠傳電信股份有限公司,4G,558
宜蘭縣,1090630,台灣大哥大股份有限公司,4G,586
宜蘭縣,1090630,台灣之星電信股份有限公司,4G,409
宜蘭縣,1090630,中華電信股份有限公司,4G,980
宜蘭縣,1090630,亞太電信股份有限公司,4G,185
花蓮縣,1090630,亞太電信股份有限公司,4G,174
花蓮縣,1090630,遠傳電信股份有限公司,4G,658
花蓮縣,1090630,中華電信股份有限公司,4G,921
花蓮縣,1090630,台灣大哥大股份有限公司,4G,674
花蓮縣,1090630,台灣之星電信股份有限公司,4G,386
金門縣,1090630,中華電信股份有限公司,4G,237
金門縣,1090630,遠傳電信股份有限公司,4G,130
金門縣,1090630,台灣之星電信股份有限公司,4G,47
金門縣,1090630,台灣大哥大股份有限公司,4G,123
金門縣,1090630,亞太電信股份有限公司,4G,36
南投縣,1090630,遠傳電信股份有限公司,4G,863
南投縣,1090630,台灣大哥大股份有限公司,4G,784
南投縣,1090630,中華電信股份有限公司,4G,1188
南投縣,1090630,亞太電信股份有限公司,4G,343
南投縣,1090630,台灣之星電信股份有限公司,4G,467
屏東縣,1090630,遠傳電信股份有限公司,4G,990
屏東縣,1090630,台灣之星電信股份有限公司,4G,665
屏東縣,1090630,台灣大哥大股份有限公司,4G,881
屏東縣,1090630,中華電信股份有限公司,4G,1059
屏東縣,1090630,亞太電信股份有限公司,4G,516
苗栗縣,1090630,中華電信股份有限公司,4G,1268
苗栗縣,1090630,遠傳電信股份有限公司,4G,947
苗栗縣,1090630,台灣大哥大股份有限公司,4G,823
苗栗縣,1090630,亞太電信股份有限公司,4G,370
苗栗縣,1090630,台灣之星電信股份有限公司,4G,475
桃園市,1090630,遠傳電信股份有限公司,4G,1912
桃園市,1090630,中華電信股份有限公司,4G,2085
桃園市,1090630,台灣大哥大股份有限公司,4G,1858
桃園市,1090630,亞太電信股份有限公司,4G,981
桃園市,1090630,台灣之星電信股份有限公司,4G,1489
高雄市,1090630,台灣之星電信股份有限公司,4G,2035
高雄市,1090630,亞太電信股份有限公司,4G,1363
高雄市,1090630,遠傳電信股份有限公司,4G,2277
高雄市,1090630,中華電信股份有限公司,4G,3120
高雄市,1090630,台灣大哥大股份有限公司,4G,2362
基隆市,1090630,中華電信股份有限公司,4G,386
基隆市,1090630,台灣之星電信股份有限公司,4G,222
基隆市,1090630,台灣大哥大股份有限公司,4G,263
基隆市,1090630,遠傳電信股份有限公司,4G,344
基隆市,1090630,亞太電信股份有限公司,4G,224
連江縣,1090630,亞太電信股份有限公司,4G,20
連江縣,1090630,台灣大哥大股份有限公司,4G,41
連江縣,1090630,中華電信股份有限公司,4G,86
連江縣,1090630,遠傳電信股份有限公司,4G,41
連江縣,1090630,台灣之星電信股份有限公司,4G,17
雲林縣,1090630,台灣大哥大股份有限公司,4G,699
雲林縣,1090630,中華電信股份有限公司,4G,1255
雲林縣,1090630,台灣之星電信股份有限公司,4G,445
雲林縣,1090630,亞太電信股份有限公司,4G,289
雲林縣,1090630,遠傳電信股份有限公司,4G,700
新北市,1090630,中華電信股份有限公司,4G,3264
新北市,1090630,遠傳電信股份有限公司,4G,2569
新北市,1090630,台灣大哥大股份有限公司,4G,2686
新北市,1090630,亞太電信股份有限公司,4G,1540
新北市,1090630,台灣之星電信股份有限公司,4G,2276
新竹市,1090630,中華電信股份有限公司,4G,641
新竹市,1090630,遠傳電信股份有限公司,4G,539
新竹市,1090630,亞太電信股份有限公司,4G,176
新竹市,1090630,台灣之星電信股份有限公司,4G,362
新竹市,1090630,台灣大哥大股份有限公司,4G,386
新竹縣,1090630,台灣大哥大股份有限公司,4G,682
新竹縣,1090630,台灣之星電信股份有限公司,4G,509
新竹縣,1090630,中華電信股份有限公司,4G,1000
新竹縣,1090630,遠傳電信股份有限公司,4G,678
新竹縣,1090630,亞太電信股份有限公司,4G,269
嘉義市,1090630,台灣之星電信股份有限公司,4G,175
嘉義市,1090630,中華電信股份有限公司,4G,338
嘉義市,1090630,遠傳電信股份有限公司,4G,202
嘉義市,1090630,台灣大哥大股份有限公司,4G,261
嘉義市,1090630,亞太電信股份有限公司,4G,142
嘉義縣,1090630,台灣大哥大股份有限公司,4G,495
嘉義縣,1090630,遠傳電信股份有限公司,4G,554
嘉義縣,1090630,中華電信股份有限公司,4G,973
嘉義縣,1090630,台灣之星電信股份有限公司,4G,358
嘉義縣,1090630,亞太電信股份有限公司,4G,245
彰化縣,1090630,台灣之星電信股份有限公司,4G,681
彰化縣,1090630,亞太電信股份有限公司,4G,475
彰化縣,1090630,遠傳電信股份有限公司,4G,1079
彰化縣,1090630,中華電信股份有限公司,4G,1796
彰化縣,1090630,台灣大哥大股份有限公司,4G,1141
臺中市,1090630,台灣大哥大股份有限公司,4G,3182
臺中市,1090630,台灣之星電信股份有限公司,4G,2072
臺中市,1090630,中華電信股份有限公司,4G,4930
臺中市,1090630,亞太電信股份有限公司,4G,1639
臺中市,1090630,遠傳電信股份有限公司,4G,3309
臺北市,1090630,遠傳電信股份有限公司,4G,2923
臺北市,1090630,中華電信股份有限公司,4G,3048
臺北市,1090630,台灣之星電信股份有限公司,4G,1815
臺北市,1090630,台灣大哥大股份有限公司,4G,2662
臺北市,1090630,亞太電信股份有限公司,4G,1528
臺東縣,1090630,遠傳電信股份有限公司,4G,392
臺東縣,1090630,台灣之星電信股份有限公司,4G,267
臺東縣,1090630,中華電信股份有限公司,4G,611
臺東縣,1090630,亞太電信股份有限公司,4G,131
臺東縣,1090630,台灣大哥大股份有限公司,4G,417
臺南市,1090630,台灣之星電信股份有限公司,4G,1327
臺南市,1090630,亞太電信股份有限公司,4G,899
臺南市,1090630,中華電信股份有限公司,4G,2120
臺南市,1090630,遠傳電信股份有限公司,4G,1485
臺南市,1090630,台灣大哥大股份有限公司,4G,1550
澎湖縣,1090630,中華電信股份有限公司,4G,201
澎湖縣,1090630,台灣之星電信股份有限公司,4G,70
澎湖縣,1090630,亞太電信股份有限公司,4G,42
澎湖縣,1090630,遠傳電信股份有限公司,4G,158
澎湖縣,1090630,台灣大哥大股份有限公司,4G,170
宜蘭縣,1090531,台灣之星電信股份有限公司,4G,409
宜蘭縣,1090531,亞太電信股份有限公司,4G,173
宜蘭縣,1090531,台灣大哥大股份有限公司,4G,584
宜蘭縣,1090531,中華電信股份有限公司,4G,980
宜蘭縣,1090531,遠傳電信股份有限公司,4G,539
花蓮縣,1090531,中華電信股份有限公司,4G,916
花蓮縣,1090531,台灣之星電信股份有限公司,4G,386
花蓮縣,1090531,台灣大哥大股份有限公司,4G,674
花蓮縣,1090531,遠傳電信股份有限公司,4G,651
花蓮縣,1090531,亞太電信股份有限公司,4G,171
金門縣,1090531,遠傳電信股份有限公司,4G,130
金門縣,1090531,台灣大哥大股份有限公司,4G,123
金門縣,1090531,中華電信股份有限公司,4G,237
金門縣,1090531,台灣之星電信股份有限公司,4G,46
金門縣,1090531,亞太電信股份有限公司,4G,36
南投縣,1090531,中華電信股份有限公司,4G,1188
南投縣,1090531,台灣之星電信股份有限公司,4G,464
南投縣,1090531,台灣大哥大股份有限公司,4G,780
南投縣,1090531,亞太電信股份有限公司,4G,335
南投縣,1090531,遠傳電信股份有限公司,4G,853
屏東縣,1090531,中華電信股份有限公司,4G,1060
屏東縣,1090531,台灣之星電信股份有限公司,4G,657
屏東縣,1090531,台灣大哥大股份有限公司,4G,881
屏東縣,1090531,遠傳電信股份有限公司,4G,996
屏東縣,1090531,亞太電信股份有限公司,4G,502
苗栗縣,1090531,遠傳電信股份有限公司,4G,942
苗栗縣,1090531,中華電信股份有限公司,4G,1269
苗栗縣,1090531,亞太電信股份有限公司,4G,358
苗栗縣,1090531,台灣大哥大股份有限公司,4G,810
苗栗縣,1090531,台灣之星電信股份有限公司,4G,470
桃園市,1090531,台灣大哥大股份有限公司,4G,1859
桃園市,1090531,亞太電信股份有限公司,4G,937
桃園市,1090531,中華電信股份有限公司,4G,2070
桃園市,1090531,遠傳電信股份有限公司,4G,1912
桃園市,1090531,台灣之星電信股份有限公司,4G,1460
高雄市,1090531,台灣大哥大股份有限公司,4G,2302
高雄市,1090531,亞太電信股份有限公司,4G,1342
高雄市,1090531,台灣之星電信股份有限公司,4G,1991
高雄市,1090531,中華電信股份有限公司,4G,3047
高雄市,1090531,遠傳電信股份有限公司,4G,2236
基隆市,1090531,亞太電信股份有限公司,4G,221
基隆市,1090531,中華電信股份有限公司,4G,386
基隆市,1090531,台灣大哥大股份有限公司,4G,263
基隆市,1090531,台灣之星電信股份有限公司,4G,222
基隆市,1090531,遠傳電信股份有限公司,4G,341
連江縣,1090531,中華電信股份有限公司,4G,86
連江縣,1090531,台灣大哥大股份有限公司,4G,41
連江縣,1090531,台灣之星電信股份有限公司,4G,17
連江縣,1090531,亞太電信股份有限公司,4G,20
連江縣,1090531,遠傳電信股份有限公司,4G,41
雲林縣,1090531,遠傳電信股份有限公司,4G,692
雲林縣,1090531,亞太電信股份有限公司,4G,276
雲林縣,1090531,中華電信股份有限公司,4G,1258
雲林縣,1090531,台灣大哥大股份有限公司,4G,691
雲林縣,1090531,台灣之星電信股份有限公司,4G,445
新北市,1090531,亞太電信股份有限公司,4G,1522
新北市,1090531,中華電信股份有限公司,4G,3210
新北市,1090531,遠傳電信股份有限公司,4G,2538
新北市,1090531,台灣之星電信股份有限公司,4G,2257
新北市,1090531,台灣大哥大股份有限公司,4G,2614
新竹市,1090531,中華電信股份有限公司,4G,608
新竹市,1090531,遠傳電信股份有限公司,4G,538
新竹市,1090531,亞太電信股份有限公司,4G,176
新竹市,1090531,台灣大哥大股份有限公司,4G,386
新竹市,1090531,台灣之星電信股份有限公司,4G,354
新竹縣,1090531,遠傳電信股份有限公司,4G,678
新竹縣,1090531,中華電信股份有限公司,4G,998
新竹縣,1090531,台灣大哥大股份有限公司,4G,682
新竹縣,1090531,台灣之星電信股份有限公司,4G,502
新竹縣,1090531,亞太電信股份有限公司,4G,266
嘉義市,1090531,中華電信股份有限公司,4G,338
嘉義市,1090531,亞太電信股份有限公司,4G,140
嘉義市,1090531,遠傳電信股份有限公司,4G,202
嘉義市,1090531,台灣之星電信股份有限公司,4G,171
嘉義市,1090531,台灣大哥大股份有限公司,4G,261
嘉義縣,1090531,台灣大哥大股份有限公司,4G,495
嘉義縣,1090531,台灣之星電信股份有限公司,4G,354
嘉義縣,1090531,中華電信股份有限公司,4G,973
嘉義縣,1090531,遠傳電信股份有限公司,4G,553
嘉義縣,1090531,亞太電信股份有限公司,4G,231
彰化縣,1090531,遠傳電信股份有限公司,4G,1065
彰化縣,1090531,台灣大哥大股份有限公司,4G,1121
彰化縣,1090531,中華電信股份有限公司,4G,1798
彰化縣,1090531,台灣之星電信股份有限公司,4G,668
彰化縣,1090531,亞太電信股份有限公司,4G,451
臺中市,1090531,亞太電信股份有限公司,4G,1599
臺中市,1090531,遠傳電信股份有限公司,4G,3219
臺中市,1090531,台灣大哥大股份有限公司,4G,3023
臺中市,1090531,中華電信股份有限公司,4G,4845
臺中市,1090531,台灣之星電信股份有限公司,4G,2058
臺北市,1090531,中華電信股份有限公司,4G,2900
臺北市,1090531,台灣大哥大股份有限公司,4G,2586
臺北市,1090531,台灣之星電信股份有限公司,4G,1815
臺北市,1090531,亞太電信股份有限公司,4G,1511
臺北市,1090531,遠傳電信股份有限公司,4G,2824
臺東縣,1090531,中華電信股份有限公司,4G,611
臺東縣,1090531,亞太電信股份有限公司,4G,128
臺東縣,1090531,台灣大哥大股份有限公司,4G,417
臺東縣,1090531,台灣之星電信股份有限公司,4G,264
臺東縣,1090531,遠傳電信股份有限公司,4G,392
臺南市,1090531,遠傳電信股份有限公司,4G,1462
臺南市,1090531,台灣大哥大股份有限公司,4G,1550
臺南市,1090531,台灣之星電信股份有限公司,4G,1315
臺南市,1090531,中華電信股份有限公司,4G,2106
臺南市,1090531,亞太電信股份有限公司,4G,878
澎湖縣,1090531,台灣大哥大股份有限公司,4G,170
澎湖縣,1090531,中華電信股份有限公司,4G,201
澎湖縣,1090531,亞太電信股份有限公司,4G,42
澎湖縣,1090531,台灣之星電信股份有限公司,4G,70
澎湖縣,1090531,遠傳電信股份有限公司,4G,158
宜蘭縣,1090430,亞太電信股份有限公司,4G,173
宜蘭縣,1090430,中華電信股份有限公司,4G,980
宜蘭縣,1090430,台灣之星電信股份有限公司,4G,409
宜蘭縣,1090430,台灣大哥大股份有限公司,4G,584
宜蘭縣,1090430,遠傳電信股份有限公司,4G,539
花蓮縣,1090430,亞太電信股份有限公司,4G,171
花蓮縣,1090430,中華電信股份有限公司,4G,920
花蓮縣,1090430,台灣大哥大股份有限公司,4G,674
花蓮縣,1090430,遠傳電信股份有限公司,4G,651
花蓮縣,1090430,台灣之星電信股份有限公司,4G,386
金門縣,1090430,中華電信股份有限公司,4G,237
金門縣,1090430,遠傳電信股份有限公司,4G,130
金門縣,1090430,台灣大哥大股份有限公司,4G,123
金門縣,1090430,台灣之星電信股份有限公司,4G,46
金門縣,1090430,亞太電信股份有限公司,4G,36
南投縣,1090430,中華電信股份有限公司,4G,1185
南投縣,1090430,台灣大哥大股份有限公司,4G,780
南投縣,1090430,亞太電信股份有限公司,4G,335
南投縣,1090430,遠傳電信股份有限公司,4G,853
南投縣,1090430,台灣之星電信股份有限公司,4G,464
屏東縣,1090430,台灣之星電信股份有限公司,4G,657
屏東縣,1090430,台灣大哥大股份有限公司,4G,882
屏東縣,1090430,遠傳電信股份有限公司,4G,989
屏東縣,1090430,中華電信股份有限公司,4G,1060
屏東縣,1090430,亞太電信股份有限公司,4G,502
苗栗縣,1090430,遠傳電信股份有限公司,4G,942
苗栗縣,1090430,中華電信股份有限公司,4G,1257
苗栗縣,1090430,亞太電信股份有限公司,4G,358
苗栗縣,1090430,台灣之星電信股份有限公司,4G,470
苗栗縣,1090430,台灣大哥大股份有限公司,4G,810
桃園市,1090430,中華電信股份有限公司,4G,2070
桃園市,1090430,台灣大哥大股份有限公司,4G,1859
桃園市,1090430,亞太電信股份有限公司,4G,937
桃園市,1090430,台灣之星電信股份有限公司,4G,1460
桃園市,1090430,遠傳電信股份有限公司,4G,1913
高雄市,1090430,中華電信股份有限公司,4G,3048
高雄市,1090430,亞太電信股份有限公司,4G,1344
高雄市,1090430,台灣之星電信股份有限公司,4G,1992
高雄市,1090430,台灣大哥大股份有限公司,4G,2305
高雄市,1090430,遠傳電信股份有限公司,4G,2200
基隆市,1090430,亞太電信股份有限公司,4G,221
基隆市,1090430,中華電信股份有限公司,4G,386
基隆市,1090430,台灣之星電信股份有限公司,4G,222
基隆市,1090430,台灣大哥大股份有限公司,4G,263
基隆市,1090430,遠傳電信股份有限公司,4G,341
連江縣,1090430,台灣大哥大股份有限公司,4G,41
連江縣,1090430,中華電信股份有限公司,4G,86
連江縣,1090430,遠傳電信股份有限公司,4G,41
連江縣,1090430,台灣之星電信股份有限公司,4G,17
連江縣,1090430,亞太電信股份有限公司,4G,20
雲林縣,1090430,遠傳電信股份有限公司,4G,692
雲林縣,1090430,亞太電信股份有限公司,4G,276
雲林縣,1090430,中華電信股份有限公司,4G,1241
雲林縣,1090430,台灣大哥大股份有限公司,4G,691
雲林縣,1090430,台灣之星電信股份有限公司,4G,445
新北市,1090430,遠傳電信股份有限公司,4G,2539
新北市,1090430,中華電信股份有限公司,4G,3210
新北市,1090430,亞太電信股份有限公司,4G,1522
新北市,1090430,台灣大哥大股份有限公司,4G,2614
新北市,1090430,台灣之星電信股份有限公司,4G,2257
新竹市,1090430,台灣大哥大股份有限公司,4G,386
新竹市,1090430,亞太電信股份有限公司,4G,176
新竹市,1090430,遠傳電信股份有限公司,4G,538
新竹市,1090430,中華電信股份有限公司,4G,605
新竹市,1090430,台灣之星電信股份有限公司,4G,354
新竹縣,1090430,台灣大哥大股份有限公司,4G,682
新竹縣,1090430,遠傳電信股份有限公司,4G,678
新竹縣,1090430,亞太電信股份有限公司,4G,266
新竹縣,1090430,中華電信股份有限公司,4G,970
新竹縣,1090430,台灣之星電信股份有限公司,4G,502
嘉義市,1090430,台灣之星電信股份有限公司,4G,171
嘉義市,1090430,亞太電信股份有限公司,4G,140
嘉義市,1090430,中華電信股份有限公司,4G,338
嘉義市,1090430,遠傳電信股份有限公司,4G,200
嘉義市,1090430,台灣大哥大股份有限公司,4G,261
嘉義縣,1090430,台灣之星電信股份有限公司,4G,354
嘉義縣,1090430,中華電信股份有限公司,4G,973
嘉義縣,1090430,亞太電信股份有限公司,4G,231
嘉義縣,1090430,台灣大哥大股份有限公司,4G,495
嘉義縣,1090430,遠傳電信股份有限公司,4G,553
彰化縣,1090430,遠傳電信股份有限公司,4G,1065
彰化縣,1090430,台灣大哥大股份有限公司,4G,1121
彰化縣,1090430,亞太電信股份有限公司,4G,451
彰化縣,1090430,台灣之星電信股份有限公司,4G,668
彰化縣,1090430,中華電信股份有限公司,4G,1790
臺中市,1090430,台灣大哥大股份有限公司,4G,3023
臺中市,1090430,中華電信股份有限公司,4G,4833
臺中市,1090430,台灣之星電信股份有限公司,4G,2058
臺中市,1090430,亞太電信股份有限公司,4G,1599
臺中市,1090430,遠傳電信股份有限公司,4G,3219
臺北市,1090430,台灣之星電信股份有限公司,4G,1815
臺北市,1090430,遠傳電信股份有限公司,4G,2824
臺北市,1090430,中華電信股份有限公司,4G,2900
臺北市,1090430,台灣大哥大股份有限公司,4G,2586
臺北市,1090430,亞太電信股份有限公司,4G,1511
臺東縣,1090430,中華電信股份有限公司,4G,611
臺東縣,1090430,台灣之星電信股份有限公司,4G,264
臺東縣,1090430,台灣大哥大股份有限公司,4G,417
臺東縣,1090430,遠傳電信股份有限公司,4G,388
臺東縣,1090430,亞太電信股份有限公司,4G,128
臺南市,1090430,遠傳電信股份有限公司,4G,1462
臺南市,1090430,台灣大哥大股份有限公司,4G,1552
臺南市,1090430,中華電信股份有限公司,4G,2108
臺南市,1090430,台灣之星電信股份有限公司,4G,1315
臺南市,1090430,亞太電信股份有限公司,4G,878
澎湖縣,1090430,中華電信股份有限公司,4G,201
澎湖縣,1090430,遠傳電信股份有限公司,4G,157
澎湖縣,1090430,台灣大哥大股份有限公司,4G,170
澎湖縣,1090430,台灣之星電信股份有限公司,4G,70
澎湖縣,1090430,亞太電信股份有限公司,4G,42
宜蘭縣,1090331,亞太電信股份有限公司,4G,167
宜蘭縣,1090331,台灣之星電信股份有限公司,4G,391
宜蘭縣,1090331,台灣大哥大股份有限公司,4G,584
宜蘭縣,1090331,中華電信股份有限公司,4G,980
宜蘭縣,1090331,遠傳電信股份有限公司,4G,536
花蓮縣,1090331,亞太電信股份有限公司,4G,164
花蓮縣,1090331,遠傳電信股份有限公司,4G,646
花蓮縣,1090331,台灣之星電信股份有限公司,4G,376
花蓮縣,1090331,中華電信股份有限公司,4G,920
花蓮縣,1090331,台灣大哥大股份有限公司,4G,674
金門縣,1090331,台灣之星電信股份有限公司,4G,46
金門縣,1090331,中華電信股份有限公司,4G,231
金門縣,1090331,台灣大哥大股份有限公司,4G,123
金門縣,1090331,遠傳電信股份有限公司,4G,130
金門縣,1090331,亞太電信股份有限公司,4G,36
南投縣,1090331,台灣大哥大股份有限公司,4G,780
南投縣,1090331,亞太電信股份有限公司,4G,335
南投縣,1090331,中華電信股份有限公司,4G,1182
南投縣,1090331,台灣之星電信股份有限公司,4G,464
南投縣,1090331,遠傳電信股份有限公司,4G,846
屏東縣,1090331,台灣之星電信股份有限公司,4G,656
屏東縣,1090331,亞太電信股份有限公司,4G,497
屏東縣,1090331,中華電信股份有限公司,4G,1064
屏東縣,1090331,台灣大哥大股份有限公司,4G,883
屏東縣,1090331,遠傳電信股份有限公司,4G,989
苗栗縣,1090331,遠傳電信股份有限公司,4G,938
苗栗縣,1090331,台灣大哥大股份有限公司,4G,810
苗栗縣,1090331,中華電信股份有限公司,4G,1255
苗栗縣,1090331,台灣之星電信股份有限公司,4G,470
苗栗縣,1090331,亞太電信股份有限公司,4G,358
桃園市,1090331,亞太電信股份有限公司,4G,902
桃園市,1090331,台灣大哥大股份有限公司,4G,1859
桃園市,1090331,遠傳電信股份有限公司,4G,1913
桃園市,1090331,中華電信股份有限公司,4G,2070
桃園市,1090331,台灣之星電信股份有限公司,4G,1460
高雄市,1090331,亞太電信股份有限公司,4G,1319
高雄市,1090331,遠傳電信股份有限公司,4G,2200
高雄市,1090331,中華電信股份有限公司,4G,3034
高雄市,1090331,台灣大哥大股份有限公司,4G,2305
高雄市,1090331,台灣之星電信股份有限公司,4G,1936
基隆市,1090331,亞太電信股份有限公司,4G,215
基隆市,1090331,中華電信股份有限公司,4G,368
基隆市,1090331,台灣大哥大股份有限公司,4G,263
基隆市,1090331,台灣之星電信股份有限公司,4G,221
基隆市,1090331,遠傳電信股份有限公司,4G,336
連江縣,1090331,台灣之星電信股份有限公司,4G,17
連江縣,1090331,中華電信股份有限公司,4G,86
連江縣,1090331,亞太電信股份有限公司,4G,20
連江縣,1090331,台灣大哥大股份有限公司,4G,41
連江縣,1090331,遠傳電信股份有限公司,4G,41
雲林縣,1090331,台灣之星電信股份有限公司,4G,436
雲林縣,1090331,亞太電信股份有限公司,4G,276
雲林縣,1090331,中華電信股份有限公司,4G,1238
雲林縣,1090331,台灣大哥大股份有限公司,4G,691
雲林縣,1090331,遠傳電信股份有限公司,4G,686
新北市,1090331,台灣之星電信股份有限公司,4G,2249
新北市,1090331,台灣大哥大股份有限公司,4G,2614
新北市,1090331,亞太電信股份有限公司,4G,1502
新北市,1090331,中華電信股份有限公司,4G,3194
新北市,1090331,遠傳電信股份有限公司,4G,2532
新竹市,1090331,遠傳電信股份有限公司,4G,538
新竹市,1090331,台灣大哥大股份有限公司,4G,386
新竹市,1090331,亞太電信股份有限公司,4G,176
新竹市,1090331,台灣之星電信股份有限公司,4G,354
新竹市,1090331,中華電信股份有限公司,4G,605
新竹縣,1090331,遠傳電信股份有限公司,4G,678
新竹縣,1090331,台灣之星電信股份有限公司,4G,502
新竹縣,1090331,中華電信股份有限公司,4G,970
新竹縣,1090331,台灣大哥大股份有限公司,4G,687
新竹縣,1090331,亞太電信股份有限公司,4G,266
嘉義市,1090331,亞太電信股份有限公司,4G,138
嘉義市,1090331,台灣大哥大股份有限公司,4G,261
嘉義市,1090331,中華電信股份有限公司,4G,338
嘉義市,1090331,台灣之星電信股份有限公司,4G,168
嘉義市,1090331,遠傳電信股份有限公司,4G,200
嘉義縣,1090331,遠傳電信股份有限公司,4G,553
嘉義縣,1090331,中華電信股份有限公司,4G,970
嘉義縣,1090331,亞太電信股份有限公司,4G,230
嘉義縣,1090331,台灣大哥大股份有限公司,4G,495
嘉義縣,1090331,台灣之星電信股份有限公司,4G,352
彰化縣,1090331,台灣之星電信股份有限公司,4G,658
彰化縣,1090331,亞太電信股份有限公司,4G,451
彰化縣,1090331,中華電信股份有限公司,4G,1786
彰化縣,1090331,遠傳電信股份有限公司,4G,1053
彰化縣,1090331,台灣大哥大股份有限公司,4G,1121
臺中市,1090331,遠傳電信股份有限公司,4G,3198
臺中市,1090331,台灣大哥大股份有限公司,4G,3023
臺中市,1090331,亞太電信股份有限公司,4G,1599
臺中市,1090331,中華電信股份有限公司,4G,4791
臺中市,1090331,台灣之星電信股份有限公司,4G,2027
臺北市,1090331,遠傳電信股份有限公司,4G,2796
臺北市,1090331,台灣大哥大股份有限公司,4G,2586
臺北市,1090331,中華電信股份有限公司,4G,2884
臺北市,1090331,台灣之星電信股份有限公司,4G,1802
臺北市,1090331,亞太電信股份有限公司,4G,1485
臺東縣,1090331,台灣大哥大股份有限公司,4G,417
臺東縣,1090331,中華電信股份有限公司,4G,602
臺東縣,1090331,遠傳電信股份有限公司,4G,388
臺東縣,1090331,亞太電信股份有限公司,4G,128
臺東縣,1090331,台灣之星電信股份有限公司,4G,264
臺南市,1090331,遠傳電信股份有限公司,4G,1462
臺南市,1090331,台灣大哥大股份有限公司,4G,1553
臺南市,1090331,台灣之星電信股份有限公司,4G,1288
臺南市,1090331,中華電信股份有限公司,4G,2102
臺南市,1090331,亞太電信股份有限公司,4G,860
澎湖縣,1090331,中華電信股份有限公司,4G,201
澎湖縣,1090331,台灣之星電信股份有限公司,4G,69
澎湖縣,1090331,遠傳電信股份有限公司,4G,157
澎湖縣,1090331,台灣大哥大股份有限公司,4G,170
澎湖縣,1090331,亞太電信股份有限公司,4G,42
宜蘭縣,1090229,台灣大哥大股份有限公司,4G,572
宜蘭縣,1090229,台灣之星電信股份有限公司,4G,391
宜蘭縣,1090229,中華電信股份有限公司,4G,982
宜蘭縣,1090229,亞太電信股份有限公司,4G,167
宜蘭縣,1090229,遠傳電信股份有限公司,4G,536
花蓮縣,1090229,台灣之星電信股份有限公司,4G,376
花蓮縣,1090229,中華電信股份有限公司,4G,920
花蓮縣,1090229,台灣大哥大股份有限公司,4G,659
花蓮縣,1090229,亞太電信股份有限公司,4G,164
花蓮縣,1090229,遠傳電信股份有限公司,4G,646
金門縣,1090229,台灣之星電信股份有限公司,4G,45
金門縣,1090229,台灣大哥大股份有限公司,4G,122
金門縣,1090229,中華電信股份有限公司,4G,231
金門縣,1090229,亞太電信股份有限公司,4G,36
金門縣,1090229,遠傳電信股份有限公司,4G,123
南投縣,1090229,亞太電信股份有限公司,4G,335
南投縣,1090229,台灣大哥大股份有限公司,4G,780
南投縣,1090229,中華電信股份有限公司,4G,1175
南投縣,1090229,台灣之星電信股份有限公司,4G,458
南投縣,1090229,遠傳電信股份有限公司,4G,846
屏東縣,1090229,亞太電信股份有限公司,4G,497
屏東縣,1090229,台灣大哥大股份有限公司,4G,876
屏東縣,1090229,台灣之星電信股份有限公司,4G,648
屏東縣,1090229,中華電信股份有限公司,4G,1064
屏東縣,1090229,遠傳電信股份有限公司,4G,982
苗栗縣,1090229,亞太電信股份有限公司,4G,358
苗栗縣,1090229,遠傳電信股份有限公司,4G,938
苗栗縣,1090229,台灣大哥大股份有限公司,4G,810
苗栗縣,1090229,中華電信股份有限公司,4G,1242
苗栗縣,1090229,台灣之星電信股份有限公司,4G,464
桃園市,1090229,台灣大哥大股份有限公司,4G,1854
桃園市,1090229,中華電信股份有限公司,4G,2070
桃園市,1090229,台灣之星電信股份有限公司,4G,1440
桃園市,1090229,遠傳電信股份有限公司,4G,1913
桃園市,1090229,亞太電信股份有限公司,4G,902
高雄市,1090229,遠傳電信股份有限公司,4G,2184
高雄市,1090229,台灣大哥大股份有限公司,4G,2283
高雄市,1090229,中華電信股份有限公司,4G,3034
高雄市,1090229,亞太電信股份有限公司,4G,1319
高雄市,1090229,台灣之星電信股份有限公司,4G,1917
基隆市,1090229,遠傳電信股份有限公司,4G,336
基隆市,1090229,台灣大哥大股份有限公司,4G,262
基隆市,1090229,台灣之星電信股份有限公司,4G,221
基隆市,1090229,中華電信股份有限公司,4G,368
基隆市,1090229,亞太電信股份有限公司,4G,215
連江縣,1090229,遠傳電信股份有限公司,4G,41
連江縣,1090229,中華電信股份有限公司,4G,86
連江縣,1090229,台灣之星電信股份有限公司,4G,17
連江縣,1090229,台灣大哥大股份有限公司,4G,41
連江縣,1090229,亞太電信股份有限公司,4G,20
雲林縣,1090229,亞太電信股份有限公司,4G,276
雲林縣,1090229,中華電信股份有限公司,4G,1220
雲林縣,1090229,台灣大哥大股份有限公司,4G,691
雲林縣,1090229,台灣之星電信股份有限公司,4G,430
雲林縣,1090229,遠傳電信股份有限公司,4G,686
新北市,1090229,亞太電信股份有限公司,4G,1502
新北市,1090229,台灣大哥大股份有限公司,4G,2606
新北市,1090229,台灣之星電信股份有限公司,4G,2219
新北市,1090229,中華電信股份有限公司,4G,3194
新北市,1090229,遠傳電信股份有限公司,4G,2532
新竹市,1090229,台灣之星電信股份有限公司,4G,354
新竹市,1090229,遠傳電信股份有限公司,4G,538
新竹市,1090229,台灣大哥大股份有限公司,4G,386
新竹市,1090229,亞太電信股份有限公司,4G,176
新竹市,1090229,中華電信股份有限公司,4G,605
新竹縣,1090229,中華電信股份有限公司,4G,970
新竹縣,1090229,台灣之星電信股份有限公司,4G,502
新竹縣,1090229,遠傳電信股份有限公司,4G,679
新竹縣,1090229,台灣大哥大股份有限公司,4G,687
新竹縣,1090229,亞太電信股份有限公司,4G,266
嘉義市,1090229,中華電信股份有限公司,4G,338
嘉義市,1090229,台灣大哥大股份有限公司,4G,260
嘉義市,1090229,亞太電信股份有限公司,4G,138
嘉義市,1090229,台灣之星電信股份有限公司,4G,167
嘉義市,1090229,遠傳電信股份有限公司,4G,200
嘉義縣,1090229,台灣大哥大股份有限公司,4G,488
嘉義縣,1090229,亞太電信股份有限公司,4G,230
嘉義縣,1090229,台灣之星電信股份有限公司,4G,346
嘉義縣,1090229,中華電信股份有限公司,4G,970
嘉義縣,1090229,遠傳電信股份有限公司,4G,547
彰化縣,1090229,亞太電信股份有限公司,4G,451
彰化縣,1090229,中華電信股份有限公司,4G,1755
彰化縣,1090229,遠傳電信股份有限公司,4G,1053
彰化縣,1090229,台灣大哥大股份有限公司,4G,1121
彰化縣,1090229,台灣之星電信股份有限公司,4G,651
臺中市,1090229,亞太電信股份有限公司,4G,1599
臺中市,1090229,中華電信股份有限公司,4G,4770
臺中市,1090229,台灣之星電信股份有限公司,4G,2002
臺中市,1090229,台灣大哥大股份有限公司,4G,3023
臺中市,1090229,遠傳電信股份有限公司,4G,3198
臺北市,1090229,中華電信股份有限公司,4G,2884
臺北市,1090229,台灣大哥大股份有限公司,4G,2577
臺北市,1090229,遠傳電信股份有限公司,4G,2796
臺北市,1090229,台灣之星電信股份有限公司,4G,1802
臺北市,1090229,亞太電信股份有限公司,4G,1485
臺東縣,1090229,中華電信股份有限公司,4G,602
臺東縣,1090229,台灣大哥大股份有限公司,4G,415
臺東縣,1090229,台灣之星電信股份有限公司,4G,264
臺東縣,1090229,遠傳電信股份有限公司,4G,382
臺東縣,1090229,亞太電信股份有限公司,4G,128
臺南市,1090229,亞太電信股份有限公司,4G,860
臺南市,1090229,中華電信股份有限公司,4G,2102
臺南市,1090229,遠傳電信股份有限公司,4G,1454
臺南市,1090229,台灣大哥大股份有限公司,4G,1544
臺南市,1090229,台灣之星電信股份有限公司,4G,1277
澎湖縣,1090229,遠傳電信股份有限公司,4G,157
澎湖縣,1090229,中華電信股份有限公司,4G,201
澎湖縣,1090229,台灣之星電信股份有限公司,4G,69
澎湖縣,1090229,台灣大哥大股份有限公司,4G,170
澎湖縣,1090229,亞太電信股份有限公司,4G,42
宜蘭縣,1090131,遠傳電信股份有限公司,4G,536
宜蘭縣,1090131,亞太電信股份有限公司,4G,167
宜蘭縣,1090131,中華電信股份有限公司,4G,956
宜蘭縣,1090131,台灣大哥大股份有限公司,4G,572
宜蘭縣,1090131,台灣之星電信股份有限公司,4G,391
花蓮縣,1090131,亞太電信股份有限公司,4G,164
花蓮縣,1090131,中華電信股份有限公司,4G,899
花蓮縣,1090131,台灣之星電信股份有限公司,4G,376
花蓮縣,1090131,遠傳電信股份有限公司,4G,646
花蓮縣,1090131,台灣大哥大股份有限公司,4G,662
金門縣,1090131,中華電信股份有限公司,4G,219
金門縣,1090131,台灣之星電信股份有限公司,4G,45
金門縣,1090131,台灣大哥大股份有限公司,4G,122
金門縣,1090131,亞太電信股份有限公司,4G,36
金門縣,1090131,遠傳電信股份有限公司,4G,123
南投縣,1090131,台灣大哥大股份有限公司,4G,759
南投縣,1090131,遠傳電信股份有限公司,4G,838
南投縣,1090131,台灣之星電信股份有限公司,4G,458
南投縣,1090131,亞太電信股份有限公司,4G,341
南投縣,1090131,中華電信股份有限公司,4G,1175
屏東縣,1090131,中華電信股份有限公司,4G,1060
屏東縣,1090131,亞太電信股份有限公司,4G,497
屏東縣,1090131,台灣之星電信股份有限公司,4G,648
屏東縣,1090131,台灣大哥大股份有限公司,4G,876
屏東縣,1090131,遠傳電信股份有限公司,4G,983
苗栗縣,1090131,台灣大哥大股份有限公司,4G,790
苗栗縣,1090131,遠傳電信股份有限公司,4G,936
苗栗縣,1090131,中華電信股份有限公司,4G,1242
苗栗縣,1090131,台灣之星電信股份有限公司,4G,464
苗栗縣,1090131,亞太電信股份有限公司,4G,359
桃園市,1090131,中華電信股份有限公司,4G,2062
桃園市,1090131,亞太電信股份有限公司,4G,902
桃園市,1090131,遠傳電信股份有限公司,4G,1914
桃園市,1090131,台灣之星電信股份有限公司,4G,1440
桃園市,1090131,台灣大哥大股份有限公司,4G,1854
高雄市,1090131,台灣之星電信股份有限公司,4G,1917
高雄市,1090131,遠傳電信股份有限公司,4G,2187
高雄市,1090131,中華電信股份有限公司,4G,3019
高雄市,1090131,台灣大哥大股份有限公司,4G,2283
高雄市,1090131,亞太電信股份有限公司,4G,1319
基隆市,1090131,遠傳電信股份有限公司,4G,336
基隆市,1090131,亞太電信股份有限公司,4G,215
基隆市,1090131,中華電信股份有限公司,4G,368
基隆市,1090131,台灣大哥大股份有限公司,4G,262
基隆市,1090131,台灣之星電信股份有限公司,4G,221
連江縣,1090131,台灣之星電信股份有限公司,4G,17
連江縣,1090131,中華電信股份有限公司,4G,86
連江縣,1090131,亞太電信股份有限公司,4G,20
連江縣,1090131,台灣大哥大股份有限公司,4G,41
連江縣,1090131,遠傳電信股份有限公司,4G,41
雲林縣,1090131,台灣大哥大股份有限公司,4G,679
雲林縣,1090131,亞太電信股份有限公司,4G,276
雲林縣,1090131,中華電信股份有限公司,4G,1220
雲林縣,1090131,台灣之星電信股份有限公司,4G,430
雲林縣,1090131,遠傳電信股份有限公司,4G,677
新北市,1090131,台灣之星電信股份有限公司,4G,2219
新北市,1090131,台灣大哥大股份有限公司,4G,2606
新北市,1090131,遠傳電信股份有限公司,4G,2533
新北市,1090131,中華電信股份有限公司,4G,3187
新北市,1090131,亞太電信股份有限公司,4G,1502
新竹市,1090131,遠傳電信股份有限公司,4G,538
新竹市,1090131,台灣之星電信股份有限公司,4G,354
新竹市,1090131,台灣大哥大股份有限公司,4G,382
新竹市,1090131,中華電信股份有限公司,4G,605
新竹市,1090131,亞太電信股份有限公司,4G,176
新竹縣,1090131,台灣大哥大股份有限公司,4G,680
新竹縣,1090131,亞太電信股份有限公司,4G,266
新竹縣,1090131,中華電信股份有限公司,4G,970
新竹縣,1090131,台灣之星電信股份有限公司,4G,502
新竹縣,1090131,遠傳電信股份有限公司,4G,679
嘉義市,1090131,台灣大哥大股份有限公司,4G,260
嘉義市,1090131,台灣之星電信股份有限公司,4G,167
嘉義市,1090131,中華電信股份有限公司,4G,338
嘉義市,1090131,亞太電信股份有限公司,4G,138
嘉義市,1090131,遠傳電信股份有限公司,4G,200
嘉義縣,1090131,亞太電信股份有限公司,4G,230
嘉義縣,1090131,台灣大哥大股份有限公司,4G,488
嘉義縣,1090131,遠傳電信股份有限公司,4G,547
嘉義縣,1090131,中華電信股份有限公司,4G,963
嘉義縣,1090131,台灣之星電信股份有限公司,4G,346
彰化縣,1090131,亞太電信股份有限公司,4G,451
彰化縣,1090131,台灣之星電信股份有限公司,4G,651
彰化縣,1090131,中華電信股份有限公司,4G,1755
彰化縣,1090131,遠傳電信股份有限公司,4G,1046
彰化縣,1090131,台灣大哥大股份有限公司,4G,1085
臺中市,1090131,遠傳電信股份有限公司,4G,3176
臺中市,1090131,中華電信股份有限公司,4G,4770
臺中市,1090131,台灣之星電信股份有限公司,4G,2002
臺中市,1090131,台灣大哥大股份有限公司,4G,2887
臺中市,1090131,亞太電信股份有限公司,4G,1599
臺北市,1090131,台灣之星電信股份有限公司,4G,1802
臺北市,1090131,中華電信股份有限公司,4G,2846
臺北市,1090131,遠傳電信股份有限公司,4G,2797
臺北市,1090131,亞太電信股份有限公司,4G,1485
臺北市,1090131,台灣大哥大股份有限公司,4G,2577
臺東縣,1090131,台灣大哥大股份有限公司,4G,415
臺東縣,1090131,台灣之星電信股份有限公司,4G,264
臺東縣,1090131,中華電信股份有限公司,4G,600
臺東縣,1090131,亞太電信股份有限公司,4G,128
臺東縣,1090131,遠傳電信股份有限公司,4G,384
臺南市,1090131,台灣大哥大股份有限公司,4G,1544
臺南市,1090131,中華電信股份有限公司,4G,2098
臺南市,1090131,遠傳電信股份有限公司,4G,1454
臺南市,1090131,亞太電信股份有限公司,4G,864
臺南市,1090131,台灣之星電信股份有限公司,4G,1277
澎湖縣,1090131,遠傳電信股份有限公司,4G,157
澎湖縣,1090131,台灣大哥大股份有限公司,4G,170
澎湖縣,1090131,中華電信股份有限公司,4G,201
澎湖縣,1090131,台灣之星電信股份有限公司,4G,69
澎湖縣,1090131,亞太電信股份有限公司,4G,42
宜蘭縣,1081231,亞太電信股份有限公司,4G,167
宜蘭縣,1081231,台灣之星電信股份有限公司,4G,391
宜蘭縣,1081231,中華電信股份有限公司,4G,931
宜蘭縣,1081231,遠傳電信股份有限公司,4G,520
宜蘭縣,1081231,台灣大哥大股份有限公司,4G,572
花蓮縣,1081231,遠傳電信股份有限公司,4G,631
花蓮縣,1081231,台灣之星電信股份有限公司,4G,376
花蓮縣,1081231,亞太電信股份有限公司,4G,164
花蓮縣,1081231,中華電信股份有限公司,4G,894
花蓮縣,1081231,台灣大哥大股份有限公司,4G,662
金門縣,1081231,亞太電信股份有限公司,4G,36
金門縣,1081231,遠傳電信股份有限公司,4G,123
金門縣,1081231,中華電信股份有限公司,4G,210
金門縣,1081231,台灣大哥大股份有限公司,4G,122
金門縣,1081231,台灣之星電信股份有限公司,4G,45
南投縣,1081231,中華電信股份有限公司,4G,1169
南投縣,1081231,亞太電信股份有限公司,4G,337
南投縣,1081231,台灣大哥大股份有限公司,4G,759
南投縣,1081231,台灣之星電信股份有限公司,4G,458
南投縣,1081231,遠傳電信股份有限公司,4G,838
屏東縣,1081231,台灣之星電信股份有限公司,4G,648
屏東縣,1081231,台灣大哥大股份有限公司,4G,876
屏東縣,1081231,遠傳電信股份有限公司,4G,983
屏東縣,1081231,中華電信股份有限公司,4G,1052
屏東縣,1081231,亞太電信股份有限公司,4G,497
苗栗縣,1081231,中華電信股份有限公司,4G,1225
苗栗縣,1081231,遠傳電信股份有限公司,4G,936
苗栗縣,1081231,台灣大哥大股份有限公司,4G,790
苗栗縣,1081231,台灣之星電信股份有限公司,4G,464
苗栗縣,1081231,亞太電信股份有限公司,4G,356
桃園市,1081231,中華電信股份有限公司,4G,2043
桃園市,1081231,遠傳電信股份有限公司,4G,1915
桃園市,1081231,台灣大哥大股份有限公司,4G,1854
桃園市,1081231,亞太電信股份有限公司,4G,903
桃園市,1081231,台灣之星電信股份有限公司,4G,1440
高雄市,1081231,遠傳電信股份有限公司,4G,2187
高雄市,1081231,中華電信股份有限公司,4G,3003
高雄市,1081231,亞太電信股份有限公司,4G,1319
高雄市,1081231,台灣之星電信股份有限公司,4G,1918
高雄市,1081231,台灣大哥大股份有限公司,4G,2283
基隆市,1081231,亞太電信股份有限公司,4G,215
基隆市,1081231,中華電信股份有限公司,4G,368
基隆市,1081231,台灣之星電信股份有限公司,4G,221
基隆市,1081231,台灣大哥大股份有限公司,4G,262
基隆市,1081231,遠傳電信股份有限公司,4G,333
連江縣,1081231,遠傳電信股份有限公司,4G,41
連江縣,1081231,台灣大哥大股份有限公司,4G,41
連江縣,1081231,中華電信股份有限公司,4G,86
連江縣,1081231,台灣之星電信股份有限公司,4G,17
連江縣,1081231,亞太電信股份有限公司,4G,20
雲林縣,1081231,台灣之星電信股份有限公司,4G,430
雲林縣,1081231,中華電信股份有限公司,4G,1204
雲林縣,1081231,台灣大哥大股份有限公司,4G,679
雲林縣,1081231,遠傳電信股份有限公司,4G,677
雲林縣,1081231,亞太電信股份有限公司,4G,264
新北市,1081231,中華電信股份有限公司,4G,3189
新北市,1081231,台灣大哥大股份有限公司,4G,2606
新北市,1081231,台灣之星電信股份有限公司,4G,2220
新北市,1081231,亞太電信股份有限公司,4G,1502
新北市,1081231,遠傳電信股份有限公司,4G,2523
新竹市,1081231,遠傳電信股份有限公司,4G,538
新竹市,1081231,台灣大哥大股份有限公司,4G,382
新竹市,1081231,中華電信股份有限公司,4G,605
新竹市,1081231,亞太電信股份有限公司,4G,157
新竹市,1081231,台灣之星電信股份有限公司,4G,354
新竹縣,1081231,台灣大哥大股份有限公司,4G,680
新竹縣,1081231,亞太電信股份有限公司,4G,263
新竹縣,1081231,中華電信股份有限公司,4G,970
新竹縣,1081231,台灣之星電信股份有限公司,4G,502
新竹縣,1081231,遠傳電信股份有限公司,4G,679
嘉義市,1081231,台灣大哥大股份有限公司,4G,260
嘉義市,1081231,台灣之星電信股份有限公司,4G,167
嘉義市,1081231,中華電信股份有限公司,4G,338
嘉義市,1081231,亞太電信股份有限公司,4G,138
嘉義市,1081231,遠傳電信股份有限公司,4G,200
嘉義縣,1081231,遠傳電信股份有限公司,4G,547
嘉義縣,1081231,中華電信股份有限公司,4G,935
嘉義縣,1081231,亞太電信股份有限公司,4G,230
嘉義縣,1081231,台灣之星電信股份有限公司,4G,346
嘉義縣,1081231,台灣大哥大股份有限公司,4G,488
彰化縣,1081231,台灣大哥大股份有限公司,4G,1085
彰化縣,1081231,台灣之星電信股份有限公司,4G,651
彰化縣,1081231,亞太電信股份有限公司,4G,440
彰化縣,1081231,中華電信股份有限公司,4G,1740
彰化縣,1081231,遠傳電信股份有限公司,4G,1046
臺中市,1081231,台灣大哥大股份有限公司,4G,2887
臺中市,1081231,亞太電信股份有限公司,4G,1561
臺中市,1081231,遠傳電信股份有限公司,4G,3176
臺中市,1081231,中華電信股份有限公司,4G,4742
臺中市,1081231,台灣之星電信股份有限公司,4G,2002
臺北市,1081231,中華電信股份有限公司,4G,2846
臺北市,1081231,台灣之星電信股份有限公司,4G,1802
臺北市,1081231,台灣大哥大股份有限公司,4G,2577
臺北市,1081231,亞太電信股份有限公司,4G,1485
臺北市,1081231,遠傳電信股份有限公司,4G,2793
臺東縣,1081231,中華電信股份有限公司,4G,599
臺東縣,1081231,亞太電信股份有限公司,4G,128
臺東縣,1081231,台灣大哥大股份有限公司,4G,415
臺東縣,1081231,遠傳電信股份有限公司,4G,384
臺東縣,1081231,台灣之星電信股份有限公司,4G,264
臺南市,1081231,亞太電信股份有限公司,4G,864
臺南市,1081231,遠傳電信股份有限公司,4G,1454
臺南市,1081231,台灣大哥大股份有限公司,4G,1544
臺南市,1081231,中華電信股份有限公司,4G,2072
臺南市,1081231,台灣之星電信股份有限公司,4G,1281
澎湖縣,1081231,台灣大哥大股份有限公司,4G,170
澎湖縣,1081231,中華電信股份有限公司,4G,201
澎湖縣,1081231,亞太電信股份有限公司,4G,42
澎湖縣,1081231,遠傳電信股份有限公司,4G,157
澎湖縣,1081231,台灣之星電信股份有限公司,4G,69
宜蘭縣,1081130,亞太電信股份有限公司,4G,151
宜蘭縣,1081130,台灣大哥大股份有限公司,4G,560
宜蘭縣,1081130,中華電信股份有限公司,4G,926
宜蘭縣,1081130,台灣之星電信股份有限公司,4G,381
宜蘭縣,1081130,遠傳電信股份有限公司,4G,520
花蓮縣,1081130,中華電信股份有限公司,4G,888
花蓮縣,1081130,台灣之星電信股份有限公司,4G,373
花蓮縣,1081130,亞太電信股份有限公司,4G,152
花蓮縣,1081130,台灣大哥大股份有限公司,4G,629
花蓮縣,1081130,遠傳電信股份有限公司,4G,631
金門縣,1081130,台灣大哥大股份有限公司,4G,122
金門縣,1081130,中華電信股份有限公司,4G,204
金門縣,1081130,台灣之星電信股份有限公司,4G,45
金門縣,1081130,亞太電信股份有限公司,4G,36
金門縣,1081130,遠傳電信股份有限公司,4G,123
南投縣,1081130,台灣之星電信股份有限公司,4G,454
南投縣,1081130,中華電信股份有限公司,4G,1157
南投縣,1081130,遠傳電信股份有限公司,4G,836
南投縣,1081130,台灣大哥大股份有限公司,4G,759
南投縣,1081130,亞太電信股份有限公司,4G,335
屏東縣,1081130,台灣大哥大股份有限公司,4G,871
屏東縣,1081130,中華電信股份有限公司,4G,1046
屏東縣,1081130,台灣之星電信股份有限公司,4G,643
屏東縣,1081130,亞太電信股份有限公司,4G,489
屏東縣,1081130,遠傳電信股份有限公司,4G,978
苗栗縣,1081130,台灣之星電信股份有限公司,4G,459
苗栗縣,1081130,亞太電信股份有限公司,4G,354
苗栗縣,1081130,中華電信股份有限公司,4G,1203
苗栗縣,1081130,台灣大哥大股份有限公司,4G,790
苗栗縣,1081130,遠傳電信股份有限公司,4G,934
桃園市,1081130,台灣大哥大股份有限公司,4G,1830
桃園市,1081130,中華電信股份有限公司,4G,2039
桃園市,1081130,亞太電信股份有限公司,4G,833
桃園市,1081130,台灣之星電信股份有限公司,4G,1440
桃園市,1081130,遠傳電信股份有限公司,4G,1890
高雄市,1081130,中華電信股份有限公司,4G,2978
高雄市,1081130,台灣大哥大股份有限公司,4G,2258
高雄市,1081130,台灣之星電信股份有限公司,4G,1899
高雄市,1081130,亞太電信股份有限公司,4G,1305
高雄市,1081130,遠傳電信股份有限公司,4G,2158
基隆市,1081130,遠傳電信股份有限公司,4G,333
基隆市,1081130,亞太電信股份有限公司,4G,209
基隆市,1081130,台灣大哥大股份有限公司,4G,257
基隆市,1081130,中華電信股份有限公司,4G,355
基隆市,1081130,台灣之星電信股份有限公司,4G,217
連江縣,1081130,台灣之星電信股份有限公司,4G,14
連江縣,1081130,遠傳電信股份有限公司,4G,41
連江縣,1081130,台灣大哥大股份有限公司,4G,39
連江縣,1081130,中華電信股份有限公司,4G,86
連江縣,1081130,亞太電信股份有限公司,4G,20
雲林縣,1081130,遠傳電信股份有限公司,4G,676
雲林縣,1081130,亞太電信股份有限公司,4G,263
雲林縣,1081130,台灣之星電信股份有限公司,4G,429
雲林縣,1081130,中華電信股份有限公司,4G,1165
雲林縣,1081130,台灣大哥大股份有限公司,4G,679
新北市,1081130,中華電信股份有限公司,4G,3085
新北市,1081130,台灣之星電信股份有限公司,4G,2211
新北市,1081130,台灣大哥大股份有限公司,4G,2572
新北市,1081130,遠傳電信股份有限公司,4G,2505
新北市,1081130,亞太電信股份有限公司,4G,1396
新竹市,1081130,台灣大哥大股份有限公司,4G,382
新竹市,1081130,遠傳電信股份有限公司,4G,538
新竹市,1081130,中華電信股份有限公司,4G,605
新竹市,1081130,亞太電信股份有限公司,4G,152
新竹市,1081130,台灣之星電信股份有限公司,4G,354
新竹縣,1081130,台灣大哥大股份有限公司,4G,680
新竹縣,1081130,中華電信股份有限公司,4G,970
新竹縣,1081130,遠傳電信股份有限公司,4G,679
新竹縣,1081130,亞太電信股份有限公司,4G,254
新竹縣,1081130,台灣之星電信股份有限公司,4G,498
嘉義市,1081130,台灣大哥大股份有限公司,4G,260
嘉義市,1081130,遠傳電信股份有限公司,4G,203
嘉義市,1081130,亞太電信股份有限公司,4G,137
嘉義市,1081130,中華電信股份有限公司,4G,338
嘉義市,1081130,台灣之星電信股份有限公司,4G,166
嘉義縣,1081130,中華電信股份有限公司,4G,921
嘉義縣,1081130,台灣大哥大股份有限公司,4G,485
嘉義縣,1081130,遠傳電信股份有限公司,4G,548
嘉義縣,1081130,台灣之星電信股份有限公司,4G,341
嘉義縣,1081130,亞太電信股份有限公司,4G,225
彰化縣,1081130,台灣大哥大股份有限公司,4G,1085
彰化縣,1081130,中華電信股份有限公司,4G,1687
彰化縣,1081130,台灣之星電信股份有限公司,4G,645
彰化縣,1081130,遠傳電信股份有限公司,4G,1043
彰化縣,1081130,亞太電信股份有限公司,4G,439
臺中市,1081130,亞太電信股份有限公司,4G,1441
臺中市,1081130,台灣大哥大股份有限公司,4G,2887
臺中市,1081130,中華電信股份有限公司,4G,4637
臺中市,1081130,台灣之星電信股份有限公司,4G,1972
臺中市,1081130,遠傳電信股份有限公司,4G,3155
臺北市,1081130,台灣之星電信股份有限公司,4G,1769
臺北市,1081130,台灣大哥大股份有限公司,4G,2547
臺北市,1081130,中華電信股份有限公司,4G,2788
臺北市,1081130,亞太電信股份有限公司,4G,1453
臺北市,1081130,遠傳電信股份有限公司,4G,2743
臺東縣,1081130,亞太電信股份有限公司,4G,128
臺東縣,1081130,中華電信股份有限公司,4G,593
臺東縣,1081130,台灣之星電信股份有限公司,4G,261
臺東縣,1081130,遠傳電信股份有限公司,4G,385
臺東縣,1081130,台灣大哥大股份有限公司,4G,410
臺南市,1081130,台灣大哥大股份有限公司,4G,1537
臺南市,1081130,中華電信股份有限公司,4G,2058
臺南市,1081130,遠傳電信股份有限公司,4G,1452
臺南市,1081130,亞太電信股份有限公司,4G,850
臺南市,1081130,台灣之星電信股份有限公司,4G,1265
澎湖縣,1081130,台灣大哥大股份有限公司,4G,170
澎湖縣,1081130,遠傳電信股份有限公司,4G,157
澎湖縣,1081130,中華電信股份有限公司,4G,203
澎湖縣,1081130,亞太電信股份有限公司,4G,37
澎湖縣,1081130,台灣之星電信股份有限公司,4G,68
宜蘭縣,1081031,台灣之星電信股份有限公司,4G,379
宜蘭縣,1081031,台灣大哥大股份有限公司,4G,562
宜蘭縣,1081031,中華電信股份有限公司,4G,902
宜蘭縣,1081031,亞太電信股份有限公司,4G,147
宜蘭縣,1081031,遠傳電信股份有限公司,4G,514
花蓮縣,1081031,台灣之星電信股份有限公司,4G,371
花蓮縣,1081031,台灣大哥大股份有限公司,4G,632
花蓮縣,1081031,中華電信股份有限公司,4G,874
花蓮縣,1081031,遠傳電信股份有限公司,4G,626
花蓮縣,1081031,亞太電信股份有限公司,4G,144
金門縣,1081031,亞太電信股份有限公司,4G,32
金門縣,1081031,中華電信股份有限公司,4G,203
金門縣,1081031,遠傳電信股份有限公司,4G,123
金門縣,1081031,台灣大哥大股份有限公司,4G,117
金門縣,1081031,台灣之星電信股份有限公司,4G,45
南投縣,1081031,台灣大哥大股份有限公司,4G,759
南投縣,1081031,遠傳電信股份有限公司,4G,836
南投縣,1081031,亞太電信股份有限公司,4G,335
南投縣,1081031,中華電信股份有限公司,4G,1149
南投縣,1081031,台灣之星電信股份有限公司,4G,454
屏東縣,1081031,中華電信股份有限公司,4G,1035
屏東縣,1081031,台灣之星電信股份有限公司,4G,643
屏東縣,1081031,台灣大哥大股份有限公司,4G,818
屏東縣,1081031,亞太電信股份有限公司,4G,430
屏東縣,1081031,遠傳電信股份有限公司,4G,978
苗栗縣,1081031,亞太電信股份有限公司,4G,354
苗栗縣,1081031,台灣之星電信股份有限公司,4G,459
苗栗縣,1081031,中華電信股份有限公司,4G,1183
苗栗縣,1081031,台灣大哥大股份有限公司,4G,790
苗栗縣,1081031,遠傳電信股份有限公司,4G,934
桃園市,1081031,中華電信股份有限公司,4G,2032
桃園市,1081031,台灣之星電信股份有限公司,4G,1412
桃園市,1081031,遠傳電信股份有限公司,4G,1867
桃園市,1081031,台灣大哥大股份有限公司,4G,1832
桃園市,1081031,亞太電信股份有限公司,4G,814
高雄市,1081031,遠傳電信股份有限公司,4G,2158
高雄市,1081031,台灣大哥大股份有限公司,4G,2205
高雄市,1081031,中華電信股份有限公司,4G,2943
高雄市,1081031,台灣之星電信股份有限公司,4G,1899
高雄市,1081031,亞太電信股份有限公司,4G,1248
基隆市,1081031,台灣大哥大股份有限公司,4G,257
基隆市,1081031,中華電信股份有限公司,4G,355
基隆市,1081031,遠傳電信股份有限公司,4G,333
基隆市,1081031,台灣之星電信股份有限公司,4G,217
基隆市,1081031,亞太電信股份有限公司,4G,209
連江縣,1081031,中華電信股份有限公司,4G,86
連江縣,1081031,台灣大哥大股份有限公司,4G,39
連江縣,1081031,遠傳電信股份有限公司,4G,41
連江縣,1081031,亞太電信股份有限公司,4G,20
連江縣,1081031,台灣之星電信股份有限公司,4G,14
雲林縣,1081031,亞太電信股份有限公司,4G,263
雲林縣,1081031,遠傳電信股份有限公司,4G,676
雲林縣,1081031,台灣大哥大股份有限公司,4G,679
雲林縣,1081031,台灣之星電信股份有限公司,4G,429
雲林縣,1081031,中華電信股份有限公司,4G,1138
新北市,1081031,遠傳電信股份有限公司,4G,2471
新北市,1081031,中華電信股份有限公司,4G,3032
新北市,1081031,亞太電信股份有限公司,4G,1384
新北市,1081031,台灣大哥大股份有限公司,4G,2580
新北市,1081031,台灣之星電信股份有限公司,4G,2195
新竹市,1081031,台灣之星電信股份有限公司,4G,354
新竹市,1081031,遠傳電信股份有限公司,4G,538
新竹市,1081031,台灣大哥大股份有限公司,4G,382
新竹市,1081031,中華電信股份有限公司,4G,605
新竹市,1081031,亞太電信股份有限公司,4G,152
新竹縣,1081031,台灣大哥大股份有限公司,4G,680
新竹縣,1081031,遠傳電信股份有限公司,4G,679
新竹縣,1081031,中華電信股份有限公司,4G,970
新竹縣,1081031,台灣之星電信股份有限公司,4G,498
新竹縣,1081031,亞太電信股份有限公司,4G,254
嘉義市,1081031,遠傳電信股份有限公司,4G,204
嘉義市,1081031,中華電信股份有限公司,4G,338
嘉義市,1081031,台灣之星電信股份有限公司,4G,166
嘉義市,1081031,亞太電信股份有限公司,4G,135
嘉義市,1081031,台灣大哥大股份有限公司,4G,257
嘉義縣,1081031,中華電信股份有限公司,4G,908
嘉義縣,1081031,亞太電信股份有限公司,4G,217
嘉義縣,1081031,台灣之星電信股份有限公司,4G,341
嘉義縣,1081031,遠傳電信股份有限公司,4G,548
嘉義縣,1081031,台灣大哥大股份有限公司,4G,475
彰化縣,1081031,台灣大哥大股份有限公司,4G,1085
彰化縣,1081031,中華電信股份有限公司,4G,1654
彰化縣,1081031,亞太電信股份有限公司,4G,439
彰化縣,1081031,台灣之星電信股份有限公司,4G,645
彰化縣,1081031,遠傳電信股份有限公司,4G,1043
臺中市,1081031,遠傳電信股份有限公司,4G,3155
臺中市,1081031,中華電信股份有限公司,4G,4549
臺中市,1081031,台灣之星電信股份有限公司,4G,1972
臺中市,1081031,台灣大哥大股份有限公司,4G,2887
臺中市,1081031,亞太電信股份有限公司,4G,1441
臺北市,1081031,台灣大哥大股份有限公司,4G,2549
臺北市,1081031,中華電信股份有限公司,4G,2788
臺北市,1081031,台灣之星電信股份有限公司,4G,1773
臺北市,1081031,亞太電信股份有限公司,4G,1446
臺北市,1081031,遠傳電信股份有限公司,4G,2713
臺東縣,1081031,中華電信股份有限公司,4G,583
臺東縣,1081031,亞太電信股份有限公司,4G,109
臺東縣,1081031,台灣大哥大股份有限公司,4G,389
臺東縣,1081031,台灣之星電信股份有限公司,4G,261
臺東縣,1081031,遠傳電信股份有限公司,4G,385
臺南市,1081031,遠傳電信股份有限公司,4G,1454
臺南市,1081031,亞太電信股份有限公司,4G,814
臺南市,1081031,中華電信股份有限公司,4G,2041
臺南市,1081031,台灣之星電信股份有限公司,4G,1268
臺南市,1081031,台灣大哥大股份有限公司,4G,1505
澎湖縣,1081031,中華電信股份有限公司,4G,200
澎湖縣,1081031,台灣大哥大股份有限公司,4G,170
澎湖縣,1081031,遠傳電信股份有限公司,4G,157
澎湖縣,1081031,亞太電信股份有限公司,4G,28
澎湖縣,1081031,台灣之星電信股份有限公司,4G,68
宜蘭縣,1080930,遠傳電信股份有限公司,4G,507
宜蘭縣,1080930,台灣之星電信股份有限公司,4G,379
宜蘭縣,1080930,亞太電信股份有限公司,4G,137
宜蘭縣,1080930,台灣大哥大股份有限公司,4G,562
宜蘭縣,1080930,中華電信股份有限公司,4G,894
花蓮縣,1080930,遠傳電信股份有限公司,4G,625
花蓮縣,1080930,台灣之星電信股份有限公司,4G,371
花蓮縣,1080930,台灣大哥大股份有限公司,4G,632
花蓮縣,1080930,中華電信股份有限公司,4G,863
花蓮縣,1080930,亞太電信股份有限公司,4G,130
金門縣,1080930,遠傳電信股份有限公司,4G,123
金門縣,1080930,台灣大哥大股份有限公司,4G,117
金門縣,1080930,中華電信股份有限公司,4G,203
金門縣,1080930,亞太電信股份有限公司,4G,32
金門縣,1080930,台灣之星電信股份有限公司,4G,45
南投縣,1080930,中華電信股份有限公司,4G,1140
南投縣,1080930,台灣大哥大股份有限公司,4G,759
南投縣,1080930,遠傳電信股份有限公司,4G,836
南投縣,1080930,亞太電信股份有限公司,4G,290
南投縣,1080930,台灣之星電信股份有限公司,4G,440
屏東縣,1080930,中華電信股份有限公司,4G,1035
屏東縣,1080930,台灣之星電信股份有限公司,4G,636
屏東縣,1080930,台灣大哥大股份有限公司,4G,818
屏東縣,1080930,亞太電信股份有限公司,4G,410
屏東縣,1080930,遠傳電信股份有限公司,4G,978
苗栗縣,1080930,台灣之星電信股份有限公司,4G,451
苗栗縣,1080930,中華電信股份有限公司,4G,1171
苗栗縣,1080930,遠傳電信股份有限公司,4G,934
苗栗縣,1080930,台灣大哥大股份有限公司,4G,790
苗栗縣,1080930,亞太電信股份有限公司,4G,350
桃園市,1080930,遠傳電信股份有限公司,4G,1867
桃園市,1080930,中華電信股份有限公司,4G,1990
桃園市,1080930,亞太電信股份有限公司,4G,755
桃園市,1080930,台灣大哥大股份有限公司,4G,1832
桃園市,1080930,台灣之星電信股份有限公司,4G,1412
高雄市,1080930,遠傳電信股份有限公司,4G,2158
高雄市,1080930,台灣之星電信股份有限公司,4G,1870
高雄市,1080930,中華電信股份有限公司,4G,2945
高雄市,1080930,台灣大哥大股份有限公司,4G,2205
高雄市,1080930,亞太電信股份有限公司,4G,1240
基隆市,1080930,台灣大哥大股份有限公司,4G,257
基隆市,1080930,中華電信股份有限公司,4G,346
基隆市,1080930,遠傳電信股份有限公司,4G,325
基隆市,1080930,亞太電信股份有限公司,4G,207
基隆市,1080930,台灣之星電信股份有限公司,4G,217
連江縣,1080930,台灣大哥大股份有限公司,4G,39
連江縣,1080930,遠傳電信股份有限公司,4G,41
連江縣,1080930,台灣之星電信股份有限公司,4G,14
連江縣,1080930,中華電信股份有限公司,4G,86
連江縣,1080930,亞太電信股份有限公司,4G,19
雲林縣,1080930,中華電信股份有限公司,4G,1130
雲林縣,1080930,台灣大哥大股份有限公司,4G,679
雲林縣,1080930,台灣之星電信股份有限公司,4G,423
雲林縣,1080930,亞太電信股份有限公司,4G,257
雲林縣,1080930,遠傳電信股份有限公司,4G,676
新北市,1080930,遠傳電信股份有限公司,4G,2467
新北市,1080930,中華電信股份有限公司,4G,2994
新北市,1080930,台灣大哥大股份有限公司,4G,2580
新北市,1080930,台灣之星電信股份有限公司,4G,2195
新北市,1080930,亞太電信股份有限公司,4G,1330
新竹市,1080930,中華電信股份有限公司,4G,582
新竹市,1080930,台灣之星電信股份有限公司,4G,354
新竹市,1080930,台灣大哥大股份有限公司,4G,383
新竹市,1080930,遠傳電信股份有限公司,4G,538
新竹市,1080930,亞太電信股份有限公司,4G,147
新竹縣,1080930,遠傳電信股份有限公司,4G,678
新竹縣,1080930,台灣大哥大股份有限公司,4G,679
新竹縣,1080930,中華電信股份有限公司,4G,946
新竹縣,1080930,台灣之星電信股份有限公司,4G,498
新竹縣,1080930,亞太電信股份有限公司,4G,253
嘉義市,1080930,台灣大哥大股份有限公司,4G,257
嘉義市,1080930,中華電信股份有限公司,4G,339
嘉義市,1080930,亞太電信股份有限公司,4G,135
嘉義市,1080930,台灣之星電信股份有限公司,4G,165
嘉義市,1080930,遠傳電信股份有限公司,4G,204
嘉義縣,1080930,遠傳電信股份有限公司,4G,548
嘉義縣,1080930,中華電信股份有限公司,4G,907
嘉義縣,1080930,台灣之星電信股份有限公司,4G,339
嘉義縣,1080930,台灣大哥大股份有限公司,4G,475
嘉義縣,1080930,亞太電信股份有限公司,4G,213
彰化縣,1080930,中華電信股份有限公司,4G,1642
彰化縣,1080930,亞太電信股份有限公司,4G,422
彰化縣,1080930,台灣之星電信股份有限公司,4G,629
彰化縣,1080930,台灣大哥大股份有限公司,4G,1085
彰化縣,1080930,遠傳電信股份有限公司,4G,1043
臺中市,1080930,遠傳電信股份有限公司,4G,3154
臺中市,1080930,亞太電信股份有限公司,4G,1379
臺中市,1080930,台灣大哥大股份有限公司,4G,2887
臺中市,1080930,中華電信股份有限公司,4G,4490
臺中市,1080930,台灣之星電信股份有限公司,4G,1926
臺北市,1080930,台灣之星電信股份有限公司,4G,1773
臺北市,1080930,中華電信股份有限公司,4G,2749
臺北市,1080930,亞太電信股份有限公司,4G,1436
臺北市,1080930,台灣大哥大股份有限公司,4G,2549
臺北市,1080930,遠傳電信股份有限公司,4G,2683
臺東縣,1080930,遠傳電信股份有限公司,4G,385
臺東縣,1080930,台灣之星電信股份有限公司,4G,261
臺東縣,1080930,中華電信股份有限公司,4G,582
臺東縣,1080930,亞太電信股份有限公司,4G,101
臺東縣,1080930,台灣大哥大股份有限公司,4G,389
臺南市,1080930,台灣之星電信股份有限公司,4G,1234
臺南市,1080930,遠傳電信股份有限公司,4G,1457
臺南市,1080930,中華電信股份有限公司,4G,2042
臺南市,1080930,亞太電信股份有限公司,4G,805
臺南市,1080930,台灣大哥大股份有限公司,4G,1507
澎湖縣,1080930,台灣大哥大股份有限公司,4G,170
澎湖縣,1080930,台灣之星電信股份有限公司,4G,67
澎湖縣,1080930,中華電信股份有限公司,4G,200
澎湖縣,1080930,亞太電信股份有限公司,4G,27
澎湖縣,1080930,遠傳電信股份有限公司,4G,157
宜蘭縣,1080831,中華電信股份有限公司,4G,894
宜蘭縣,1080831,台灣之星電信股份有限公司,4G,379
宜蘭縣,1080831,台灣大哥大股份有限公司,4G,555
宜蘭縣,1080831,亞太電信股份有限公司,4G,137
宜蘭縣,1080831,遠傳電信股份有限公司,4G,507
花蓮縣,1080831,台灣之星電信股份有限公司,4G,371
花蓮縣,1080831,中華電信股份有限公司,4G,863
花蓮縣,1080831,亞太電信股份有限公司,4G,130
花蓮縣,1080831,台灣大哥大股份有限公司,4G,624
花蓮縣,1080831,遠傳電信股份有限公司,4G,625
金門縣,1080831,台灣大哥大股份有限公司,4G,114
金門縣,1080831,台灣之星電信股份有限公司,4G,44
金門縣,1080831,遠傳電信股份有限公司,4G,123
金門縣,1080831,中華電信股份有限公司,4G,198
金門縣,1080831,亞太電信股份有限公司,4G,32
南投縣,1080831,台灣之星電信股份有限公司,4G,440
南投縣,1080831,中華電信股份有限公司,4G,1135
南投縣,1080831,亞太電信股份有限公司,4G,290
南投縣,1080831,台灣大哥大股份有限公司,4G,759
南投縣,1080831,遠傳電信股份有限公司,4G,834
屏東縣,1080831,中華電信股份有限公司,4G,1026
屏東縣,1080831,台灣之星電信股份有限公司,4G,634
屏東縣,1080831,台灣大哥大股份有限公司,4G,795
屏東縣,1080831,亞太電信股份有限公司,4G,410
屏東縣,1080831,遠傳電信股份有限公司,4G,969
苗栗縣,1080831,台灣之星電信股份有限公司,4G,451
苗栗縣,1080831,台灣大哥大股份有限公司,4G,790
苗栗縣,1080831,中華電信股份有限公司,4G,1160
苗栗縣,1080831,亞太電信股份有限公司,4G,350
苗栗縣,1080831,遠傳電信股份有限公司,4G,931
桃園市,1080831,台灣大哥大股份有限公司,4G,1828
桃園市,1080831,中華電信股份有限公司,4G,1990
桃園市,1080831,遠傳電信股份有限公司,4G,1867
桃園市,1080831,台灣之星電信股份有限公司,4G,1412
桃園市,1080831,亞太電信股份有限公司,4G,736
高雄市,1080831,亞太電信股份有限公司,4G,1240
高雄市,1080831,中華電信股份有限公司,4G,2891
高雄市,1080831,台灣之星電信股份有限公司,4G,1851
高雄市,1080831,台灣大哥大股份有限公司,4G,2172
高雄市,1080831,遠傳電信股份有限公司,4G,2133
基隆市,1080831,遠傳電信股份有限公司,4G,325
基隆市,1080831,台灣之星電信股份有限公司,4G,217
基隆市,1080831,台灣大哥大股份有限公司,4G,257
基隆市,1080831,中華電信股份有限公司,4G,346
基隆市,1080831,亞太電信股份有限公司,4G,204
連江縣,1080831,中華電信股份有限公司,4G,86
連江縣,1080831,遠傳電信股份有限公司,4G,41
連江縣,1080831,台灣大哥大股份有限公司,4G,38
連江縣,1080831,台灣之星電信股份有限公司,4G,14
連江縣,1080831,亞太電信股份有限公司,4G,19
雲林縣,1080831,台灣大哥大股份有限公司,4G,679
雲林縣,1080831,台灣之星電信股份有限公司,4G,423
雲林縣,1080831,亞太電信股份有限公司,4G,257
雲林縣,1080831,中華電信股份有限公司,4G,1117
雲林縣,1080831,遠傳電信股份有限公司,4G,672
新北市,1080831,台灣大哥大股份有限公司,4G,2571
新北市,1080831,中華電信股份有限公司,4G,2995
新北市,1080831,亞太電信股份有限公司,4G,1317
新北市,1080831,台灣之星電信股份有限公司,4G,2194
新北市,1080831,遠傳電信股份有限公司,4G,2467
新竹市,1080831,台灣大哥大股份有限公司,4G,383
新竹市,1080831,中華電信股份有限公司,4G,582
新竹市,1080831,遠傳電信股份有限公司,4G,538
新竹市,1080831,台灣之星電信股份有限公司,4G,354
新竹市,1080831,亞太電信股份有限公司,4G,147
新竹縣,1080831,中華電信股份有限公司,4G,946
新竹縣,1080831,遠傳電信股份有限公司,4G,677
新竹縣,1080831,台灣大哥大股份有限公司,4G,679
新竹縣,1080831,台灣之星電信股份有限公司,4G,498
新竹縣,1080831,亞太電信股份有限公司,4G,253
嘉義市,1080831,台灣大哥大股份有限公司,4G,254
嘉義市,1080831,中華電信股份有限公司,4G,335
嘉義市,1080831,台灣之星電信股份有限公司,4G,162
嘉義市,1080831,亞太電信股份有限公司,4G,135
嘉義市,1080831,遠傳電信股份有限公司,4G,204
嘉義縣,1080831,中華電信股份有限公司,4G,889
嘉義縣,1080831,亞太電信股份有限公司,4G,213
嘉義縣,1080831,台灣之星電信股份有限公司,4G,333
嘉義縣,1080831,台灣大哥大股份有限公司,4G,464
嘉義縣,1080831,遠傳電信股份有限公司,4G,545
彰化縣,1080831,台灣之星電信股份有限公司,4G,629
彰化縣,1080831,遠傳電信股份有限公司,4G,1037
彰化縣,1080831,台灣大哥大股份有限公司,4G,1085
彰化縣,1080831,中華電信股份有限公司,4G,1621
彰化縣,1080831,亞太電信股份有限公司,4G,422
臺中市,1080831,中華電信股份有限公司,4G,4454
臺中市,1080831,台灣之星電信股份有限公司,4G,1926
臺中市,1080831,遠傳電信股份有限公司,4G,3135
臺中市,1080831,台灣大哥大股份有限公司,4G,2887
臺中市,1080831,亞太電信股份有限公司,4G,1379
臺北市,1080831,台灣大哥大股份有限公司,4G,2531
臺北市,1080831,台灣之星電信股份有限公司,4G,1773
臺北市,1080831,遠傳電信股份有限公司,4G,2683
臺北市,1080831,亞太電信股份有限公司,4G,1421
臺北市,1080831,中華電信股份有限公司,4G,2749
臺東縣,1080831,中華電信股份有限公司,4G,582
臺東縣,1080831,遠傳電信股份有限公司,4G,381
臺東縣,1080831,台灣大哥大股份有限公司,4G,387
臺東縣,1080831,台灣之星電信股份有限公司,4G,252
臺東縣,1080831,亞太電信股份有限公司,4G,101
臺南市,1080831,中華電信股份有限公司,4G,1987
臺南市,1080831,台灣大哥大股份有限公司,4G,1501
臺南市,1080831,亞太電信股份有限公司,4G,807
臺南市,1080831,遠傳電信股份有限公司,4G,1448
臺南市,1080831,台灣之星電信股份有限公司,4G,1226
澎湖縣,1080831,中華電信股份有限公司,4G,200
澎湖縣,1080831,台灣之星電信股份有限公司,4G,65
澎湖縣,1080831,台灣大哥大股份有限公司,4G,168
澎湖縣,1080831,亞太電信股份有限公司,4G,27
澎湖縣,1080831,遠傳電信股份有限公司,4G,157
宜蘭縣,1080731,台灣大哥大股份有限公司,4G,553
宜蘭縣,1080731,台灣之星電信股份有限公司,4G,379
宜蘭縣,1080731,亞太電信股份有限公司,4G,137
宜蘭縣,1080731,中華電信股份有限公司,4G,888
宜蘭縣,1080731,遠傳電信股份有限公司,4G,502
花蓮縣,1080731,台灣大哥大股份有限公司,4G,622
花蓮縣,1080731,中華電信股份有限公司,4G,856
花蓮縣,1080731,台灣之星電信股份有限公司,4G,371
花蓮縣,1080731,亞太電信股份有限公司,4G,125
花蓮縣,1080731,遠傳電信股份有限公司,4G,618
金門縣,1080731,中華電信股份有限公司,4G,198
金門縣,1080731,台灣大哥大股份有限公司,4G,113
金門縣,1080731,台灣之星電信股份有限公司,4G,44
金門縣,1080731,遠傳電信股份有限公司,4G,123
金門縣,1080731,亞太電信股份有限公司,4G,32
南投縣,1080731,台灣之星電信股份有限公司,4G,441
南投縣,1080731,台灣大哥大股份有限公司,4G,753
南投縣,1080731,中華電信股份有限公司,4G,1124
南投縣,1080731,亞太電信股份有限公司,4G,267
南投縣,1080731,遠傳電信股份有限公司,4G,834
屏東縣,1080731,台灣大哥大股份有限公司,4G,785
屏東縣,1080731,中華電信股份有限公司,4G,1017
屏東縣,1080731,亞太電信股份有限公司,4G,410
屏東縣,1080731,台灣之星電信股份有限公司,4G,634
屏東縣,1080731,遠傳電信股份有限公司,4G,958
苗栗縣,1080731,亞太電信股份有限公司,4G,335
苗栗縣,1080731,台灣大哥大股份有限公司,4G,788
苗栗縣,1080731,遠傳電信股份有限公司,4G,931
苗栗縣,1080731,中華電信股份有限公司,4G,1157
苗栗縣,1080731,台灣之星電信股份有限公司,4G,451
桃園市,1080731,遠傳電信股份有限公司,4G,1867
桃園市,1080731,亞太電信股份有限公司,4G,720
桃園市,1080731,中華電信股份有限公司,4G,1972
桃園市,1080731,台灣之星電信股份有限公司,4G,1412
桃園市,1080731,台灣大哥大股份有限公司,4G,1819
高雄市,1080731,台灣大哥大股份有限公司,4G,2155
高雄市,1080731,遠傳電信股份有限公司,4G,2120
高雄市,1080731,台灣之星電信股份有限公司,4G,1853
高雄市,1080731,亞太電信股份有限公司,4G,1240
高雄市,1080731,中華電信股份有限公司,4G,2881
基隆市,1080731,台灣大哥大股份有限公司,4G,255
基隆市,1080731,亞太電信股份有限公司,4G,201
基隆市,1080731,遠傳電信股份有限公司,4G,325
基隆市,1080731,中華電信股份有限公司,4G,344
基隆市,1080731,台灣之星電信股份有限公司,4G,217
連江縣,1080731,台灣大哥大股份有限公司,4G,38
連江縣,1080731,遠傳電信股份有限公司,4G,41
連江縣,1080731,中華電信股份有限公司,4G,86
連江縣,1080731,亞太電信股份有限公司,4G,19
連江縣,1080731,台灣之星電信股份有限公司,4G,14
雲林縣,1080731,中華電信股份有限公司,4G,1112
雲林縣,1080731,台灣之星電信股份有限公司,4G,423
雲林縣,1080731,遠傳電信股份有限公司,4G,672
雲林縣,1080731,台灣大哥大股份有限公司,4G,671
雲林縣,1080731,亞太電信股份有限公司,4G,248
新北市,1080731,中華電信股份有限公司,4G,2871
新北市,1080731,台灣大哥大股份有限公司,4G,2564
新北市,1080731,遠傳電信股份有限公司,4G,2469
新北市,1080731,台灣之星電信股份有限公司,4G,2193
新北市,1080731,亞太電信股份有限公司,4G,1302
新竹市,1080731,台灣大哥大股份有限公司,4G,383
新竹市,1080731,台灣之星電信股份有限公司,4G,354
新竹市,1080731,遠傳電信股份有限公司,4G,540
新竹市,1080731,中華電信股份有限公司,4G,582
新竹市,1080731,亞太電信股份有限公司,4G,147
新竹縣,1080731,遠傳電信股份有限公司,4G,678
新竹縣,1080731,亞太電信股份有限公司,4G,253
新竹縣,1080731,中華電信股份有限公司,4G,946
新竹縣,1080731,台灣之星電信股份有限公司,4G,498
新竹縣,1080731,台灣大哥大股份有限公司,4G,660
嘉義市,1080731,亞太電信股份有限公司,4G,135
嘉義市,1080731,台灣大哥大股份有限公司,4G,253
嘉義市,1080731,中華電信股份有限公司,4G,334
嘉義市,1080731,台灣之星電信股份有限公司,4G,162
嘉義市,1080731,遠傳電信股份有限公司,4G,204
嘉義縣,1080731,台灣大哥大股份有限公司,4G,457
嘉義縣,1080731,亞太電信股份有限公司,4G,213
嘉義縣,1080731,遠傳電信股份有限公司,4G,542
嘉義縣,1080731,中華電信股份有限公司,4G,888
嘉義縣,1080731,台灣之星電信股份有限公司,4G,333
彰化縣,1080731,台灣大哥大股份有限公司,4G,1077
彰化縣,1080731,亞太電信股份有限公司,4G,401
彰化縣,1080731,中華電信股份有限公司,4G,1585
彰化縣,1080731,台灣之星電信股份有限公司,4G,629
彰化縣,1080731,遠傳電信股份有限公司,4G,1037
臺中市,1080731,台灣大哥大股份有限公司,4G,2861
臺中市,1080731,中華電信股份有限公司,4G,4406
臺中市,1080731,遠傳電信股份有限公司,4G,3135
臺中市,1080731,台灣之星電信股份有限公司,4G,1926
臺中市,1080731,亞太電信股份有限公司,4G,1347
臺北市,1080731,中華電信股份有限公司,4G,2707
臺北市,1080731,台灣之星電信股份有限公司,4G,1773
臺北市,1080731,台灣大哥大股份有限公司,4G,2524
臺北市,1080731,亞太電信股份有限公司,4G,1410
臺北市,1080731,遠傳電信股份有限公司,4G,2642
臺東縣,1080731,台灣大哥大股份有限公司,4G,380
臺東縣,1080731,中華電信股份有限公司,4G,574
臺東縣,1080731,台灣之星電信股份有限公司,4G,252
臺東縣,1080731,亞太電信股份有限公司,4G,101
臺東縣,1080731,遠傳電信股份有限公司,4G,379
臺南市,1080731,台灣之星電信股份有限公司,4G,1230
臺南市,1080731,遠傳電信股份有限公司,4G,1432
臺南市,1080731,亞太電信股份有限公司,4G,807
臺南市,1080731,台灣大哥大股份有限公司,4G,1491
臺南市,1080731,中華電信股份有限公司,4G,1976
澎湖縣,1080731,台灣之星電信股份有限公司,4G,65
澎湖縣,1080731,中華電信股份有限公司,4G,199
澎湖縣,1080731,台灣大哥大股份有限公司,4G,167
澎湖縣,1080731,亞太電信股份有限公司,4G,27
澎湖縣,1080731,遠傳電信股份有限公司,4G,157
宜蘭縣,1080630,亞太電信股份有限公司,4G,137
宜蘭縣,1080630,台灣大哥大股份有限公司,4G,551
宜蘭縣,1080630,遠傳電信股份有限公司,4G,491
宜蘭縣,1080630,台灣之星電信股份有限公司,4G,378
宜蘭縣,1080630,中華電信股份有限公司,4G,880
花蓮縣,1080630,中華電信股份有限公司,4G,852
花蓮縣,1080630,台灣大哥大股份有限公司,4G,620
花蓮縣,1080630,台灣之星電信股份有限公司,4G,371
花蓮縣,1080630,遠傳電信股份有限公司,4G,617
花蓮縣,1080630,亞太電信股份有限公司,4G,125
金門縣,1080630,中華電信股份有限公司,4G,197
金門縣,1080630,台灣大哥大股份有限公司,4G,113
金門縣,1080630,亞太電信股份有限公司,4G,32
金門縣,1080630,遠傳電信股份有限公司,4G,123
金門縣,1080630,台灣之星電信股份有限公司,4G,44
南投縣,1080630,遠傳電信股份有限公司,4G,831
南投縣,1080630,台灣之星電信股份有限公司,4G,441
南投縣,1080630,中華電信股份有限公司,4G,1110
南投縣,1080630,台灣大哥大股份有限公司,4G,743
南投縣,1080630,亞太電信股份有限公司,4G,267
屏東縣,1080630,台灣大哥大股份有限公司,4G,783
屏東縣,1080630,中華電信股份有限公司,4G,1003
屏東縣,1080630,亞太電信股份有限公司,4G,410
屏東縣,1080630,台灣之星電信股份有限公司,4G,634
屏東縣,1080630,遠傳電信股份有限公司,4G,955
苗栗縣,1080630,中華電信股份有限公司,4G,1147
苗栗縣,1080630,台灣大哥大股份有限公司,4G,782
苗栗縣,1080630,亞太電信股份有限公司,4G,335
苗栗縣,1080630,台灣之星電信股份有限公司,4G,451
苗栗縣,1080630,遠傳電信股份有限公司,4G,927
桃園市,1080630,亞太電信股份有限公司,4G,707
桃園市,1080630,台灣大哥大股份有限公司,4G,1809
桃園市,1080630,中華電信股份有限公司,4G,1981
桃園市,1080630,台灣之星電信股份有限公司,4G,1402
桃園市,1080630,遠傳電信股份有限公司,4G,1845
高雄市,1080630,台灣大哥大股份有限公司,4G,2134
高雄市,1080630,中華電信股份有限公司,4G,2815
高雄市,1080630,亞太電信股份有限公司,4G,1239
高雄市,1080630,台灣之星電信股份有限公司,4G,1853
高雄市,1080630,遠傳電信股份有限公司,4G,2103
基隆市,1080630,遠傳電信股份有限公司,4G,317
基隆市,1080630,中華電信股份有限公司,4G,343
基隆市,1080630,亞太電信股份有限公司,4G,201
基隆市,1080630,台灣之星電信股份有限公司,4G,215
基隆市,1080630,台灣大哥大股份有限公司,4G,252
連江縣,1080630,中華電信股份有限公司,4G,84
連江縣,1080630,台灣大哥大股份有限公司,4G,38
連江縣,1080630,遠傳電信股份有限公司,4G,41
連江縣,1080630,台灣之星電信股份有限公司,4G,14
連江縣,1080630,亞太電信股份有限公司,4G,19
雲林縣,1080630,中華電信股份有限公司,4G,1101
雲林縣,1080630,台灣大哥大股份有限公司,4G,655
雲林縣,1080630,台灣之星電信股份有限公司,4G,423
雲林縣,1080630,亞太電信股份有限公司,4G,248
雲林縣,1080630,遠傳電信股份有限公司,4G,667
新北市,1080630,中華電信股份有限公司,4G,2888
新北市,1080630,亞太電信股份有限公司,4G,1286
新北市,1080630,台灣之星電信股份有限公司,4G,2177
新北市,1080630,台灣大哥大股份有限公司,4G,2556
新北市,1080630,遠傳電信股份有限公司,4G,2453
新竹市,1080630,亞太電信股份有限公司,4G,141
新竹市,1080630,中華電信股份有限公司,4G,580
新竹市,1080630,台灣大哥大股份有限公司,4G,383
新竹市,1080630,台灣之星電信股份有限公司,4G,351
新竹市,1080630,遠傳電信股份有限公司,4G,537
新竹縣,1080630,遠傳電信股份有限公司,4G,666
新竹縣,1080630,亞太電信股份有限公司,4G,250
新竹縣,1080630,中華電信股份有限公司,4G,936
新竹縣,1080630,台灣大哥大股份有限公司,4G,648
新竹縣,1080630,台灣之星電信股份有限公司,4G,498
嘉義市,1080630,台灣大哥大股份有限公司,4G,254
嘉義市,1080630,遠傳電信股份有限公司,4G,204
嘉義市,1080630,亞太電信股份有限公司,4G,135
嘉義市,1080630,中華電信股份有限公司,4G,332
嘉義市,1080630,台灣之星電信股份有限公司,4G,162
嘉義縣,1080630,台灣大哥大股份有限公司,4G,457
嘉義縣,1080630,台灣之星電信股份有限公司,4G,333
嘉義縣,1080630,中華電信股份有限公司,4G,881
嘉義縣,1080630,亞太電信股份有限公司,4G,213
嘉義縣,1080630,遠傳電信股份有限公司,4G,539
彰化縣,1080630,中華電信股份有限公司,4G,1568
彰化縣,1080630,台灣大哥大股份有限公司,4G,1062
彰化縣,1080630,台灣之星電信股份有限公司,4G,629
彰化縣,1080630,亞太電信股份有限公司,4G,401
彰化縣,1080630,遠傳電信股份有限公司,4G,1031
臺中市,1080630,台灣之星電信股份有限公司,4G,1926
臺中市,1080630,台灣大哥大股份有限公司,4G,2818
臺中市,1080630,亞太電信股份有限公司,4G,1347
臺中市,1080630,中華電信股份有限公司,4G,4369
臺中市,1080630,遠傳電信股份有限公司,4G,3108
臺北市,1080630,中華電信股份有限公司,4G,2708
臺北市,1080630,台灣大哥大股份有限公司,4G,2514
臺北市,1080630,遠傳電信股份有限公司,4G,2624
臺北市,1080630,台灣之星電信股份有限公司,4G,1759
臺北市,1080630,亞太電信股份有限公司,4G,1348
臺東縣,1080630,中華電信股份有限公司,4G,566
臺東縣,1080630,遠傳電信股份有限公司,4G,374
臺東縣,1080630,台灣大哥大股份有限公司,4G,380
臺東縣,1080630,台灣之星電信股份有限公司,4G,252
臺東縣,1080630,亞太電信股份有限公司,4G,101
臺南市,1080630,台灣大哥大股份有限公司,4G,1483
臺南市,1080630,亞太電信股份有限公司,4G,805
臺南市,1080630,中華電信股份有限公司,4G,1937
臺南市,1080630,遠傳電信股份有限公司,4G,1410
臺南市,1080630,台灣之星電信股份有限公司,4G,1230
澎湖縣,1080630,中華電信股份有限公司,4G,196
澎湖縣,1080630,台灣大哥大股份有限公司,4G,167
澎湖縣,1080630,亞太電信股份有限公司,4G,27
澎湖縣,1080630,台灣之星電信股份有限公司,4G,65
澎湖縣,1080630,遠傳電信股份有限公司,4G,157
宜蘭縣,1080531,遠傳電信股份有限公司,4G,483
宜蘭縣,1080531,台灣大哥大股份有限公司,4G,551
宜蘭縣,1080531,中華電信股份有限公司,4G,875
宜蘭縣,1080531,台灣之星電信股份有限公司,4G,378
宜蘭縣,1080531,亞太電信股份有限公司,4G,137
花蓮縣,1080531,台灣之星電信股份有限公司,4G,371
花蓮縣,1080531,遠傳電信股份有限公司,4G,609
花蓮縣,1080531,亞太電信股份有限公司,4G,125
花蓮縣,1080531,中華電信股份有限公司,4G,851
花蓮縣,1080531,台灣大哥大股份有限公司,4G,620
金門縣,1080531,台灣大哥大股份有限公司,4G,110
金門縣,1080531,遠傳電信股份有限公司,4G,123
金門縣,1080531,台灣之星電信股份有限公司,4G,40
金門縣,1080531,中華電信股份有限公司,4G,191
金門縣,1080531,亞太電信股份有限公司,4G,31
南投縣,1080531,中華電信股份有限公司,4G,1108
南投縣,1080531,亞太電信股份有限公司,4G,267
南投縣,1080531,台灣之星電信股份有限公司,4G,441
南投縣,1080531,遠傳電信股份有限公司,4G,831
南投縣,1080531,台灣大哥大股份有限公司,4G,743
屏東縣,1080531,中華電信股份有限公司,4G,995
屏東縣,1080531,遠傳電信股份有限公司,4G,945
屏東縣,1080531,亞太電信股份有限公司,4G,408
屏東縣,1080531,台灣之星電信股份有限公司,4G,631
屏東縣,1080531,台灣大哥大股份有限公司,4G,773
苗栗縣,1080531,台灣之星電信股份有限公司,4G,451
苗栗縣,1080531,中華電信股份有限公司,4G,1142
苗栗縣,1080531,台灣大哥大股份有限公司,4G,782
苗栗縣,1080531,亞太電信股份有限公司,4G,335
苗栗縣,1080531,遠傳電信股份有限公司,4G,927
桃園市,1080531,台灣之星電信股份有限公司,4G,1402
桃園市,1080531,遠傳電信股份有限公司,4G,1824
桃園市,1080531,台灣大哥大股份有限公司,4G,1793
桃園市,1080531,中華電信股份有限公司,4G,1939
桃園市,1080531,亞太電信股份有限公司,4G,707
高雄市,1080531,台灣大哥大股份有限公司,4G,2119
高雄市,1080531,中華電信股份有限公司,4G,2786
高雄市,1080531,台灣之星電信股份有限公司,4G,1844
高雄市,1080531,遠傳電信股份有限公司,4G,2094
高雄市,1080531,亞太電信股份有限公司,4G,1225
基隆市,1080531,亞太電信股份有限公司,4G,201
基隆市,1080531,中華電信股份有限公司,4G,334
基隆市,1080531,台灣大哥大股份有限公司,4G,252
基隆市,1080531,遠傳電信股份有限公司,4G,312
基隆市,1080531,台灣之星電信股份有限公司,4G,215
連江縣,1080531,遠傳電信股份有限公司,4G,41
連江縣,1080531,中華電信股份有限公司,4G,84
連江縣,1080531,亞太電信股份有限公司,4G,19
連江縣,1080531,台灣大哥大股份有限公司,4G,38
連江縣,1080531,台灣之星電信股份有限公司,4G,14
雲林縣,1080531,台灣大哥大股份有限公司,4G,655
雲林縣,1080531,中華電信股份有限公司,4G,1096
雲林縣,1080531,台灣之星電信股份有限公司,4G,423
雲林縣,1080531,亞太電信股份有限公司,4G,248
雲林縣,1080531,遠傳電信股份有限公司,4G,667
新北市,1080531,中華電信股份有限公司,4G,2924
新北市,1080531,台灣之星電信股份有限公司,4G,2181
新北市,1080531,台灣大哥大股份有限公司,4G,2517
新北市,1080531,亞太電信股份有限公司,4G,1286
新北市,1080531,遠傳電信股份有限公司,4G,2428
新竹市,1080531,遠傳電信股份有限公司,4G,533
新竹市,1080531,中華電信股份有限公司,4G,581
新竹市,1080531,台灣之星電信股份有限公司,4G,351
新竹市,1080531,台灣大哥大股份有限公司,4G,383
新竹市,1080531,亞太電信股份有限公司,4G,141
新竹縣,1080531,亞太電信股份有限公司,4G,250
新竹縣,1080531,台灣大哥大股份有限公司,4G,648
新竹縣,1080531,台灣之星電信股份有限公司,4G,498
新竹縣,1080531,中華電信股份有限公司,4G,930
新竹縣,1080531,遠傳電信股份有限公司,4G,660
嘉義市,1080531,中華電信股份有限公司,4G,332
嘉義市,1080531,遠傳電信股份有限公司,4G,204
嘉義市,1080531,台灣之星電信股份有限公司,4G,159
嘉義市,1080531,台灣大哥大股份有限公司,4G,254
嘉義市,1080531,亞太電信股份有限公司,4G,135
嘉義縣,1080531,台灣之星電信股份有限公司,4G,322
嘉義縣,1080531,台灣大哥大股份有限公司,4G,455
嘉義縣,1080531,亞太電信股份有限公司,4G,213
嘉義縣,1080531,中華電信股份有限公司,4G,865
嘉義縣,1080531,遠傳電信股份有限公司,4G,522
彰化縣,1080531,中華電信股份有限公司,4G,1559
彰化縣,1080531,台灣大哥大股份有限公司,4G,1062
彰化縣,1080531,台灣之星電信股份有限公司,4G,629
彰化縣,1080531,遠傳電信股份有限公司,4G,1031
彰化縣,1080531,亞太電信股份有限公司,4G,401
臺中市,1080531,中華電信股份有限公司,4G,4364
臺中市,1080531,台灣大哥大股份有限公司,4G,2820
臺中市,1080531,遠傳電信股份有限公司,4G,3115
臺中市,1080531,台灣之星電信股份有限公司,4G,1926
臺中市,1080531,亞太電信股份有限公司,4G,1347
臺北市,1080531,遠傳電信股份有限公司,4G,2602
臺北市,1080531,台灣之星電信股份有限公司,4G,1760
臺北市,1080531,中華電信股份有限公司,4G,2737
臺北市,1080531,台灣大哥大股份有限公司,4G,2495
臺北市,1080531,亞太電信股份有限公司,4G,1348
臺東縣,1080531,亞太電信股份有限公司,4G,101
臺東縣,1080531,遠傳電信股份有限公司,4G,374
臺東縣,1080531,中華電信股份有限公司,4G,564
臺東縣,1080531,台灣之星電信股份有限公司,4G,247
臺東縣,1080531,台灣大哥大股份有限公司,4G,377
臺南市,1080531,台灣之星電信股份有限公司,4G,1218
臺南市,1080531,台灣大哥大股份有限公司,4G,1467
臺南市,1080531,遠傳電信股份有限公司,4G,1396
臺南市,1080531,中華電信股份有限公司,4G,1918
臺南市,1080531,亞太電信股份有限公司,4G,803
澎湖縣,1080531,台灣大哥大股份有限公司,4G,166
澎湖縣,1080531,遠傳電信股份有限公司,4G,157
澎湖縣,1080531,中華電信股份有限公司,4G,195
澎湖縣,1080531,台灣之星電信股份有限公司,4G,62
澎湖縣,1080531,亞太電信股份有限公司,4G,27
宜蘭縣,1080430,中華電信股份有限公司,4G,874
宜蘭縣,1080430,台灣之星電信股份有限公司,4G,378
宜蘭縣,1080430,亞太電信股份有限公司,4G,137
宜蘭縣,1080430,台灣大哥大股份有限公司,4G,551
宜蘭縣,1080430,遠傳電信股份有限公司,4G,476
花蓮縣,1080430,台灣之星電信股份有限公司,4G,371
花蓮縣,1080430,遠傳電信股份有限公司,4G,606
花蓮縣,1080430,亞太電信股份有限公司,4G,125
花蓮縣,1080430,台灣大哥大股份有限公司,4G,620
花蓮縣,1080430,中華電信股份有限公司,4G,843
金門縣,1080430,亞太電信股份有限公司,4G,30
金門縣,1080430,中華電信股份有限公司,4G,189
金門縣,1080430,台灣之星電信股份有限公司,4G,40
金門縣,1080430,台灣大哥大股份有限公司,4G,110
金門縣,1080430,遠傳電信股份有限公司,4G,123
南投縣,1080430,遠傳電信股份有限公司,4G,831
南投縣,1080430,台灣大哥大股份有限公司,4G,743
南投縣,1080430,亞太電信股份有限公司,4G,255
南投縣,1080430,台灣之星電信股份有限公司,4G,438
南投縣,1080430,中華電信股份有限公司,4G,1098
屏東縣,1080430,中華電信股份有限公司,4G,963
屏東縣,1080430,台灣大哥大股份有限公司,4G,773
屏東縣,1080430,台灣之星電信股份有限公司,4G,631
屏東縣,1080430,亞太電信股份有限公司,4G,399
屏東縣,1080430,遠傳電信股份有限公司,4G,928
苗栗縣,1080430,中華電信股份有限公司,4G,1127
苗栗縣,1080430,遠傳電信股份有限公司,4G,927
苗栗縣,1080430,亞太電信股份有限公司,4G,331
苗栗縣,1080430,台灣大哥大股份有限公司,4G,782
苗栗縣,1080430,台灣之星電信股份有限公司,4G,439
桃園市,1080430,亞太電信股份有限公司,4G,705
桃園市,1080430,台灣大哥大股份有限公司,4G,1795
桃園市,1080430,台灣之星電信股份有限公司,4G,1379
桃園市,1080430,遠傳電信股份有限公司,4G,1824
桃園市,1080430,中華電信股份有限公司,4G,1913
高雄市,1080430,遠傳電信股份有限公司,4G,2076
高雄市,1080430,亞太電信股份有限公司,4G,1198
高雄市,1080430,中華電信股份有限公司,4G,2771
高雄市,1080430,台灣大哥大股份有限公司,4G,2119
高雄市,1080430,台灣之星電信股份有限公司,4G,1846
基隆市,1080430,台灣之星電信股份有限公司,4G,215
基隆市,1080430,亞太電信股份有限公司,4G,191
基隆市,1080430,中華電信股份有限公司,4G,322
基隆市,1080430,台灣大哥大股份有限公司,4G,252
基隆市,1080430,遠傳電信股份有限公司,4G,311
連江縣,1080430,中華電信股份有限公司,4G,84
連江縣,1080430,台灣大哥大股份有限公司,4G,38
連江縣,1080430,遠傳電信股份有限公司,4G,41
連江縣,1080430,台灣之星電信股份有限公司,4G,14
連江縣,1080430,亞太電信股份有限公司,4G,19
雲林縣,1080430,中華電信股份有限公司,4G,1080
雲林縣,1080430,台灣大哥大股份有限公司,4G,655
雲林縣,1080430,台灣之星電信股份有限公司,4G,419
雲林縣,1080430,遠傳電信股份有限公司,4G,667
雲林縣,1080430,亞太電信股份有限公司,4G,244
新北市,1080430,台灣大哥大股份有限公司,4G,2519
新北市,1080430,亞太電信股份有限公司,4G,1231
新北市,1080430,中華電信股份有限公司,4G,2895
新北市,1080430,遠傳電信股份有限公司,4G,2418
新北市,1080430,台灣之星電信股份有限公司,4G,2168
新竹市,1080430,台灣大哥大股份有限公司,4G,383
新竹市,1080430,中華電信股份有限公司,4G,581
新竹市,1080430,台灣之星電信股份有限公司,4G,349
新竹市,1080430,遠傳電信股份有限公司,4G,533
新竹市,1080430,亞太電信股份有限公司,4G,141
新竹縣,1080430,中華電信股份有限公司,4G,932
新竹縣,1080430,台灣大哥大股份有限公司,4G,652
新竹縣,1080430,台灣之星電信股份有限公司,4G,486
新竹縣,1080430,亞太電信股份有限公司,4G,247
新竹縣,1080430,遠傳電信股份有限公司,4G,660
嘉義市,1080430,亞太電信股份有限公司,4G,129
嘉義市,1080430,中華電信股份有限公司,4G,322
嘉義市,1080430,台灣之星電信股份有限公司,4G,159
嘉義市,1080430,台灣大哥大股份有限公司,4G,254
嘉義市,1080430,遠傳電信股份有限公司,4G,198
嘉義縣,1080430,中華電信股份有限公司,4G,851
嘉義縣,1080430,台灣之星電信股份有限公司,4G,322
嘉義縣,1080430,遠傳電信股份有限公司,4G,487
嘉義縣,1080430,台灣大哥大股份有限公司,4G,455
嘉義縣,1080430,亞太電信股份有限公司,4G,208
彰化縣,1080430,中華電信股份有限公司,4G,1545
彰化縣,1080430,亞太電信股份有限公司,4G,401
彰化縣,1080430,遠傳電信股份有限公司,4G,1031
彰化縣,1080430,台灣大哥大股份有限公司,4G,1062
彰化縣,1080430,台灣之星電信股份有限公司,4G,612
臺中市,1080430,中華電信股份有限公司,4G,4338
臺中市,1080430,台灣之星電信股份有限公司,4G,1874
臺中市,1080430,亞太電信股份有限公司,4G,1317
臺中市,1080430,遠傳電信股份有限公司,4G,3117
臺中市,1080430,台灣大哥大股份有限公司,4G,2824
臺北市,1080430,中華電信股份有限公司,4G,2723
臺北市,1080430,台灣之星電信股份有限公司,4G,1760
臺北市,1080430,台灣大哥大股份有限公司,4G,2495
臺北市,1080430,遠傳電信股份有限公司,4G,2574
臺北市,1080430,亞太電信股份有限公司,4G,1268
臺東縣,1080430,亞太電信股份有限公司,4G,99
臺東縣,1080430,遠傳電信股份有限公司,4G,369
臺東縣,1080430,台灣之星電信股份有限公司,4G,249
臺東縣,1080430,中華電信股份有限公司,4G,545
臺東縣,1080430,台灣大哥大股份有限公司,4G,377
臺南市,1080430,亞太電信股份有限公司,4G,792
臺南市,1080430,中華電信股份有限公司,4G,1877
臺南市,1080430,遠傳電信股份有限公司,4G,1334
臺南市,1080430,台灣大哥大股份有限公司,4G,1467
臺南市,1080430,台灣之星電信股份有限公司,4G,1218
澎湖縣,1080430,台灣之星電信股份有限公司,4G,62
澎湖縣,1080430,亞太電信股份有限公司,4G,27
澎湖縣,1080430,中華電信股份有限公司,4G,192
澎湖縣,1080430,台灣大哥大股份有限公司,4G,166
澎湖縣,1080430,遠傳電信股份有限公司,4G,154
宜蘭縣,1080331,台灣大哥大股份有限公司,4G,551
宜蘭縣,1080331,中華電信股份有限公司,4G,874
宜蘭縣,1080331,亞太電信股份有限公司,4G,122
宜蘭縣,1080331,台灣之星電信股份有限公司,4G,378
宜蘭縣,1080331,遠傳電信股份有限公司,4G,476
花蓮縣,1080331,台灣之星電信股份有限公司,4G,371
花蓮縣,1080331,台灣大哥大股份有限公司,4G,620
花蓮縣,1080331,遠傳電信股份有限公司,4G,606
花蓮縣,1080331,亞太電信股份有限公司,4G,117
花蓮縣,1080331,中華電信股份有限公司,4G,843
金門縣,1080331,遠傳電信股份有限公司,4G,120
金門縣,1080331,台灣大哥大股份有限公司,4G,107
金門縣,1080331,亞太電信股份有限公司,4G,30
金門縣,1080331,中華電信股份有限公司,4G,186
金門縣,1080331,台灣之星電信股份有限公司,4G,43
南投縣,1080331,台灣大哥大股份有限公司,4G,734
南投縣,1080331,亞太電信股份有限公司,4G,253
南投縣,1080331,中華電信股份有限公司,4G,1098
南投縣,1080331,台灣之星電信股份有限公司,4G,438
南投縣,1080331,遠傳電信股份有限公司,4G,827
屏東縣,1080331,台灣之星電信股份有限公司,4G,627
屏東縣,1080331,台灣大哥大股份有限公司,4G,758
屏東縣,1080331,遠傳電信股份有限公司,4G,923
屏東縣,1080331,中華電信股份有限公司,4G,946
屏東縣,1080331,亞太電信股份有限公司,4G,395
苗栗縣,1080331,台灣大哥大股份有限公司,4G,763
苗栗縣,1080331,亞太電信股份有限公司,4G,322
苗栗縣,1080331,遠傳電信股份有限公司,4G,912
苗栗縣,1080331,台灣之星電信股份有限公司,4G,439
苗栗縣,1080331,中華電信股份有限公司,4G,1127
桃園市,1080331,中華電信股份有限公司,4G,1913
桃園市,1080331,台灣之星電信股份有限公司,4G,1379
桃園市,1080331,台灣大哥大股份有限公司,4G,1797
桃園市,1080331,亞太電信股份有限公司,4G,665
桃園市,1080331,遠傳電信股份有限公司,4G,1824
高雄市,1080331,台灣大哥大股份有限公司,4G,2100
高雄市,1080331,遠傳電信股份有限公司,4G,2065
高雄市,1080331,台灣之星電信股份有限公司,4G,1836
高雄市,1080331,中華電信股份有限公司,4G,2737
高雄市,1080331,亞太電信股份有限公司,4G,1183
基隆市,1080331,台灣之星電信股份有限公司,4G,215
基隆市,1080331,中華電信股份有限公司,4G,322
基隆市,1080331,亞太電信股份有限公司,4G,167
基隆市,1080331,遠傳電信股份有限公司,4G,311
基隆市,1080331,台灣大哥大股份有限公司,4G,254
連江縣,1080331,中華電信股份有限公司,4G,84
連江縣,1080331,遠傳電信股份有限公司,4G,41
連江縣,1080331,亞太電信股份有限公司,4G,19
連江縣,1080331,台灣大哥大股份有限公司,4G,38
連江縣,1080331,台灣之星電信股份有限公司,4G,14
雲林縣,1080331,中華電信股份有限公司,4G,1080
雲林縣,1080331,亞太電信股份有限公司,4G,242
雲林縣,1080331,台灣大哥大股份有限公司,4G,642
雲林縣,1080331,台灣之星電信股份有限公司,4G,419
雲林縣,1080331,遠傳電信股份有限公司,4G,663
新北市,1080331,遠傳電信股份有限公司,4G,2418
新北市,1080331,台灣大哥大股份有限公司,4G,2519
新北市,1080331,台灣之星電信股份有限公司,4G,2168
新北市,1080331,中華電信股份有限公司,4G,2895
新北市,1080331,亞太電信股份有限公司,4G,1179
新竹市,1080331,中華電信股份有限公司,4G,581
新竹市,1080331,亞太電信股份有限公司,4G,140
新竹市,1080331,台灣大哥大股份有限公司,4G,383
新竹市,1080331,台灣之星電信股份有限公司,4G,349
新竹市,1080331,遠傳電信股份有限公司,4G,533
新竹縣,1080331,亞太電信股份有限公司,4G,238
新竹縣,1080331,中華電信股份有限公司,4G,932
新竹縣,1080331,遠傳電信股份有限公司,4G,660
新竹縣,1080331,台灣大哥大股份有限公司,4G,652
新竹縣,1080331,台灣之星電信股份有限公司,4G,486
嘉義市,1080331,台灣之星電信股份有限公司,4G,158
嘉義市,1080331,台灣大哥大股份有限公司,4G,252
嘉義市,1080331,遠傳電信股份有限公司,4G,198
嘉義市,1080331,中華電信股份有限公司,4G,320
嘉義市,1080331,亞太電信股份有限公司,4G,129
嘉義縣,1080331,台灣大哥大股份有限公司,4G,454
嘉義縣,1080331,中華電信股份有限公司,4G,825
嘉義縣,1080331,亞太電信股份有限公司,4G,208
嘉義縣,1080331,台灣之星電信股份有限公司,4G,320
嘉義縣,1080331,遠傳電信股份有限公司,4G,485
彰化縣,1080331,遠傳電信股份有限公司,4G,1029
彰化縣,1080331,中華電信股份有限公司,4G,1545
彰化縣,1080331,台灣大哥大股份有限公司,4G,1030
彰化縣,1080331,亞太電信股份有限公司,4G,392
彰化縣,1080331,台灣之星電信股份有限公司,4G,612
臺中市,1080331,亞太電信股份有限公司,4G,1249
臺中市,1080331,台灣之星電信股份有限公司,4G,1876
臺中市,1080331,中華電信股份有限公司,4G,4340
臺中市,1080331,台灣大哥大股份有限公司,4G,2747
臺中市,1080331,遠傳電信股份有限公司,4G,3104
臺北市,1080331,台灣大哥大股份有限公司,4G,2500
臺北市,1080331,中華電信股份有限公司,4G,2723
臺北市,1080331,亞太電信股份有限公司,4G,1218
臺北市,1080331,遠傳電信股份有限公司,4G,2574
臺北市,1080331,台灣之星電信股份有限公司,4G,1760
臺東縣,1080331,台灣之星電信股份有限公司,4G,259
臺東縣,1080331,亞太電信股份有限公司,4G,91
臺東縣,1080331,遠傳電信股份有限公司,4G,368
臺東縣,1080331,台灣大哥大股份有限公司,4G,374
臺東縣,1080331,中華電信股份有限公司,4G,533
臺南市,1080331,台灣大哥大股份有限公司,4G,1462
臺南市,1080331,中華電信股份有限公司,4G,1855
臺南市,1080331,遠傳電信股份有限公司,4G,1306
臺南市,1080331,台灣之星電信股份有限公司,4G,1207
臺南市,1080331,亞太電信股份有限公司,4G,784
澎湖縣,1080331,台灣之星電信股份有限公司,4G,64
澎湖縣,1080331,台灣大哥大股份有限公司,4G,165
澎湖縣,1080331,中華電信股份有限公司,4G,189
澎湖縣,1080331,亞太電信股份有限公司,4G,26
澎湖縣,1080331,遠傳電信股份有限公司,4G,154
宜蘭縣,1080228,遠傳電信股份有限公司,4G,477
宜蘭縣,1080228,中華電信股份有限公司,4G,874
宜蘭縣,1080228,台灣之星電信股份有限公司,4G,378
宜蘭縣,1080228,台灣大哥大股份有限公司,4G,551
宜蘭縣,1080228,亞太電信股份有限公司,4G,112
花蓮縣,1080228,台灣大哥大股份有限公司,4G,620
花蓮縣,1080228,中華電信股份有限公司,4G,844
花蓮縣,1080228,亞太電信股份有限公司,4G,111
花蓮縣,1080228,台灣之星電信股份有限公司,4G,371
花蓮縣,1080228,遠傳電信股份有限公司,4G,607
金門縣,1080228,台灣之星電信股份有限公司,4G,40
金門縣,1080228,台灣大哥大股份有限公司,4G,106
金門縣,1080228,遠傳電信股份有限公司,4G,120
金門縣,1080228,亞太電信股份有限公司,4G,30
金門縣,1080228,中華電信股份有限公司,4G,186
南投縣,1080228,台灣大哥大股份有限公司,4G,734
南投縣,1080228,遠傳電信股份有限公司,4G,819
南投縣,1080228,中華電信股份有限公司,4G,986
南投縣,1080228,台灣之星電信股份有限公司,4G,438
南投縣,1080228,亞太電信股份有限公司,4G,241
屏東縣,1080228,中華電信股份有限公司,4G,946
屏東縣,1080228,台灣大哥大股份有限公司,4G,734
屏東縣,1080228,遠傳電信股份有限公司,4G,923
屏東縣,1080228,台灣之星電信股份有限公司,4G,620
屏東縣,1080228,亞太電信股份有限公司,4G,390
苗栗縣,1080228,遠傳電信股份有限公司,4G,907
苗栗縣,1080228,台灣之星電信股份有限公司,4G,439
苗栗縣,1080228,台灣大哥大股份有限公司,4G,763
苗栗縣,1080228,亞太電信股份有限公司,4G,310
苗栗縣,1080228,中華電信股份有限公司,4G,1092
桃園市,1080228,台灣大哥大股份有限公司,4G,1797
桃園市,1080228,台灣之星電信股份有限公司,4G,1379
桃園市,1080228,亞太電信股份有限公司,4G,657
桃園市,1080228,中華電信股份有限公司,4G,1908
桃園市,1080228,遠傳電信股份有限公司,4G,1810
高雄市,1080228,遠傳電信股份有限公司,4G,2071
高雄市,1080228,亞太電信股份有限公司,4G,1164
高雄市,1080228,台灣大哥大股份有限公司,4G,2095
高雄市,1080228,台灣之星電信股份有限公司,4G,1805
高雄市,1080228,中華電信股份有限公司,4G,2737
基隆市,1080228,台灣大哥大股份有限公司,4G,254
基隆市,1080228,亞太電信股份有限公司,4G,167
基隆市,1080228,中華電信股份有限公司,4G,322
基隆市,1080228,台灣之星電信股份有限公司,4G,215
基隆市,1080228,遠傳電信股份有限公司,4G,311
連江縣,1080228,中華電信股份有限公司,4G,84
連江縣,1080228,遠傳電信股份有限公司,4G,41
連江縣,1080228,台灣大哥大股份有限公司,4G,38
連江縣,1080228,台灣之星電信股份有限公司,4G,14
連江縣,1080228,亞太電信股份有限公司,4G,19
雲林縣,1080228,亞太電信股份有限公司,4G,232
雲林縣,1080228,中華電信股份有限公司,4G,1006
雲林縣,1080228,台灣之星電信股份有限公司,4G,419
雲林縣,1080228,台灣大哥大股份有限公司,4G,642
雲林縣,1080228,遠傳電信股份有限公司,4G,663
新北市,1080228,中華電信股份有限公司,4G,2810
新北市,1080228,台灣之星電信股份有限公司,4G,2170
新北市,1080228,亞太電信股份有限公司,4G,1166
新北市,1080228,遠傳電信股份有限公司,4G,2398
新北市,1080228,台灣大哥大股份有限公司,4G,2519
新竹市,1080228,亞太電信股份有限公司,4G,140
新竹市,1080228,遠傳電信股份有限公司,4G,530
新竹市,1080228,台灣大哥大股份有限公司,4G,383
新竹市,1080228,中華電信股份有限公司,4G,581
新竹市,1080228,台灣之星電信股份有限公司,4G,349
新竹縣,1080228,中華電信股份有限公司,4G,932
新竹縣,1080228,亞太電信股份有限公司,4G,241
新竹縣,1080228,台灣大哥大股份有限公司,4G,652
新竹縣,1080228,台灣之星電信股份有限公司,4G,486
新竹縣,1080228,遠傳電信股份有限公司,4G,649
嘉義市,1080228,台灣之星電信股份有限公司,4G,153
嘉義市,1080228,中華電信股份有限公司,4G,320
嘉義市,1080228,台灣大哥大股份有限公司,4G,252
嘉義市,1080228,遠傳電信股份有限公司,4G,198
嘉義市,1080228,亞太電信股份有限公司,4G,125
嘉義縣,1080228,台灣大哥大股份有限公司,4G,454
嘉義縣,1080228,台灣之星電信股份有限公司,4G,314
嘉義縣,1080228,中華電信股份有限公司,4G,825
嘉義縣,1080228,亞太電信股份有限公司,4G,208
嘉義縣,1080228,遠傳電信股份有限公司,4G,485
彰化縣,1080228,中華電信股份有限公司,4G,1487
彰化縣,1080228,遠傳電信股份有限公司,4G,1021
彰化縣,1080228,亞太電信股份有限公司,4G,386
彰化縣,1080228,台灣大哥大股份有限公司,4G,1030
彰化縣,1080228,台灣之星電信股份有限公司,4G,612
臺中市,1080228,台灣大哥大股份有限公司,4G,2747
臺中市,1080228,亞太電信股份有限公司,4G,1200
臺中市,1080228,中華電信股份有限公司,4G,4179
臺中市,1080228,遠傳電信股份有限公司,4G,3086
臺中市,1080228,台灣之星電信股份有限公司,4G,1876
臺北市,1080228,台灣之星電信股份有限公司,4G,1760
臺北市,1080228,台灣大哥大股份有限公司,4G,2500
臺北市,1080228,中華電信股份有限公司,4G,2723
臺北市,1080228,亞太電信股份有限公司,4G,1209
臺北市,1080228,遠傳電信股份有限公司,4G,2574
臺東縣,1080228,台灣大哥大股份有限公司,4G,361
臺東縣,1080228,亞太電信股份有限公司,4G,90
臺東縣,1080228,台灣之星電信股份有限公司,4G,258
臺東縣,1080228,中華電信股份有限公司,4G,533
臺東縣,1080228,遠傳電信股份有限公司,4G,368
臺南市,1080228,中華電信股份有限公司,4G,1855
臺南市,1080228,台灣大哥大股份有限公司,4G,1457
臺南市,1080228,遠傳電信股份有限公司,4G,1307
臺南市,1080228,台灣之星電信股份有限公司,4G,1172
臺南市,1080228,亞太電信股份有限公司,4G,781
澎湖縣,1080228,台灣之星電信股份有限公司,4G,62
澎湖縣,1080228,遠傳電信股份有限公司,4G,154
澎湖縣,1080228,台灣大哥大股份有限公司,4G,165
澎湖縣,1080228,中華電信股份有限公司,4G,189
澎湖縣,1080228,亞太電信股份有限公司,4G,26
宜蘭縣,1080131,亞太電信股份有限公司,4G,112
宜蘭縣,1080131,台灣大哥大股份有限公司,4G,551
宜蘭縣,1080131,台灣之星電信股份有限公司,4G,371
宜蘭縣,1080131,中華電信股份有限公司,4G,874
宜蘭縣,1080131,遠傳電信股份有限公司,4G,477
花蓮縣,1080131,亞太電信股份有限公司,4G,111
花蓮縣,1080131,中華電信股份有限公司,4G,844
花蓮縣,1080131,台灣大哥大股份有限公司,4G,620
花蓮縣,1080131,遠傳電信股份有限公司,4G,607
花蓮縣,1080131,台灣之星電信股份有限公司,4G,359
金門縣,1080131,台灣之星電信股份有限公司,4G,40
金門縣,1080131,台灣大哥大股份有限公司,4G,102
金門縣,1080131,中華電信股份有限公司,4G,186
金門縣,1080131,亞太電信股份有限公司,4G,30
金門縣,1080131,遠傳電信股份有限公司,4G,120
南投縣,1080131,中華電信股份有限公司,4G,986
南投縣,1080131,台灣大哥大股份有限公司,4G,734
南投縣,1080131,台灣之星電信股份有限公司,4G,438
南投縣,1080131,亞太電信股份有限公司,4G,241
南投縣,1080131,遠傳電信股份有限公司,4G,819
屏東縣,1080131,中華電信股份有限公司,4G,946
屏東縣,1080131,台灣之星電信股份有限公司,4G,620
屏東縣,1080131,台灣大哥大股份有限公司,4G,695
屏東縣,1080131,遠傳電信股份有限公司,4G,910
屏東縣,1080131,亞太電信股份有限公司,4G,390
苗栗縣,1080131,台灣大哥大股份有限公司,4G,763
苗栗縣,1080131,亞太電信股份有限公司,4G,310
苗栗縣,1080131,中華電信股份有限公司,4G,1092
苗栗縣,1080131,遠傳電信股份有限公司,4G,907
苗栗縣,1080131,台灣之星電信股份有限公司,4G,439
桃園市,1080131,台灣之星電信股份有限公司,4G,1358
桃園市,1080131,台灣大哥大股份有限公司,4G,1797
桃園市,1080131,亞太電信股份有限公司,4G,657
桃園市,1080131,中華電信股份有限公司,4G,1908
桃園市,1080131,遠傳電信股份有限公司,4G,1810
高雄市,1080131,遠傳電信股份有限公司,4G,2066
高雄市,1080131,台灣大哥大股份有限公司,4G,2054
高雄市,1080131,台灣之星電信股份有限公司,4G,1807
高雄市,1080131,中華電信股份有限公司,4G,2737
高雄市,1080131,亞太電信股份有限公司,4G,1164
基隆市,1080131,亞太電信股份有限公司,4G,167
基隆市,1080131,中華電信股份有限公司,4G,322
基隆市,1080131,遠傳電信股份有限公司,4G,311
基隆市,1080131,台灣大哥大股份有限公司,4G,254
基隆市,1080131,台灣之星電信股份有限公司,4G,210
連江縣,1080131,中華電信股份有限公司,4G,84
連江縣,1080131,遠傳電信股份有限公司,4G,41
連江縣,1080131,台灣之星電信股份有限公司,4G,13
連江縣,1080131,台灣大哥大股份有限公司,4G,38
連江縣,1080131,亞太電信股份有限公司,4G,19
雲林縣,1080131,亞太電信股份有限公司,4G,232
雲林縣,1080131,台灣之星電信股份有限公司,4G,419
雲林縣,1080131,台灣大哥大股份有限公司,4G,642
雲林縣,1080131,中華電信股份有限公司,4G,1006
雲林縣,1080131,遠傳電信股份有限公司,4G,663
新北市,1080131,遠傳電信股份有限公司,4G,2398
新北市,1080131,亞太電信股份有限公司,4G,1166
新北市,1080131,中華電信股份有限公司,4G,2810
新北市,1080131,台灣之星電信股份有限公司,4G,2149
新北市,1080131,台灣大哥大股份有限公司,4G,2519
新竹市,1080131,中華電信股份有限公司,4G,581
新竹市,1080131,台灣之星電信股份有限公司,4G,346
新竹市,1080131,台灣大哥大股份有限公司,4G,383
新竹市,1080131,亞太電信股份有限公司,4G,140
新竹市,1080131,遠傳電信股份有限公司,4G,530
新竹縣,1080131,台灣之星電信股份有限公司,4G,485
新竹縣,1080131,中華電信股份有限公司,4G,932
新竹縣,1080131,亞太電信股份有限公司,4G,241
新竹縣,1080131,台灣大哥大股份有限公司,4G,652
新竹縣,1080131,遠傳電信股份有限公司,4G,649
嘉義市,1080131,台灣之星電信股份有限公司,4G,153
嘉義市,1080131,亞太電信股份有限公司,4G,125
嘉義市,1080131,中華電信股份有限公司,4G,320
嘉義市,1080131,台灣大哥大股份有限公司,4G,250
嘉義市,1080131,遠傳電信股份有限公司,4G,196
嘉義縣,1080131,台灣大哥大股份有限公司,4G,436
嘉義縣,1080131,亞太電信股份有限公司,4G,208
嘉義縣,1080131,中華電信股份有限公司,4G,825
嘉義縣,1080131,台灣之星電信股份有限公司,4G,314
嘉義縣,1080131,遠傳電信股份有限公司,4G,482
彰化縣,1080131,中華電信股份有限公司,4G,1487
彰化縣,1080131,遠傳電信股份有限公司,4G,1021
彰化縣,1080131,台灣大哥大股份有限公司,4G,1030
彰化縣,1080131,台灣之星電信股份有限公司,4G,612
彰化縣,1080131,亞太電信股份有限公司,4G,386
臺中市,1080131,台灣之星電信股份有限公司,4G,1876
臺中市,1080131,亞太電信股份有限公司,4G,1200
臺中市,1080131,台灣大哥大股份有限公司,4G,2747
臺中市,1080131,中華電信股份有限公司,4G,4179
臺中市,1080131,遠傳電信股份有限公司,4G,3086
臺北市,1080131,台灣大哥大股份有限公司,4G,2500
臺北市,1080131,中華電信股份有限公司,4G,2723
臺北市,1080131,亞太電信股份有限公司,4G,1209
臺北市,1080131,遠傳電信股份有限公司,4G,2574
臺北市,1080131,台灣之星電信股份有限公司,4G,1753
臺東縣,1080131,亞太電信股份有限公司,4G,90
臺東縣,1080131,台灣之星電信股份有限公司,4G,258
臺東縣,1080131,中華電信股份有限公司,4G,533
臺東縣,1080131,台灣大哥大股份有限公司,4G,354
臺東縣,1080131,遠傳電信股份有限公司,4G,366
臺南市,1080131,台灣之星電信股份有限公司,4G,1172
臺南市,1080131,遠傳電信股份有限公司,4G,1282
臺南市,1080131,中華電信股份有限公司,4G,1850
臺南市,1080131,台灣大哥大股份有限公司,4G,1428
臺南市,1080131,亞太電信股份有限公司,4G,781
澎湖縣,1080131,台灣大哥大股份有限公司,4G,165
澎湖縣,1080131,遠傳電信股份有限公司,4G,154
澎湖縣,1080131,台灣之星電信股份有限公司,4G,62
澎湖縣,1080131,中華電信股份有限公司,4G,189
澎湖縣,1080131,亞太電信股份有限公司,4G,26
宜蘭縣,1071231,台灣大哥大股份有限公司,3G,279
宜蘭縣,1071231,台灣之星電信股份有限公司,4G,199
宜蘭縣,1071231,中華電信股份有限公司,4G,475
宜蘭縣,1071231,中華電信股份有限公司,3G,381
宜蘭縣,1071231,台灣之星電信股份有限公司,3G,173
宜蘭縣,1071231,台灣大哥大股份有限公司,4G,272
宜蘭縣,1071231,遠傳電信股份有限公司,3G,240
宜蘭縣,1071231,遠傳電信股份有限公司,4G,240
宜蘭縣,1071231,亞太電信股份有限公司,4G,112
花蓮縣,1071231,遠傳電信股份有限公司,4G,325
花蓮縣,1071231,台灣大哥大股份有限公司,3G,314
花蓮縣,1071231,中華電信股份有限公司,3G,329
花蓮縣,1071231,中華電信股份有限公司,4G,506
花蓮縣,1071231,台灣之星電信股份有限公司,3G,170
花蓮縣,1071231,台灣大哥大股份有限公司,4G,306
花蓮縣,1071231,亞太電信股份有限公司,4G,111
花蓮縣,1071231,台灣之星電信股份有限公司,4G,189
花蓮縣,1071231,遠傳電信股份有限公司,3G,292
金門縣,1071231,亞太電信股份有限公司,4G,30
金門縣,1071231,台灣大哥大股份有限公司,3G,55
金門縣,1071231,台灣大哥大股份有限公司,4G,47
金門縣,1071231,遠傳電信股份有限公司,3G,58
金門縣,1071231,中華電信股份有限公司,4G,97
金門縣,1071231,台灣之星電信股份有限公司,3G,18
金門縣,1071231,遠傳電信股份有限公司,4G,62
金門縣,1071231,中華電信股份有限公司,3G,89
金門縣,1071231,台灣之星電信股份有限公司,4G,21
南投縣,1071231,中華電信股份有限公司,4G,570
南投縣,1071231,台灣大哥大股份有限公司,3G,386
南投縣,1071231,亞太電信股份有限公司,4G,241
南投縣,1071231,台灣之星電信股份有限公司,4G,229
南投縣,1071231,台灣之星電信股份有限公司,3G,209
南投縣,1071231,中華電信股份有限公司,3G,547
南投縣,1071231,台灣大哥大股份有限公司,4G,348
南投縣,1071231,遠傳電信股份有限公司,3G,399
南投縣,1071231,遠傳電信股份有限公司,4G,415
屏東縣,1071231,台灣大哥大股份有限公司,3G,376
屏東縣,1071231,亞太電信股份有限公司,4G,385
屏東縣,1071231,中華電信股份有限公司,3G,435
屏東縣,1071231,遠傳電信股份有限公司,3G,445
屏東縣,1071231,台灣大哥大股份有限公司,4G,319
屏東縣,1071231,台灣之星電信股份有限公司,3G,314
屏東縣,1071231,中華電信股份有限公司,4G,501
屏東縣,1071231,台灣之星電信股份有限公司,4G,303
屏東縣,1071231,遠傳電信股份有限公司,4G,465
苗栗縣,1071231,遠傳電信股份有限公司,4G,453
苗栗縣,1071231,台灣之星電信股份有限公司,3G,221
苗栗縣,1071231,台灣大哥大股份有限公司,3G,399
苗栗縣,1071231,中華電信股份有限公司,3G,574
苗栗縣,1071231,亞太電信股份有限公司,4G,310
苗栗縣,1071231,中華電信股份有限公司,4G,610
苗栗縣,1071231,遠傳電信股份有限公司,3G,438
苗栗縣,1071231,台灣大哥大股份有限公司,4G,364
苗栗縣,1071231,台灣之星電信股份有限公司,4G,218
桃園市,1071231,遠傳電信股份有限公司,4G,890
桃園市,1071231,台灣之星電信股份有限公司,3G,665
桃園市,1071231,中華電信股份有限公司,4G,973
桃園市,1071231,中華電信股份有限公司,3G,933
桃園市,1071231,遠傳電信股份有限公司,3G,947
桃園市,1071231,台灣之星電信股份有限公司,4G,699
桃園市,1071231,台灣大哥大股份有限公司,3G,931
桃園市,1071231,台灣大哥大股份有限公司,4G,866
桃園市,1071231,亞太電信股份有限公司,4G,657
高雄市,1071231,台灣之星電信股份有限公司,3G,924
高雄市,1071231,遠傳電信股份有限公司,3G,1047
高雄市,1071231,台灣大哥大股份有限公司,3G,1121
高雄市,1071231,中華電信股份有限公司,3G,1299
高雄市,1071231,遠傳電信股份有限公司,4G,1019
高雄市,1071231,台灣之星電信股份有限公司,4G,868
高雄市,1071231,台灣大哥大股份有限公司,4G,933
高雄市,1071231,中華電信股份有限公司,4G,1458
高雄市,1071231,亞太電信股份有限公司,4G,1149
基隆市,1071231,中華電信股份有限公司,3G,134
基隆市,1071231,中華電信股份有限公司,4G,189
基隆市,1071231,台灣大哥大股份有限公司,4G,123
基隆市,1071231,台灣大哥大股份有限公司,3G,131
基隆市,1071231,遠傳電信股份有限公司,3G,157
基隆市,1071231,台灣之星電信股份有限公司,3G,106
基隆市,1071231,台灣之星電信股份有限公司,4G,105
基隆市,1071231,遠傳電信股份有限公司,4G,155
基隆市,1071231,亞太電信股份有限公司,4G,167
連江縣,1071231,台灣大哥大股份有限公司,3G,18
連江縣,1071231,中華電信股份有限公司,4G,43
連江縣,1071231,中華電信股份有限公司,3G,40
連江縣,1071231,台灣大哥大股份有限公司,4G,20
連江縣,1071231,台灣之星電信股份有限公司,3G,6
連江縣,1071231,遠傳電信股份有限公司,4G,23
連江縣,1071231,亞太電信股份有限公司,4G,19
連江縣,1071231,台灣之星電信股份有限公司,4G,7
連江縣,1071231,遠傳電信股份有限公司,3G,24
雲林縣,1071231,中華電信股份有限公司,3G,574
雲林縣,1071231,台灣大哥大股份有限公司,3G,330
雲林縣,1071231,中華電信股份有限公司,4G,551
雲林縣,1071231,台灣之星電信股份有限公司,4G,216
雲林縣,1071231,台灣大哥大股份有限公司,4G,312
雲林縣,1071231,遠傳電信股份有限公司,4G,321
雲林縣,1071231,台灣之星電信股份有限公司,3G,203
雲林縣,1071231,亞太電信股份有限公司,4G,232
雲林縣,1071231,遠傳電信股份有限公司,3G,338
新北市,1071231,中華電信股份有限公司,3G,1188
新北市,1071231,台灣大哥大股份有限公司,4G,1205
新北市,1071231,台灣大哥大股份有限公司,3G,1314
新北市,1071231,台灣之星電信股份有限公司,4G,1140
新北市,1071231,中華電信股份有限公司,4G,1610
新北市,1071231,遠傳電信股份有限公司,4G,1222
新北市,1071231,台灣之星電信股份有限公司,3G,1009
新北市,1071231,遠傳電信股份有限公司,3G,1197
新北市,1071231,亞太電信股份有限公司,4G,1166
新竹市,1071231,台灣大哥大股份有限公司,3G,195
新竹市,1071231,台灣大哥大股份有限公司,4G,188
新竹市,1071231,遠傳電信股份有限公司,3G,259
新竹市,1071231,台灣之星電信股份有限公司,4G,174
新竹市,1071231,遠傳電信股份有限公司,4G,276
新竹市,1071231,中華電信股份有限公司,3G,293
新竹市,1071231,亞太電信股份有限公司,4G,140
新竹市,1071231,中華電信股份有限公司,4G,286
新竹市,1071231,台灣之星電信股份有限公司,3G,172
新竹縣,1071231,中華電信股份有限公司,3G,456
新竹縣,1071231,台灣之星電信股份有限公司,4G,255
新竹縣,1071231,中華電信股份有限公司,4G,476
新竹縣,1071231,台灣大哥大股份有限公司,3G,326
新竹縣,1071231,台灣之星電信股份有限公司,3G,230
新竹縣,1071231,亞太電信股份有限公司,4G,241
新竹縣,1071231,台灣大哥大股份有限公司,4G,326
新竹縣,1071231,遠傳電信股份有限公司,3G,343
新竹縣,1071231,遠傳電信股份有限公司,4G,316
嘉義市,1071231,台灣之星電信股份有限公司,3G,74
嘉義市,1071231,台灣大哥大股份有限公司,4G,117
嘉義市,1071231,中華電信股份有限公司,3G,160
嘉義市,1071231,中華電信股份有限公司,4G,156
嘉義市,1071231,亞太電信股份有限公司,4G,122
嘉義市,1071231,台灣大哥大股份有限公司,3G,133
嘉義市,1071231,台灣之星電信股份有限公司,4G,75
嘉義市,1071231,遠傳電信股份有限公司,3G,99
嘉義市,1071231,遠傳電信股份有限公司,4G,97
嘉義縣,1071231,亞太電信股份有限公司,4G,205
嘉義縣,1071231,中華電信股份有限公司,3G,381
嘉義縣,1071231,台灣大哥大股份有限公司,4G,202
嘉義縣,1071231,遠傳電信股份有限公司,3G,236
嘉義縣,1071231,台灣之星電信股份有限公司,4G,159
嘉義縣,1071231,台灣大哥大股份有限公司,3G,234
嘉義縣,1071231,遠傳電信股份有限公司,4G,249
嘉義縣,1071231,中華電信股份有限公司,4G,445
嘉義縣,1071231,台灣之星電信股份有限公司,3G,153
彰化縣,1071231,遠傳電信股份有限公司,3G,504
彰化縣,1071231,中華電信股份有限公司,4G,786
彰化縣,1071231,遠傳電信股份有限公司,4G,516
彰化縣,1071231,台灣之星電信股份有限公司,4G,323
彰化縣,1071231,台灣大哥大股份有限公司,3G,542
彰化縣,1071231,中華電信股份有限公司,3G,822
彰化縣,1071231,台灣大哥大股份有限公司,4G,488
彰化縣,1071231,亞太電信股份有限公司,4G,386
彰化縣,1071231,台灣之星電信股份有限公司,3G,289
臺中市,1071231,中華電信股份有限公司,3G,2200
臺中市,1071231,台灣之星電信股份有限公司,3G,885
臺中市,1071231,台灣大哥大股份有限公司,3G,1428
臺中市,1071231,亞太電信股份有限公司,4G,1201
臺中市,1071231,中華電信股份有限公司,4G,2147
臺中市,1071231,台灣之星電信股份有限公司,4G,991
臺中市,1071231,台灣大哥大股份有限公司,4G,1319
臺中市,1071231,遠傳電信股份有限公司,4G,1563
臺中市,1071231,遠傳電信股份有限公司,3G,1508
臺北市,1071231,遠傳電信股份有限公司,3G,1215
臺北市,1071231,台灣大哥大股份有限公司,3G,1323
臺北市,1071231,台灣之星電信股份有限公司,3G,870
臺北市,1071231,台灣大哥大股份有限公司,4G,1179
臺北市,1071231,亞太電信股份有限公司,4G,1209
臺北市,1071231,中華電信股份有限公司,3G,1285
臺北市,1071231,台灣之星電信股份有限公司,4G,888
臺北市,1071231,中華電信股份有限公司,4G,1434
臺北市,1071231,遠傳電信股份有限公司,4G,1376
臺東縣,1071231,台灣之星電信股份有限公司,3G,136
臺東縣,1071231,台灣大哥大股份有限公司,4G,166
臺東縣,1071231,台灣大哥大股份有限公司,3G,188
臺東縣,1071231,中華電信股份有限公司,4G,257
臺東縣,1071231,中華電信股份有限公司,3G,253
臺東縣,1071231,亞太電信股份有限公司,4G,87
臺東縣,1071231,遠傳電信股份有限公司,3G,167
臺東縣,1071231,遠傳電信股份有限公司,4G,199
臺東縣,1071231,台灣之星電信股份有限公司,4G,118
臺南市,1071231,中華電信股份有限公司,3G,936
臺南市,1071231,亞太電信股份有限公司,4G,771
臺南市,1071231,台灣之星電信股份有限公司,4G,577
臺南市,1071231,台灣大哥大股份有限公司,3G,762
臺南市,1071231,中華電信股份有限公司,4G,927
臺南市,1071231,台灣大哥大股份有限公司,4G,670
臺南市,1071231,遠傳電信股份有限公司,4G,635
臺南市,1071231,台灣之星電信股份有限公司,3G,575
臺南市,1071231,遠傳電信股份有限公司,3G,652
澎湖縣,1071231,台灣大哥大股份有限公司,3G,83
澎湖縣,1071231,中華電信股份有限公司,3G,89
澎湖縣,1071231,中華電信股份有限公司,4G,102
澎湖縣,1071231,台灣之星電信股份有限公司,4G,28
澎湖縣,1071231,台灣之星電信股份有限公司,3G,34
澎湖縣,1071231,遠傳電信股份有限公司,4G,100
澎湖縣,1071231,亞太電信股份有限公司,4G,26
澎湖縣,1071231,台灣大哥大股份有限公司,4G,82
澎湖縣,1071231,遠傳電信股份有限公司,3G,54
宜蘭縣,1071130,中華電信股份有限公司,3G,381
宜蘭縣,1071130,台灣大哥大股份有限公司,3G,279
宜蘭縣,1071130,台灣之星電信股份有限公司,4G,197
宜蘭縣,1071130,中華電信股份有限公司,4G,475
宜蘭縣,1071130,亞太電信股份有限公司,4G,112
宜蘭縣,1071130,遠傳電信股份有限公司,3G,240
宜蘭縣,1071130,遠傳電信股份有限公司,4G,240
宜蘭縣,1071130,台灣大哥大股份有限公司,4G,269
宜蘭縣,1071130,台灣之星電信股份有限公司,3G,163
花蓮縣,1071130,中華電信股份有限公司,3G,329
花蓮縣,1071130,中華電信股份有限公司,4G,494
花蓮縣,1071130,台灣大哥大股份有限公司,3G,314
花蓮縣,1071130,台灣之星電信股份有限公司,3G,160
花蓮縣,1071130,亞太電信股份有限公司,4G,111
花蓮縣,1071130,台灣之星電信股份有限公司,4G,173
花蓮縣,1071130,遠傳電信股份有限公司,3G,292
花蓮縣,1071130,台灣大哥大股份有限公司,4G,302
花蓮縣,1071130,遠傳電信股份有限公司,4G,325
金門縣,1071130,中華電信股份有限公司,4G,92
金門縣,1071130,亞太電信股份有限公司,4G,30
金門縣,1071130,台灣大哥大股份有限公司,3G,52
金門縣,1071130,遠傳電信股份有限公司,4G,62
金門縣,1071130,中華電信股份有限公司,3G,84
金門縣,1071130,遠傳電信股份有限公司,3G,58
金門縣,1071130,台灣大哥大股份有限公司,4G,47
金門縣,1071130,台灣之星電信股份有限公司,3G,18
金門縣,1071130,台灣之星電信股份有限公司,4G,21
南投縣,1071130,遠傳電信股份有限公司,3G,399
南投縣,1071130,中華電信股份有限公司,4G,565
南投縣,1071130,中華電信股份有限公司,3G,548
南投縣,1071130,台灣之星電信股份有限公司,4G,227
南投縣,1071130,台灣之星電信股份有限公司,3G,209
南投縣,1071130,台灣大哥大股份有限公司,4G,348
南投縣,1071130,台灣大哥大股份有限公司,3G,386
南投縣,1071130,遠傳電信股份有限公司,4G,412
南投縣,1071130,亞太電信股份有限公司,4G,241
屏東縣,1071130,亞太電信股份有限公司,4G,384
屏東縣,1071130,台灣大哥大股份有限公司,4G,312
屏東縣,1071130,中華電信股份有限公司,4G,489
屏東縣,1071130,台灣之星電信股份有限公司,4G,303
屏東縣,1071130,遠傳電信股份有限公司,3G,439
屏東縣,1071130,中華電信股份有限公司,3G,426
屏東縣,1071130,遠傳電信股份有限公司,4G,465
屏東縣,1071130,台灣之星電信股份有限公司,3G,314
屏東縣,1071130,台灣大哥大股份有限公司,3G,359
苗栗縣,1071130,台灣大哥大股份有限公司,4G,364
苗栗縣,1071130,台灣大哥大股份有限公司,3G,399
苗栗縣,1071130,中華電信股份有限公司,3G,574
苗栗縣,1071130,遠傳電信股份有限公司,4G,435
苗栗縣,1071130,台灣之星電信股份有限公司,3G,221
苗栗縣,1071130,中華電信股份有限公司,4G,610
苗栗縣,1071130,亞太電信股份有限公司,4G,310
苗栗縣,1071130,遠傳電信股份有限公司,3G,440
苗栗縣,1071130,台灣之星電信股份有限公司,4G,218
桃園市,1071130,台灣之星電信股份有限公司,3G,672
桃園市,1071130,台灣大哥大股份有限公司,3G,931
桃園市,1071130,中華電信股份有限公司,3G,933
桃園市,1071130,亞太電信股份有限公司,4G,657
桃園市,1071130,台灣大哥大股份有限公司,4G,862
桃園市,1071130,中華電信股份有限公司,4G,961
桃園市,1071130,台灣之星電信股份有限公司,4G,699
桃園市,1071130,遠傳電信股份有限公司,4G,890
桃園市,1071130,遠傳電信股份有限公司,3G,922
高雄市,1071130,遠傳電信股份有限公司,4G,1018
高雄市,1071130,中華電信股份有限公司,3G,1286
高雄市,1071130,台灣大哥大股份有限公司,3G,1097
高雄市,1071130,中華電信股份有限公司,4G,1435
高雄市,1071130,遠傳電信股份有限公司,3G,1045
高雄市,1071130,台灣之星電信股份有限公司,3G,924
高雄市,1071130,台灣之星電信股份有限公司,4G,868
高雄市,1071130,台灣大哥大股份有限公司,4G,915
高雄市,1071130,亞太電信股份有限公司,4G,1149
基隆市,1071130,台灣之星電信股份有限公司,3G,103
基隆市,1071130,中華電信股份有限公司,3G,134
基隆市,1071130,台灣大哥大股份有限公司,3G,131
基隆市,1071130,遠傳電信股份有限公司,4G,155
基隆市,1071130,台灣大哥大股份有限公司,4G,123
基隆市,1071130,中華電信股份有限公司,4G,189
基隆市,1071130,遠傳電信股份有限公司,3G,157
基隆市,1071130,亞太電信股份有限公司,4G,167
基隆市,1071130,台灣之星電信股份有限公司,4G,103
連江縣,1071130,中華電信股份有限公司,4G,43
連江縣,1071130,中華電信股份有限公司,3G,40
連江縣,1071130,台灣大哥大股份有限公司,3G,18
連江縣,1071130,遠傳電信股份有限公司,4G,23
連江縣,1071130,台灣之星電信股份有限公司,3G,6
連江縣,1071130,亞太電信股份有限公司,4G,19
連江縣,1071130,台灣大哥大股份有限公司,4G,19
連江縣,1071130,台灣之星電信股份有限公司,4G,7
連江縣,1071130,遠傳電信股份有限公司,3G,24
雲林縣,1071130,台灣之星電信股份有限公司,4G,206
雲林縣,1071130,遠傳電信股份有限公司,4G,320
雲林縣,1071130,台灣大哥大股份有限公司,4G,312
雲林縣,1071130,台灣大哥大股份有限公司,3G,330
雲林縣,1071130,中華電信股份有限公司,3G,574
雲林縣,1071130,中華電信股份有限公司,4G,546
雲林縣,1071130,台灣之星電信股份有限公司,3G,203
雲林縣,1071130,遠傳電信股份有限公司,3G,338
雲林縣,1071130,亞太電信股份有限公司,4G,232
新北市,1071130,中華電信股份有限公司,3G,1188
新北市,1071130,台灣之星電信股份有限公司,4G,1132
新北市,1071130,台灣之星電信股份有限公司,3G,1015
新北市,1071130,台灣大哥大股份有限公司,3G,1315
新北市,1071130,中華電信股份有限公司,4G,1596
新北市,1071130,遠傳電信股份有限公司,4G,1222
新北市,1071130,台灣大哥大股份有限公司,4G,1194
新北市,1071130,亞太電信股份有限公司,4G,1166
新北市,1071130,遠傳電信股份有限公司,3G,1160
新竹市,1071130,台灣之星電信股份有限公司,3G,182
新竹市,1071130,中華電信股份有限公司,4G,286
新竹市,1071130,亞太電信股份有限公司,4G,140
新竹市,1071130,遠傳電信股份有限公司,4G,276
新竹市,1071130,中華電信股份有限公司,3G,293
新竹市,1071130,台灣之星電信股份有限公司,4G,174
新竹市,1071130,遠傳電信股份有限公司,3G,251
新竹市,1071130,台灣大哥大股份有限公司,3G,195
新竹市,1071130,台灣大哥大股份有限公司,4G,187
新竹縣,1071130,台灣大哥大股份有限公司,3G,326
新竹縣,1071130,遠傳電信股份有限公司,3G,321
新竹縣,1071130,台灣之星電信股份有限公司,3G,239
新竹縣,1071130,亞太電信股份有限公司,4G,241
新竹縣,1071130,中華電信股份有限公司,3G,456
新竹縣,1071130,台灣大哥大股份有限公司,4G,310
新竹縣,1071130,遠傳電信股份有限公司,4G,316
新竹縣,1071130,中華電信股份有限公司,4G,476
新竹縣,1071130,台灣之星電信股份有限公司,4G,255
嘉義市,1071130,中華電信股份有限公司,3G,159
嘉義市,1071130,遠傳電信股份有限公司,3G,99
嘉義市,1071130,台灣之星電信股份有限公司,3G,74
嘉義市,1071130,中華電信股份有限公司,4G,151
嘉義市,1071130,台灣大哥大股份有限公司,3G,132
嘉義市,1071130,台灣大哥大股份有限公司,4G,116
嘉義市,1071130,台灣之星電信股份有限公司,4G,75
嘉義市,1071130,亞太電信股份有限公司,4G,122
嘉義市,1071130,遠傳電信股份有限公司,4G,97
嘉義縣,1071130,台灣之星電信股份有限公司,3G,153
嘉義縣,1071130,台灣大哥大股份有限公司,3G,226
嘉義縣,1071130,中華電信股份有限公司,3G,352
嘉義縣,1071130,亞太電信股份有限公司,4G,205
嘉義縣,1071130,中華電信股份有限公司,4G,433
嘉義縣,1071130,遠傳電信股份有限公司,4G,249
嘉義縣,1071130,台灣之星電信股份有限公司,4G,159
嘉義縣,1071130,遠傳電信股份有限公司,3G,207
嘉義縣,1071130,台灣大哥大股份有限公司,4G,195
彰化縣,1071130,遠傳電信股份有限公司,4G,508
彰化縣,1071130,中華電信股份有限公司,3G,822
彰化縣,1071130,中華電信股份有限公司,4G,779
彰化縣,1071130,台灣大哥大股份有限公司,3G,542
彰化縣,1071130,台灣之星電信股份有限公司,3G,289
彰化縣,1071130,台灣之星電信股份有限公司,4G,317
彰化縣,1071130,台灣大哥大股份有限公司,4G,488
彰化縣,1071130,亞太電信股份有限公司,4G,386
彰化縣,1071130,遠傳電信股份有限公司,3G,505
臺中市,1071130,台灣大哥大股份有限公司,4G,1319
臺中市,1071130,中華電信股份有限公司,3G,2202
臺中市,1071130,台灣大哥大股份有限公司,3G,1428
臺中市,1071130,亞太電信股份有限公司,4G,1201
臺中市,1071130,中華電信股份有限公司,4G,2113
臺中市,1071130,遠傳電信股份有限公司,3G,1527
臺中市,1071130,遠傳電信股份有限公司,4G,1527
臺中市,1071130,台灣之星電信股份有限公司,3G,885
臺中市,1071130,台灣之星電信股份有限公司,4G,984
臺北市,1071130,台灣大哥大股份有限公司,4G,1175
臺北市,1071130,中華電信股份有限公司,3G,1285
臺北市,1071130,中華電信股份有限公司,4G,1422
臺北市,1071130,台灣大哥大股份有限公司,3G,1324
臺北市,1071130,台灣之星電信股份有限公司,3G,854
臺北市,1071130,亞太電信股份有限公司,4G,1209
臺北市,1071130,台灣之星電信股份有限公司,4G,866
臺北市,1071130,遠傳電信股份有限公司,3G,1215
臺北市,1071130,遠傳電信股份有限公司,4G,1376
臺東縣,1071130,遠傳電信股份有限公司,4G,199
臺東縣,1071130,中華電信股份有限公司,4G,255
臺東縣,1071130,台灣大哥大股份有限公司,4G,163
臺東縣,1071130,中華電信股份有限公司,3G,239
臺東縣,1071130,台灣之星電信股份有限公司,3G,136
臺東縣,1071130,台灣大哥大股份有限公司,3G,159
臺東縣,1071130,亞太電信股份有限公司,4G,85
臺東縣,1071130,台灣之星電信股份有限公司,4G,118
臺東縣,1071130,遠傳電信股份有限公司,3G,164
臺南市,1071130,遠傳電信股份有限公司,3G,642
臺南市,1071130,台灣大哥大股份有限公司,4G,656
臺南市,1071130,遠傳電信股份有限公司,4G,635
臺南市,1071130,台灣大哥大股份有限公司,3G,750
臺南市,1071130,台灣之星電信股份有限公司,3G,575
臺南市,1071130,中華電信股份有限公司,3G,916
臺南市,1071130,台灣之星電信股份有限公司,4G,577
臺南市,1071130,中華電信股份有限公司,4G,905
臺南市,1071130,亞太電信股份有限公司,4G,771
澎湖縣,1071130,台灣大哥大股份有限公司,4G,82
澎湖縣,1071130,遠傳電信股份有限公司,3G,54
澎湖縣,1071130,台灣之星電信股份有限公司,3G,34
澎湖縣,1071130,台灣大哥大股份有限公司,3G,78
澎湖縣,1071130,亞太電信股份有限公司,4G,26
澎湖縣,1071130,中華電信股份有限公司,3G,80
澎湖縣,1071130,台灣之星電信股份有限公司,4G,28
澎湖縣,1071130,中華電信股份有限公司,4G,93
澎湖縣,1071130,遠傳電信股份有限公司,4G,100
宜蘭縣,1071031,遠傳電信股份有限公司,4G,226
宜蘭縣,1071031,台灣大哥大股份有限公司,4G,260
宜蘭縣,1071031,遠傳電信股份有限公司,3G,240
宜蘭縣,1071031,中華電信股份有限公司,3G,379
宜蘭縣,1071031,中華電信股份有限公司,4G,473
宜蘭縣,1071031,台灣大哥大股份有限公司,3G,268
宜蘭縣,1071031,台灣之星電信股份有限公司,3G,150
宜蘭縣,1071031,台灣之星電信股份有限公司,4G,197
宜蘭縣,1071031,亞太電信股份有限公司,4G,112
花蓮縣,1071031,台灣大哥大股份有限公司,4G,293
花蓮縣,1071031,遠傳電信股份有限公司,3G,292
花蓮縣,1071031,台灣之星電信股份有限公司,3G,155
花蓮縣,1071031,中華電信股份有限公司,4G,452
花蓮縣,1071031,台灣之星電信股份有限公司,4G,173
花蓮縣,1071031,遠傳電信股份有限公司,4G,312
花蓮縣,1071031,中華電信股份有限公司,3G,328
花蓮縣,1071031,亞太電信股份有限公司,4G,105
花蓮縣,1071031,台灣大哥大股份有限公司,3G,301
金門縣,1071031,中華電信股份有限公司,3G,76
金門縣,1071031,中華電信股份有限公司,4G,91
金門縣,1071031,台灣大哥大股份有限公司,3G,52
金門縣,1071031,台灣大哥大股份有限公司,4G,45
金門縣,1071031,亞太電信股份有限公司,4G,30
金門縣,1071031,遠傳電信股份有限公司,3G,58
金門縣,1071031,台灣之星電信股份有限公司,4G,21
金門縣,1071031,台灣之星電信股份有限公司,3G,18
金門縣,1071031,遠傳電信股份有限公司,4G,61
南投縣,1071031,中華電信股份有限公司,4G,540
南投縣,1071031,台灣大哥大股份有限公司,4G,337
南投縣,1071031,中華電信股份有限公司,3G,541
南投縣,1071031,遠傳電信股份有限公司,4G,405
南投縣,1071031,台灣大哥大股份有限公司,3G,386
南投縣,1071031,台灣之星電信股份有限公司,3G,210
南投縣,1071031,台灣之星電信股份有限公司,4G,219
南投縣,1071031,遠傳電信股份有限公司,3G,399
南投縣,1071031,亞太電信股份有限公司,4G,241
屏東縣,1071031,台灣之星電信股份有限公司,4G,294
屏東縣,1071031,中華電信股份有限公司,3G,419
屏東縣,1071031,台灣之星電信股份有限公司,3G,310
屏東縣,1071031,台灣大哥大股份有限公司,4G,311
屏東縣,1071031,遠傳電信股份有限公司,4G,458
屏東縣,1071031,台灣大哥大股份有限公司,3G,359
屏東縣,1071031,遠傳電信股份有限公司,3G,439
屏東縣,1071031,亞太電信股份有限公司,4G,386
屏東縣,1071031,中華電信股份有限公司,4G,483
苗栗縣,1071031,中華電信股份有限公司,3G,558
苗栗縣,1071031,台灣之星電信股份有限公司,4G,205
苗栗縣,1071031,台灣之星電信股份有限公司,3G,222
苗栗縣,1071031,台灣大哥大股份有限公司,3G,399
苗栗縣,1071031,亞太電信股份有限公司,4G,310
苗栗縣,1071031,中華電信股份有限公司,4G,527
苗栗縣,1071031,遠傳電信股份有限公司,3G,438
苗栗縣,1071031,台灣大哥大股份有限公司,4G,354
苗栗縣,1071031,遠傳電信股份有限公司,4G,429
桃園市,1071031,台灣之星電信股份有限公司,4G,697
桃園市,1071031,亞太電信股份有限公司,4G,657
桃園市,1071031,台灣大哥大股份有限公司,3G,921
桃園市,1071031,中華電信股份有限公司,4G,951
桃園市,1071031,台灣之星電信股份有限公司,3G,655
桃園市,1071031,遠傳電信股份有限公司,4G,872
桃園市,1071031,中華電信股份有限公司,3G,911
桃園市,1071031,台灣大哥大股份有限公司,4G,859
桃園市,1071031,遠傳電信股份有限公司,3G,905
高雄市,1071031,亞太電信股份有限公司,4G,1149
高雄市,1071031,台灣大哥大股份有限公司,3G,1098
高雄市,1071031,中華電信股份有限公司,4G,1419
高雄市,1071031,台灣大哥大股份有限公司,4G,903
高雄市,1071031,遠傳電信股份有限公司,3G,1045
高雄市,1071031,中華電信股份有限公司,3G,1274
高雄市,1071031,遠傳電信股份有限公司,4G,1014
高雄市,1071031,台灣之星電信股份有限公司,3G,903
高雄市,1071031,台灣之星電信股份有限公司,4G,837
基隆市,1071031,亞太電信股份有限公司,4G,167
基隆市,1071031,台灣大哥大股份有限公司,3G,129
基隆市,1071031,台灣大哥大股份有限公司,4G,122
基隆市,1071031,中華電信股份有限公司,3G,130
基隆市,1071031,中華電信股份有限公司,4G,188
基隆市,1071031,台灣之星電信股份有限公司,3G,100
基隆市,1071031,遠傳電信股份有限公司,3G,157
基隆市,1071031,台灣之星電信股份有限公司,4G,103
基隆市,1071031,遠傳電信股份有限公司,4G,149
連江縣,1071031,中華電信股份有限公司,4G,41
連江縣,1071031,遠傳電信股份有限公司,4G,23
連江縣,1071031,台灣大哥大股份有限公司,4G,19
連江縣,1071031,中華電信股份有限公司,3G,37
連江縣,1071031,亞太電信股份有限公司,4G,19
連江縣,1071031,台灣大哥大股份有限公司,3G,18
連江縣,1071031,台灣之星電信股份有限公司,3G,6
連江縣,1071031,遠傳電信股份有限公司,3G,24
連江縣,1071031,台灣之星電信股份有限公司,4G,7
雲林縣,1071031,台灣之星電信股份有限公司,3G,203
雲林縣,1071031,台灣大哥大股份有限公司,3G,330
雲林縣,1071031,中華電信股份有限公司,3G,556
雲林縣,1071031,遠傳電信股份有限公司,3G,332
雲林縣,1071031,台灣大哥大股份有限公司,4G,303
雲林縣,1071031,中華電信股份有限公司,4G,504
雲林縣,1071031,遠傳電信股份有限公司,4G,318
雲林縣,1071031,台灣之星電信股份有限公司,4G,204
雲林縣,1071031,亞太電信股份有限公司,4G,232
新北市,1071031,遠傳電信股份有限公司,4G,1203
新北市,1071031,中華電信股份有限公司,3G,1180
新北市,1071031,中華電信股份有限公司,4G,1578
新北市,1071031,台灣之星電信股份有限公司,3G,987
新北市,1071031,台灣之星電信股份有限公司,4G,1090
新北市,1071031,台灣大哥大股份有限公司,3G,1287
新北市,1071031,亞太電信股份有限公司,4G,1166
新北市,1071031,台灣大哥大股份有限公司,4G,1179
新北市,1071031,遠傳電信股份有限公司,3G,1150
新竹市,1071031,台灣之星電信股份有限公司,3G,180
新竹市,1071031,中華電信股份有限公司,3G,293
新竹市,1071031,台灣大哥大股份有限公司,4G,185
新竹市,1071031,遠傳電信股份有限公司,4G,267
新竹市,1071031,台灣大哥大股份有限公司,3G,191
新竹市,1071031,中華電信股份有限公司,4G,276
新竹市,1071031,台灣之星電信股份有限公司,4G,173
新竹市,1071031,亞太電信股份有限公司,4G,140
新竹市,1071031,遠傳電信股份有限公司,3G,237
新竹縣,1071031,台灣大哥大股份有限公司,3G,317
新竹縣,1071031,中華電信股份有限公司,3G,456
新竹縣,1071031,中華電信股份有限公司,4G,464
新竹縣,1071031,台灣之星電信股份有限公司,3G,232
新竹縣,1071031,遠傳電信股份有限公司,4G,307
新竹縣,1071031,台灣之星電信股份有限公司,4G,252
新竹縣,1071031,台灣大哥大股份有限公司,4G,309
新竹縣,1071031,亞太電信股份有限公司,4G,241
新竹縣,1071031,遠傳電信股份有限公司,3G,312
嘉義市,1071031,中華電信股份有限公司,3G,166
嘉義市,1071031,中華電信股份有限公司,4G,150
嘉義市,1071031,遠傳電信股份有限公司,3G,99
嘉義市,1071031,亞太電信股份有限公司,4G,122
嘉義市,1071031,台灣大哥大股份有限公司,3G,132
嘉義市,1071031,台灣大哥大股份有限公司,4G,113
嘉義市,1071031,台灣之星電信股份有限公司,3G,73
嘉義市,1071031,遠傳電信股份有限公司,4G,96
嘉義市,1071031,台灣之星電信股份有限公司,4G,73
嘉義縣,1071031,台灣大哥大股份有限公司,3G,226
嘉義縣,1071031,台灣之星電信股份有限公司,3G,148
嘉義縣,1071031,中華電信股份有限公司,3G,362
嘉義縣,1071031,亞太電信股份有限公司,4G,205
嘉義縣,1071031,台灣大哥大股份有限公司,4G,187
嘉義縣,1071031,遠傳電信股份有限公司,4G,240
嘉義縣,1071031,中華電信股份有限公司,4G,430
嘉義縣,1071031,台灣之星電信股份有限公司,4G,146
嘉義縣,1071031,遠傳電信股份有限公司,3G,207
彰化縣,1071031,台灣之星電信股份有限公司,3G,290
彰化縣,1071031,台灣大哥大股份有限公司,3G,542
彰化縣,1071031,中華電信股份有限公司,3G,811
彰化縣,1071031,台灣大哥大股份有限公司,4G,475
彰化縣,1071031,中華電信股份有限公司,4G,711
彰化縣,1071031,台灣之星電信股份有限公司,4G,301
彰化縣,1071031,遠傳電信股份有限公司,3G,502
彰化縣,1071031,亞太電信股份有限公司,4G,386
彰化縣,1071031,遠傳電信股份有限公司,4G,503
臺中市,1071031,台灣大哥大股份有限公司,4G,1265
臺中市,1071031,台灣之星電信股份有限公司,3G,887
臺中市,1071031,亞太電信股份有限公司,4G,1201
臺中市,1071031,台灣大哥大股份有限公司,3G,1428
臺中市,1071031,中華電信股份有限公司,4G,1947
臺中市,1071031,中華電信股份有限公司,3G,2166
臺中市,1071031,遠傳電信股份有限公司,3G,1538
臺中市,1071031,遠傳電信股份有限公司,4G,1496
臺中市,1071031,台灣之星電信股份有限公司,4G,933
臺北市,1071031,台灣之星電信股份有限公司,4G,865
臺北市,1071031,台灣之星電信股份有限公司,3G,836
臺北市,1071031,中華電信股份有限公司,4G,1419
臺北市,1071031,台灣大哥大股份有限公司,4G,1165
臺北市,1071031,亞太電信股份有限公司,4G,1207
臺北市,1071031,遠傳電信股份有限公司,4G,1314
臺北市,1071031,台灣大哥大股份有限公司,3G,1311
臺北市,1071031,中華電信股份有限公司,3G,1276
臺北市,1071031,遠傳電信股份有限公司,3G,1216
臺東縣,1071031,台灣大哥大股份有限公司,3G,159
臺東縣,1071031,台灣大哥大股份有限公司,4G,157
臺東縣,1071031,遠傳電信股份有限公司,3G,164
臺東縣,1071031,台灣之星電信股份有限公司,3G,135
臺東縣,1071031,台灣之星電信股份有限公司,4G,116
臺東縣,1071031,中華電信股份有限公司,3G,224
臺東縣,1071031,遠傳電信股份有限公司,4G,195
臺東縣,1071031,中華電信股份有限公司,4G,253
臺東縣,1071031,亞太電信股份有限公司,4G,85
臺南市,1071031,中華電信股份有限公司,3G,882
臺南市,1071031,台灣之星電信股份有限公司,4G,545
臺南市,1071031,台灣大哥大股份有限公司,3G,751
臺南市,1071031,中華電信股份有限公司,4G,899
臺南市,1071031,台灣之星電信股份有限公司,3G,561
臺南市,1071031,遠傳電信股份有限公司,4G,626
臺南市,1071031,台灣大哥大股份有限公司,4G,647
臺南市,1071031,遠傳電信股份有限公司,3G,642
臺南市,1071031,亞太電信股份有限公司,4G,771
澎湖縣,1071031,台灣之星電信股份有限公司,4G,27
澎湖縣,1071031,台灣之星電信股份有限公司,3G,34
澎湖縣,1071031,中華電信股份有限公司,3G,80
澎湖縣,1071031,亞太電信股份有限公司,4G,26
澎湖縣,1071031,台灣大哥大股份有限公司,3G,78
澎湖縣,1071031,台灣大哥大股份有限公司,4G,73
澎湖縣,1071031,遠傳電信股份有限公司,4G,98
澎湖縣,1071031,中華電信股份有限公司,4G,93
澎湖縣,1071031,遠傳電信股份有限公司,3G,54
宜蘭縣,1070930,中華電信股份有限公司,3G,379
宜蘭縣,1070930,台灣大哥大股份有限公司,3G,268
宜蘭縣,1070930,遠傳電信股份有限公司,3G,229
宜蘭縣,1070930,中華電信股份有限公司,4G,458
宜蘭縣,1070930,台灣之星電信股份有限公司,4G,197
宜蘭縣,1070930,遠傳電信股份有限公司,4G,216
宜蘭縣,1070930,台灣大哥大股份有限公司,4G,260
宜蘭縣,1070930,台灣之星電信股份有限公司,3G,150
宜蘭縣,1070930,亞太電信股份有限公司,4G,112
花蓮縣,1070930,中華電信股份有限公司,3G,328
花蓮縣,1070930,遠傳電信股份有限公司,3G,293
花蓮縣,1070930,中華電信股份有限公司,4G,444
花蓮縣,1070930,台灣大哥大股份有限公司,4G,293
花蓮縣,1070930,台灣大哥大股份有限公司,3G,301
花蓮縣,1070930,遠傳電信股份有限公司,4G,305
花蓮縣,1070930,台灣之星電信股份有限公司,4G,173
花蓮縣,1070930,台灣之星電信股份有限公司,3G,155
花蓮縣,1070930,亞太電信股份有限公司,4G,105
金門縣,1070930,台灣大哥大股份有限公司,4G,45
金門縣,1070930,遠傳電信股份有限公司,3G,57
金門縣,1070930,中華電信股份有限公司,4G,85
金門縣,1070930,中華電信股份有限公司,3G,76
金門縣,1070930,台灣之星電信股份有限公司,3G,18
金門縣,1070930,亞太電信股份有限公司,4G,30
金門縣,1070930,台灣大哥大股份有限公司,3G,52
金門縣,1070930,台灣之星電信股份有限公司,4G,21
金門縣,1070930,遠傳電信股份有限公司,4G,55
南投縣,1070930,台灣大哥大股份有限公司,3G,386
南投縣,1070930,中華電信股份有限公司,3G,541
南投縣,1070930,台灣大哥大股份有限公司,4G,337
南投縣,1070930,中華電信股份有限公司,4G,540
南投縣,1070930,台灣之星電信股份有限公司,4G,219
南投縣,1070930,遠傳電信股份有限公司,4G,402
南投縣,1070930,遠傳電信股份有限公司,3G,399
南投縣,1070930,台灣之星電信股份有限公司,3G,202
南投縣,1070930,亞太電信股份有限公司,4G,241
屏東縣,1070930,台灣之星電信股份有限公司,4G,294
屏東縣,1070930,台灣大哥大股份有限公司,3G,337
屏東縣,1070930,台灣之星電信股份有限公司,3G,315
屏東縣,1070930,中華電信股份有限公司,3G,424
屏東縣,1070930,亞太電信股份有限公司,4G,386
屏東縣,1070930,中華電信股份有限公司,4G,468
屏東縣,1070930,遠傳電信股份有限公司,4G,453
屏東縣,1070930,台灣大哥大股份有限公司,4G,311
屏東縣,1070930,遠傳電信股份有限公司,3G,419
苗栗縣,1070930,中華電信股份有限公司,4G,527
苗栗縣,1070930,遠傳電信股份有限公司,3G,438
苗栗縣,1070930,台灣大哥大股份有限公司,3G,399
苗栗縣,1070930,亞太電信股份有限公司,4G,310
苗栗縣,1070930,台灣之星電信股份有限公司,3G,220
苗栗縣,1070930,中華電信股份有限公司,3G,558
苗栗縣,1070930,台灣之星電信股份有限公司,4G,205
苗栗縣,1070930,台灣大哥大股份有限公司,4G,354
苗栗縣,1070930,遠傳電信股份有限公司,4G,424
桃園市,1070930,中華電信股份有限公司,4G,933
桃園市,1070930,台灣之星電信股份有限公司,4G,697
桃園市,1070930,台灣大哥大股份有限公司,3G,922
桃園市,1070930,亞太電信股份有限公司,4G,657
桃園市,1070930,中華電信股份有限公司,3G,911
桃園市,1070930,台灣之星電信股份有限公司,3G,691
桃園市,1070930,台灣大哥大股份有限公司,4G,860
桃園市,1070930,遠傳電信股份有限公司,3G,905
桃園市,1070930,遠傳電信股份有限公司,4G,872
高雄市,1070930,台灣之星電信股份有限公司,3G,903
高雄市,1070930,中華電信股份有限公司,3G,1279
高雄市,1070930,中華電信股份有限公司,4G,1338
高雄市,1070930,台灣大哥大股份有限公司,4G,903
高雄市,1070930,台灣大哥大股份有限公司,3G,1058
高雄市,1070930,台灣之星電信股份有限公司,4G,837
高雄市,1070930,亞太電信股份有限公司,4G,1149
高雄市,1070930,遠傳電信股份有限公司,3G,1018
高雄市,1070930,遠傳電信股份有限公司,4G,968
基隆市,1070930,台灣大哥大股份有限公司,4G,122
基隆市,1070930,亞太電信股份有限公司,4G,167
基隆市,1070930,中華電信股份有限公司,4G,186
基隆市,1070930,台灣大哥大股份有限公司,3G,129
基隆市,1070930,台灣之星電信股份有限公司,4G,103
基隆市,1070930,中華電信股份有限公司,3G,130
基隆市,1070930,台灣之星電信股份有限公司,3G,100
基隆市,1070930,遠傳電信股份有限公司,4G,145
基隆市,1070930,遠傳電信股份有限公司,3G,158
連江縣,1070930,中華電信股份有限公司,3G,37
連江縣,1070930,亞太電信股份有限公司,4G,19
連江縣,1070930,台灣大哥大股份有限公司,4G,19
連江縣,1070930,台灣大哥大股份有限公司,3G,18
連江縣,1070930,中華電信股份有限公司,4G,41
連江縣,1070930,遠傳電信股份有限公司,3G,24
連江縣,1070930,台灣之星電信股份有限公司,3G,6
連江縣,1070930,遠傳電信股份有限公司,4G,23
連江縣,1070930,台灣之星電信股份有限公司,4G,7
雲林縣,1070930,台灣之星電信股份有限公司,4G,204
雲林縣,1070930,中華電信股份有限公司,3G,556
雲林縣,1070930,亞太電信股份有限公司,4G,232
雲林縣,1070930,台灣大哥大股份有限公司,3G,330
雲林縣,1070930,遠傳電信股份有限公司,3G,332
雲林縣,1070930,台灣大哥大股份有限公司,4G,303
雲林縣,1070930,中華電信股份有限公司,4G,504
雲林縣,1070930,台灣之星電信股份有限公司,3G,195
雲林縣,1070930,遠傳電信股份有限公司,4G,313
新北市,1070930,台灣之星電信股份有限公司,4G,1092
新北市,1070930,遠傳電信股份有限公司,3G,1150
新北市,1070930,台灣大哥大股份有限公司,4G,1180
新北市,1070930,中華電信股份有限公司,3G,1181
新北市,1070930,台灣大哥大股份有限公司,3G,1289
新北市,1070930,亞太電信股份有限公司,4G,1167
新北市,1070930,遠傳電信股份有限公司,4G,1197
新北市,1070930,中華電信股份有限公司,4G,1509
新北市,1070930,台灣之星電信股份有限公司,3G,985
新竹市,1070930,台灣大哥大股份有限公司,3G,191
新竹市,1070930,中華電信股份有限公司,3G,293
新竹市,1070930,中華電信股份有限公司,4G,274
新竹市,1070930,亞太電信股份有限公司,4G,140
新竹市,1070930,遠傳電信股份有限公司,4G,267
新竹市,1070930,台灣之星電信股份有限公司,3G,190
新竹市,1070930,台灣大哥大股份有限公司,4G,185
新竹市,1070930,台灣之星電信股份有限公司,4G,173
新竹市,1070930,遠傳電信股份有限公司,3G,237
新竹縣,1070930,台灣之星電信股份有限公司,3G,244
新竹縣,1070930,中華電信股份有限公司,3G,456
新竹縣,1070930,亞太電信股份有限公司,4G,241
新竹縣,1070930,台灣大哥大股份有限公司,3G,317
新竹縣,1070930,台灣大哥大股份有限公司,4G,309
新竹縣,1070930,遠傳電信股份有限公司,3G,312
新竹縣,1070930,遠傳電信股份有限公司,4G,307
新竹縣,1070930,中華電信股份有限公司,4G,460
新竹縣,1070930,台灣之星電信股份有限公司,4G,252
嘉義市,1070930,台灣大哥大股份有限公司,3G,129
嘉義市,1070930,亞太電信股份有限公司,4G,122
嘉義市,1070930,遠傳電信股份有限公司,4G,96
嘉義市,1070930,中華電信股份有限公司,3G,166
嘉義市,1070930,台灣大哥大股份有限公司,4G,113
嘉義市,1070930,中華電信股份有限公司,4G,146
嘉義市,1070930,台灣之星電信股份有限公司,3G,73
嘉義市,1070930,遠傳電信股份有限公司,3G,97
嘉義市,1070930,台灣之星電信股份有限公司,4G,73
嘉義縣,1070930,遠傳電信股份有限公司,4G,222
嘉義縣,1070930,台灣大哥大股份有限公司,3G,215
嘉義縣,1070930,中華電信股份有限公司,4G,407
嘉義縣,1070930,台灣之星電信股份有限公司,3G,148
嘉義縣,1070930,遠傳電信股份有限公司,3G,194
嘉義縣,1070930,台灣之星電信股份有限公司,4G,146
嘉義縣,1070930,中華電信股份有限公司,3G,364
嘉義縣,1070930,亞太電信股份有限公司,4G,205
嘉義縣,1070930,台灣大哥大股份有限公司,4G,187
彰化縣,1070930,中華電信股份有限公司,3G,811
彰化縣,1070930,遠傳電信股份有限公司,4G,501
彰化縣,1070930,中華電信股份有限公司,4G,711
彰化縣,1070930,台灣大哥大股份有限公司,3G,542
彰化縣,1070930,台灣大哥大股份有限公司,4G,475
彰化縣,1070930,亞太電信股份有限公司,4G,386
彰化縣,1070930,台灣之星電信股份有限公司,3G,280
彰化縣,1070930,台灣之星電信股份有限公司,4G,301
彰化縣,1070930,遠傳電信股份有限公司,3G,502
臺中市,1070930,中華電信股份有限公司,4G,1947
臺中市,1070930,中華電信股份有限公司,3G,2166
臺中市,1070930,台灣大哥大股份有限公司,3G,1429
臺中市,1070930,台灣大哥大股份有限公司,4G,1265
臺中市,1070930,台灣之星電信股份有限公司,3G,825
臺中市,1070930,台灣之星電信股份有限公司,4G,933
臺中市,1070930,亞太電信股份有限公司,4G,1201
臺中市,1070930,遠傳電信股份有限公司,4G,1461
臺中市,1070930,遠傳電信股份有限公司,3G,1538
臺北市,1070930,台灣大哥大股份有限公司,4G,1166
臺北市,1070930,中華電信股份有限公司,3G,1276
臺北市,1070930,台灣大哥大股份有限公司,3G,1312
臺北市,1070930,台灣之星電信股份有限公司,3G,832
臺北市,1070930,亞太電信股份有限公司,4G,1207
臺北市,1070930,中華電信股份有限公司,4G,1399
臺北市,1070930,遠傳電信股份有限公司,4G,1295
臺北市,1070930,台灣之星電信股份有限公司,4G,865
臺北市,1070930,遠傳電信股份有限公司,3G,1182
臺東縣,1070930,遠傳電信股份有限公司,3G,161
臺東縣,1070930,中華電信股份有限公司,3G,225
臺東縣,1070930,中華電信股份有限公司,4G,248
臺東縣,1070930,台灣之星電信股份有限公司,4G,116
臺東縣,1070930,台灣大哥大股份有限公司,3G,144
臺東縣,1070930,台灣大哥大股份有限公司,4G,157
臺東縣,1070930,亞太電信股份有限公司,4G,85
臺東縣,1070930,台灣之星電信股份有限公司,3G,137
臺東縣,1070930,遠傳電信股份有限公司,4G,182
臺南市,1070930,台灣之星電信股份有限公司,3G,569
臺南市,1070930,中華電信股份有限公司,4G,873
臺南市,1070930,中華電信股份有限公司,3G,884
臺南市,1070930,亞太電信股份有限公司,4G,771
臺南市,1070930,台灣之星電信股份有限公司,4G,545
臺南市,1070930,台灣大哥大股份有限公司,4G,647
臺南市,1070930,遠傳電信股份有限公司,3G,620
臺南市,1070930,台灣大哥大股份有限公司,3G,698
臺南市,1070930,遠傳電信股份有限公司,4G,574
澎湖縣,1070930,台灣大哥大股份有限公司,3G,73
澎湖縣,1070930,中華電信股份有限公司,4G,84
澎湖縣,1070930,台灣大哥大股份有限公司,4G,73
澎湖縣,1070930,中華電信股份有限公司,3G,80
澎湖縣,1070930,台灣之星電信股份有限公司,4G,27
澎湖縣,1070930,遠傳電信股份有限公司,4G,98
澎湖縣,1070930,亞太電信股份有限公司,4G,26
澎湖縣,1070930,台灣之星電信股份有限公司,3G,34
澎湖縣,1070930,遠傳電信股份有限公司,3G,52
宜蘭縣,1070831,台灣之星電信股份有限公司,4G,190
宜蘭縣,1070831,遠傳電信股份有限公司,4G,216
宜蘭縣,1070831,台灣大哥大股份有限公司,3G,268
宜蘭縣,1070831,亞太電信股份有限公司,4G,112
宜蘭縣,1070831,中華電信股份有限公司,3G,374
宜蘭縣,1070831,中華電信股份有限公司,4G,458
宜蘭縣,1070831,遠傳電信股份有限公司,3G,229
宜蘭縣,1070831,台灣大哥大股份有限公司,4G,260
宜蘭縣,1070831,台灣之星電信股份有限公司,3G,148
花蓮縣,1070831,中華電信股份有限公司,4G,444
花蓮縣,1070831,中華電信股份有限公司,3G,322
花蓮縣,1070831,遠傳電信股份有限公司,3G,293
花蓮縣,1070831,台灣大哥大股份有限公司,4G,293
花蓮縣,1070831,台灣大哥大股份有限公司,3G,301
花蓮縣,1070831,台灣之星電信股份有限公司,3G,152
花蓮縣,1070831,台灣之星電信股份有限公司,4G,168
花蓮縣,1070831,遠傳電信股份有限公司,4G,305
花蓮縣,1070831,亞太電信股份有限公司,4G,105
金門縣,1070831,台灣大哥大股份有限公司,3G,52
金門縣,1070831,中華電信股份有限公司,4G,82
金門縣,1070831,中華電信股份有限公司,3G,76
金門縣,1070831,台灣之星電信股份有限公司,3G,18
金門縣,1070831,台灣之星電信股份有限公司,4G,21
金門縣,1070831,台灣大哥大股份有限公司,4G,45
金門縣,1070831,亞太電信股份有限公司,4G,30
金門縣,1070831,遠傳電信股份有限公司,4G,55
金門縣,1070831,遠傳電信股份有限公司,3G,57
南投縣,1070831,中華電信股份有限公司,4G,535
南投縣,1070831,中華電信股份有限公司,3G,541
南投縣,1070831,台灣大哥大股份有限公司,4G,331
南投縣,1070831,台灣之星電信股份有限公司,3G,204
南投縣,1070831,遠傳電信股份有限公司,3G,403
南投縣,1070831,台灣大哥大股份有限公司,3G,386
南投縣,1070831,台灣之星電信股份有限公司,4G,219
南投縣,1070831,亞太電信股份有限公司,4G,238
南投縣,1070831,遠傳電信股份有限公司,4G,393
屏東縣,1070831,中華電信股份有限公司,4G,455
屏東縣,1070831,中華電信股份有限公司,3G,424
屏東縣,1070831,台灣大哥大股份有限公司,3G,337
屏東縣,1070831,亞太電信股份有限公司,4G,385
屏東縣,1070831,台灣之星電信股份有限公司,3G,304
屏東縣,1070831,台灣大哥大股份有限公司,4G,310
屏東縣,1070831,台灣之星電信股份有限公司,4G,294
屏東縣,1070831,遠傳電信股份有限公司,3G,419
屏東縣,1070831,遠傳電信股份有限公司,4G,453
苗栗縣,1070831,中華電信股份有限公司,4G,510
苗栗縣,1070831,中華電信股份有限公司,3G,558
苗栗縣,1070831,遠傳電信股份有限公司,3G,441
苗栗縣,1070831,台灣之星電信股份有限公司,4G,205
苗栗縣,1070831,台灣大哥大股份有限公司,3G,399
苗栗縣,1070831,台灣大哥大股份有限公司,4G,350
苗栗縣,1070831,台灣之星電信股份有限公司,3G,239
苗栗縣,1070831,亞太電信股份有限公司,4G,308
苗栗縣,1070831,遠傳電信股份有限公司,4G,417
桃園市,1070831,台灣大哥大股份有限公司,3G,922
桃園市,1070831,台灣大哥大股份有限公司,4G,860
桃園市,1070831,中華電信股份有限公司,4G,933
桃園市,1070831,中華電信股份有限公司,3G,909
桃園市,1070831,遠傳電信股份有限公司,3G,905
桃園市,1070831,遠傳電信股份有限公司,4G,872
桃園市,1070831,台灣之星電信股份有限公司,3G,691
桃園市,1070831,台灣之星電信股份有限公司,4G,686
桃園市,1070831,亞太電信股份有限公司,4G,657
高雄市,1070831,中華電信股份有限公司,4G,1317
高雄市,1070831,亞太電信股份有限公司,4G,1132
高雄市,1070831,台灣之星電信股份有限公司,3G,874
高雄市,1070831,中華電信股份有限公司,3G,1279
高雄市,1070831,台灣大哥大股份有限公司,3G,1058
高雄市,1070831,遠傳電信股份有限公司,3G,1018
高雄市,1070831,台灣大哥大股份有限公司,4G,903
高雄市,1070831,遠傳電信股份有限公司,4G,968
高雄市,1070831,台灣之星電信股份有限公司,4G,838
基隆市,1070831,中華電信股份有限公司,4G,186
基隆市,1070831,亞太電信股份有限公司,4G,167
基隆市,1070831,中華電信股份有限公司,3G,130
基隆市,1070831,台灣大哥大股份有限公司,4G,122
基隆市,1070831,台灣大哥大股份有限公司,3G,129
基隆市,1070831,台灣之星電信股份有限公司,4G,100
基隆市,1070831,遠傳電信股份有限公司,4G,145
基隆市,1070831,台灣之星電信股份有限公司,3G,99
基隆市,1070831,遠傳電信股份有限公司,3G,158
連江縣,1070831,亞太電信股份有限公司,4G,19
連江縣,1070831,中華電信股份有限公司,3G,37
連江縣,1070831,台灣大哥大股份有限公司,3G,18
連江縣,1070831,遠傳電信股份有限公司,4G,23
連江縣,1070831,中華電信股份有限公司,4G,41
連江縣,1070831,遠傳電信股份有限公司,3G,24
連江縣,1070831,台灣大哥大股份有限公司,4G,19
連江縣,1070831,台灣之星電信股份有限公司,3G,6
連江縣,1070831,台灣之星電信股份有限公司,4G,7
雲林縣,1070831,台灣大哥大股份有限公司,4G,298
雲林縣,1070831,台灣大哥大股份有限公司,3G,330
雲林縣,1070831,台灣之星電信股份有限公司,3G,196
雲林縣,1070831,遠傳電信股份有限公司,4G,302
雲林縣,1070831,亞太電信股份有限公司,4G,229
雲林縣,1070831,中華電信股份有限公司,4G,495
雲林縣,1070831,中華電信股份有限公司,3G,556
雲林縣,1070831,台灣之星電信股份有限公司,4G,204
雲林縣,1070831,遠傳電信股份有限公司,3G,336
新北市,1070831,台灣大哥大股份有限公司,4G,1180
新北市,1070831,中華電信股份有限公司,4G,1509
新北市,1070831,遠傳電信股份有限公司,3G,1150
新北市,1070831,台灣之星電信股份有限公司,4G,1083
新北市,1070831,遠傳電信股份有限公司,4G,1197
新北市,1070831,台灣之星電信股份有限公司,3G,980
新北市,1070831,中華電信股份有限公司,3G,1174
新北市,1070831,亞太電信股份有限公司,4G,1167
新北市,1070831,台灣大哥大股份有限公司,3G,1289
新竹市,1070831,遠傳電信股份有限公司,4G,267
新竹市,1070831,中華電信股份有限公司,3G,289
新竹市,1070831,亞太電信股份有限公司,4G,140
新竹市,1070831,台灣大哥大股份有限公司,3G,191
新竹市,1070831,台灣之星電信股份有限公司,3G,190
新竹市,1070831,遠傳電信股份有限公司,3G,237
新竹市,1070831,中華電信股份有限公司,4G,274
新竹市,1070831,台灣之星電信股份有限公司,4G,173
新竹市,1070831,台灣大哥大股份有限公司,4G,185
新竹縣,1070831,遠傳電信股份有限公司,4G,307
新竹縣,1070831,台灣之星電信股份有限公司,4G,250
新竹縣,1070831,台灣大哥大股份有限公司,4G,309
新竹縣,1070831,中華電信股份有限公司,4G,460
新竹縣,1070831,中華電信股份有限公司,3G,438
新竹縣,1070831,亞太電信股份有限公司,4G,241
新竹縣,1070831,台灣大哥大股份有限公司,3G,317
新竹縣,1070831,台灣之星電信股份有限公司,3G,244
新竹縣,1070831,遠傳電信股份有限公司,3G,312
嘉義市,1070831,中華電信股份有限公司,3G,166
嘉義市,1070831,台灣大哥大股份有限公司,3G,129
嘉義市,1070831,遠傳電信股份有限公司,3G,97
嘉義市,1070831,亞太電信股份有限公司,4G,117
嘉義市,1070831,台灣之星電信股份有限公司,4G,73
嘉義市,1070831,中華電信股份有限公司,4G,145
嘉義市,1070831,台灣大哥大股份有限公司,4G,113
嘉義市,1070831,遠傳電信股份有限公司,4G,96
嘉義市,1070831,台灣之星電信股份有限公司,3G,68
嘉義縣,1070831,台灣大哥大股份有限公司,3G,215
嘉義縣,1070831,中華電信股份有限公司,4G,385
嘉義縣,1070831,遠傳電信股份有限公司,3G,194
嘉義縣,1070831,台灣之星電信股份有限公司,4G,146
嘉義縣,1070831,台灣大哥大股份有限公司,4G,187
嘉義縣,1070831,亞太電信股份有限公司,4G,202
嘉義縣,1070831,中華電信股份有限公司,3G,364
嘉義縣,1070831,台灣之星電信股份有限公司,3G,134
嘉義縣,1070831,遠傳電信股份有限公司,4G,222
彰化縣,1070831,中華電信股份有限公司,3G,811
彰化縣,1070831,台灣大哥大股份有限公司,4G,467
彰化縣,1070831,遠傳電信股份有限公司,3G,508
彰化縣,1070831,中華電信股份有限公司,4G,699
彰化縣,1070831,台灣之星電信股份有限公司,4G,301
彰化縣,1070831,亞太電信股份有限公司,4G,378
彰化縣,1070831,台灣大哥大股份有限公司,3G,542
彰化縣,1070831,遠傳電信股份有限公司,4G,493
彰化縣,1070831,台灣之星電信股份有限公司,3G,283
臺中市,1070831,台灣之星電信股份有限公司,3G,827
臺中市,1070831,台灣之星電信股份有限公司,4G,933
臺中市,1070831,台灣大哥大股份有限公司,4G,1238
臺中市,1070831,亞太電信股份有限公司,4G,1167
臺中市,1070831,遠傳電信股份有限公司,3G,1547
臺中市,1070831,中華電信股份有限公司,3G,2167
臺中市,1070831,中華電信股份有限公司,4G,1901
臺中市,1070831,台灣大哥大股份有限公司,3G,1429
臺中市,1070831,遠傳電信股份有限公司,4G,1447
臺北市,1070831,台灣大哥大股份有限公司,3G,1312
臺北市,1070831,中華電信股份有限公司,3G,1268
臺北市,1070831,亞太電信股份有限公司,4G,1207
臺北市,1070831,台灣之星電信股份有限公司,3G,793
臺北市,1070831,台灣大哥大股份有限公司,4G,1166
臺北市,1070831,中華電信股份有限公司,4G,1399
臺北市,1070831,台灣之星電信股份有限公司,4G,852
臺北市,1070831,遠傳電信股份有限公司,3G,1185
臺北市,1070831,遠傳電信股份有限公司,4G,1295
臺東縣,1070831,遠傳電信股份有限公司,4G,182
臺東縣,1070831,台灣大哥大股份有限公司,4G,158
臺東縣,1070831,台灣大哥大股份有限公司,3G,144
臺東縣,1070831,中華電信股份有限公司,3G,225
臺東縣,1070831,台灣之星電信股份有限公司,3G,136
臺東縣,1070831,中華電信股份有限公司,4G,245
臺東縣,1070831,亞太電信股份有限公司,4G,78
臺東縣,1070831,台灣之星電信股份有限公司,4G,116
臺東縣,1070831,遠傳電信股份有限公司,3G,161
臺南市,1070831,台灣之星電信股份有限公司,3G,544
臺南市,1070831,亞太電信股份有限公司,4G,763
臺南市,1070831,台灣大哥大股份有限公司,3G,698
臺南市,1070831,台灣大哥大股份有限公司,4G,647
臺南市,1070831,台灣之星電信股份有限公司,4G,545
臺南市,1070831,中華電信股份有限公司,4G,847
臺南市,1070831,中華電信股份有限公司,3G,884
臺南市,1070831,遠傳電信股份有限公司,4G,574
臺南市,1070831,遠傳電信股份有限公司,3G,620
澎湖縣,1070831,台灣之星電信股份有限公司,3G,32
澎湖縣,1070831,遠傳電信股份有限公司,3G,52
澎湖縣,1070831,中華電信股份有限公司,4G,83
澎湖縣,1070831,中華電信股份有限公司,3G,80
澎湖縣,1070831,台灣大哥大股份有限公司,3G,73
澎湖縣,1070831,遠傳電信股份有限公司,4G,98
澎湖縣,1070831,台灣大哥大股份有限公司,4G,73
澎湖縣,1070831,台灣之星電信股份有限公司,4G,27
澎湖縣,1070831,亞太電信股份有限公司,4G,26
宜蘭縣,1070731,中華電信股份有限公司,3G,370
宜蘭縣,1070731,台灣大哥大股份有限公司,4G,260
宜蘭縣,1070731,遠傳電信股份有限公司,4G,216
宜蘭縣,1070731,台灣大哥大股份有限公司,3G,268
宜蘭縣,1070731,亞太電信股份有限公司,4G,112
宜蘭縣,1070731,中華電信股份有限公司,4G,428
宜蘭縣,1070731,遠傳電信股份有限公司,3G,218
宜蘭縣,1070731,台灣之星電信股份有限公司,3G,143
宜蘭縣,1070731,台灣之星電信股份有限公司,4G,190
花蓮縣,1070731,中華電信股份有限公司,4G,436
花蓮縣,1070731,中華電信股份有限公司,3G,322
花蓮縣,1070731,台灣之星電信股份有限公司,3G,145
花蓮縣,1070731,台灣大哥大股份有限公司,4G,293
花蓮縣,1070731,遠傳電信股份有限公司,3G,290
花蓮縣,1070731,台灣之星電信股份有限公司,4G,168
花蓮縣,1070731,遠傳電信股份有限公司,4G,305
花蓮縣,1070731,台灣大哥大股份有限公司,3G,301
花蓮縣,1070731,亞太電信股份有限公司,4G,105
金門縣,1070731,亞太電信股份有限公司,4G,30
金門縣,1070731,中華電信股份有限公司,4G,82
金門縣,1070731,台灣之星電信股份有限公司,4G,21
金門縣,1070731,台灣大哥大股份有限公司,3G,47
金門縣,1070731,中華電信股份有限公司,3G,76
金門縣,1070731,台灣大哥大股份有限公司,4G,45
金門縣,1070731,遠傳電信股份有限公司,4G,55
金門縣,1070731,台灣之星電信股份有限公司,3G,18
金門縣,1070731,遠傳電信股份有限公司,3G,57
南投縣,1070731,台灣之星電信股份有限公司,4G,211
南投縣,1070731,中華電信股份有限公司,3G,541
南投縣,1070731,台灣之星電信股份有限公司,3G,206
南投縣,1070731,亞太電信股份有限公司,4G,238
南投縣,1070731,遠傳電信股份有限公司,3G,403
南投縣,1070731,台灣大哥大股份有限公司,3G,386
南投縣,1070731,中華電信股份有限公司,4G,526
南投縣,1070731,台灣大哥大股份有限公司,4G,331
南投縣,1070731,遠傳電信股份有限公司,4G,393
屏東縣,1070731,遠傳電信股份有限公司,4G,450
屏東縣,1070731,台灣之星電信股份有限公司,3G,306
屏東縣,1070731,中華電信股份有限公司,4G,455
屏東縣,1070731,台灣之星電信股份有限公司,4G,295
屏東縣,1070731,台灣大哥大股份有限公司,3G,327
屏東縣,1070731,遠傳電信股份有限公司,3G,417
屏東縣,1070731,台灣大哥大股份有限公司,4G,310
屏東縣,1070731,中華電信股份有限公司,3G,427
屏東縣,1070731,亞太電信股份有限公司,4G,385
苗栗縣,1070731,中華電信股份有限公司,3G,558
苗栗縣,1070731,台灣大哥大股份有限公司,4G,350
苗栗縣,1070731,台灣之星電信股份有限公司,3G,255
苗栗縣,1070731,遠傳電信股份有限公司,3G,441
苗栗縣,1070731,台灣之星電信股份有限公司,4G,205
苗栗縣,1070731,中華電信股份有限公司,4G,490
苗栗縣,1070731,亞太電信股份有限公司,4G,308
苗栗縣,1070731,台灣大哥大股份有限公司,3G,399
苗栗縣,1070731,遠傳電信股份有限公司,4G,417
桃園市,1070731,台灣之星電信股份有限公司,3G,697
桃園市,1070731,中華電信股份有限公司,4G,926
桃園市,1070731,遠傳電信股份有限公司,3G,905
桃園市,1070731,中華電信股份有限公司,3G,906
桃園市,1070731,台灣之星電信股份有限公司,4G,669
桃園市,1070731,台灣大哥大股份有限公司,4G,860
桃園市,1070731,台灣大哥大股份有限公司,3G,922
桃園市,1070731,亞太電信股份有限公司,4G,657
桃園市,1070731,遠傳電信股份有限公司,4G,872
高雄市,1070731,遠傳電信股份有限公司,4G,951
高雄市,1070731,亞太電信股份有限公司,4G,1132
高雄市,1070731,中華電信股份有限公司,4G,1317
高雄市,1070731,台灣大哥大股份有限公司,4G,903
高雄市,1070731,台灣大哥大股份有限公司,3G,1059
高雄市,1070731,中華電信股份有限公司,3G,1280
高雄市,1070731,遠傳電信股份有限公司,3G,981
高雄市,1070731,台灣之星電信股份有限公司,4G,838
高雄市,1070731,台灣之星電信股份有限公司,3G,874
基隆市,1070731,台灣之星電信股份有限公司,4G,100
基隆市,1070731,遠傳電信股份有限公司,4G,145
基隆市,1070731,中華電信股份有限公司,4G,160
基隆市,1070731,中華電信股份有限公司,3G,129
基隆市,1070731,台灣之星電信股份有限公司,3G,91
基隆市,1070731,台灣大哥大股份有限公司,3G,129
基隆市,1070731,台灣大哥大股份有限公司,4G,122
基隆市,1070731,亞太電信股份有限公司,4G,167
基隆市,1070731,遠傳電信股份有限公司,3G,157
連江縣,1070731,中華電信股份有限公司,3G,37
連江縣,1070731,遠傳電信股份有限公司,4G,23
連江縣,1070731,亞太電信股份有限公司,4G,19
連江縣,1070731,台灣大哥大股份有限公司,3G,18
連江縣,1070731,中華電信股份有限公司,4G,41
連江縣,1070731,遠傳電信股份有限公司,3G,24
連江縣,1070731,台灣大哥大股份有限公司,4G,19
連江縣,1070731,台灣之星電信股份有限公司,3G,6
連江縣,1070731,台灣之星電信股份有限公司,4G,7
雲林縣,1070731,台灣大哥大股份有限公司,4G,298
雲林縣,1070731,台灣大哥大股份有限公司,3G,330
雲林縣,1070731,中華電信股份有限公司,3G,556
雲林縣,1070731,遠傳電信股份有限公司,4G,302
雲林縣,1070731,台灣之星電信股份有限公司,3G,197
雲林縣,1070731,台灣之星電信股份有限公司,4G,194
雲林縣,1070731,中華電信股份有限公司,4G,479
雲林縣,1070731,亞太電信股份有限公司,4G,229
雲林縣,1070731,遠傳電信股份有限公司,3G,336
新北市,1070731,台灣大哥大股份有限公司,4G,1180
新北市,1070731,亞太電信股份有限公司,4G,1167
新北市,1070731,中華電信股份有限公司,4G,1452
新北市,1070731,中華電信股份有限公司,3G,1165
新北市,1070731,遠傳電信股份有限公司,4G,1197
新北市,1070731,台灣之星電信股份有限公司,3G,967
新北市,1070731,台灣大哥大股份有限公司,3G,1289
新北市,1070731,遠傳電信股份有限公司,3G,1149
新北市,1070731,台灣之星電信股份有限公司,4G,1066
新竹市,1070731,中華電信股份有限公司,4G,273
新竹市,1070731,台灣之星電信股份有限公司,4G,169
新竹市,1070731,中華電信股份有限公司,3G,286
新竹市,1070731,台灣之星電信股份有限公司,3G,193
新竹市,1070731,遠傳電信股份有限公司,4G,267
新竹市,1070731,亞太電信股份有限公司,4G,140
新竹市,1070731,台灣大哥大股份有限公司,3G,191
新竹市,1070731,遠傳電信股份有限公司,3G,237
新竹市,1070731,台灣大哥大股份有限公司,4G,185
新竹縣,1070731,中華電信股份有限公司,3G,431
新竹縣,1070731,中華電信股份有限公司,4G,460
新竹縣,1070731,台灣之星電信股份有限公司,3G,241
新竹縣,1070731,台灣之星電信股份有限公司,4G,242
新竹縣,1070731,遠傳電信股份有限公司,3G,312
新竹縣,1070731,台灣大哥大股份有限公司,3G,317
新竹縣,1070731,亞太電信股份有限公司,4G,241
新竹縣,1070731,台灣大哥大股份有限公司,4G,309
新竹縣,1070731,遠傳電信股份有限公司,4G,307
嘉義市,1070731,中華電信股份有限公司,3G,166
嘉義市,1070731,中華電信股份有限公司,4G,145
嘉義市,1070731,遠傳電信股份有限公司,4G,94
嘉義市,1070731,台灣之星電信股份有限公司,4G,73
嘉義市,1070731,亞太電信股份有限公司,4G,117
嘉義市,1070731,台灣大哥大股份有限公司,4G,113
嘉義市,1070731,台灣大哥大股份有限公司,3G,130
嘉義市,1070731,台灣之星電信股份有限公司,3G,68
嘉義市,1070731,遠傳電信股份有限公司,3G,93
嘉義縣,1070731,台灣大哥大股份有限公司,3G,215
嘉義縣,1070731,中華電信股份有限公司,4G,385
嘉義縣,1070731,遠傳電信股份有限公司,3G,187
嘉義縣,1070731,台灣之星電信股份有限公司,4G,146
嘉義縣,1070731,台灣大哥大股份有限公司,4G,187
嘉義縣,1070731,亞太電信股份有限公司,4G,202
嘉義縣,1070731,中華電信股份有限公司,3G,364
嘉義縣,1070731,遠傳電信股份有限公司,4G,213
嘉義縣,1070731,台灣之星電信股份有限公司,3G,134
彰化縣,1070731,中華電信股份有限公司,3G,811
彰化縣,1070731,亞太電信股份有限公司,4G,378
彰化縣,1070731,中華電信股份有限公司,4G,688
彰化縣,1070731,台灣大哥大股份有限公司,4G,467
彰化縣,1070731,台灣之星電信股份有限公司,3G,285
彰化縣,1070731,台灣大哥大股份有限公司,3G,542
彰化縣,1070731,台灣之星電信股份有限公司,4G,290
彰化縣,1070731,遠傳電信股份有限公司,4G,493
彰化縣,1070731,遠傳電信股份有限公司,3G,508
臺中市,1070731,中華電信股份有限公司,3G,2170
臺中市,1070731,台灣之星電信股份有限公司,4G,882
臺中市,1070731,亞太電信股份有限公司,4G,1167
臺中市,1070731,台灣大哥大股份有限公司,4G,1238
臺中市,1070731,台灣大哥大股份有限公司,3G,1429
臺中市,1070731,中華電信股份有限公司,4G,1867
臺中市,1070731,遠傳電信股份有限公司,4G,1447
臺中市,1070731,台灣之星電信股份有限公司,3G,828
臺中市,1070731,遠傳電信股份有限公司,3G,1547
臺北市,1070731,中華電信股份有限公司,3G,1245
臺北市,1070731,台灣大哥大股份有限公司,4G,1166
臺北市,1070731,台灣之星電信股份有限公司,3G,772
臺北市,1070731,台灣大哥大股份有限公司,3G,1312
臺北市,1070731,中華電信股份有限公司,4G,1305
臺北市,1070731,台灣之星電信股份有限公司,4G,852
臺北市,1070731,亞太電信股份有限公司,4G,1207
臺北市,1070731,遠傳電信股份有限公司,3G,1151
臺北市,1070731,遠傳電信股份有限公司,4G,1295
臺東縣,1070731,台灣大哥大股份有限公司,3G,143
臺東縣,1070731,台灣大哥大股份有限公司,4G,158
臺東縣,1070731,台灣之星電信股份有限公司,3G,136
臺東縣,1070731,中華電信股份有限公司,3G,225
臺東縣,1070731,遠傳電信股份有限公司,4G,173
臺東縣,1070731,中華電信股份有限公司,4G,245
臺東縣,1070731,亞太電信股份有限公司,4G,78
臺東縣,1070731,台灣之星電信股份有限公司,4G,116
臺東縣,1070731,遠傳電信股份有限公司,3G,158
臺南市,1070731,遠傳電信股份有限公司,3G,633
臺南市,1070731,台灣大哥大股份有限公司,3G,672
臺南市,1070731,中華電信股份有限公司,3G,884
臺南市,1070731,台灣大哥大股份有限公司,4G,647
臺南市,1070731,中華電信股份有限公司,4G,847
臺南市,1070731,台灣之星電信股份有限公司,3G,545
臺南市,1070731,亞太電信股份有限公司,4G,763
臺南市,1070731,遠傳電信股份有限公司,4G,565
臺南市,1070731,台灣之星電信股份有限公司,4G,546
澎湖縣,1070731,遠傳電信股份有限公司,3G,52
澎湖縣,1070731,台灣之星電信股份有限公司,3G,32
澎湖縣,1070731,遠傳電信股份有限公司,4G,97
澎湖縣,1070731,中華電信股份有限公司,4G,83
澎湖縣,1070731,中華電信股份有限公司,3G,80
澎湖縣,1070731,台灣之星電信股份有限公司,4G,27
澎湖縣,1070731,台灣大哥大股份有限公司,3G,67
澎湖縣,1070731,亞太電信股份有限公司,4G,26
澎湖縣,1070731,台灣大哥大股份有限公司,4G,73
宜蘭縣,1070630,台灣大哥大股份有限公司,4G,257
宜蘭縣,1070630,台灣之星電信股份有限公司,3G,143
宜蘭縣,1070630,中華電信股份有限公司,3G,369
宜蘭縣,1070630,遠傳電信股份有限公司,4G,216
宜蘭縣,1070630,中華電信股份有限公司,4G,428
宜蘭縣,1070630,遠傳電信股份有限公司,3G,218
宜蘭縣,1070630,亞太電信股份有限公司,4G,112
宜蘭縣,1070630,台灣大哥大股份有限公司,3G,265
宜蘭縣,1070630,台灣之星電信股份有限公司,4G,190
花蓮縣,1070630,台灣之星電信股份有限公司,4G,168
花蓮縣,1070630,台灣大哥大股份有限公司,3G,300
花蓮縣,1070630,台灣大哥大股份有限公司,4G,291
花蓮縣,1070630,中華電信股份有限公司,4G,436
花蓮縣,1070630,中華電信股份有限公司,3G,317
花蓮縣,1070630,台灣之星電信股份有限公司,3G,147
花蓮縣,1070630,亞太電信股份有限公司,4G,105
花蓮縣,1070630,遠傳電信股份有限公司,4G,305
花蓮縣,1070630,遠傳電信股份有限公司,3G,290
金門縣,1070630,中華電信股份有限公司,3G,69
金門縣,1070630,遠傳電信股份有限公司,3G,57
金門縣,1070630,台灣之星電信股份有限公司,3G,18
金門縣,1070630,中華電信股份有限公司,4G,82
金門縣,1070630,台灣大哥大股份有限公司,4G,45
金門縣,1070630,台灣大哥大股份有限公司,3G,47
金門縣,1070630,台灣之星電信股份有限公司,4G,14
金門縣,1070630,亞太電信股份有限公司,4G,29
金門縣,1070630,遠傳電信股份有限公司,4G,55
南投縣,1070630,台灣大哥大股份有限公司,4G,332
南投縣,1070630,中華電信股份有限公司,3G,541
南投縣,1070630,台灣之星電信股份有限公司,3G,206
南投縣,1070630,中華電信股份有限公司,4G,526
南投縣,1070630,台灣之星電信股份有限公司,4G,211
南投縣,1070630,台灣大哥大股份有限公司,3G,381
南投縣,1070630,亞太電信股份有限公司,4G,238
南投縣,1070630,遠傳電信股份有限公司,3G,393
南投縣,1070630,遠傳電信股份有限公司,4G,393
屏東縣,1070630,台灣大哥大股份有限公司,4G,310
屏東縣,1070630,台灣大哥大股份有限公司,3G,327
屏東縣,1070630,台灣之星電信股份有限公司,3G,308
屏東縣,1070630,遠傳電信股份有限公司,3G,412
屏東縣,1070630,中華電信股份有限公司,3G,415
屏東縣,1070630,亞太電信股份有限公司,4G,376
屏東縣,1070630,中華電信股份有限公司,4G,455
屏東縣,1070630,台灣之星電信股份有限公司,4G,283
屏東縣,1070630,遠傳電信股份有限公司,4G,450
苗栗縣,1070630,中華電信股份有限公司,4G,490
苗栗縣,1070630,台灣大哥大股份有限公司,4G,350
苗栗縣,1070630,台灣之星電信股份有限公司,4G,205
苗栗縣,1070630,中華電信股份有限公司,3G,558
苗栗縣,1070630,亞太電信股份有限公司,4G,308
苗栗縣,1070630,遠傳電信股份有限公司,3G,437
苗栗縣,1070630,台灣大哥大股份有限公司,3G,394
苗栗縣,1070630,台灣之星電信股份有限公司,3G,255
苗栗縣,1070630,遠傳電信股份有限公司,4G,417
桃園市,1070630,台灣之星電信股份有限公司,4G,669
桃園市,1070630,中華電信股份有限公司,4G,927
桃園市,1070630,台灣之星電信股份有限公司,3G,697
桃園市,1070630,台灣大哥大股份有限公司,4G,844
桃園市,1070630,台灣大哥大股份有限公司,3G,906
桃園市,1070630,亞太電信股份有限公司,4G,657
桃園市,1070630,遠傳電信股份有限公司,4G,872
桃園市,1070630,中華電信股份有限公司,3G,873
桃園市,1070630,遠傳電信股份有限公司,3G,877
高雄市,1070630,遠傳電信股份有限公司,4G,951
高雄市,1070630,遠傳電信股份有限公司,3G,977
高雄市,1070630,台灣之星電信股份有限公司,4G,819
高雄市,1070630,中華電信股份有限公司,4G,1317
高雄市,1070630,台灣大哥大股份有限公司,4G,903
高雄市,1070630,中華電信股份有限公司,3G,1260
高雄市,1070630,台灣之星電信股份有限公司,3G,885
高雄市,1070630,台灣大哥大股份有限公司,3G,1059
高雄市,1070630,亞太電信股份有限公司,4G,1088
基隆市,1070630,中華電信股份有限公司,3G,125
基隆市,1070630,中華電信股份有限公司,4G,160
基隆市,1070630,台灣之星電信股份有限公司,3G,90
基隆市,1070630,台灣大哥大股份有限公司,3G,127
基隆市,1070630,遠傳電信股份有限公司,4G,145
基隆市,1070630,台灣之星電信股份有限公司,4G,100
基隆市,1070630,亞太電信股份有限公司,4G,167
基隆市,1070630,遠傳電信股份有限公司,3G,157
基隆市,1070630,台灣大哥大股份有限公司,4G,119
連江縣,1070630,中華電信股份有限公司,3G,34
連江縣,1070630,台灣大哥大股份有限公司,4G,19
連江縣,1070630,台灣大哥大股份有限公司,3G,18
連江縣,1070630,中華電信股份有限公司,4G,41
連江縣,1070630,亞太電信股份有限公司,4G,19
連江縣,1070630,台灣之星電信股份有限公司,3G,6
連江縣,1070630,遠傳電信股份有限公司,4G,23
連江縣,1070630,台灣之星電信股份有限公司,4G,7
連江縣,1070630,遠傳電信股份有限公司,3G,24
雲林縣,1070630,台灣大哥大股份有限公司,3G,325
雲林縣,1070630,中華電信股份有限公司,4G,479
雲林縣,1070630,台灣之星電信股份有限公司,4G,194
雲林縣,1070630,台灣大哥大股份有限公司,4G,298
雲林縣,1070630,中華電信股份有限公司,3G,556
雲林縣,1070630,遠傳電信股份有限公司,3G,340
雲林縣,1070630,台灣之星電信股份有限公司,3G,197
雲林縣,1070630,亞太電信股份有限公司,4G,229
雲林縣,1070630,遠傳電信股份有限公司,4G,302
新北市,1070630,中華電信股份有限公司,4G,1452
新北市,1070630,台灣大哥大股份有限公司,3G,1280
新北市,1070630,遠傳電信股份有限公司,4G,1197
新北市,1070630,遠傳電信股份有限公司,3G,1140
新北市,1070630,中華電信股份有限公司,3G,1141
新北市,1070630,台灣之星電信股份有限公司,3G,961
新北市,1070630,台灣大哥大股份有限公司,4G,1166
新北市,1070630,台灣之星電信股份有限公司,4G,1067
新北市,1070630,亞太電信股份有限公司,4G,1167
新竹市,1070630,台灣之星電信股份有限公司,4G,169
新竹市,1070630,中華電信股份有限公司,4G,273
新竹市,1070630,中華電信股份有限公司,3G,286
新竹市,1070630,台灣大哥大股份有限公司,4G,183
新竹市,1070630,台灣之星電信股份有限公司,3G,193
新竹市,1070630,台灣大哥大股份有限公司,3G,190
新竹市,1070630,遠傳電信股份有限公司,3G,231
新竹市,1070630,亞太電信股份有限公司,4G,140
新竹市,1070630,遠傳電信股份有限公司,4G,267
新竹縣,1070630,台灣之星電信股份有限公司,4G,242
新竹縣,1070630,遠傳電信股份有限公司,4G,307
新竹縣,1070630,台灣之星電信股份有限公司,3G,241
新竹縣,1070630,中華電信股份有限公司,4G,460
新竹縣,1070630,台灣大哥大股份有限公司,4G,302
新竹縣,1070630,台灣大哥大股份有限公司,3G,306
新竹縣,1070630,中華電信股份有限公司,3G,431
新竹縣,1070630,亞太電信股份有限公司,4G,241
新竹縣,1070630,遠傳電信股份有限公司,3G,305
嘉義市,1070630,中華電信股份有限公司,4G,145
嘉義市,1070630,遠傳電信股份有限公司,4G,94
嘉義市,1070630,遠傳電信股份有限公司,3G,97
嘉義市,1070630,中華電信股份有限公司,3G,165
嘉義市,1070630,台灣之星電信股份有限公司,3G,68
嘉義市,1070630,台灣大哥大股份有限公司,3G,130
嘉義市,1070630,台灣之星電信股份有限公司,4G,66
嘉義市,1070630,台灣大哥大股份有限公司,4G,113
嘉義市,1070630,亞太電信股份有限公司,4G,114
嘉義縣,1070630,中華電信股份有限公司,4G,385
嘉義縣,1070630,亞太電信股份有限公司,4G,195
嘉義縣,1070630,台灣之星電信股份有限公司,3G,138
嘉義縣,1070630,中華電信股份有限公司,3G,349
嘉義縣,1070630,台灣大哥大股份有限公司,4G,187
嘉義縣,1070630,遠傳電信股份有限公司,4G,213
嘉義縣,1070630,遠傳電信股份有限公司,3G,187
嘉義縣,1070630,台灣大哥大股份有限公司,3G,215
嘉義縣,1070630,台灣之星電信股份有限公司,4G,141
彰化縣,1070630,中華電信股份有限公司,4G,688
彰化縣,1070630,台灣之星電信股份有限公司,4G,290
彰化縣,1070630,中華電信股份有限公司,3G,811
彰化縣,1070630,台灣大哥大股份有限公司,4G,468
彰化縣,1070630,台灣大哥大股份有限公司,3G,538
彰化縣,1070630,遠傳電信股份有限公司,3G,507
彰化縣,1070630,遠傳電信股份有限公司,4G,493
彰化縣,1070630,亞太電信股份有限公司,4G,378
彰化縣,1070630,台灣之星電信股份有限公司,3G,285
臺中市,1070630,中華電信股份有限公司,4G,1865
臺中市,1070630,中華電信股份有限公司,3G,2170
臺中市,1070630,台灣之星電信股份有限公司,4G,882
臺中市,1070630,台灣大哥大股份有限公司,3G,1415
臺中市,1070630,台灣之星電信股份有限公司,3G,833
臺中市,1070630,亞太電信股份有限公司,4G,1117
臺中市,1070630,台灣大哥大股份有限公司,4G,1242
臺中市,1070630,遠傳電信股份有限公司,3G,1539
臺中市,1070630,遠傳電信股份有限公司,4G,1448
臺北市,1070630,台灣大哥大股份有限公司,4G,1163
臺北市,1070630,台灣大哥大股份有限公司,3G,1305
臺北市,1070630,中華電信股份有限公司,3G,1216
臺北市,1070630,台灣之星電信股份有限公司,3G,752
臺北市,1070630,亞太電信股份有限公司,4G,1207
臺北市,1070630,台灣之星電信股份有限公司,4G,852
臺北市,1070630,中華電信股份有限公司,4G,1305
臺北市,1070630,遠傳電信股份有限公司,3G,1152
臺北市,1070630,遠傳電信股份有限公司,4G,1297
臺東縣,1070630,台灣之星電信股份有限公司,4G,112
臺東縣,1070630,遠傳電信股份有限公司,4G,173
臺東縣,1070630,台灣大哥大股份有限公司,4G,158
臺東縣,1070630,中華電信股份有限公司,3G,221
臺東縣,1070630,台灣大哥大股份有限公司,3G,143
臺東縣,1070630,中華電信股份有限公司,4G,245
臺東縣,1070630,遠傳電信股份有限公司,3G,151
臺東縣,1070630,台灣之星電信股份有限公司,3G,148
臺東縣,1070630,亞太電信股份有限公司,4G,77
臺南市,1070630,台灣大哥大股份有限公司,4G,647
臺南市,1070630,中華電信股份有限公司,3G,859
臺南市,1070630,中華電信股份有限公司,4G,847
臺南市,1070630,台灣大哥大股份有限公司,3G,672
臺南市,1070630,遠傳電信股份有限公司,4G,565
臺南市,1070630,台灣之星電信股份有限公司,3G,550
臺南市,1070630,台灣之星電信股份有限公司,4G,521
臺南市,1070630,亞太電信股份有限公司,4G,707
臺南市,1070630,遠傳電信股份有限公司,3G,621
澎湖縣,1070630,遠傳電信股份有限公司,3G,50
澎湖縣,1070630,中華電信股份有限公司,3G,78
澎湖縣,1070630,中華電信股份有限公司,4G,83
澎湖縣,1070630,台灣大哥大股份有限公司,3G,67
澎湖縣,1070630,台灣之星電信股份有限公司,4G,23
澎湖縣,1070630,亞太電信股份有限公司,4G,25
澎湖縣,1070630,台灣大哥大股份有限公司,4G,73
澎湖縣,1070630,遠傳電信股份有限公司,4G,97
澎湖縣,1070630,台灣之星電信股份有限公司,3G,33
宜蘭縣,1070531,台灣大哥大股份有限公司,3G,265
宜蘭縣,1070531,台灣之星電信股份有限公司,4G,184
宜蘭縣,1070531,台灣之星電信股份有限公司,3G,143
宜蘭縣,1070531,中華電信股份有限公司,3G,369
宜蘭縣,1070531,台灣大哥大股份有限公司,4G,257
宜蘭縣,1070531,遠傳電信股份有限公司,3G,219
宜蘭縣,1070531,遠傳電信股份有限公司,4G,213
宜蘭縣,1070531,中華電信股份有限公司,4G,409
宜蘭縣,1070531,亞太電信股份有限公司,4G,104
花蓮縣,1070531,台灣大哥大股份有限公司,3G,300
花蓮縣,1070531,台灣之星電信股份有限公司,4G,161
花蓮縣,1070531,中華電信股份有限公司,4G,434
花蓮縣,1070531,中華電信股份有限公司,3G,317
花蓮縣,1070531,遠傳電信股份有限公司,3G,293
花蓮縣,1070531,亞太電信股份有限公司,4G,98
花蓮縣,1070531,台灣大哥大股份有限公司,4G,291
花蓮縣,1070531,台灣之星電信股份有限公司,3G,147
花蓮縣,1070531,遠傳電信股份有限公司,4G,305
金門縣,1070531,中華電信股份有限公司,4G,81
金門縣,1070531,台灣大哥大股份有限公司,3G,47
金門縣,1070531,遠傳電信股份有限公司,4G,55
金門縣,1070531,中華電信股份有限公司,3G,69
金門縣,1070531,台灣之星電信股份有限公司,4G,14
金門縣,1070531,台灣大哥大股份有限公司,4G,45
金門縣,1070531,亞太電信股份有限公司,4G,29
金門縣,1070531,台灣之星電信股份有限公司,3G,18
金門縣,1070531,遠傳電信股份有限公司,3G,54
南投縣,1070531,中華電信股份有限公司,3G,541
南投縣,1070531,台灣大哥大股份有限公司,4G,332
南投縣,1070531,台灣大哥大股份有限公司,3G,381
南投縣,1070531,中華電信股份有限公司,4G,526
南投縣,1070531,亞太電信股份有限公司,4G,238
南投縣,1070531,遠傳電信股份有限公司,3G,393
南投縣,1070531,台灣之星電信股份有限公司,4G,211
南投縣,1070531,台灣之星電信股份有限公司,3G,184
南投縣,1070531,遠傳電信股份有限公司,4G,380
屏東縣,1070531,台灣大哥大股份有限公司,4G,310
屏東縣,1070531,亞太電信股份有限公司,4G,373
屏東縣,1070531,中華電信股份有限公司,4G,447
屏東縣,1070531,遠傳電信股份有限公司,4G,446
屏東縣,1070531,台灣之星電信股份有限公司,3G,308
屏東縣,1070531,中華電信股份有限公司,3G,415
屏東縣,1070531,台灣之星電信股份有限公司,4G,283
屏東縣,1070531,台灣大哥大股份有限公司,3G,328
屏東縣,1070531,遠傳電信股份有限公司,3G,397
苗栗縣,1070531,中華電信股份有限公司,4G,490
苗栗縣,1070531,中華電信股份有限公司,3G,558
苗栗縣,1070531,台灣大哥大股份有限公司,4G,350
苗栗縣,1070531,遠傳電信股份有限公司,3G,437
苗栗縣,1070531,遠傳電信股份有限公司,4G,414
苗栗縣,1070531,台灣大哥大股份有限公司,3G,394
苗栗縣,1070531,台灣之星電信股份有限公司,4G,205
苗栗縣,1070531,台灣之星電信股份有限公司,3G,242
苗栗縣,1070531,亞太電信股份有限公司,4G,308
桃園市,1070531,台灣大哥大股份有限公司,3G,909
桃園市,1070531,台灣大哥大股份有限公司,4G,845
桃園市,1070531,中華電信股份有限公司,4G,917
桃園市,1070531,台灣之星電信股份有限公司,3G,711
桃園市,1070531,遠傳電信股份有限公司,3G,883
桃園市,1070531,台灣之星電信股份有限公司,4G,670
桃園市,1070531,中華電信股份有限公司,3G,873
桃園市,1070531,亞太電信股份有限公司,4G,626
桃園市,1070531,遠傳電信股份有限公司,4G,873
高雄市,1070531,台灣大哥大股份有限公司,4G,903
高雄市,1070531,台灣大哥大股份有限公司,3G,1059
高雄市,1070531,遠傳電信股份有限公司,4G,935
高雄市,1070531,中華電信股份有限公司,4G,1307
高雄市,1070531,亞太電信股份有限公司,4G,1043
高雄市,1070531,中華電信股份有限公司,3G,1261
高雄市,1070531,台灣之星電信股份有限公司,3G,885
高雄市,1070531,遠傳電信股份有限公司,3G,968
高雄市,1070531,台灣之星電信股份有限公司,4G,819
基隆市,1070531,中華電信股份有限公司,4G,121
基隆市,1070531,中華電信股份有限公司,3G,125
基隆市,1070531,台灣之星電信股份有限公司,3G,94
基隆市,1070531,台灣大哥大股份有限公司,4G,119
基隆市,1070531,亞太電信股份有限公司,4G,153
基隆市,1070531,台灣大哥大股份有限公司,3G,128
基隆市,1070531,遠傳電信股份有限公司,4G,145
基隆市,1070531,台灣之星電信股份有限公司,4G,100
基隆市,1070531,遠傳電信股份有限公司,3G,158
連江縣,1070531,中華電信股份有限公司,3G,34
連江縣,1070531,遠傳電信股份有限公司,4G,23
連江縣,1070531,台灣大哥大股份有限公司,3G,18
連江縣,1070531,亞太電信股份有限公司,4G,19
連江縣,1070531,遠傳電信股份有限公司,3G,24
連江縣,1070531,中華電信股份有限公司,4G,41
連江縣,1070531,台灣大哥大股份有限公司,4G,19
連江縣,1070531,台灣之星電信股份有限公司,3G,6
連江縣,1070531,台灣之星電信股份有限公司,4G,7
雲林縣,1070531,台灣大哥大股份有限公司,4G,298
雲林縣,1070531,遠傳電信股份有限公司,4G,294
雲林縣,1070531,遠傳電信股份有限公司,3G,340
雲林縣,1070531,台灣之星電信股份有限公司,4G,194
雲林縣,1070531,台灣之星電信股份有限公司,3G,197
雲林縣,1070531,中華電信股份有限公司,3G,556
雲林縣,1070531,亞太電信股份有限公司,4G,229
雲林縣,1070531,中華電信股份有限公司,4G,479
雲林縣,1070531,台灣大哥大股份有限公司,3G,325
新北市,1070531,台灣大哥大股份有限公司,3G,1287
新北市,1070531,中華電信股份有限公司,3G,1141
新北市,1070531,台灣之星電信股份有限公司,4G,1059
新北市,1070531,台灣之星電信股份有限公司,3G,971
新北市,1070531,中華電信股份有限公司,4G,1422
新北市,1070531,台灣大哥大股份有限公司,4G,1166
新北市,1070531,遠傳電信股份有限公司,3G,1147
新北市,1070531,遠傳電信股份有限公司,4G,1193
新北市,1070531,亞太電信股份有限公司,4G,1073
新竹市,1070531,中華電信股份有限公司,3G,286
新竹市,1070531,台灣之星電信股份有限公司,3G,198
新竹市,1070531,台灣大哥大股份有限公司,3G,190
新竹市,1070531,台灣之星電信股份有限公司,4G,169
新竹市,1070531,台灣大哥大股份有限公司,4G,183
新竹市,1070531,亞太電信股份有限公司,4G,133
新竹市,1070531,遠傳電信股份有限公司,4G,267
新竹市,1070531,中華電信股份有限公司,4G,240
新竹市,1070531,遠傳電信股份有限公司,3G,231
新竹縣,1070531,台灣之星電信股份有限公司,4G,242
新竹縣,1070531,亞太電信股份有限公司,4G,234
新竹縣,1070531,台灣大哥大股份有限公司,4G,302
新竹縣,1070531,中華電信股份有限公司,3G,431
新竹縣,1070531,中華電信股份有限公司,4G,460
新竹縣,1070531,遠傳電信股份有限公司,4G,307
新竹縣,1070531,台灣大哥大股份有限公司,3G,306
新竹縣,1070531,台灣之星電信股份有限公司,3G,246
新竹縣,1070531,遠傳電信股份有限公司,3G,305
嘉義市,1070531,台灣之星電信股份有限公司,4G,66
嘉義市,1070531,台灣大哥大股份有限公司,3G,131
嘉義市,1070531,台灣大哥大股份有限公司,4G,114
嘉義市,1070531,中華電信股份有限公司,4G,145
嘉義市,1070531,遠傳電信股份有限公司,3G,97
嘉義市,1070531,亞太電信股份有限公司,4G,112
嘉義市,1070531,中華電信股份有限公司,3G,166
嘉義市,1070531,台灣之星電信股份有限公司,3G,68
嘉義市,1070531,遠傳電信股份有限公司,4G,92
嘉義縣,1070531,台灣之星電信股份有限公司,3G,140
嘉義縣,1070531,台灣大哥大股份有限公司,3G,215
嘉義縣,1070531,中華電信股份有限公司,4G,375
嘉義縣,1070531,台灣大哥大股份有限公司,4G,187
嘉義縣,1070531,遠傳電信股份有限公司,4G,206
嘉義縣,1070531,亞太電信股份有限公司,4G,190
嘉義縣,1070531,中華電信股份有限公司,3G,349
嘉義縣,1070531,遠傳電信股份有限公司,3G,186
嘉義縣,1070531,台灣之星電信股份有限公司,4G,141
彰化縣,1070531,亞太電信股份有限公司,4G,378
彰化縣,1070531,中華電信股份有限公司,4G,688
彰化縣,1070531,遠傳電信股份有限公司,4G,486
彰化縣,1070531,台灣大哥大股份有限公司,3G,538
彰化縣,1070531,台灣之星電信股份有限公司,4G,290
彰化縣,1070531,中華電信股份有限公司,3G,811
彰化縣,1070531,遠傳電信股份有限公司,3G,507
彰化縣,1070531,台灣之星電信股份有限公司,3G,271
彰化縣,1070531,台灣大哥大股份有限公司,4G,468
臺中市,1070531,中華電信股份有限公司,3G,2171
臺中市,1070531,台灣之星電信股份有限公司,4G,882
臺中市,1070531,中華電信股份有限公司,4G,1865
臺中市,1070531,亞太電信股份有限公司,4G,1117
臺中市,1070531,遠傳電信股份有限公司,4G,1429
臺中市,1070531,遠傳電信股份有限公司,3G,1539
臺中市,1070531,台灣之星電信股份有限公司,3G,809
臺中市,1070531,台灣大哥大股份有限公司,3G,1415
臺中市,1070531,台灣大哥大股份有限公司,4G,1242
臺北市,1070531,台灣大哥大股份有限公司,4G,1164
臺北市,1070531,台灣之星電信股份有限公司,4G,824
臺北市,1070531,中華電信股份有限公司,3G,1216
臺北市,1070531,台灣大哥大股份有限公司,3G,1306
臺北市,1070531,中華電信股份有限公司,4G,1289
臺北市,1070531,台灣之星電信股份有限公司,3G,773
臺北市,1070531,遠傳電信股份有限公司,3G,1161
臺北市,1070531,亞太電信股份有限公司,4G,1173
臺北市,1070531,遠傳電信股份有限公司,4G,1238
臺東縣,1070531,中華電信股份有限公司,3G,221
臺東縣,1070531,台灣大哥大股份有限公司,3G,143
臺東縣,1070531,遠傳電信股份有限公司,4G,173
臺東縣,1070531,中華電信股份有限公司,4G,239
臺東縣,1070531,遠傳電信股份有限公司,3G,143
臺東縣,1070531,台灣大哥大股份有限公司,4G,158
臺東縣,1070531,台灣之星電信股份有限公司,3G,148
臺東縣,1070531,台灣之星電信股份有限公司,4G,112
臺東縣,1070531,亞太電信股份有限公司,4G,77
臺南市,1070531,台灣之星電信股份有限公司,3G,552
臺南市,1070531,中華電信股份有限公司,4G,836
臺南市,1070531,台灣之星電信股份有限公司,4G,521
臺南市,1070531,台灣大哥大股份有限公司,4G,647
臺南市,1070531,遠傳電信股份有限公司,3G,613
臺南市,1070531,遠傳電信股份有限公司,4G,545
臺南市,1070531,中華電信股份有限公司,3G,859
臺南市,1070531,台灣大哥大股份有限公司,3G,675
臺南市,1070531,亞太電信股份有限公司,4G,678
澎湖縣,1070531,中華電信股份有限公司,3G,78
澎湖縣,1070531,遠傳電信股份有限公司,3G,45
澎湖縣,1070531,台灣之星電信股份有限公司,4G,23
澎湖縣,1070531,台灣大哥大股份有限公司,3G,67
澎湖縣,1070531,中華電信股份有限公司,4G,80
澎湖縣,1070531,台灣大哥大股份有限公司,4G,73
澎湖縣,1070531,亞太電信股份有限公司,4G,25
澎湖縣,1070531,台灣之星電信股份有限公司,3G,33
澎湖縣,1070531,遠傳電信股份有限公司,4G,96
宜蘭縣,1070430,中華電信股份有限公司,3G,364
宜蘭縣,1070430,亞太電信股份有限公司,4G,104
宜蘭縣,1070430,台灣大哥大股份有限公司,4G,257
宜蘭縣,1070430,台灣之星電信股份有限公司,3G,145
宜蘭縣,1070430,中華電信股份有限公司,4G,409
宜蘭縣,1070430,遠傳電信股份有限公司,3G,217
宜蘭縣,1070430,遠傳電信股份有限公司,4G,213
宜蘭縣,1070430,台灣之星電信股份有限公司,4G,184
宜蘭縣,1070430,台灣大哥大股份有限公司,3G,259
花蓮縣,1070430,台灣之星電信股份有限公司,4G,161
花蓮縣,1070430,中華電信股份有限公司,3G,296
花蓮縣,1070430,遠傳電信股份有限公司,3G,286
花蓮縣,1070430,台灣之星電信股份有限公司,3G,147
花蓮縣,1070430,亞太電信股份有限公司,4G,98
花蓮縣,1070430,台灣大哥大股份有限公司,3G,297
花蓮縣,1070430,中華電信股份有限公司,4G,434
花蓮縣,1070430,遠傳電信股份有限公司,4G,305
花蓮縣,1070430,台灣大哥大股份有限公司,4G,291
金門縣,1070430,亞太電信股份有限公司,4G,29
金門縣,1070430,中華電信股份有限公司,3G,69
金門縣,1070430,遠傳電信股份有限公司,3G,54
金門縣,1070430,台灣之星電信股份有限公司,3G,18
金門縣,1070430,中華電信股份有限公司,4G,81
金門縣,1070430,台灣大哥大股份有限公司,3G,44
金門縣,1070430,台灣大哥大股份有限公司,4G,45
金門縣,1070430,台灣之星電信股份有限公司,4G,14
金門縣,1070430,遠傳電信股份有限公司,4G,55
南投縣,1070430,台灣大哥大股份有限公司,4G,332
南投縣,1070430,中華電信股份有限公司,3G,541
南投縣,1070430,亞太電信股份有限公司,4G,238
南投縣,1070430,遠傳電信股份有限公司,4G,380
南投縣,1070430,中華電信股份有限公司,4G,503
南投縣,1070430,台灣大哥大股份有限公司,3G,381
南投縣,1070430,台灣之星電信股份有限公司,4G,211
南投縣,1070430,台灣之星電信股份有限公司,3G,189
南投縣,1070430,遠傳電信股份有限公司,3G,380
屏東縣,1070430,亞太電信股份有限公司,4G,367
屏東縣,1070430,中華電信股份有限公司,4G,447
屏東縣,1070430,中華電信股份有限公司,3G,416
屏東縣,1070430,遠傳電信股份有限公司,4G,447
屏東縣,1070430,台灣大哥大股份有限公司,3G,328
屏東縣,1070430,台灣大哥大股份有限公司,4G,311
屏東縣,1070430,遠傳電信股份有限公司,3G,375
屏東縣,1070430,台灣之星電信股份有限公司,3G,291
屏東縣,1070430,台灣之星電信股份有限公司,4G,284
苗栗縣,1070430,亞太電信股份有限公司,4G,307
苗栗縣,1070430,中華電信股份有限公司,3G,557
苗栗縣,1070430,台灣之星電信股份有限公司,3G,250
苗栗縣,1070430,台灣大哥大股份有限公司,3G,394
苗栗縣,1070430,遠傳電信股份有限公司,3G,431
苗栗縣,1070430,中華電信股份有限公司,4G,470
苗栗縣,1070430,台灣之星電信股份有限公司,4G,205
苗栗縣,1070430,台灣大哥大股份有限公司,4G,351
苗栗縣,1070430,遠傳電信股份有限公司,4G,414
桃園市,1070430,中華電信股份有限公司,4G,917
桃園市,1070430,中華電信股份有限公司,3G,813
桃園市,1070430,台灣大哥大股份有限公司,3G,895
桃園市,1070430,台灣大哥大股份有限公司,4G,844
桃園市,1070430,台灣之星電信股份有限公司,3G,709
桃園市,1070430,台灣之星電信股份有限公司,4G,670
桃園市,1070430,遠傳電信股份有限公司,3G,887
桃園市,1070430,亞太電信股份有限公司,4G,616
桃園市,1070430,遠傳電信股份有限公司,4G,857
高雄市,1070430,台灣之星電信股份有限公司,4G,819
高雄市,1070430,中華電信股份有限公司,4G,1308
高雄市,1070430,台灣大哥大股份有限公司,4G,905
高雄市,1070430,台灣大哥大股份有限公司,3G,1047
高雄市,1070430,中華電信股份有限公司,3G,1264
高雄市,1070430,遠傳電信股份有限公司,3G,977
高雄市,1070430,亞太電信股份有限公司,4G,1018
高雄市,1070430,台灣之星電信股份有限公司,3G,860
高雄市,1070430,遠傳電信股份有限公司,4G,935
基隆市,1070430,台灣之星電信股份有限公司,3G,94
基隆市,1070430,中華電信股份有限公司,4G,117
基隆市,1070430,中華電信股份有限公司,3G,124
基隆市,1070430,台灣之星電信股份有限公司,4G,100
基隆市,1070430,遠傳電信股份有限公司,4G,145
基隆市,1070430,台灣大哥大股份有限公司,3G,127
基隆市,1070430,台灣大哥大股份有限公司,4G,119
基隆市,1070430,遠傳電信股份有限公司,3G,158
基隆市,1070430,亞太電信股份有限公司,4G,152
連江縣,1070430,台灣大哥大股份有限公司,3G,18
連江縣,1070430,中華電信股份有限公司,4G,41
連江縣,1070430,遠傳電信股份有限公司,4G,22
連江縣,1070430,中華電信股份有限公司,3G,28
連江縣,1070430,亞太電信股份有限公司,4G,19
連江縣,1070430,台灣大哥大股份有限公司,4G,19
連江縣,1070430,遠傳電信股份有限公司,3G,24
連江縣,1070430,台灣之星電信股份有限公司,3G,6
連江縣,1070430,台灣之星電信股份有限公司,4G,7
雲林縣,1070430,遠傳電信股份有限公司,3G,340
雲林縣,1070430,中華電信股份有限公司,3G,556
雲林縣,1070430,遠傳電信股份有限公司,4G,294
雲林縣,1070430,中華電信股份有限公司,4G,466
雲林縣,1070430,台灣大哥大股份有限公司,4G,298
雲林縣,1070430,台灣之星電信股份有限公司,3G,197
雲林縣,1070430,亞太電信股份有限公司,4G,229
雲林縣,1070430,台灣之星電信股份有限公司,4G,194
雲林縣,1070430,台灣大哥大股份有限公司,3G,325
新北市,1070430,亞太電信股份有限公司,4G,1051
新北市,1070430,台灣大哥大股份有限公司,3G,1278
新北市,1070430,中華電信股份有限公司,3G,1111
新北市,1070430,遠傳電信股份有限公司,3G,1141
新北市,1070430,中華電信股份有限公司,4G,1408
新北市,1070430,遠傳電信股份有限公司,4G,1168
新北市,1070430,台灣之星電信股份有限公司,3G,958
新北市,1070430,台灣大哥大股份有限公司,4G,1152
新北市,1070430,台灣之星電信股份有限公司,4G,1060
新竹市,1070430,台灣大哥大股份有限公司,4G,183
新竹市,1070430,亞太電信股份有限公司,4G,133
新竹市,1070430,台灣大哥大股份有限公司,3G,188
新竹市,1070430,中華電信股份有限公司,3G,286
新竹市,1070430,台灣之星電信股份有限公司,3G,191
新竹市,1070430,遠傳電信股份有限公司,4G,267
新竹市,1070430,中華電信股份有限公司,4G,240
新竹市,1070430,台灣之星電信股份有限公司,4G,170
新竹市,1070430,遠傳電信股份有限公司,3G,234
新竹縣,1070430,台灣之星電信股份有限公司,4G,242
新竹縣,1070430,中華電信股份有限公司,4G,460
新竹縣,1070430,遠傳電信股份有限公司,4G,301
新竹縣,1070430,中華電信股份有限公司,3G,423
新竹縣,1070430,台灣大哥大股份有限公司,3G,300
新竹縣,1070430,台灣之星電信股份有限公司,3G,245
新竹縣,1070430,遠傳電信股份有限公司,3G,305
新竹縣,1070430,台灣大哥大股份有限公司,4G,301
新竹縣,1070430,亞太電信股份有限公司,4G,232
嘉義市,1070430,台灣大哥大股份有限公司,3G,128
嘉義市,1070430,台灣之星電信股份有限公司,3G,66
嘉義市,1070430,台灣大哥大股份有限公司,4G,114
嘉義市,1070430,中華電信股份有限公司,3G,167
嘉義市,1070430,遠傳電信股份有限公司,4G,92
嘉義市,1070430,中華電信股份有限公司,4G,145
嘉義市,1070430,台灣之星電信股份有限公司,4G,66
嘉義市,1070430,亞太電信股份有限公司,4G,106
嘉義市,1070430,遠傳電信股份有限公司,3G,98
嘉義縣,1070430,中華電信股份有限公司,4G,375
嘉義縣,1070430,台灣之星電信股份有限公司,3G,135
嘉義縣,1070430,遠傳電信股份有限公司,3G,178
嘉義縣,1070430,中華電信股份有限公司,3G,352
嘉義縣,1070430,遠傳電信股份有限公司,4G,206
嘉義縣,1070430,台灣大哥大股份有限公司,3G,211
嘉義縣,1070430,台灣之星電信股份有限公司,4G,141
嘉義縣,1070430,亞太電信股份有限公司,4G,189
嘉義縣,1070430,台灣大哥大股份有限公司,4G,187
彰化縣,1070430,中華電信股份有限公司,4G,682
彰化縣,1070430,亞太電信股份有限公司,4G,378
彰化縣,1070430,中華電信股份有限公司,3G,811
彰化縣,1070430,台灣之星電信股份有限公司,4G,290
彰化縣,1070430,台灣大哥大股份有限公司,3G,538
彰化縣,1070430,台灣大哥大股份有限公司,4G,468
彰化縣,1070430,台灣之星電信股份有限公司,3G,271
彰化縣,1070430,遠傳電信股份有限公司,3G,493
彰化縣,1070430,遠傳電信股份有限公司,4G,486
臺中市,1070430,遠傳電信股份有限公司,3G,1517
臺中市,1070430,台灣大哥大股份有限公司,3G,1415
臺中市,1070430,中華電信股份有限公司,3G,2101
臺中市,1070430,中華電信股份有限公司,4G,1838
臺中市,1070430,台灣之星電信股份有限公司,4G,882
臺中市,1070430,亞太電信股份有限公司,4G,1117
臺中市,1070430,台灣大哥大股份有限公司,4G,1243
臺中市,1070430,遠傳電信股份有限公司,4G,1429
臺中市,1070430,台灣之星電信股份有限公司,3G,819
臺北市,1070430,亞太電信股份有限公司,4G,1158
臺北市,1070430,台灣之星電信股份有限公司,3G,774
臺北市,1070430,中華電信股份有限公司,4G,1217
臺北市,1070430,台灣大哥大股份有限公司,4G,1146
臺北市,1070430,中華電信股份有限公司,3G,1197
臺北市,1070430,台灣大哥大股份有限公司,3G,1297
臺北市,1070430,遠傳電信股份有限公司,3G,1134
臺北市,1070430,台灣之星電信股份有限公司,4G,824
臺北市,1070430,遠傳電信股份有限公司,4G,1240
臺東縣,1070430,亞太電信股份有限公司,4G,75
臺東縣,1070430,中華電信股份有限公司,4G,239
臺東縣,1070430,台灣之星電信股份有限公司,3G,144
臺東縣,1070430,中華電信股份有限公司,3G,223
臺東縣,1070430,遠傳電信股份有限公司,4G,173
臺東縣,1070430,台灣之星電信股份有限公司,4G,112
臺東縣,1070430,遠傳電信股份有限公司,3G,139
臺東縣,1070430,台灣大哥大股份有限公司,4G,158
臺東縣,1070430,台灣大哥大股份有限公司,3G,141
臺南市,1070430,遠傳電信股份有限公司,4G,545
臺南市,1070430,台灣大哥大股份有限公司,4G,648
臺南市,1070430,中華電信股份有限公司,4G,838
臺南市,1070430,台灣之星電信股份有限公司,3G,534
臺南市,1070430,台灣大哥大股份有限公司,3G,658
臺南市,1070430,中華電信股份有限公司,3G,861
臺南市,1070430,亞太電信股份有限公司,4G,668
臺南市,1070430,台灣之星電信股份有限公司,4G,521
臺南市,1070430,遠傳電信股份有限公司,3G,609
澎湖縣,1070430,中華電信股份有限公司,3G,78
澎湖縣,1070430,台灣之星電信股份有限公司,4G,23
澎湖縣,1070430,中華電信股份有限公司,4G,80
澎湖縣,1070430,台灣之星電信股份有限公司,3G,32
澎湖縣,1070430,亞太電信股份有限公司,4G,25
澎湖縣,1070430,台灣大哥大股份有限公司,4G,73
澎湖縣,1070430,台灣大哥大股份有限公司,3G,67
澎湖縣,1070430,遠傳電信股份有限公司,3G,44
澎湖縣,1070430,遠傳電信股份有限公司,4G,96
宜蘭縣,1070331,中華電信股份有限公司,3G,359
宜蘭縣,1070331,台灣之星電信股份有限公司,4G,184
宜蘭縣,1070331,中華電信股份有限公司,4G,404
宜蘭縣,1070331,亞太電信股份有限公司,4G,96
宜蘭縣,1070331,台灣大哥大股份有限公司,3G,259
宜蘭縣,1070331,台灣大哥大股份有限公司,4G,253
宜蘭縣,1070331,台灣之星電信股份有限公司,3G,145
宜蘭縣,1070331,遠傳電信股份有限公司,4G,213
宜蘭縣,1070331,遠傳電信股份有限公司,3G,217
花蓮縣,1070331,台灣之星電信股份有限公司,3G,147
花蓮縣,1070331,遠傳電信股份有限公司,3G,281
花蓮縣,1070331,台灣之星電信股份有限公司,4G,161
花蓮縣,1070331,中華電信股份有限公司,3G,278
花蓮縣,1070331,遠傳電信股份有限公司,4G,305
花蓮縣,1070331,中華電信股份有限公司,4G,411
花蓮縣,1070331,亞太電信股份有限公司,4G,98
花蓮縣,1070331,台灣大哥大股份有限公司,3G,300
花蓮縣,1070331,台灣大哥大股份有限公司,4G,299
金門縣,1070331,中華電信股份有限公司,3G,69
金門縣,1070331,中華電信股份有限公司,4G,81
金門縣,1070331,亞太電信股份有限公司,4G,28
金門縣,1070331,台灣大哥大股份有限公司,3G,44
金門縣,1070331,台灣之星電信股份有限公司,4G,13
金門縣,1070331,台灣之星電信股份有限公司,3G,18
金門縣,1070331,台灣大哥大股份有限公司,4G,45
金門縣,1070331,遠傳電信股份有限公司,4G,55
金門縣,1070331,遠傳電信股份有限公司,3G,54
南投縣,1070331,台灣之星電信股份有限公司,4G,199
南投縣,1070331,亞太電信股份有限公司,4G,231
南投縣,1070331,中華電信股份有限公司,3G,541
南投縣,1070331,台灣之星電信股份有限公司,3G,199
南投縣,1070331,中華電信股份有限公司,4G,477
南投縣,1070331,台灣大哥大股份有限公司,3G,381
南投縣,1070331,遠傳電信股份有限公司,3G,380
南投縣,1070331,遠傳電信股份有限公司,4G,377
南投縣,1070331,台灣大哥大股份有限公司,4G,321
屏東縣,1070331,台灣之星電信股份有限公司,3G,291
屏東縣,1070331,中華電信股份有限公司,3G,416
屏東縣,1070331,遠傳電信股份有限公司,4G,447
屏東縣,1070331,台灣之星電信股份有限公司,4G,277
屏東縣,1070331,中華電信股份有限公司,4G,447
屏東縣,1070331,台灣大哥大股份有限公司,4G,309
屏東縣,1070331,台灣大哥大股份有限公司,3G,328
屏東縣,1070331,遠傳電信股份有限公司,3G,375
屏東縣,1070331,亞太電信股份有限公司,4G,341
苗栗縣,1070331,台灣大哥大股份有限公司,4G,341
苗栗縣,1070331,台灣之星電信股份有限公司,3G,252
苗栗縣,1070331,中華電信股份有限公司,3G,557
苗栗縣,1070331,遠傳電信股份有限公司,3G,431
苗栗縣,1070331,亞太電信股份有限公司,4G,303
苗栗縣,1070331,中華電信股份有限公司,4G,448
苗栗縣,1070331,台灣大哥大股份有限公司,3G,395
苗栗縣,1070331,台灣之星電信股份有限公司,4G,197
苗栗縣,1070331,遠傳電信股份有限公司,4G,406
桃園市,1070331,亞太電信股份有限公司,4G,605
桃園市,1070331,台灣大哥大股份有限公司,3G,896
桃園市,1070331,中華電信股份有限公司,3G,812
桃園市,1070331,台灣之星電信股份有限公司,4G,670
桃園市,1070331,中華電信股份有限公司,4G,917
桃園市,1070331,遠傳電信股份有限公司,4G,857
桃園市,1070331,台灣大哥大股份有限公司,4G,843
桃園市,1070331,台灣之星電信股份有限公司,3G,709
桃園市,1070331,遠傳電信股份有限公司,3G,887
高雄市,1070331,台灣大哥大股份有限公司,3G,1047
高雄市,1070331,亞太電信股份有限公司,4G,905
高雄市,1070331,中華電信股份有限公司,3G,1264
高雄市,1070331,台灣之星電信股份有限公司,3G,862
高雄市,1070331,遠傳電信股份有限公司,3G,977
高雄市,1070331,中華電信股份有限公司,4G,1308
高雄市,1070331,台灣大哥大股份有限公司,4G,882
高雄市,1070331,遠傳電信股份有限公司,4G,935
高雄市,1070331,台灣之星電信股份有限公司,4G,807
基隆市,1070331,中華電信股份有限公司,4G,117
基隆市,1070331,亞太電信股份有限公司,4G,151
基隆市,1070331,中華電信股份有限公司,3G,124
基隆市,1070331,遠傳電信股份有限公司,4G,145
基隆市,1070331,台灣大哥大股份有限公司,3G,127
基隆市,1070331,台灣之星電信股份有限公司,3G,94
基隆市,1070331,台灣大哥大股份有限公司,4G,120
基隆市,1070331,遠傳電信股份有限公司,3G,154
基隆市,1070331,台灣之星電信股份有限公司,4G,100
連江縣,1070331,台灣大哥大股份有限公司,3G,18
連江縣,1070331,亞太電信股份有限公司,4G,19
連江縣,1070331,中華電信股份有限公司,4G,41
連江縣,1070331,遠傳電信股份有限公司,4G,22
連江縣,1070331,台灣大哥大股份有限公司,4G,18
連江縣,1070331,中華電信股份有限公司,3G,28
連江縣,1070331,台灣之星電信股份有限公司,3G,6
連江縣,1070331,遠傳電信股份有限公司,3G,24
連江縣,1070331,台灣之星電信股份有限公司,4G,7
雲林縣,1070331,台灣之星電信股份有限公司,3G,197
雲林縣,1070331,亞太電信股份有限公司,4G,223
雲林縣,1070331,中華電信股份有限公司,3G,556
雲林縣,1070331,台灣大哥大股份有限公司,3G,325
雲林縣,1070331,遠傳電信股份有限公司,4G,294
雲林縣,1070331,台灣之星電信股份有限公司,4G,191
雲林縣,1070331,中華電信股份有限公司,4G,457
雲林縣,1070331,台灣大哥大股份有限公司,4G,292
雲林縣,1070331,遠傳電信股份有限公司,3G,340
新北市,1070331,台灣之星電信股份有限公司,4G,1061
新北市,1070331,台灣大哥大股份有限公司,4G,1163
新北市,1070331,台灣之星電信股份有限公司,3G,959
新北市,1070331,中華電信股份有限公司,3G,1096
新北市,1070331,遠傳電信股份有限公司,4G,1169
新北市,1070331,中華電信股份有限公司,4G,1391
新北市,1070331,遠傳電信股份有限公司,3G,1139
新北市,1070331,台灣大哥大股份有限公司,3G,1285
新北市,1070331,亞太電信股份有限公司,4G,1035
新竹市,1070331,中華電信股份有限公司,4G,240
新竹市,1070331,台灣之星電信股份有限公司,4G,171
新竹市,1070331,台灣大哥大股份有限公司,3G,189
新竹市,1070331,台灣大哥大股份有限公司,4G,184
新竹市,1070331,遠傳電信股份有限公司,4G,267
新竹市,1070331,中華電信股份有限公司,3G,286
新竹市,1070331,台灣之星電信股份有限公司,3G,191
新竹市,1070331,遠傳電信股份有限公司,3G,234
新竹市,1070331,亞太電信股份有限公司,4G,133
新竹縣,1070331,台灣大哥大股份有限公司,4G,292
新竹縣,1070331,台灣之星電信股份有限公司,4G,242
新竹縣,1070331,中華電信股份有限公司,3G,423
新竹縣,1070331,台灣大哥大股份有限公司,3G,301
新竹縣,1070331,台灣之星電信股份有限公司,3G,245
新竹縣,1070331,中華電信股份有限公司,4G,460
新竹縣,1070331,亞太電信股份有限公司,4G,229
新竹縣,1070331,遠傳電信股份有限公司,4G,301
新竹縣,1070331,遠傳電信股份有限公司,3G,305
嘉義市,1070331,台灣之星電信股份有限公司,4G,65
嘉義市,1070331,中華電信股份有限公司,4G,145
嘉義市,1070331,中華電信股份有限公司,3G,167
嘉義市,1070331,台灣大哥大股份有限公司,3G,128
嘉義市,1070331,台灣大哥大股份有限公司,4G,114
嘉義市,1070331,亞太電信股份有限公司,4G,94
嘉義市,1070331,台灣之星電信股份有限公司,3G,66
嘉義市,1070331,遠傳電信股份有限公司,3G,98
嘉義市,1070331,遠傳電信股份有限公司,4G,92
嘉義縣,1070331,台灣之星電信股份有限公司,3G,140
嘉義縣,1070331,台灣之星電信股份有限公司,4G,126
嘉義縣,1070331,中華電信股份有限公司,3G,352
嘉義縣,1070331,台灣大哥大股份有限公司,3G,211
嘉義縣,1070331,中華電信股份有限公司,4G,375
嘉義縣,1070331,遠傳電信股份有限公司,3G,178
嘉義縣,1070331,亞太電信股份有限公司,4G,178
嘉義縣,1070331,台灣大哥大股份有限公司,4G,182
嘉義縣,1070331,遠傳電信股份有限公司,4G,206
彰化縣,1070331,中華電信股份有限公司,4G,665
彰化縣,1070331,台灣大哥大股份有限公司,3G,538
彰化縣,1070331,亞太電信股份有限公司,4G,367
彰化縣,1070331,遠傳電信股份有限公司,4G,469
彰化縣,1070331,台灣之星電信股份有限公司,3G,272
彰化縣,1070331,中華電信股份有限公司,3G,811
彰化縣,1070331,台灣大哥大股份有限公司,4G,449
彰化縣,1070331,台灣之星電信股份有限公司,4G,278
彰化縣,1070331,遠傳電信股份有限公司,3G,493
臺中市,1070331,台灣大哥大股份有限公司,4G,1199
臺中市,1070331,中華電信股份有限公司,3G,2101
臺中市,1070331,台灣大哥大股份有限公司,3G,1416
臺中市,1070331,中華電信股份有限公司,4G,1778
臺中市,1070331,台灣之星電信股份有限公司,3G,825
臺中市,1070331,台灣之星電信股份有限公司,4G,867
臺中市,1070331,遠傳電信股份有限公司,3G,1517
臺中市,1070331,亞太電信股份有限公司,4G,1095
臺中市,1070331,遠傳電信股份有限公司,4G,1407
臺北市,1070331,台灣之星電信股份有限公司,4G,824
臺北市,1070331,中華電信股份有限公司,3G,1187
臺北市,1070331,台灣大哥大股份有限公司,3G,1300
臺北市,1070331,遠傳電信股份有限公司,3G,1097
臺北市,1070331,中華電信股份有限公司,4G,1217
臺北市,1070331,台灣大哥大股份有限公司,4G,1138
臺北市,1070331,台灣之星電信股份有限公司,3G,774
臺北市,1070331,亞太電信股份有限公司,4G,1098
臺北市,1070331,遠傳電信股份有限公司,4G,1240
臺東縣,1070331,中華電信股份有限公司,4G,239
臺東縣,1070331,台灣大哥大股份有限公司,3G,141
臺東縣,1070331,台灣之星電信股份有限公司,4G,101
臺東縣,1070331,遠傳電信股份有限公司,4G,173
臺東縣,1070331,中華電信股份有限公司,3G,223
臺東縣,1070331,台灣之星電信股份有限公司,3G,144
臺東縣,1070331,台灣大哥大股份有限公司,4G,157
臺東縣,1070331,亞太電信股份有限公司,4G,73
臺東縣,1070331,遠傳電信股份有限公司,3G,139
臺南市,1070331,中華電信股份有限公司,4G,838
臺南市,1070331,台灣大哥大股份有限公司,4G,600
臺南市,1070331,中華電信股份有限公司,3G,861
臺南市,1070331,台灣大哥大股份有限公司,3G,658
臺南市,1070331,遠傳電信股份有限公司,3G,609
臺南市,1070331,台灣之星電信股份有限公司,3G,534
臺南市,1070331,台灣之星電信股份有限公司,4G,487
臺南市,1070331,遠傳電信股份有限公司,4G,545
臺南市,1070331,亞太電信股份有限公司,4G,587
澎湖縣,1070331,中華電信股份有限公司,4G,80
澎湖縣,1070331,台灣大哥大股份有限公司,3G,67
澎湖縣,1070331,亞太電信股份有限公司,4G,24
澎湖縣,1070331,台灣之星電信股份有限公司,3G,32
澎湖縣,1070331,中華電信股份有限公司,3G,78
澎湖縣,1070331,台灣大哥大股份有限公司,4G,72
澎湖縣,1070331,台灣之星電信股份有限公司,4G,14
澎湖縣,1070331,遠傳電信股份有限公司,4G,96
澎湖縣,1070331,遠傳電信股份有限公司,3G,44
宜蘭縣,1070228,台灣大哥大股份有限公司,3G,259
宜蘭縣,1070228,遠傳電信股份有限公司,4G,213
宜蘭縣,1070228,台灣之星電信股份有限公司,3G,145
宜蘭縣,1070228,中華電信股份有限公司,3G,355
宜蘭縣,1070228,中華電信股份有限公司,4G,345
宜蘭縣,1070228,亞太電信股份有限公司,4G,95
宜蘭縣,1070228,台灣大哥大股份有限公司,4G,255
宜蘭縣,1070228,遠傳電信股份有限公司,3G,217
宜蘭縣,1070228,台灣之星電信股份有限公司,4G,178
花蓮縣,1070228,遠傳電信股份有限公司,4G,305
花蓮縣,1070228,中華電信股份有限公司,4G,389
花蓮縣,1070228,中華電信股份有限公司,3G,277
花蓮縣,1070228,台灣大哥大股份有限公司,3G,301
花蓮縣,1070228,台灣之星電信股份有限公司,3G,147
花蓮縣,1070228,台灣大哥大股份有限公司,4G,310
花蓮縣,1070228,亞太電信股份有限公司,4G,92
花蓮縣,1070228,遠傳電信股份有限公司,3G,283
花蓮縣,1070228,台灣之星電信股份有限公司,4G,158
金門縣,1070228,台灣之星電信股份有限公司,4G,13
金門縣,1070228,中華電信股份有限公司,4G,74
金門縣,1070228,中華電信股份有限公司,3G,67
金門縣,1070228,台灣大哥大股份有限公司,3G,45
金門縣,1070228,遠傳電信股份有限公司,3G,50
金門縣,1070228,遠傳電信股份有限公司,4G,53
金門縣,1070228,台灣大哥大股份有限公司,4G,46
金門縣,1070228,台灣之星電信股份有限公司,3G,18
金門縣,1070228,亞太電信股份有限公司,4G,28
南投縣,1070228,台灣之星電信股份有限公司,3G,200
南投縣,1070228,中華電信股份有限公司,3G,533
南投縣,1070228,台灣大哥大股份有限公司,4G,321
南投縣,1070228,亞太電信股份有限公司,4G,221
南投縣,1070228,台灣之星電信股份有限公司,4G,190
南投縣,1070228,台灣大哥大股份有限公司,3G,347
南投縣,1070228,中華電信股份有限公司,4G,477
南投縣,1070228,遠傳電信股份有限公司,4G,374
南投縣,1070228,遠傳電信股份有限公司,3G,376
屏東縣,1070228,台灣大哥大股份有限公司,4G,316
屏東縣,1070228,中華電信股份有限公司,4G,435
屏東縣,1070228,台灣大哥大股份有限公司,3G,331
屏東縣,1070228,中華電信股份有限公司,3G,405
屏東縣,1070228,台灣之星電信股份有限公司,4G,277
屏東縣,1070228,台灣之星電信股份有限公司,3G,292
屏東縣,1070228,亞太電信股份有限公司,4G,341
屏東縣,1070228,遠傳電信股份有限公司,3G,365
屏東縣,1070228,遠傳電信股份有限公司,4G,427
苗栗縣,1070228,台灣之星電信股份有限公司,4G,190
苗栗縣,1070228,遠傳電信股份有限公司,4G,402
苗栗縣,1070228,台灣大哥大股份有限公司,4G,342
苗栗縣,1070228,台灣之星電信股份有限公司,3G,261
苗栗縣,1070228,中華電信股份有限公司,3G,537
苗栗縣,1070228,中華電信股份有限公司,4G,448
苗栗縣,1070228,台灣大哥大股份有限公司,3G,363
苗栗縣,1070228,遠傳電信股份有限公司,3G,420
苗栗縣,1070228,亞太電信股份有限公司,4G,293
桃園市,1070228,台灣之星電信股份有限公司,3G,699
桃園市,1070228,台灣大哥大股份有限公司,3G,899
桃園市,1070228,台灣之星電信股份有限公司,4G,660
桃園市,1070228,中華電信股份有限公司,3G,805
桃園市,1070228,遠傳電信股份有限公司,3G,873
桃園市,1070228,中華電信股份有限公司,4G,882
桃園市,1070228,台灣大哥大股份有限公司,4G,872
桃園市,1070228,遠傳電信股份有限公司,4G,857
桃園市,1070228,亞太電信股份有限公司,4G,594
高雄市,1070228,台灣大哥大股份有限公司,3G,1054
高雄市,1070228,中華電信股份有限公司,3G,1247
高雄市,1070228,中華電信股份有限公司,4G,1278
高雄市,1070228,台灣之星電信股份有限公司,3G,865
高雄市,1070228,遠傳電信股份有限公司,4G,909
高雄市,1070228,台灣之星電信股份有限公司,4G,808
高雄市,1070228,台灣大哥大股份有限公司,4G,902
高雄市,1070228,遠傳電信股份有限公司,3G,980
高雄市,1070228,亞太電信股份有限公司,4G,905
基隆市,1070228,中華電信股份有限公司,4G,112
基隆市,1070228,台灣大哥大股份有限公司,3G,127
基隆市,1070228,台灣大哥大股份有限公司,4G,123
基隆市,1070228,中華電信股份有限公司,3G,123
基隆市,1070228,亞太電信股份有限公司,4G,149
基隆市,1070228,台灣之星電信股份有限公司,3G,94
基隆市,1070228,遠傳電信股份有限公司,3G,154
基隆市,1070228,台灣之星電信股份有限公司,4G,95
基隆市,1070228,遠傳電信股份有限公司,4G,145
連江縣,1070228,中華電信股份有限公司,4G,41
連江縣,1070228,遠傳電信股份有限公司,4G,22
連江縣,1070228,台灣大哥大股份有限公司,4G,18
連江縣,1070228,台灣之星電信股份有限公司,4G,6
連江縣,1070228,台灣之星電信股份有限公司,3G,6
連江縣,1070228,中華電信股份有限公司,3G,28
連江縣,1070228,台灣大哥大股份有限公司,3G,18
連江縣,1070228,亞太電信股份有限公司,4G,19
連江縣,1070228,遠傳電信股份有限公司,3G,24
雲林縣,1070228,亞太電信股份有限公司,4G,207
雲林縣,1070228,台灣大哥大股份有限公司,3G,312
雲林縣,1070228,中華電信股份有限公司,4G,458
雲林縣,1070228,台灣之星電信股份有限公司,4G,180
雲林縣,1070228,台灣之星電信股份有限公司,3G,197
雲林縣,1070228,遠傳電信股份有限公司,3G,339
雲林縣,1070228,遠傳電信股份有限公司,4G,293
雲林縣,1070228,中華電信股份有限公司,3G,548
雲林縣,1070228,台灣大哥大股份有限公司,4G,293
新北市,1070228,中華電信股份有限公司,4G,1312
新北市,1070228,遠傳電信股份有限公司,4G,1169
新北市,1070228,台灣之星電信股份有限公司,4G,1041
新北市,1070228,亞太電信股份有限公司,4G,1025
新北市,1070228,中華電信股份有限公司,3G,1079
新北市,1070228,台灣大哥大股份有限公司,3G,1287
新北市,1070228,台灣之星電信股份有限公司,3G,932
新北市,1070228,台灣大哥大股份有限公司,4G,1197
新北市,1070228,遠傳電信股份有限公司,3G,1135
新竹市,1070228,台灣之星電信股份有限公司,3G,188
新竹市,1070228,中華電信股份有限公司,3G,284
新竹市,1070228,中華電信股份有限公司,4G,238
新竹市,1070228,遠傳電信股份有限公司,4G,267
新竹市,1070228,台灣之星電信股份有限公司,4G,170
新竹市,1070228,台灣大哥大股份有限公司,3G,190
新竹市,1070228,台灣大哥大股份有限公司,4G,193
新竹市,1070228,亞太電信股份有限公司,4G,132
新竹市,1070228,遠傳電信股份有限公司,3G,234
新竹縣,1070228,台灣大哥大股份有限公司,4G,296
新竹縣,1070228,中華電信股份有限公司,3G,420
新竹縣,1070228,遠傳電信股份有限公司,4G,301
新竹縣,1070228,台灣大哥大股份有限公司,3G,301
新竹縣,1070228,台灣之星電信股份有限公司,3G,235
新竹縣,1070228,中華電信股份有限公司,4G,408
新竹縣,1070228,台灣之星電信股份有限公司,4G,240
新竹縣,1070228,遠傳電信股份有限公司,3G,301
新竹縣,1070228,亞太電信股份有限公司,4G,225
嘉義市,1070228,亞太電信股份有限公司,4G,94
嘉義市,1070228,中華電信股份有限公司,3G,164
嘉義市,1070228,遠傳電信股份有限公司,4G,91
嘉義市,1070228,台灣之星電信股份有限公司,3G,66
嘉義市,1070228,台灣之星電信股份有限公司,4G,65
嘉義市,1070228,中華電信股份有限公司,4G,144
嘉義市,1070228,遠傳電信股份有限公司,3G,97
嘉義市,1070228,台灣大哥大股份有限公司,3G,128
嘉義市,1070228,台灣大哥大股份有限公司,4G,114
嘉義縣,1070228,遠傳電信股份有限公司,3G,175
嘉義縣,1070228,中華電信股份有限公司,4G,331
嘉義縣,1070228,台灣大哥大股份有限公司,3G,211
嘉義縣,1070228,台灣大哥大股份有限公司,4G,189
嘉義縣,1070228,遠傳電信股份有限公司,4G,188
嘉義縣,1070228,中華電信股份有限公司,3G,344
嘉義縣,1070228,台灣之星電信股份有限公司,4G,126
嘉義縣,1070228,亞太電信股份有限公司,4G,178
嘉義縣,1070228,台灣之星電信股份有限公司,3G,141
彰化縣,1070228,中華電信股份有限公司,3G,795
彰化縣,1070228,遠傳電信股份有限公司,3G,487
彰化縣,1070228,台灣大哥大股份有限公司,4G,449
彰化縣,1070228,台灣大哥大股份有限公司,3G,524
彰化縣,1070228,中華電信股份有限公司,4G,665
彰化縣,1070228,亞太電信股份有限公司,4G,348
彰化縣,1070228,遠傳電信股份有限公司,4G,456
彰化縣,1070228,台灣之星電信股份有限公司,4G,270
彰化縣,1070228,台灣之星電信股份有限公司,3G,275
臺中市,1070228,台灣大哥大股份有限公司,3G,1331
臺中市,1070228,中華電信股份有限公司,4G,1779
臺中市,1070228,中華電信股份有限公司,3G,2064
臺中市,1070228,台灣之星電信股份有限公司,4G,852
臺中市,1070228,台灣大哥大股份有限公司,4G,1199
臺中市,1070228,台灣之星電信股份有限公司,3G,833
臺中市,1070228,亞太電信股份有限公司,4G,1012
臺中市,1070228,遠傳電信股份有限公司,3G,1520
臺中市,1070228,遠傳電信股份有限公司,4G,1379
臺北市,1070228,台灣大哥大股份有限公司,3G,1300
臺北市,1070228,遠傳電信股份有限公司,4G,1241
臺北市,1070228,台灣大哥大股份有限公司,4G,1170
臺北市,1070228,中華電信股份有限公司,3G,1172
臺北市,1070228,中華電信股份有限公司,4G,1173
臺北市,1070228,亞太電信股份有限公司,4G,1083
臺北市,1070228,遠傳電信股份有限公司,3G,1103
臺北市,1070228,台灣之星電信股份有限公司,3G,774
臺北市,1070228,台灣之星電信股份有限公司,4G,782
臺東縣,1070228,中華電信股份有限公司,3G,218
臺東縣,1070228,遠傳電信股份有限公司,4G,168
臺東縣,1070228,中華電信股份有限公司,4G,213
臺東縣,1070228,台灣大哥大股份有限公司,4G,158
臺東縣,1070228,遠傳電信股份有限公司,3G,140
臺東縣,1070228,台灣之星電信股份有限公司,3G,144
臺東縣,1070228,台灣大哥大股份有限公司,3G,142
臺東縣,1070228,台灣之星電信股份有限公司,4G,101
臺東縣,1070228,亞太電信股份有限公司,4G,73
臺南市,1070228,台灣大哥大股份有限公司,3G,666
臺南市,1070228,台灣大哥大股份有限公司,4G,612
臺南市,1070228,台灣之星電信股份有限公司,3G,537
臺南市,1070228,中華電信股份有限公司,4G,814
臺南市,1070228,遠傳電信股份有限公司,3G,610
臺南市,1070228,中華電信股份有限公司,3G,841
臺南市,1070228,台灣之星電信股份有限公司,4G,489
臺南市,1070228,亞太電信股份有限公司,4G,587
臺南市,1070228,遠傳電信股份有限公司,4G,520
澎湖縣,1070228,遠傳電信股份有限公司,3G,44
澎湖縣,1070228,台灣之星電信股份有限公司,3G,32
澎湖縣,1070228,台灣大哥大股份有限公司,3G,67
澎湖縣,1070228,中華電信股份有限公司,3G,76
澎湖縣,1070228,台灣之星電信股份有限公司,4G,14
澎湖縣,1070228,台灣大哥大股份有限公司,4G,72
澎湖縣,1070228,亞太電信股份有限公司,4G,24
澎湖縣,1070228,中華電信股份有限公司,4G,77
澎湖縣,1070228,遠傳電信股份有限公司,4G,95
宜蘭縣,1070131,中華電信股份有限公司,3G,351
宜蘭縣,1070131,中華電信股份有限公司,4G,345
宜蘭縣,1070131,亞太電信股份有限公司,4G,95
宜蘭縣,1070131,遠傳電信股份有限公司,4G,213
宜蘭縣,1070131,台灣之星電信股份有限公司,4G,172
宜蘭縣,1070131,台灣大哥大股份有限公司,4G,255
宜蘭縣,1070131,台灣大哥大股份有限公司,3G,255
宜蘭縣,1070131,亞太電信股份有限公司,3G,96
宜蘭縣,1070131,遠傳電信股份有限公司,3G,214
宜蘭縣,1070131,台灣之星電信股份有限公司,3G,145
花蓮縣,1070131,台灣之星電信股份有限公司,4G,146
花蓮縣,1070131,中華電信股份有限公司,3G,277
花蓮縣,1070131,中華電信股份有限公司,4G,389
花蓮縣,1070131,台灣大哥大股份有限公司,3G,282
花蓮縣,1070131,遠傳電信股份有限公司,4G,305
花蓮縣,1070131,亞太電信股份有限公司,4G,92
花蓮縣,1070131,台灣之星電信股份有限公司,3G,147
花蓮縣,1070131,台灣大哥大股份有限公司,4G,310
花蓮縣,1070131,亞太電信股份有限公司,3G,81
花蓮縣,1070131,遠傳電信股份有限公司,3G,271
金門縣,1070131,遠傳電信股份有限公司,4G,53
金門縣,1070131,中華電信股份有限公司,3G,67
金門縣,1070131,中華電信股份有限公司,4G,74
金門縣,1070131,台灣大哥大股份有限公司,3G,41
金門縣,1070131,台灣之星電信股份有限公司,4G,13
金門縣,1070131,遠傳電信股份有限公司,3G,50
金門縣,1070131,亞太電信股份有限公司,3G,10
金門縣,1070131,台灣大哥大股份有限公司,4G,46
金門縣,1070131,亞太電信股份有限公司,4G,28
金門縣,1070131,台灣之星電信股份有限公司,3G,18
南投縣,1070131,中華電信股份有限公司,3G,533
南投縣,1070131,亞太電信股份有限公司,4G,221
南投縣,1070131,中華電信股份有限公司,4G,707
南投縣,1070131,亞太電信股份有限公司,3G,120
南投縣,1070131,台灣之星電信股份有限公司,4G,190
南投縣,1070131,台灣之星電信股份有限公司,3G,190
南投縣,1070131,遠傳電信股份有限公司,3G,376
南投縣,1070131,台灣大哥大股份有限公司,3G,347
南投縣,1070131,遠傳電信股份有限公司,4G,366
南投縣,1070131,台灣大哥大股份有限公司,4G,322
屏東縣,1070131,亞太電信股份有限公司,4G,341
屏東縣,1070131,台灣之星電信股份有限公司,3G,293
屏東縣,1070131,台灣大哥大股份有限公司,4G,316
屏東縣,1070131,亞太電信股份有限公司,3G,188
屏東縣,1070131,遠傳電信股份有限公司,4G,427
屏東縣,1070131,中華電信股份有限公司,3G,405
屏東縣,1070131,台灣之星電信股份有限公司,4G,277
屏東縣,1070131,遠傳電信股份有限公司,3G,365
屏東縣,1070131,中華電信股份有限公司,4G,435
屏東縣,1070131,台灣大哥大股份有限公司,3G,322
苗栗縣,1070131,遠傳電信股份有限公司,3G,420
苗栗縣,1070131,中華電信股份有限公司,3G,537
苗栗縣,1070131,中華電信股份有限公司,4G,705
苗栗縣,1070131,亞太電信股份有限公司,3G,172
苗栗縣,1070131,遠傳電信股份有限公司,4G,398
苗栗縣,1070131,台灣大哥大股份有限公司,4G,346
苗栗縣,1070131,台灣大哥大股份有限公司,3G,363
苗栗縣,1070131,台灣之星電信股份有限公司,4G,190
苗栗縣,1070131,台灣之星電信股份有限公司,3G,270
苗栗縣,1070131,亞太電信股份有限公司,4G,293
桃園市,1070131,中華電信股份有限公司,3G,804
桃園市,1070131,遠傳電信股份有限公司,3G,873
桃園市,1070131,台灣之星電信股份有限公司,3G,726
桃園市,1070131,台灣大哥大股份有限公司,4G,872
桃園市,1070131,中華電信股份有限公司,4G,882
桃園市,1070131,台灣之星電信股份有限公司,4G,659
桃園市,1070131,亞太電信股份有限公司,4G,594
桃園市,1070131,亞太電信股份有限公司,3G,99
桃園市,1070131,台灣大哥大股份有限公司,3G,896
桃園市,1070131,遠傳電信股份有限公司,4G,857
高雄市,1070131,中華電信股份有限公司,3G,1247
高雄市,1070131,台灣大哥大股份有限公司,3G,1033
高雄市,1070131,亞太電信股份有限公司,3G,214
高雄市,1070131,台灣之星電信股份有限公司,3G,865
高雄市,1070131,亞太電信股份有限公司,4G,905
高雄市,1070131,中華電信股份有限公司,4G,1278
高雄市,1070131,遠傳電信股份有限公司,4G,909
高雄市,1070131,遠傳電信股份有限公司,3G,980
高雄市,1070131,台灣大哥大股份有限公司,4G,902
高雄市,1070131,台灣之星電信股份有限公司,4G,808
基隆市,1070131,台灣大哥大股份有限公司,3G,125
基隆市,1070131,中華電信股份有限公司,3G,120
基隆市,1070131,台灣大哥大股份有限公司,4G,123
基隆市,1070131,台灣之星電信股份有限公司,3G,94
基隆市,1070131,台灣之星電信股份有限公司,4G,86
基隆市,1070131,中華電信股份有限公司,4G,112
基隆市,1070131,遠傳電信股份有限公司,3G,154
基隆市,1070131,亞太電信股份有限公司,4G,149
基隆市,1070131,亞太電信股份有限公司,3G,68
基隆市,1070131,遠傳電信股份有限公司,4G,145
連江縣,1070131,中華電信股份有限公司,3G,22
連江縣,1070131,台灣之星電信股份有限公司,4G,4
連江縣,1070131,台灣大哥大股份有限公司,3G,16
連江縣,1070131,台灣大哥大股份有限公司,4G,18
連江縣,1070131,遠傳電信股份有限公司,4G,22
連江縣,1070131,中華電信股份有限公司,4G,41
連江縣,1070131,亞太電信股份有限公司,3G,11
連江縣,1070131,台灣之星電信股份有限公司,3G,6
連江縣,1070131,亞太電信股份有限公司,4G,19
連江縣,1070131,遠傳電信股份有限公司,3G,24
雲林縣,1070131,台灣大哥大股份有限公司,3G,312
雲林縣,1070131,中華電信股份有限公司,3G,548
雲林縣,1070131,亞太電信股份有限公司,4G,207
雲林縣,1070131,台灣大哥大股份有限公司,4G,295
雲林縣,1070131,台灣之星電信股份有限公司,4G,180
雲林縣,1070131,遠傳電信股份有限公司,4G,291
雲林縣,1070131,亞太電信股份有限公司,3G,121
雲林縣,1070131,中華電信股份有限公司,4G,664
雲林縣,1070131,遠傳電信股份有限公司,3G,339
雲林縣,1070131,台灣之星電信股份有限公司,3G,191
新北市,1070131,台灣之星電信股份有限公司,4G,1025
新北市,1070131,台灣大哥大股份有限公司,4G,1197
新北市,1070131,遠傳電信股份有限公司,3G,1131
新北市,1070131,台灣大哥大股份有限公司,3G,1279
新北市,1070131,亞太電信股份有限公司,3G,216
新北市,1070131,台灣之星電信股份有限公司,3G,936
新北市,1070131,中華電信股份有限公司,4G,1312
新北市,1070131,中華電信股份有限公司,3G,1062
新北市,1070131,遠傳電信股份有限公司,4G,1169
新北市,1070131,亞太電信股份有限公司,4G,1025
新竹市,1070131,台灣大哥大股份有限公司,3G,187
新竹市,1070131,台灣大哥大股份有限公司,4G,193
新竹市,1070131,台灣之星電信股份有限公司,4G,170
新竹市,1070131,中華電信股份有限公司,3G,282
新竹市,1070131,遠傳電信股份有限公司,4G,267
新竹市,1070131,台灣之星電信股份有限公司,3G,195
新竹市,1070131,中華電信股份有限公司,4G,238
新竹市,1070131,亞太電信股份有限公司,3G,26
新竹市,1070131,遠傳電信股份有限公司,3G,234
新竹市,1070131,亞太電信股份有限公司,4G,132
新竹縣,1070131,台灣大哥大股份有限公司,4G,296
新竹縣,1070131,台灣大哥大股份有限公司,3G,299
新竹縣,1070131,台灣之星電信股份有限公司,4G,240
新竹縣,1070131,中華電信股份有限公司,3G,412
新竹縣,1070131,亞太電信股份有限公司,4G,225
新竹縣,1070131,中華電信股份有限公司,4G,408
新竹縣,1070131,亞太電信股份有限公司,3G,48
新竹縣,1070131,台灣之星電信股份有限公司,3G,238
新竹縣,1070131,遠傳電信股份有限公司,3G,301
新竹縣,1070131,遠傳電信股份有限公司,4G,301
嘉義市,1070131,台灣之星電信股份有限公司,4G,65
嘉義市,1070131,台灣大哥大股份有限公司,3G,128
嘉義市,1070131,亞太電信股份有限公司,4G,94
嘉義市,1070131,遠傳電信股份有限公司,4G,91
嘉義市,1070131,遠傳電信股份有限公司,3G,97
嘉義市,1070131,亞太電信股份有限公司,3G,30
嘉義市,1070131,中華電信股份有限公司,4G,144
嘉義市,1070131,中華電信股份有限公司,3G,168
嘉義市,1070131,台灣大哥大股份有限公司,4G,114
嘉義市,1070131,台灣之星電信股份有限公司,3G,66
嘉義縣,1070131,中華電信股份有限公司,4G,331
嘉義縣,1070131,遠傳電信股份有限公司,3G,175
嘉義縣,1070131,中華電信股份有限公司,3G,348
嘉義縣,1070131,台灣之星電信股份有限公司,3G,141
嘉義縣,1070131,亞太電信股份有限公司,4G,178
嘉義縣,1070131,台灣大哥大股份有限公司,3G,200
嘉義縣,1070131,台灣大哥大股份有限公司,4G,189
嘉義縣,1070131,亞太電信股份有限公司,3G,91
嘉義縣,1070131,遠傳電信股份有限公司,4G,188
嘉義縣,1070131,台灣之星電信股份有限公司,4G,126
彰化縣,1070131,台灣大哥大股份有限公司,4G,454
彰化縣,1070131,台灣之星電信股份有限公司,4G,270
彰化縣,1070131,遠傳電信股份有限公司,4G,438
彰化縣,1070131,中華電信股份有限公司,4G,955
彰化縣,1070131,中華電信股份有限公司,3G,795
彰化縣,1070131,亞太電信股份有限公司,3G,140
彰化縣,1070131,台灣大哥大股份有限公司,3G,525
彰化縣,1070131,亞太電信股份有限公司,4G,348
彰化縣,1070131,台灣之星電信股份有限公司,3G,265
彰化縣,1070131,遠傳電信股份有限公司,3G,487
臺中市,1070131,台灣大哥大股份有限公司,3G,1332
臺中市,1070131,遠傳電信股份有限公司,4G,1361
臺中市,1070131,中華電信股份有限公司,4G,2333
臺中市,1070131,亞太電信股份有限公司,3G,301
臺中市,1070131,台灣大哥大股份有限公司,4G,1204
臺中市,1070131,中華電信股份有限公司,3G,2064
臺中市,1070131,台灣之星電信股份有限公司,3G,840
臺中市,1070131,亞太電信股份有限公司,4G,1012
臺中市,1070131,台灣之星電信股份有限公司,4G,852
臺中市,1070131,遠傳電信股份有限公司,3G,1520
臺北市,1070131,台灣之星電信股份有限公司,3G,774
臺北市,1070131,亞太電信股份有限公司,3G,269
臺北市,1070131,中華電信股份有限公司,3G,1163
臺北市,1070131,台灣大哥大股份有限公司,3G,1293
臺北市,1070131,台灣之星電信股份有限公司,4G,739
臺北市,1070131,台灣大哥大股份有限公司,4G,1170
臺北市,1070131,遠傳電信股份有限公司,3G,1072
臺北市,1070131,亞太電信股份有限公司,4G,1083
臺北市,1070131,中華電信股份有限公司,4G,1173
臺北市,1070131,遠傳電信股份有限公司,4G,1241
臺東縣,1070131,台灣大哥大股份有限公司,3G,125
臺東縣,1070131,台灣大哥大股份有限公司,4G,158
臺東縣,1070131,亞太電信股份有限公司,3G,58
臺東縣,1070131,中華電信股份有限公司,3G,218
臺東縣,1070131,中華電信股份有限公司,4G,214
臺東縣,1070131,台灣之星電信股份有限公司,4G,101
臺東縣,1070131,亞太電信股份有限公司,4G,73
臺東縣,1070131,遠傳電信股份有限公司,3G,140
臺東縣,1070131,遠傳電信股份有限公司,4G,168
臺東縣,1070131,台灣之星電信股份有限公司,3G,144
臺南市,1070131,台灣之星電信股份有限公司,4G,489
臺南市,1070131,台灣大哥大股份有限公司,3G,646
臺南市,1070131,中華電信股份有限公司,3G,841
臺南市,1070131,台灣之星電信股份有限公司,3G,537
臺南市,1070131,台灣大哥大股份有限公司,4G,612
臺南市,1070131,遠傳電信股份有限公司,3G,610
臺南市,1070131,遠傳電信股份有限公司,4G,520
臺南市,1070131,中華電信股份有限公司,4G,814
臺南市,1070131,亞太電信股份有限公司,3G,167
臺南市,1070131,亞太電信股份有限公司,4G,587
澎湖縣,1070131,台灣之星電信股份有限公司,4G,14
澎湖縣,1070131,亞太電信股份有限公司,3G,12
澎湖縣,1070131,遠傳電信股份有限公司,4G,95
澎湖縣,1070131,中華電信股份有限公司,4G,77
澎湖縣,1070131,亞太電信股份有限公司,4G,24
澎湖縣,1070131,台灣大哥大股份有限公司,4G,72
澎湖縣,1070131,中華電信股份有限公司,3G,76
澎湖縣,1070131,台灣大哥大股份有限公司,3G,59
澎湖縣,1070131,遠傳電信股份有限公司,3G,44
澎湖縣,1070131,台灣之星電信股份有限公司,3G,32
宜蘭縣,1061231,台灣大哥大股份有限公司,4G,255
宜蘭縣,1061231,台灣之星電信股份有限公司,4G,172
宜蘭縣,1061231,中華電信股份有限公司,4G,345
宜蘭縣,1061231,亞太電信股份有限公司,4G,95
宜蘭縣,1061231,台灣之星電信股份有限公司,3G,145
宜蘭縣,1061231,中華電信股份有限公司,3G,341
宜蘭縣,1061231,台灣大哥大股份有限公司,3G,255
宜蘭縣,1061231,亞太電信股份有限公司,3G,96
宜蘭縣,1061231,遠傳電信股份有限公司,4G,213
宜蘭縣,1061231,遠傳電信股份有限公司,3G,214
花蓮縣,1061231,亞太電信股份有限公司,4G,92
花蓮縣,1061231,台灣大哥大股份有限公司,3G,282
花蓮縣,1061231,台灣大哥大股份有限公司,4G,310
花蓮縣,1061231,台灣之星電信股份有限公司,4G,146
花蓮縣,1061231,中華電信股份有限公司,3G,274
花蓮縣,1061231,台灣之星電信股份有限公司,3G,147
花蓮縣,1061231,遠傳電信股份有限公司,3G,271
花蓮縣,1061231,亞太電信股份有限公司,3G,81
花蓮縣,1061231,中華電信股份有限公司,4G,389
花蓮縣,1061231,遠傳電信股份有限公司,4G,305
金門縣,1061231,中華電信股份有限公司,3G,67
金門縣,1061231,台灣大哥大股份有限公司,4G,46
金門縣,1061231,台灣之星電信股份有限公司,4G,13
金門縣,1061231,亞太電信股份有限公司,3G,10
金門縣,1061231,亞太電信股份有限公司,4G,28
金門縣,1061231,遠傳電信股份有限公司,3G,50
金門縣,1061231,中華電信股份有限公司,4G,74
金門縣,1061231,台灣大哥大股份有限公司,3G,41
金門縣,1061231,遠傳電信股份有限公司,4G,53
金門縣,1061231,台灣之星電信股份有限公司,3G,18
南投縣,1061231,中華電信股份有限公司,4G,683
南投縣,1061231,台灣大哥大股份有限公司,3G,347
南投縣,1061231,亞太電信股份有限公司,4G,221
南投縣,1061231,台灣之星電信股份有限公司,4G,190
南投縣,1061231,中華電信股份有限公司,3G,533
南投縣,1061231,台灣之星電信股份有限公司,3G,190
南投縣,1061231,遠傳電信股份有限公司,3G,369
南投縣,1061231,亞太電信股份有限公司,3G,120
南投縣,1061231,台灣大哥大股份有限公司,4G,322
南投縣,1061231,遠傳電信股份有限公司,4G,366
屏東縣,1061231,台灣大哥大股份有限公司,3G,322
屏東縣,1061231,中華電信股份有限公司,4G,435
屏東縣,1061231,亞太電信股份有限公司,4G,341
屏東縣,1061231,中華電信股份有限公司,3G,405
屏東縣,1061231,台灣大哥大股份有限公司,4G,316
屏東縣,1061231,亞太電信股份有限公司,3G,188
屏東縣,1061231,遠傳電信股份有限公司,4G,427
屏東縣,1061231,台灣之星電信股份有限公司,3G,293
屏東縣,1061231,台灣之星電信股份有限公司,4G,277
屏東縣,1061231,遠傳電信股份有限公司,3G,365
苗栗縣,1061231,中華電信股份有限公司,3G,537
苗栗縣,1061231,台灣大哥大股份有限公司,3G,363
苗栗縣,1061231,台灣之星電信股份有限公司,3G,270
苗栗縣,1061231,遠傳電信股份有限公司,3G,415
苗栗縣,1061231,中華電信股份有限公司,4G,686
苗栗縣,1061231,台灣大哥大股份有限公司,4G,346
苗栗縣,1061231,台灣之星電信股份有限公司,4G,190
苗栗縣,1061231,亞太電信股份有限公司,3G,172
苗栗縣,1061231,遠傳電信股份有限公司,4G,398
苗栗縣,1061231,亞太電信股份有限公司,4G,293
桃園市,1061231,中華電信股份有限公司,4G,882
桃園市,1061231,台灣大哥大股份有限公司,3G,896
桃園市,1061231,台灣之星電信股份有限公司,3G,726
桃園市,1061231,中華電信股份有限公司,3G,787
桃園市,1061231,遠傳電信股份有限公司,3G,873
桃園市,1061231,台灣大哥大股份有限公司,4G,872
桃園市,1061231,台灣之星電信股份有限公司,4G,659
桃園市,1061231,遠傳電信股份有限公司,4G,857
桃園市,1061231,亞太電信股份有限公司,4G,594
桃園市,1061231,亞太電信股份有限公司,3G,100
高雄市,1061231,亞太電信股份有限公司,3G,214
高雄市,1061231,中華電信股份有限公司,4G,1278
高雄市,1061231,台灣大哥大股份有限公司,3G,1033
高雄市,1061231,台灣大哥大股份有限公司,4G,902
高雄市,1061231,遠傳電信股份有限公司,3G,980
高雄市,1061231,亞太電信股份有限公司,4G,905
高雄市,1061231,中華電信股份有限公司,3G,1247
高雄市,1061231,台灣之星電信股份有限公司,3G,865
高雄市,1061231,遠傳電信股份有限公司,4G,909
高雄市,1061231,台灣之星電信股份有限公司,4G,808
基隆市,1061231,台灣大哥大股份有限公司,4G,123
基隆市,1061231,台灣大哥大股份有限公司,3G,125
基隆市,1061231,中華電信股份有限公司,3G,117
基隆市,1061231,亞太電信股份有限公司,4G,149
基隆市,1061231,遠傳電信股份有限公司,3G,154
基隆市,1061231,台灣之星電信股份有限公司,3G,94
基隆市,1061231,中華電信股份有限公司,4G,112
基隆市,1061231,亞太電信股份有限公司,3G,68
基隆市,1061231,台灣之星電信股份有限公司,4G,86
基隆市,1061231,遠傳電信股份有限公司,4G,145
連江縣,1061231,中華電信股份有限公司,3G,22
連江縣,1061231,台灣之星電信股份有限公司,4G,4
連江縣,1061231,台灣大哥大股份有限公司,4G,18
連江縣,1061231,遠傳電信股份有限公司,4G,22
連江縣,1061231,中華電信股份有限公司,4G,41
連江縣,1061231,台灣大哥大股份有限公司,3G,16
連江縣,1061231,亞太電信股份有限公司,4G,19
連江縣,1061231,亞太電信股份有限公司,3G,11
連江縣,1061231,遠傳電信股份有限公司,3G,24
連江縣,1061231,台灣之星電信股份有限公司,3G,6
雲林縣,1061231,台灣大哥大股份有限公司,4G,295
雲林縣,1061231,中華電信股份有限公司,3G,548
雲林縣,1061231,台灣之星電信股份有限公司,4G,180
雲林縣,1061231,台灣大哥大股份有限公司,3G,312
雲林縣,1061231,遠傳電信股份有限公司,3G,333
雲林縣,1061231,中華電信股份有限公司,4G,650
雲林縣,1061231,台灣之星電信股份有限公司,3G,191
雲林縣,1061231,亞太電信股份有限公司,4G,207
雲林縣,1061231,亞太電信股份有限公司,3G,121
雲林縣,1061231,遠傳電信股份有限公司,4G,291
新北市,1061231,中華電信股份有限公司,3G,1054
新北市,1061231,遠傳電信股份有限公司,3G,1131
新北市,1061231,台灣大哥大股份有限公司,3G,1279
新北市,1061231,台灣大哥大股份有限公司,4G,1197
新北市,1061231,亞太電信股份有限公司,4G,1025
新北市,1061231,中華電信股份有限公司,4G,1312
新北市,1061231,台灣之星電信股份有限公司,3G,936
新北市,1061231,台灣之星電信股份有限公司,4G,1025
新北市,1061231,亞太電信股份有限公司,3G,216
新北市,1061231,遠傳電信股份有限公司,4G,1169
新竹市,1061231,台灣大哥大股份有限公司,3G,187
新竹市,1061231,台灣之星電信股份有限公司,4G,170
新竹市,1061231,台灣大哥大股份有限公司,4G,193
新竹市,1061231,台灣之星電信股份有限公司,3G,195
新竹市,1061231,亞太電信股份有限公司,4G,132
新竹市,1061231,中華電信股份有限公司,3G,280
新竹市,1061231,亞太電信股份有限公司,3G,26
新竹市,1061231,遠傳電信股份有限公司,3G,234
新竹市,1061231,遠傳電信股份有限公司,4G,267
新竹市,1061231,中華電信股份有限公司,4G,238
新竹縣,1061231,亞太電信股份有限公司,4G,225
新竹縣,1061231,台灣之星電信股份有限公司,4G,240
新竹縣,1061231,台灣大哥大股份有限公司,4G,296
新竹縣,1061231,中華電信股份有限公司,4G,408
新竹縣,1061231,台灣大哥大股份有限公司,3G,299
新竹縣,1061231,中華電信股份有限公司,3G,408
新竹縣,1061231,亞太電信股份有限公司,3G,48
新竹縣,1061231,遠傳電信股份有限公司,3G,301
新竹縣,1061231,台灣之星電信股份有限公司,3G,238
新竹縣,1061231,遠傳電信股份有限公司,4G,301
嘉義市,1061231,台灣大哥大股份有限公司,3G,128
嘉義市,1061231,遠傳電信股份有限公司,3G,97
嘉義市,1061231,中華電信股份有限公司,3G,168
嘉義市,1061231,台灣之星電信股份有限公司,3G,66
嘉義市,1061231,亞太電信股份有限公司,4G,94
嘉義市,1061231,亞太電信股份有限公司,3G,30
嘉義市,1061231,台灣之星電信股份有限公司,4G,65
嘉義市,1061231,遠傳電信股份有限公司,4G,91
嘉義市,1061231,中華電信股份有限公司,4G,144
嘉義市,1061231,台灣大哥大股份有限公司,4G,114
嘉義縣,1061231,亞太電信股份有限公司,4G,178
嘉義縣,1061231,中華電信股份有限公司,4G,331
嘉義縣,1061231,遠傳電信股份有限公司,3G,175
嘉義縣,1061231,台灣大哥大股份有限公司,4G,189
嘉義縣,1061231,台灣大哥大股份有限公司,3G,200
嘉義縣,1061231,中華電信股份有限公司,3G,348
嘉義縣,1061231,台灣之星電信股份有限公司,3G,141
嘉義縣,1061231,遠傳電信股份有限公司,4G,188
嘉義縣,1061231,台灣之星電信股份有限公司,4G,126
嘉義縣,1061231,亞太電信股份有限公司,3G,91
彰化縣,1061231,台灣大哥大股份有限公司,3G,525
彰化縣,1061231,亞太電信股份有限公司,4G,348
彰化縣,1061231,台灣大哥大股份有限公司,4G,454
彰化縣,1061231,台灣之星電信股份有限公司,3G,265
彰化縣,1061231,中華電信股份有限公司,3G,795
彰化縣,1061231,中華電信股份有限公司,4G,944
彰化縣,1061231,亞太電信股份有限公司,3G,140
彰化縣,1061231,台灣之星電信股份有限公司,4G,270
彰化縣,1061231,遠傳電信股份有限公司,4G,438
彰化縣,1061231,遠傳電信股份有限公司,3G,477
臺中市,1061231,中華電信股份有限公司,4G,2291
臺中市,1061231,台灣之星電信股份有限公司,3G,840
臺中市,1061231,中華電信股份有限公司,3G,2064
臺中市,1061231,遠傳電信股份有限公司,3G,1498
臺中市,1061231,台灣大哥大股份有限公司,4G,1204
臺中市,1061231,台灣大哥大股份有限公司,3G,1332
臺中市,1061231,亞太電信股份有限公司,4G,1012
臺中市,1061231,亞太電信股份有限公司,3G,301
臺中市,1061231,遠傳電信股份有限公司,4G,1361
臺中市,1061231,台灣之星電信股份有限公司,4G,852
臺北市,1061231,中華電信股份有限公司,3G,1161
臺北市,1061231,中華電信股份有限公司,4G,1173
臺北市,1061231,遠傳電信股份有限公司,4G,1241
臺北市,1061231,台灣大哥大股份有限公司,3G,1293
臺北市,1061231,台灣之星電信股份有限公司,4G,739
臺北市,1061231,台灣大哥大股份有限公司,4G,1170
臺北市,1061231,亞太電信股份有限公司,4G,1083
臺北市,1061231,遠傳電信股份有限公司,3G,1072
臺北市,1061231,台灣之星電信股份有限公司,3G,774
臺北市,1061231,亞太電信股份有限公司,3G,272
臺東縣,1061231,亞太電信股份有限公司,4G,73
臺東縣,1061231,遠傳電信股份有限公司,3G,140
臺東縣,1061231,中華電信股份有限公司,3G,218
臺東縣,1061231,台灣大哥大股份有限公司,4G,158
臺東縣,1061231,台灣之星電信股份有限公司,3G,144
臺東縣,1061231,台灣大哥大股份有限公司,3G,125
臺東縣,1061231,中華電信股份有限公司,4G,214
臺東縣,1061231,台灣之星電信股份有限公司,4G,101
臺東縣,1061231,亞太電信股份有限公司,3G,58
臺東縣,1061231,遠傳電信股份有限公司,4G,168
臺南市,1061231,中華電信股份有限公司,3G,841
臺南市,1061231,遠傳電信股份有限公司,4G,520
臺南市,1061231,台灣之星電信股份有限公司,4G,489
臺南市,1061231,台灣之星電信股份有限公司,3G,537
臺南市,1061231,中華電信股份有限公司,4G,814
臺南市,1061231,台灣大哥大股份有限公司,4G,612
臺南市,1061231,台灣大哥大股份有限公司,3G,646
臺南市,1061231,遠傳電信股份有限公司,3G,610
臺南市,1061231,亞太電信股份有限公司,3G,167
臺南市,1061231,亞太電信股份有限公司,4G,587
澎湖縣,1061231,亞太電信股份有限公司,4G,24
澎湖縣,1061231,台灣大哥大股份有限公司,4G,72
澎湖縣,1061231,遠傳電信股份有限公司,4G,95
澎湖縣,1061231,中華電信股份有限公司,4G,77
澎湖縣,1061231,台灣大哥大股份有限公司,3G,59
澎湖縣,1061231,中華電信股份有限公司,3G,76
澎湖縣,1061231,遠傳電信股份有限公司,3G,44
澎湖縣,1061231,台灣之星電信股份有限公司,4G,14
澎湖縣,1061231,台灣之星電信股份有限公司,3G,33
澎湖縣,1061231,亞太電信股份有限公司,3G,12
宜蘭縣,1061130,台灣之星電信股份有限公司,3G,145
宜蘭縣,1061130,台灣之星電信股份有限公司,4G,140
宜蘭縣,1061130,台灣大哥大股份有限公司,3G,255
宜蘭縣,1061130,遠傳電信股份有限公司,3G,214
宜蘭縣,1061130,台灣大哥大股份有限公司,4G,254
宜蘭縣,1061130,中華電信股份有限公司,4G,337
宜蘭縣,1061130,遠傳電信股份有限公司,4G,205
宜蘭縣,1061130,中華電信股份有限公司,3G,341
宜蘭縣,1061130,亞太電信股份有限公司,4G,94
宜蘭縣,1061130,亞太電信股份有限公司,3G,96
花蓮縣,1061130,台灣大哥大股份有限公司,4G,308
花蓮縣,1061130,遠傳電信股份有限公司,3G,274
花蓮縣,1061130,台灣之星電信股份有限公司,4G,109
花蓮縣,1061130,台灣大哥大股份有限公司,3G,282
花蓮縣,1061130,中華電信股份有限公司,3G,274
花蓮縣,1061130,台灣之星電信股份有限公司,3G,147
花蓮縣,1061130,亞太電信股份有限公司,4G,91
花蓮縣,1061130,中華電信股份有限公司,4G,355
花蓮縣,1061130,亞太電信股份有限公司,3G,81
花蓮縣,1061130,遠傳電信股份有限公司,4G,291
金門縣,1061130,台灣之星電信股份有限公司,4G,4
金門縣,1061130,中華電信股份有限公司,3G,67
金門縣,1061130,中華電信股份有限公司,4G,71
金門縣,1061130,遠傳電信股份有限公司,4G,49
金門縣,1061130,亞太電信股份有限公司,3G,10
金門縣,1061130,台灣大哥大股份有限公司,3G,41
金門縣,1061130,遠傳電信股份有限公司,3G,50
金門縣,1061130,台灣大哥大股份有限公司,4G,46
金門縣,1061130,台灣之星電信股份有限公司,3G,18
金門縣,1061130,亞太電信股份有限公司,4G,28
南投縣,1061130,遠傳電信股份有限公司,3G,372
南投縣,1061130,台灣大哥大股份有限公司,3G,347
南投縣,1061130,台灣之星電信股份有限公司,4G,160
南投縣,1061130,亞太電信股份有限公司,3G,120
南投縣,1061130,亞太電信股份有限公司,4G,221
南投縣,1061130,中華電信股份有限公司,3G,514
南投縣,1061130,中華電信股份有限公司,4G,666
南投縣,1061130,台灣大哥大股份有限公司,4G,315
南投縣,1061130,台灣之星電信股份有限公司,3G,185
南投縣,1061130,遠傳電信股份有限公司,4G,338
屏東縣,1061130,遠傳電信股份有限公司,4G,405
屏東縣,1061130,中華電信股份有限公司,3G,405
屏東縣,1061130,台灣大哥大股份有限公司,4G,316
屏東縣,1061130,台灣大哥大股份有限公司,3G,322
屏東縣,1061130,中華電信股份有限公司,4G,407
屏東縣,1061130,台灣之星電信股份有限公司,4G,251
屏東縣,1061130,亞太電信股份有限公司,4G,323
屏東縣,1061130,台灣之星電信股份有限公司,3G,271
屏東縣,1061130,亞太電信股份有限公司,3G,214
屏東縣,1061130,遠傳電信股份有限公司,3G,368
苗栗縣,1061130,遠傳電信股份有限公司,3G,417
苗栗縣,1061130,中華電信股份有限公司,4G,676
苗栗縣,1061130,遠傳電信股份有限公司,4G,391
苗栗縣,1061130,亞太電信股份有限公司,4G,293
苗栗縣,1061130,台灣之星電信股份有限公司,3G,267
苗栗縣,1061130,中華電信股份有限公司,3G,521
苗栗縣,1061130,台灣大哥大股份有限公司,3G,363
苗栗縣,1061130,台灣大哥大股份有限公司,4G,342
苗栗縣,1061130,台灣之星電信股份有限公司,4G,169
苗栗縣,1061130,亞太電信股份有限公司,3G,172
桃園市,1061130,中華電信股份有限公司,3G,787
桃園市,1061130,亞太電信股份有限公司,4G,583
桃園市,1061130,台灣大哥大股份有限公司,4G,863
桃園市,1061130,亞太電信股份有限公司,3G,100
桃園市,1061130,中華電信股份有限公司,4G,875
桃園市,1061130,台灣之星電信股份有限公司,4G,609
桃園市,1061130,台灣之星電信股份有限公司,3G,726
桃園市,1061130,遠傳電信股份有限公司,3G,897
桃園市,1061130,台灣大哥大股份有限公司,3G,896
桃園市,1061130,遠傳電信股份有限公司,4G,813
高雄市,1061130,台灣大哥大股份有限公司,4G,902
高雄市,1061130,台灣大哥大股份有限公司,3G,1033
高雄市,1061130,台灣之星電信股份有限公司,3G,800
高雄市,1061130,中華電信股份有限公司,3G,1247
高雄市,1061130,亞太電信股份有限公司,3G,217
高雄市,1061130,遠傳電信股份有限公司,3G,1005
高雄市,1061130,中華電信股份有限公司,4G,1249
高雄市,1061130,遠傳電信股份有限公司,4G,904
高雄市,1061130,台灣之星電信股份有限公司,4G,786
高雄市,1061130,亞太電信股份有限公司,4G,889
基隆市,1061130,中華電信股份有限公司,3G,117
基隆市,1061130,台灣大哥大股份有限公司,4G,120
基隆市,1061130,亞太電信股份有限公司,4G,146
基隆市,1061130,台灣大哥大股份有限公司,3G,126
基隆市,1061130,亞太電信股份有限公司,3G,68
基隆市,1061130,台灣之星電信股份有限公司,3G,94
基隆市,1061130,中華電信股份有限公司,4G,108
基隆市,1061130,台灣之星電信股份有限公司,4G,83
基隆市,1061130,遠傳電信股份有限公司,3G,152
基隆市,1061130,遠傳電信股份有限公司,4G,145
連江縣,1061130,台灣大哥大股份有限公司,3G,16
連江縣,1061130,中華電信股份有限公司,4G,41
連江縣,1061130,台灣大哥大股份有限公司,4G,17
連江縣,1061130,亞太電信股份有限公司,4G,19
連江縣,1061130,台灣之星電信股份有限公司,4G,4
連江縣,1061130,台灣之星電信股份有限公司,3G,6
連江縣,1061130,亞太電信股份有限公司,3G,11
連江縣,1061130,中華電信股份有限公司,3G,22
連江縣,1061130,遠傳電信股份有限公司,3G,26
連江縣,1061130,遠傳電信股份有限公司,4G,15
雲林縣,1061130,遠傳電信股份有限公司,3G,336
雲林縣,1061130,台灣大哥大股份有限公司,3G,312
雲林縣,1061130,中華電信股份有限公司,3G,542
雲林縣,1061130,台灣之星電信股份有限公司,4G,165
雲林縣,1061130,台灣大哥大股份有限公司,4G,289
雲林縣,1061130,亞太電信股份有限公司,3G,121
雲林縣,1061130,中華電信股份有限公司,4G,634
雲林縣,1061130,台灣之星電信股份有限公司,3G,186
雲林縣,1061130,亞太電信股份有限公司,4G,207
雲林縣,1061130,遠傳電信股份有限公司,4G,289
新北市,1061130,台灣大哥大股份有限公司,3G,1279
新北市,1061130,遠傳電信股份有限公司,3G,1146
新北市,1061130,台灣之星電信股份有限公司,3G,936
新北市,1061130,中華電信股份有限公司,3G,1054
新北市,1061130,台灣大哥大股份有限公司,4G,1190
新北市,1061130,台灣之星電信股份有限公司,4G,870
新北市,1061130,亞太電信股份有限公司,3G,216
新北市,1061130,中華電信股份有限公司,4G,1299
新北市,1061130,亞太電信股份有限公司,4G,1011
新北市,1061130,遠傳電信股份有限公司,4G,1137
新竹市,1061130,台灣大哥大股份有限公司,4G,192
新竹市,1061130,亞太電信股份有限公司,3G,26
新竹市,1061130,遠傳電信股份有限公司,3G,235
新竹市,1061130,中華電信股份有限公司,3G,280
新竹市,1061130,亞太電信股份有限公司,4G,130
新竹市,1061130,中華電信股份有限公司,4G,235
新竹市,1061130,遠傳電信股份有限公司,4G,263
新竹市,1061130,台灣之星電信股份有限公司,3G,195
新竹市,1061130,台灣大哥大股份有限公司,3G,188
新竹市,1061130,台灣之星電信股份有限公司,4G,140
新竹縣,1061130,台灣大哥大股份有限公司,3G,299
新竹縣,1061130,遠傳電信股份有限公司,4G,283
新竹縣,1061130,中華電信股份有限公司,4G,400
新竹縣,1061130,台灣大哥大股份有限公司,4G,289
新竹縣,1061130,中華電信股份有限公司,3G,408
新竹縣,1061130,遠傳電信股份有限公司,3G,300
新竹縣,1061130,台灣之星電信股份有限公司,4G,203
新竹縣,1061130,台灣之星電信股份有限公司,3G,238
新竹縣,1061130,亞太電信股份有限公司,3G,48
新竹縣,1061130,亞太電信股份有限公司,4G,223
嘉義市,1061130,遠傳電信股份有限公司,3G,97
嘉義市,1061130,中華電信股份有限公司,3G,168
嘉義市,1061130,亞太電信股份有限公司,3G,40
嘉義市,1061130,台灣大哥大股份有限公司,3G,128
嘉義市,1061130,遠傳電信股份有限公司,4G,91
嘉義市,1061130,台灣之星電信股份有限公司,3G,62
嘉義市,1061130,中華電信股份有限公司,4G,144
嘉義市,1061130,台灣大哥大股份有限公司,4G,114
嘉義市,1061130,台灣之星電信股份有限公司,4G,64
嘉義市,1061130,亞太電信股份有限公司,4G,90
嘉義縣,1061130,亞太電信股份有限公司,3G,101
嘉義縣,1061130,台灣大哥大股份有限公司,4G,189
嘉義縣,1061130,亞太電信股份有限公司,4G,176
嘉義縣,1061130,中華電信股份有限公司,3G,348
嘉義縣,1061130,遠傳電信股份有限公司,4G,186
嘉義縣,1061130,中華電信股份有限公司,4G,325
嘉義縣,1061130,台灣之星電信股份有限公司,4G,100
嘉義縣,1061130,台灣大哥大股份有限公司,3G,200
嘉義縣,1061130,台灣之星電信股份有限公司,3G,139
嘉義縣,1061130,遠傳電信股份有限公司,3G,177
彰化縣,1061130,台灣之星電信股份有限公司,3G,254
彰化縣,1061130,亞太電信股份有限公司,4G,348
彰化縣,1061130,中華電信股份有限公司,3G,789
彰化縣,1061130,中華電信股份有限公司,4G,935
彰化縣,1061130,亞太電信股份有限公司,3G,140
彰化縣,1061130,台灣大哥大股份有限公司,3G,525
彰化縣,1061130,台灣大哥大股份有限公司,4G,450
彰化縣,1061130,遠傳電信股份有限公司,3G,479
彰化縣,1061130,台灣之星電信股份有限公司,4G,245
彰化縣,1061130,遠傳電信股份有限公司,4G,435
臺中市,1061130,中華電信股份有限公司,3G,2022
臺中市,1061130,台灣之星電信股份有限公司,3G,827
臺中市,1061130,中華電信股份有限公司,4G,2254
臺中市,1061130,亞太電信股份有限公司,4G,1012
臺中市,1061130,台灣之星電信股份有限公司,4G,818
臺中市,1061130,遠傳電信股份有限公司,4G,1352
臺中市,1061130,亞太電信股份有限公司,3G,301
臺中市,1061130,台灣大哥大股份有限公司,3G,1332
臺中市,1061130,台灣大哥大股份有限公司,4G,1175
臺中市,1061130,遠傳電信股份有限公司,3G,1504
臺北市,1061130,台灣大哥大股份有限公司,4G,1156
臺北市,1061130,中華電信股份有限公司,3G,1161
臺北市,1061130,台灣大哥大股份有限公司,3G,1293
臺北市,1061130,台灣之星電信股份有限公司,4G,663
臺北市,1061130,中華電信股份有限公司,4G,1150
臺北市,1061130,亞太電信股份有限公司,4G,1067
臺北市,1061130,遠傳電信股份有限公司,3G,1068
臺北市,1061130,台灣之星電信股份有限公司,3G,774
臺北市,1061130,亞太電信股份有限公司,3G,272
臺北市,1061130,遠傳電信股份有限公司,4G,1219
臺東縣,1061130,台灣大哥大股份有限公司,3G,125
臺東縣,1061130,遠傳電信股份有限公司,3G,140
臺東縣,1061130,亞太電信股份有限公司,3G,62
臺東縣,1061130,台灣大哥大股份有限公司,4G,158
臺東縣,1061130,中華電信股份有限公司,3G,218
臺東縣,1061130,亞太電信股份有限公司,4G,69
臺東縣,1061130,中華電信股份有限公司,4G,207
臺東縣,1061130,台灣之星電信股份有限公司,3G,122
臺東縣,1061130,台灣之星電信股份有限公司,4G,74
臺東縣,1061130,遠傳電信股份有限公司,4G,145
臺南市,1061130,中華電信股份有限公司,3G,842
臺南市,1061130,亞太電信股份有限公司,3G,182
臺南市,1061130,中華電信股份有限公司,4G,792
臺南市,1061130,台灣之星電信股份有限公司,3G,508
臺南市,1061130,台灣之星電信股份有限公司,4G,468
臺南市,1061130,台灣大哥大股份有限公司,3G,647
臺南市,1061130,亞太電信股份有限公司,4G,581
臺南市,1061130,遠傳電信股份有限公司,3G,617
臺南市,1061130,遠傳電信股份有限公司,4G,515
臺南市,1061130,台灣大哥大股份有限公司,4G,612
澎湖縣,1061130,亞太電信股份有限公司,4G,24
澎湖縣,1061130,亞太電信股份有限公司,3G,12
澎湖縣,1061130,台灣大哥大股份有限公司,3G,59
澎湖縣,1061130,台灣之星電信股份有限公司,4G,14
澎湖縣,1061130,中華電信股份有限公司,4G,73
澎湖縣,1061130,台灣大哥大股份有限公司,4G,72
澎湖縣,1061130,台灣之星電信股份有限公司,3G,31
澎湖縣,1061130,中華電信股份有限公司,3G,76
澎湖縣,1061130,遠傳電信股份有限公司,4G,66
澎湖縣,1061130,遠傳電信股份有限公司,3G,44
宜蘭縣,1061031,台灣大哥大股份有限公司,4G,245
宜蘭縣,1061031,中華電信股份有限公司,3G,341
宜蘭縣,1061031,台灣之星電信股份有限公司,3G,145
宜蘭縣,1061031,台灣大哥大股份有限公司,3G,251
宜蘭縣,1061031,亞太電信股份有限公司,4G,94
宜蘭縣,1061031,中華電信股份有限公司,4G,328
宜蘭縣,1061031,遠傳電信股份有限公司,4G,197
宜蘭縣,1061031,亞太電信股份有限公司,3G,96
宜蘭縣,1061031,台灣之星電信股份有限公司,4G,140
宜蘭縣,1061031,遠傳電信股份有限公司,3G,214
花蓮縣,1061031,台灣之星電信股份有限公司,4G,109
花蓮縣,1061031,遠傳電信股份有限公司,3G,274
花蓮縣,1061031,中華電信股份有限公司,3G,274
花蓮縣,1061031,台灣大哥大股份有限公司,4G,268
花蓮縣,1061031,台灣大哥大股份有限公司,3G,267
花蓮縣,1061031,遠傳電信股份有限公司,4G,261
花蓮縣,1061031,中華電信股份有限公司,4G,305
花蓮縣,1061031,台灣之星電信股份有限公司,3G,147
花蓮縣,1061031,亞太電信股份有限公司,4G,91
花蓮縣,1061031,亞太電信股份有限公司,3G,83
金門縣,1061031,亞太電信股份有限公司,4G,28
金門縣,1061031,遠傳電信股份有限公司,3G,50
金門縣,1061031,遠傳電信股份有限公司,4G,65
金門縣,1061031,中華電信股份有限公司,4G,90
金門縣,1061031,中華電信股份有限公司,3G,67
金門縣,1061031,台灣大哥大股份有限公司,4G,61
金門縣,1061031,台灣大哥大股份有限公司,3G,41
金門縣,1061031,台灣之星電信股份有限公司,4G,4
金門縣,1061031,台灣之星電信股份有限公司,3G,18
金門縣,1061031,亞太電信股份有限公司,3G,17
南投縣,1061031,台灣之星電信股份有限公司,4G,149
南投縣,1061031,台灣大哥大股份有限公司,3G,347
南投縣,1061031,亞太電信股份有限公司,4G,201
南投縣,1061031,遠傳電信股份有限公司,4G,338
南投縣,1061031,台灣之星電信股份有限公司,3G,185
南投縣,1061031,遠傳電信股份有限公司,3G,366
南投縣,1061031,中華電信股份有限公司,3G,512
南投縣,1061031,中華電信股份有限公司,4G,650
南投縣,1061031,台灣大哥大股份有限公司,4G,282
南投縣,1061031,亞太電信股份有限公司,3G,120
屏東縣,1061031,台灣大哥大股份有限公司,4G,489
屏東縣,1061031,台灣之星電信股份有限公司,3G,271
屏東縣,1061031,台灣大哥大股份有限公司,3G,323
屏東縣,1061031,亞太電信股份有限公司,3G,250
屏東縣,1061031,亞太電信股份有限公司,4G,323
屏東縣,1061031,中華電信股份有限公司,3G,405
屏東縣,1061031,遠傳電信股份有限公司,3G,352
屏東縣,1061031,中華電信股份有限公司,4G,565
屏東縣,1061031,遠傳電信股份有限公司,4G,679
屏東縣,1061031,台灣之星電信股份有限公司,4G,221
苗栗縣,1061031,台灣之星電信股份有限公司,4G,149
苗栗縣,1061031,中華電信股份有限公司,3G,517
苗栗縣,1061031,亞太電信股份有限公司,4G,282
苗栗縣,1061031,台灣大哥大股份有限公司,4G,316
苗栗縣,1061031,中華電信股份有限公司,4G,663
苗栗縣,1061031,遠傳電信股份有限公司,4G,391
苗栗縣,1061031,台灣之星電信股份有限公司,3G,274
苗栗縣,1061031,台灣大哥大股份有限公司,3G,363
苗栗縣,1061031,遠傳電信股份有限公司,3G,418
苗栗縣,1061031,亞太電信股份有限公司,3G,172
桃園市,1061031,台灣之星電信股份有限公司,3G,747
桃園市,1061031,遠傳電信股份有限公司,3G,898
桃園市,1061031,中華電信股份有限公司,3G,787
桃園市,1061031,亞太電信股份有限公司,3G,100
桃園市,1061031,台灣之星電信股份有限公司,4G,594
桃園市,1061031,中華電信股份有限公司,4G,860
桃園市,1061031,台灣大哥大股份有限公司,4G,827
桃園市,1061031,亞太電信股份有限公司,4G,558
桃園市,1061031,遠傳電信股份有限公司,4G,771
桃園市,1061031,台灣大哥大股份有限公司,3G,871
高雄市,1061031,台灣大哥大股份有限公司,4G,1489
高雄市,1061031,遠傳電信股份有限公司,3G,992
高雄市,1061031,亞太電信股份有限公司,4G,889
高雄市,1061031,台灣之星電信股份有限公司,3G,800
高雄市,1061031,中華電信股份有限公司,4G,1641
高雄市,1061031,台灣大哥大股份有限公司,3G,1035
高雄市,1061031,中華電信股份有限公司,3G,1248
高雄市,1061031,遠傳電信股份有限公司,4G,1570
高雄市,1061031,台灣之星電信股份有限公司,4G,768
高雄市,1061031,亞太電信股份有限公司,3G,247
基隆市,1061031,亞太電信股份有限公司,4G,146
基隆市,1061031,遠傳電信股份有限公司,3G,153
基隆市,1061031,遠傳電信股份有限公司,4G,144
基隆市,1061031,台灣大哥大股份有限公司,4G,117
基隆市,1061031,中華電信股份有限公司,3G,117
基隆市,1061031,中華電信股份有限公司,4G,97
基隆市,1061031,亞太電信股份有限公司,3G,68
基隆市,1061031,台灣大哥大股份有限公司,3G,123
基隆市,1061031,台灣之星電信股份有限公司,3G,94
基隆市,1061031,台灣之星電信股份有限公司,4G,83
連江縣,1061031,台灣之星電信股份有限公司,4G,4
連江縣,1061031,亞太電信股份有限公司,4G,19
連江縣,1061031,中華電信股份有限公司,4G,35
連江縣,1061031,中華電信股份有限公司,3G,22
連江縣,1061031,台灣大哥大股份有限公司,3G,16
連江縣,1061031,台灣之星電信股份有限公司,3G,6
連江縣,1061031,台灣大哥大股份有限公司,4G,16
連江縣,1061031,遠傳電信股份有限公司,4G,14
連江縣,1061031,亞太電信股份有限公司,3G,11
連江縣,1061031,遠傳電信股份有限公司,3G,26
雲林縣,1061031,台灣大哥大股份有限公司,4G,281
雲林縣,1061031,遠傳電信股份有限公司,4G,289
雲林縣,1061031,台灣大哥大股份有限公司,3G,312
雲林縣,1061031,台灣之星電信股份有限公司,3G,186
雲林縣,1061031,台灣之星電信股份有限公司,4G,147
雲林縣,1061031,中華電信股份有限公司,3G,541
雲林縣,1061031,中華電信股份有限公司,4G,620
雲林縣,1061031,亞太電信股份有限公司,4G,201
雲林縣,1061031,亞太電信股份有限公司,3G,121
雲林縣,1061031,遠傳電信股份有限公司,3G,327
新北市,1061031,中華電信股份有限公司,4G,1277
新北市,1061031,中華電信股份有限公司,3G,1055
新北市,1061031,亞太電信股份有限公司,4G,986
新北市,1061031,遠傳電信股份有限公司,4G,1092
新北市,1061031,台灣之星電信股份有限公司,4G,851
新北市,1061031,亞太電信股份有限公司,3G,217
新北市,1061031,台灣大哥大股份有限公司,4G,1168
新北市,1061031,台灣大哥大股份有限公司,3G,1262
新北市,1061031,遠傳電信股份有限公司,3G,1148
新北市,1061031,台灣之星電信股份有限公司,3G,939
新竹市,1061031,台灣大哥大股份有限公司,4G,184
新竹市,1061031,中華電信股份有限公司,4G,233
新竹市,1061031,遠傳電信股份有限公司,3G,237
新竹市,1061031,中華電信股份有限公司,3G,280
新竹市,1061031,台灣大哥大股份有限公司,3G,186
新竹市,1061031,台灣之星電信股份有限公司,3G,199
新竹市,1061031,亞太電信股份有限公司,4G,130
新竹市,1061031,台灣之星電信股份有限公司,4G,138
新竹市,1061031,亞太電信股份有限公司,3G,26
新竹市,1061031,遠傳電信股份有限公司,4G,252
新竹縣,1061031,台灣大哥大股份有限公司,4G,269
新竹縣,1061031,亞太電信股份有限公司,4G,223
新竹縣,1061031,遠傳電信股份有限公司,4G,273
新竹縣,1061031,中華電信股份有限公司,4G,392
新竹縣,1061031,台灣之星電信股份有限公司,3G,246
新竹縣,1061031,中華電信股份有限公司,3G,408
新竹縣,1061031,亞太電信股份有限公司,3G,48
新竹縣,1061031,台灣之星電信股份有限公司,4G,190
新竹縣,1061031,台灣大哥大股份有限公司,3G,283
新竹縣,1061031,遠傳電信股份有限公司,3G,302
嘉義市,1061031,台灣大哥大股份有限公司,4G,181
嘉義市,1061031,台灣之星電信股份有限公司,4G,63
嘉義市,1061031,台灣之星電信股份有限公司,3G,62
嘉義市,1061031,亞太電信股份有限公司,3G,56
嘉義市,1061031,亞太電信股份有限公司,4G,90
嘉義市,1061031,中華電信股份有限公司,3G,168
嘉義市,1061031,遠傳電信股份有限公司,3G,95
嘉義市,1061031,中華電信股份有限公司,4G,177
嘉義市,1061031,台灣大哥大股份有限公司,3G,128
嘉義市,1061031,遠傳電信股份有限公司,4G,136
嘉義縣,1061031,亞太電信股份有限公司,3G,121
嘉義縣,1061031,台灣之星電信股份有限公司,4G,93
嘉義縣,1061031,中華電信股份有限公司,3G,351
嘉義縣,1061031,台灣大哥大股份有限公司,3G,200
嘉義縣,1061031,中華電信股份有限公司,4G,468
嘉義縣,1061031,亞太電信股份有限公司,4G,176
嘉義縣,1061031,台灣之星電信股份有限公司,3G,139
嘉義縣,1061031,台灣大哥大股份有限公司,4G,298
嘉義縣,1061031,遠傳電信股份有限公司,3G,172
嘉義縣,1061031,遠傳電信股份有限公司,4G,269
彰化縣,1061031,台灣大哥大股份有限公司,3G,525
彰化縣,1061031,亞太電信股份有限公司,4G,343
彰化縣,1061031,遠傳電信股份有限公司,4G,434
彰化縣,1061031,中華電信股份有限公司,4G,927
彰化縣,1061031,中華電信股份有限公司,3G,789
彰化縣,1061031,台灣大哥大股份有限公司,4G,448
彰化縣,1061031,亞太電信股份有限公司,3G,140
彰化縣,1061031,遠傳電信股份有限公司,3G,478
彰化縣,1061031,台灣之星電信股份有限公司,3G,255
彰化縣,1061031,台灣之星電信股份有限公司,4G,231
臺中市,1061031,台灣大哥大股份有限公司,4G,1145
臺中市,1061031,台灣大哥大股份有限公司,3G,1332
臺中市,1061031,亞太電信股份有限公司,3G,303
臺中市,1061031,中華電信股份有限公司,3G,2015
臺中市,1061031,台灣之星電信股份有限公司,4G,791
臺中市,1061031,中華電信股份有限公司,4G,2216
臺中市,1061031,台灣之星電信股份有限公司,3G,841
臺中市,1061031,遠傳電信股份有限公司,4G,1352
臺中市,1061031,亞太電信股份有限公司,4G,1004
臺中市,1061031,遠傳電信股份有限公司,3G,1513
臺北市,1061031,中華電信股份有限公司,4G,1069
臺北市,1061031,亞太電信股份有限公司,4G,1018
臺北市,1061031,台灣大哥大股份有限公司,4G,1148
臺北市,1061031,中華電信股份有限公司,3G,1161
臺北市,1061031,台灣大哥大股份有限公司,3G,1277
臺北市,1061031,台灣之星電信股份有限公司,4G,663
臺北市,1061031,遠傳電信股份有限公司,3G,1069
臺北市,1061031,遠傳電信股份有限公司,4G,1176
臺北市,1061031,台灣之星電信股份有限公司,3G,774
臺北市,1061031,亞太電信股份有限公司,3G,272
臺東縣,1061031,台灣之星電信股份有限公司,4G,70
臺東縣,1061031,亞太電信股份有限公司,4G,69
臺東縣,1061031,中華電信股份有限公司,4G,297
臺東縣,1061031,台灣大哥大股份有限公司,4G,215
臺東縣,1061031,台灣之星電信股份有限公司,3G,122
臺東縣,1061031,台灣大哥大股份有限公司,3G,125
臺東縣,1061031,中華電信股份有限公司,3G,219
臺東縣,1061031,亞太電信股份有限公司,3G,66
臺東縣,1061031,遠傳電信股份有限公司,4G,239
臺東縣,1061031,遠傳電信股份有限公司,3G,136
臺南市,1061031,台灣之星電信股份有限公司,4G,438
臺南市,1061031,台灣大哥大股份有限公司,4G,943
臺南市,1061031,台灣大哥大股份有限公司,3G,647
臺南市,1061031,中華電信股份有限公司,4G,1066
臺南市,1061031,中華電信股份有限公司,3G,843
臺南市,1061031,亞太電信股份有限公司,3G,217
臺南市,1061031,台灣之星電信股份有限公司,3G,508
臺南市,1061031,遠傳電信股份有限公司,3G,607
臺南市,1061031,亞太電信股份有限公司,4G,581
臺南市,1061031,遠傳電信股份有限公司,4G,916
澎湖縣,1061031,台灣大哥大股份有限公司,4G,85
澎湖縣,1061031,遠傳電信股份有限公司,4G,85
澎湖縣,1061031,台灣大哥大股份有限公司,3G,59
澎湖縣,1061031,中華電信股份有限公司,3G,76
澎湖縣,1061031,亞太電信股份有限公司,4G,24
澎湖縣,1061031,中華電信股份有限公司,4G,97
澎湖縣,1061031,台灣之星電信股份有限公司,3G,31
澎湖縣,1061031,台灣之星電信股份有限公司,4G,14
澎湖縣,1061031,亞太電信股份有限公司,3G,22
澎湖縣,1061031,遠傳電信股份有限公司,3G,44
宜蘭縣,1060930,台灣之星電信股份有限公司,4G,112
宜蘭縣,1060930,台灣之星電信股份有限公司,3G,145
宜蘭縣,1060930,中華電信股份有限公司,3G,341
宜蘭縣,1060930,遠傳電信股份有限公司,4G,320
宜蘭縣,1060930,台灣大哥大股份有限公司,3G,245
宜蘭縣,1060930,中華電信股份有限公司,4G,497
宜蘭縣,1060930,亞太電信股份有限公司,3G,96
宜蘭縣,1060930,台灣大哥大股份有限公司,4G,410
宜蘭縣,1060930,亞太電信股份有限公司,4G,94
宜蘭縣,1060930,遠傳電信股份有限公司,3G,214
花蓮縣,1060930,中華電信股份有限公司,4G,466
花蓮縣,1060930,遠傳電信股份有限公司,3G,274
花蓮縣,1060930,台灣大哥大股份有限公司,4G,413
花蓮縣,1060930,台灣之星電信股份有限公司,3G,147
花蓮縣,1060930,台灣大哥大股份有限公司,3G,266
花蓮縣,1060930,台灣之星電信股份有限公司,4G,91
花蓮縣,1060930,中華電信股份有限公司,3G,274
花蓮縣,1060930,遠傳電信股份有限公司,4G,348
花蓮縣,1060930,亞太電信股份有限公司,3G,85
花蓮縣,1060930,亞太電信股份有限公司,4G,91
金門縣,1060930,台灣之星電信股份有限公司,3G,18
金門縣,1060930,中華電信股份有限公司,3G,66
金門縣,1060930,遠傳電信股份有限公司,3G,50
金門縣,1060930,台灣大哥大股份有限公司,3G,41
金門縣,1060930,中華電信股份有限公司,4G,83
金門縣,1060930,亞太電信股份有限公司,4G,28
金門縣,1060930,台灣大哥大股份有限公司,4G,53
金門縣,1060930,亞太電信股份有限公司,3G,17
金門縣,1060930,台灣之星電信股份有限公司,4G,4
金門縣,1060930,遠傳電信股份有限公司,4G,61
南投縣,1060930,遠傳電信股份有限公司,4G,541
南投縣,1060930,台灣大哥大股份有限公司,3G,347
南投縣,1060930,中華電信股份有限公司,3G,499
南投縣,1060930,亞太電信股份有限公司,3G,133
南投縣,1060930,中華電信股份有限公司,4G,650
南投縣,1060930,亞太電信股份有限公司,4G,200
南投縣,1060930,台灣之星電信股份有限公司,4G,149
南投縣,1060930,台灣之星電信股份有限公司,3G,164
南投縣,1060930,台灣大哥大股份有限公司,4G,418
南投縣,1060930,遠傳電信股份有限公司,3G,366
屏東縣,1060930,台灣大哥大股份有限公司,3G,323
屏東縣,1060930,中華電信股份有限公司,4G,560
屏東縣,1060930,台灣大哥大股份有限公司,4G,479
屏東縣,1060930,台灣之星電信股份有限公司,3G,272
屏東縣,1060930,中華電信股份有限公司,3G,398
屏東縣,1060930,亞太電信股份有限公司,4G,318
屏東縣,1060930,台灣之星電信股份有限公司,4G,221
屏東縣,1060930,遠傳電信股份有限公司,4G,694
屏東縣,1060930,亞太電信股份有限公司,3G,250
屏東縣,1060930,遠傳電信股份有限公司,3G,352
苗栗縣,1060930,遠傳電信股份有限公司,4G,654
苗栗縣,1060930,台灣大哥大股份有限公司,3G,363
苗栗縣,1060930,台灣之星電信股份有限公司,3G,269
苗栗縣,1060930,台灣之星電信股份有限公司,4G,149
苗栗縣,1060930,中華電信股份有限公司,4G,663
苗栗縣,1060930,亞太電信股份有限公司,3G,172
苗栗縣,1060930,台灣大哥大股份有限公司,4G,457
苗栗縣,1060930,中華電信股份有限公司,3G,502
苗栗縣,1060930,遠傳電信股份有限公司,3G,418
苗栗縣,1060930,亞太電信股份有限公司,4G,263
桃園市,1060930,台灣大哥大股份有限公司,3G,881
桃園市,1060930,中華電信股份有限公司,4G,1140
桃園市,1060930,中華電信股份有限公司,3G,787
桃園市,1060930,台灣之星電信股份有限公司,4G,587
桃園市,1060930,亞太電信股份有限公司,4G,514
桃園市,1060930,台灣大哥大股份有限公司,4G,1261
桃園市,1060930,台灣之星電信股份有限公司,3G,700
桃園市,1060930,亞太電信股份有限公司,3G,100
桃園市,1060930,遠傳電信股份有限公司,3G,868
桃園市,1060930,遠傳電信股份有限公司,4G,1308
高雄市,1060930,台灣大哥大股份有限公司,4G,1464
高雄市,1060930,中華電信股份有限公司,4G,1632
高雄市,1060930,中華電信股份有限公司,3G,1231
高雄市,1060930,台灣之星電信股份有限公司,3G,800
高雄市,1060930,台灣之星電信股份有限公司,4G,768
高雄市,1060930,台灣大哥大股份有限公司,3G,1035
高雄市,1060930,遠傳電信股份有限公司,4G,1640
高雄市,1060930,亞太電信股份有限公司,4G,846
高雄市,1060930,亞太電信股份有限公司,3G,247
高雄市,1060930,遠傳電信股份有限公司,3G,992
基隆市,1060930,中華電信股份有限公司,4G,160
基隆市,1060930,台灣之星電信股份有限公司,4G,80
基隆市,1060930,亞太電信股份有限公司,4G,133
基隆市,1060930,中華電信股份有限公司,3G,117
基隆市,1060930,台灣之星電信股份有限公司,3G,94
基隆市,1060930,台灣大哥大股份有限公司,3G,122
基隆市,1060930,台灣大哥大股份有限公司,4G,203
基隆市,1060930,亞太電信股份有限公司,3G,68
基隆市,1060930,遠傳電信股份有限公司,4G,213
基隆市,1060930,遠傳電信股份有限公司,3G,153
連江縣,1060930,台灣之星電信股份有限公司,3G,6
連江縣,1060930,台灣大哥大股份有限公司,4G,28
連江縣,1060930,中華電信股份有限公司,3G,22
連江縣,1060930,台灣大哥大股份有限公司,3G,16
連江縣,1060930,中華電信股份有限公司,4G,53
連江縣,1060930,亞太電信股份有限公司,3G,11
連江縣,1060930,台灣之星電信股份有限公司,4G,4
連江縣,1060930,亞太電信股份有限公司,4G,8
連江縣,1060930,遠傳電信股份有限公司,3G,26
連江縣,1060930,遠傳電信股份有限公司,4G,23
雲林縣,1060930,中華電信股份有限公司,3G,530
雲林縣,1060930,台灣大哥大股份有限公司,3G,312
雲林縣,1060930,中華電信股份有限公司,4G,620
雲林縣,1060930,台灣大哥大股份有限公司,4G,436
雲林縣,1060930,遠傳電信股份有限公司,4G,496
雲林縣,1060930,台灣之星電信股份有限公司,3G,176
雲林縣,1060930,台灣之星電信股份有限公司,4G,147
雲林縣,1060930,亞太電信股份有限公司,3G,129
雲林縣,1060930,亞太電信股份有限公司,4G,201
雲林縣,1060930,遠傳電信股份有限公司,3G,327
新北市,1060930,遠傳電信股份有限公司,3G,1141
新北市,1060930,亞太電信股份有限公司,4G,943
新北市,1060930,台灣大哥大股份有限公司,3G,1307
新北市,1060930,中華電信股份有限公司,3G,1055
新北市,1060930,台灣之星電信股份有限公司,3G,876
新北市,1060930,中華電信股份有限公司,4G,1688
新北市,1060930,台灣大哥大股份有限公司,4G,1972
新北市,1060930,亞太電信股份有限公司,3G,217
新北市,1060930,台灣之星電信股份有限公司,4G,845
新北市,1060930,遠傳電信股份有限公司,4G,1696
新竹市,1060930,遠傳電信股份有限公司,3G,234
新竹市,1060930,中華電信股份有限公司,4G,319
新竹市,1060930,台灣大哥大股份有限公司,4G,295
新竹市,1060930,中華電信股份有限公司,3G,280
新竹市,1060930,台灣大哥大股份有限公司,3G,189
新竹市,1060930,亞太電信股份有限公司,3G,26
新竹市,1060930,台灣之星電信股份有限公司,3G,189
新竹市,1060930,亞太電信股份有限公司,4G,126
新竹市,1060930,遠傳電信股份有限公司,4G,401
新竹市,1060930,台灣之星電信股份有限公司,4G,137
新竹縣,1060930,台灣之星電信股份有限公司,4G,189
新竹縣,1060930,亞太電信股份有限公司,4G,211
新竹縣,1060930,中華電信股份有限公司,3G,408
新竹縣,1060930,中華電信股份有限公司,4G,579
新竹縣,1060930,亞太電信股份有限公司,3G,48
新竹縣,1060930,遠傳電信股份有限公司,3G,296
新竹縣,1060930,遠傳電信股份有限公司,4G,418
新竹縣,1060930,台灣之星電信股份有限公司,3G,226
新竹縣,1060930,台灣大哥大股份有限公司,3G,280
新竹縣,1060930,台灣大哥大股份有限公司,4G,434
嘉義市,1060930,遠傳電信股份有限公司,4G,153
嘉義市,1060930,台灣之星電信股份有限公司,3G,62
嘉義市,1060930,中華電信股份有限公司,3G,166
嘉義市,1060930,台灣大哥大股份有限公司,3G,128
嘉義市,1060930,亞太電信股份有限公司,3G,56
嘉義市,1060930,遠傳電信股份有限公司,3G,95
嘉義市,1060930,中華電信股份有限公司,4G,175
嘉義市,1060930,台灣大哥大股份有限公司,4G,180
嘉義市,1060930,台灣之星電信股份有限公司,4G,63
嘉義市,1060930,亞太電信股份有限公司,4G,85
嘉義縣,1060930,亞太電信股份有限公司,3G,121
嘉義縣,1060930,台灣大哥大股份有限公司,4G,287
嘉義縣,1060930,台灣大哥大股份有限公司,3G,200
嘉義縣,1060930,中華電信股份有限公司,3G,332
嘉義縣,1060930,遠傳電信股份有限公司,4G,294
嘉義縣,1060930,中華電信股份有限公司,4G,442
嘉義縣,1060930,台灣之星電信股份有限公司,3G,139
嘉義縣,1060930,台灣之星電信股份有限公司,4G,93
嘉義縣,1060930,遠傳電信股份有限公司,3G,172
嘉義縣,1060930,亞太電信股份有限公司,4G,158
彰化縣,1060930,亞太電信股份有限公司,4G,343
彰化縣,1060930,中華電信股份有限公司,3G,779
彰化縣,1060930,台灣大哥大股份有限公司,4G,645
彰化縣,1060930,台灣大哥大股份有限公司,3G,526
彰化縣,1060930,遠傳電信股份有限公司,3G,479
彰化縣,1060930,台灣之星電信股份有限公司,3G,238
彰化縣,1060930,中華電信股份有限公司,4G,927
彰化縣,1060930,台灣之星電信股份有限公司,4G,231
彰化縣,1060930,亞太電信股份有限公司,3G,144
彰化縣,1060930,遠傳電信股份有限公司,4G,721
臺中市,1060930,台灣大哥大股份有限公司,4G,1633
臺中市,1060930,中華電信股份有限公司,4G,2216
臺中市,1060930,亞太電信股份有限公司,3G,327
臺中市,1060930,台灣之星電信股份有限公司,3G,795
臺中市,1060930,遠傳電信股份有限公司,4G,2141
臺中市,1060930,中華電信股份有限公司,3G,1976
臺中市,1060930,亞太電信股份有限公司,4G,933
臺中市,1060930,台灣大哥大股份有限公司,3G,1332
臺中市,1060930,遠傳電信股份有限公司,3G,1513
臺中市,1060930,台灣之星電信股份有限公司,4G,791
臺北市,1060930,亞太電信股份有限公司,4G,965
臺北市,1060930,台灣大哥大股份有限公司,4G,1924
臺北市,1060930,中華電信股份有限公司,4G,1486
臺北市,1060930,中華電信股份有限公司,3G,1161
臺北市,1060930,台灣大哥大股份有限公司,3G,1322
臺北市,1060930,台灣之星電信股份有限公司,4G,642
臺北市,1060930,台灣之星電信股份有限公司,3G,774
臺北市,1060930,遠傳電信股份有限公司,3G,1069
臺北市,1060930,遠傳電信股份有限公司,4G,1860
臺北市,1060930,亞太電信股份有限公司,3G,272
臺東縣,1060930,台灣大哥大股份有限公司,3G,125
臺東縣,1060930,中華電信股份有限公司,4G,287
臺東縣,1060930,台灣之星電信股份有限公司,3G,122
臺東縣,1060930,遠傳電信股份有限公司,3G,136
臺東縣,1060930,台灣大哥大股份有限公司,4G,191
臺東縣,1060930,亞太電信股份有限公司,3G,66
臺東縣,1060930,遠傳電信股份有限公司,4G,241
臺東縣,1060930,中華電信股份有限公司,3G,210
臺東縣,1060930,台灣之星電信股份有限公司,4G,70
臺東縣,1060930,亞太電信股份有限公司,4G,65
臺南市,1060930,台灣大哥大股份有限公司,4G,940
臺南市,1060930,亞太電信股份有限公司,3G,217
臺南市,1060930,台灣之星電信股份有限公司,4G,438
臺南市,1060930,遠傳電信股份有限公司,3G,607
臺南市,1060930,中華電信股份有限公司,4G,1040
臺南市,1060930,中華電信股份有限公司,3G,817
臺南市,1060930,台灣之星電信股份有限公司,3G,508
臺南市,1060930,遠傳電信股份有限公司,4G,1015
臺南市,1060930,台灣大哥大股份有限公司,3G,647
臺南市,1060930,亞太電信股份有限公司,4G,560
澎湖縣,1060930,台灣之星電信股份有限公司,3G,31
澎湖縣,1060930,台灣之星電信股份有限公司,4G,14
澎湖縣,1060930,台灣大哥大股份有限公司,4G,77
澎湖縣,1060930,中華電信股份有限公司,3G,76
澎湖縣,1060930,台灣大哥大股份有限公司,3G,59
澎湖縣,1060930,遠傳電信股份有限公司,3G,44
澎湖縣,1060930,亞太電信股份有限公司,4G,24
澎湖縣,1060930,中華電信股份有限公司,4G,96
澎湖縣,1060930,亞太電信股份有限公司,3G,22
澎湖縣,1060930,遠傳電信股份有限公司,4G,82
宜蘭縣,1060831,遠傳電信股份有限公司,4G,320
宜蘭縣,1060831,台灣之星電信股份有限公司,4G,112
宜蘭縣,1060831,台灣大哥大股份有限公司,4G,410
宜蘭縣,1060831,台灣大哥大股份有限公司,3G,240
宜蘭縣,1060831,中華電信股份有限公司,4G,475
宜蘭縣,1060831,中華電信股份有限公司,3G,341
宜蘭縣,1060831,台灣之星電信股份有限公司,3G,145
宜蘭縣,1060831,亞太電信股份有限公司,3G,96
宜蘭縣,1060831,亞太電信股份有限公司,4G,94
宜蘭縣,1060831,遠傳電信股份有限公司,3G,215
花蓮縣,1060831,台灣大哥大股份有限公司,3G,262
花蓮縣,1060831,中華電信股份有限公司,4G,458
花蓮縣,1060831,台灣之星電信股份有限公司,3G,147
花蓮縣,1060831,中華電信股份有限公司,3G,274
花蓮縣,1060831,遠傳電信股份有限公司,3G,275
花蓮縣,1060831,亞太電信股份有限公司,3G,85
花蓮縣,1060831,遠傳電信股份有限公司,4G,348
花蓮縣,1060831,台灣之星電信股份有限公司,4G,91
花蓮縣,1060831,台灣大哥大股份有限公司,4G,413
花蓮縣,1060831,亞太電信股份有限公司,4G,91
金門縣,1060831,遠傳電信股份有限公司,4G,61
金門縣,1060831,亞太電信股份有限公司,4G,28
金門縣,1060831,中華電信股份有限公司,4G,83
金門縣,1060831,台灣之星電信股份有限公司,4G,4
金門縣,1060831,中華電信股份有限公司,3G,66
金門縣,1060831,遠傳電信股份有限公司,3G,50
金門縣,1060831,台灣大哥大股份有限公司,3G,41
金門縣,1060831,台灣大哥大股份有限公司,4G,53
金門縣,1060831,台灣之星電信股份有限公司,3G,18
金門縣,1060831,亞太電信股份有限公司,3G,17
南投縣,1060831,遠傳電信股份有限公司,4G,537
南投縣,1060831,台灣大哥大股份有限公司,3G,347
南投縣,1060831,中華電信股份有限公司,3G,499
南投縣,1060831,台灣之星電信股份有限公司,3G,166
南投縣,1060831,台灣大哥大股份有限公司,4G,403
南投縣,1060831,亞太電信股份有限公司,4G,200
南投縣,1060831,中華電信股份有限公司,4G,628
南投縣,1060831,台灣之星電信股份有限公司,4G,130
南投縣,1060831,遠傳電信股份有限公司,3G,356
南投縣,1060831,亞太電信股份有限公司,3G,133
屏東縣,1060831,遠傳電信股份有限公司,3G,356
屏東縣,1060831,中華電信股份有限公司,4G,560
屏東縣,1060831,台灣大哥大股份有限公司,3G,323
屏東縣,1060831,台灣大哥大股份有限公司,4G,479
屏東縣,1060831,中華電信股份有限公司,3G,398
屏東縣,1060831,亞太電信股份有限公司,3G,250
屏東縣,1060831,台灣之星電信股份有限公司,4G,200
屏東縣,1060831,台灣之星電信股份有限公司,3G,278
屏東縣,1060831,亞太電信股份有限公司,4G,318
屏東縣,1060831,遠傳電信股份有限公司,4G,689
苗栗縣,1060831,中華電信股份有限公司,3G,502
苗栗縣,1060831,遠傳電信股份有限公司,3G,401
苗栗縣,1060831,台灣之星電信股份有限公司,4G,140
苗栗縣,1060831,中華電信股份有限公司,4G,645
苗栗縣,1060831,台灣大哥大股份有限公司,4G,445
苗栗縣,1060831,亞太電信股份有限公司,4G,263
苗栗縣,1060831,台灣之星電信股份有限公司,3G,276
苗栗縣,1060831,台灣大哥大股份有限公司,3G,363
苗栗縣,1060831,亞太電信股份有限公司,3G,172
苗栗縣,1060831,遠傳電信股份有限公司,4G,655
桃園市,1060831,台灣之星電信股份有限公司,3G,700
桃園市,1060831,中華電信股份有限公司,4G,1088
桃園市,1060831,中華電信股份有限公司,3G,787
桃園市,1060831,台灣大哥大股份有限公司,4G,1261
桃園市,1060831,台灣大哥大股份有限公司,3G,858
桃園市,1060831,台灣之星電信股份有限公司,4G,587
桃園市,1060831,遠傳電信股份有限公司,4G,1283
桃園市,1060831,亞太電信股份有限公司,3G,100
桃園市,1060831,亞太電信股份有限公司,4G,514
桃園市,1060831,遠傳電信股份有限公司,3G,876
高雄市,1060831,中華電信股份有限公司,4G,1632
高雄市,1060831,中華電信股份有限公司,3G,1232
高雄市,1060831,台灣大哥大股份有限公司,4G,1464
高雄市,1060831,台灣大哥大股份有限公司,3G,1035
高雄市,1060831,亞太電信股份有限公司,4G,846
高雄市,1060831,亞太電信股份有限公司,3G,247
高雄市,1060831,台灣之星電信股份有限公司,4G,741
高雄市,1060831,台灣之星電信股份有限公司,3G,814
高雄市,1060831,遠傳電信股份有限公司,3G,1011
高雄市,1060831,遠傳電信股份有限公司,4G,1644
基隆市,1060831,遠傳電信股份有限公司,4G,213
基隆市,1060831,台灣之星電信股份有限公司,3G,94
基隆市,1060831,台灣大哥大股份有限公司,3G,120
基隆市,1060831,亞太電信股份有限公司,4G,133
基隆市,1060831,台灣大哥大股份有限公司,4G,203
基隆市,1060831,中華電信股份有限公司,3G,117
基隆市,1060831,遠傳電信股份有限公司,3G,153
基隆市,1060831,中華電信股份有限公司,4G,160
基隆市,1060831,台灣之星電信股份有限公司,4G,80
基隆市,1060831,亞太電信股份有限公司,3G,68
連江縣,1060831,台灣之星電信股份有限公司,4G,4
連江縣,1060831,中華電信股份有限公司,4G,50
連江縣,1060831,台灣大哥大股份有限公司,3G,16
連江縣,1060831,亞太電信股份有限公司,4G,8
連江縣,1060831,遠傳電信股份有限公司,4G,23
連江縣,1060831,中華電信股份有限公司,3G,22
連江縣,1060831,亞太電信股份有限公司,3G,11
連江縣,1060831,台灣大哥大股份有限公司,4G,28
連江縣,1060831,台灣之星電信股份有限公司,3G,6
連江縣,1060831,遠傳電信股份有限公司,3G,27
雲林縣,1060831,台灣之星電信股份有限公司,3G,176
雲林縣,1060831,亞太電信股份有限公司,4G,201
雲林縣,1060831,台灣大哥大股份有限公司,4G,430
雲林縣,1060831,台灣之星電信股份有限公司,4G,145
雲林縣,1060831,遠傳電信股份有限公司,3G,318
雲林縣,1060831,中華電信股份有限公司,3G,530
雲林縣,1060831,中華電信股份有限公司,4G,612
雲林縣,1060831,台灣大哥大股份有限公司,3G,312
雲林縣,1060831,亞太電信股份有限公司,3G,129
雲林縣,1060831,遠傳電信股份有限公司,4G,487
新北市,1060831,遠傳電信股份有限公司,3G,1150
新北市,1060831,台灣之星電信股份有限公司,4G,845
新北市,1060831,台灣大哥大股份有限公司,4G,1972
新北市,1060831,中華電信股份有限公司,3G,1055
新北市,1060831,中華電信股份有限公司,4G,1647
新北市,1060831,台灣之星電信股份有限公司,3G,876
新北市,1060831,台灣大哥大股份有限公司,3G,1286
新北市,1060831,遠傳電信股份有限公司,4G,1684
新北市,1060831,亞太電信股份有限公司,4G,945
新北市,1060831,亞太電信股份有限公司,3G,217
新竹市,1060831,台灣之星電信股份有限公司,4G,137
新竹市,1060831,台灣大哥大股份有限公司,3G,182
新竹市,1060831,中華電信股份有限公司,4G,314
新竹市,1060831,中華電信股份有限公司,3G,280
新竹市,1060831,亞太電信股份有限公司,4G,126
新竹市,1060831,台灣大哥大股份有限公司,4G,295
新竹市,1060831,台灣之星電信股份有限公司,3G,189
新竹市,1060831,亞太電信股份有限公司,3G,26
新竹市,1060831,遠傳電信股份有限公司,3G,239
新竹市,1060831,遠傳電信股份有限公司,4G,391
新竹縣,1060831,亞太電信股份有限公司,4G,211
新竹縣,1060831,台灣之星電信股份有限公司,4G,189
新竹縣,1060831,中華電信股份有限公司,4G,563
新竹縣,1060831,中華電信股份有限公司,3G,408
新竹縣,1060831,遠傳電信股份有限公司,4G,415
新竹縣,1060831,亞太電信股份有限公司,3G,48
新竹縣,1060831,台灣大哥大股份有限公司,3G,276
新竹縣,1060831,遠傳電信股份有限公司,3G,301
新竹縣,1060831,台灣大哥大股份有限公司,4G,434
新竹縣,1060831,台灣之星電信股份有限公司,3G,226
嘉義市,1060831,中華電信股份有限公司,3G,166
嘉義市,1060831,遠傳電信股份有限公司,3G,96
嘉義市,1060831,中華電信股份有限公司,4G,175
嘉義市,1060831,台灣之星電信股份有限公司,4G,58
嘉義市,1060831,台灣之星電信股份有限公司,3G,62
嘉義市,1060831,遠傳電信股份有限公司,4G,155
嘉義市,1060831,台灣大哥大股份有限公司,3G,128
嘉義市,1060831,亞太電信股份有限公司,3G,56
嘉義市,1060831,台灣大哥大股份有限公司,4G,180
嘉義市,1060831,亞太電信股份有限公司,4G,85
嘉義縣,1060831,亞太電信股份有限公司,3G,121
嘉義縣,1060831,台灣大哥大股份有限公司,4G,287
嘉義縣,1060831,台灣之星電信股份有限公司,3G,139
嘉義縣,1060831,中華電信股份有限公司,3G,333
嘉義縣,1060831,中華電信股份有限公司,4G,443
嘉義縣,1060831,遠傳電信股份有限公司,4G,296
嘉義縣,1060831,台灣之星電信股份有限公司,4G,87
嘉義縣,1060831,台灣大哥大股份有限公司,3G,200
嘉義縣,1060831,亞太電信股份有限公司,4G,158
嘉義縣,1060831,遠傳電信股份有限公司,3G,177
彰化縣,1060831,台灣之星電信股份有限公司,4G,207
彰化縣,1060831,台灣大哥大股份有限公司,3G,526
彰化縣,1060831,中華電信股份有限公司,3G,780
彰化縣,1060831,台灣之星電信股份有限公司,3G,239
彰化縣,1060831,台灣大哥大股份有限公司,4G,632
彰化縣,1060831,亞太電信股份有限公司,4G,343
彰化縣,1060831,中華電信股份有限公司,4G,917
彰化縣,1060831,亞太電信股份有限公司,3G,144
彰化縣,1060831,遠傳電信股份有限公司,4G,712
彰化縣,1060831,遠傳電信股份有限公司,3G,464
臺中市,1060831,中華電信股份有限公司,3G,1976
臺中市,1060831,中華電信股份有限公司,4G,2185
臺中市,1060831,台灣之星電信股份有限公司,3G,801
臺中市,1060831,台灣之星電信股份有限公司,4G,755
臺中市,1060831,遠傳電信股份有限公司,4G,2119
臺中市,1060831,亞太電信股份有限公司,4G,933
臺中市,1060831,台灣大哥大股份有限公司,4G,1590
臺中市,1060831,台灣大哥大股份有限公司,3G,1332
臺中市,1060831,遠傳電信股份有限公司,3G,1501
臺中市,1060831,亞太電信股份有限公司,3G,327
臺北市,1060831,中華電信股份有限公司,4G,1484
臺北市,1060831,台灣大哥大股份有限公司,3G,1288
臺北市,1060831,中華電信股份有限公司,3G,1161
臺北市,1060831,台灣之星電信股份有限公司,4G,642
臺北市,1060831,亞太電信股份有限公司,3G,272
臺北市,1060831,台灣之星電信股份有限公司,3G,774
臺北市,1060831,遠傳電信股份有限公司,3G,1067
臺北市,1060831,亞太電信股份有限公司,4G,965
臺北市,1060831,台灣大哥大股份有限公司,4G,1924
臺北市,1060831,遠傳電信股份有限公司,4G,1860
臺東縣,1060831,中華電信股份有限公司,4G,287
臺東縣,1060831,台灣之星電信股份有限公司,3G,122
臺東縣,1060831,中華電信股份有限公司,3G,210
臺東縣,1060831,台灣大哥大股份有限公司,4G,191
臺東縣,1060831,台灣大哥大股份有限公司,3G,125
臺東縣,1060831,遠傳電信股份有限公司,3G,142
臺東縣,1060831,亞太電信股份有限公司,4G,65
臺東縣,1060831,台灣之星電信股份有限公司,4G,49
臺東縣,1060831,遠傳電信股份有限公司,4G,234
臺東縣,1060831,亞太電信股份有限公司,3G,66
臺南市,1060831,中華電信股份有限公司,3G,818
臺南市,1060831,亞太電信股份有限公司,3G,217
臺南市,1060831,台灣之星電信股份有限公司,4G,428
臺南市,1060831,中華電信股份有限公司,4G,1040
臺南市,1060831,台灣大哥大股份有限公司,3G,648
臺南市,1060831,台灣大哥大股份有限公司,4G,941
臺南市,1060831,亞太電信股份有限公司,4G,560
臺南市,1060831,遠傳電信股份有限公司,4G,993
臺南市,1060831,台灣之星電信股份有限公司,3G,509
臺南市,1060831,遠傳電信股份有限公司,3G,618
澎湖縣,1060831,中華電信股份有限公司,3G,76
澎湖縣,1060831,台灣大哥大股份有限公司,3G,60
澎湖縣,1060831,台灣之星電信股份有限公司,4G,14
澎湖縣,1060831,中華電信股份有限公司,4G,96
澎湖縣,1060831,台灣之星電信股份有限公司,3G,33
澎湖縣,1060831,亞太電信股份有限公司,3G,22
澎湖縣,1060831,台灣大哥大股份有限公司,4G,78
澎湖縣,1060831,亞太電信股份有限公司,4G,24
澎湖縣,1060831,遠傳電信股份有限公司,4G,81
澎湖縣,1060831,遠傳電信股份有限公司,3G,53
宜蘭縣,1060731,遠傳電信股份有限公司,4G,320
宜蘭縣,1060731,亞太電信股份有限公司,3G,96
宜蘭縣,1060731,台灣大哥大股份有限公司,4G,410
宜蘭縣,1060731,中華電信股份有限公司,4G,463
宜蘭縣,1060731,中華電信股份有限公司,3G,330
宜蘭縣,1060731,台灣大哥大股份有限公司,3G,228
宜蘭縣,1060731,台灣之星電信股份有限公司,3G,145
宜蘭縣,1060731,台灣之星電信股份有限公司,4G,112
宜蘭縣,1060731,亞太電信股份有限公司,4G,94
宜蘭縣,1060731,遠傳電信股份有限公司,3G,215
花蓮縣,1060731,中華電信股份有限公司,3G,271
花蓮縣,1060731,中華電信股份有限公司,4G,450
花蓮縣,1060731,遠傳電信股份有限公司,4G,335
花蓮縣,1060731,亞太電信股份有限公司,4G,91
花蓮縣,1060731,台灣之星電信股份有限公司,3G,147
花蓮縣,1060731,台灣大哥大股份有限公司,4G,413
花蓮縣,1060731,遠傳電信股份有限公司,3G,275
花蓮縣,1060731,台灣之星電信股份有限公司,4G,91
花蓮縣,1060731,台灣大哥大股份有限公司,3G,260
花蓮縣,1060731,亞太電信股份有限公司,3G,85
金門縣,1060731,中華電信股份有限公司,4G,81
金門縣,1060731,亞太電信股份有限公司,4G,28
金門縣,1060731,中華電信股份有限公司,3G,66
金門縣,1060731,台灣之星電信股份有限公司,4G,4
金門縣,1060731,台灣大哥大股份有限公司,3G,41
金門縣,1060731,遠傳電信股份有限公司,4G,61
金門縣,1060731,台灣大哥大股份有限公司,4G,53
金門縣,1060731,遠傳電信股份有限公司,3G,50
金門縣,1060731,台灣之星電信股份有限公司,3G,18
金門縣,1060731,亞太電信股份有限公司,3G,17
南投縣,1060731,中華電信股份有限公司,4G,627
南投縣,1060731,台灣大哥大股份有限公司,3G,342
南投縣,1060731,台灣大哥大股份有限公司,4G,403
南投縣,1060731,亞太電信股份有限公司,3G,133
南投縣,1060731,中華電信股份有限公司,3G,483
南投縣,1060731,台灣之星電信股份有限公司,4G,109
南投縣,1060731,遠傳電信股份有限公司,3G,351
南投縣,1060731,遠傳電信股份有限公司,4G,529
南投縣,1060731,台灣之星電信股份有限公司,3G,168
南投縣,1060731,亞太電信股份有限公司,4G,200
屏東縣,1060731,台灣之星電信股份有限公司,4G,181
屏東縣,1060731,中華電信股份有限公司,4G,548
屏東縣,1060731,遠傳電信股份有限公司,3G,356
屏東縣,1060731,中華電信股份有限公司,3G,380
屏東縣,1060731,台灣大哥大股份有限公司,3G,320
屏東縣,1060731,台灣大哥大股份有限公司,4G,479
屏東縣,1060731,台灣之星電信股份有限公司,3G,278
屏東縣,1060731,亞太電信股份有限公司,3G,250
屏東縣,1060731,遠傳電信股份有限公司,4G,679
屏東縣,1060731,亞太電信股份有限公司,4G,296
苗栗縣,1060731,亞太電信股份有限公司,3G,172
苗栗縣,1060731,台灣大哥大股份有限公司,4G,445
苗栗縣,1060731,台灣之星電信股份有限公司,4G,131
苗栗縣,1060731,台灣之星電信股份有限公司,3G,286
苗栗縣,1060731,中華電信股份有限公司,3G,489
苗栗縣,1060731,亞太電信股份有限公司,4G,263
苗栗縣,1060731,中華電信股份有限公司,4G,645
苗栗縣,1060731,遠傳電信股份有限公司,3G,393
苗栗縣,1060731,台灣大哥大股份有限公司,3G,353
苗栗縣,1060731,遠傳電信股份有限公司,4G,646
桃園市,1060731,台灣大哥大股份有限公司,3G,858
桃園市,1060731,中華電信股份有限公司,4G,1073
桃園市,1060731,台灣之星電信股份有限公司,3G,694
桃園市,1060731,中華電信股份有限公司,3G,779
桃園市,1060731,遠傳電信股份有限公司,4G,1283
桃園市,1060731,台灣大哥大股份有限公司,4G,1232
桃園市,1060731,台灣之星電信股份有限公司,4G,576
桃園市,1060731,遠傳電信股份有限公司,3G,852
桃園市,1060731,亞太電信股份有限公司,3G,172
桃園市,1060731,亞太電信股份有限公司,4G,514
高雄市,1060731,台灣之星電信股份有限公司,4G,698
高雄市,1060731,台灣大哥大股份有限公司,4G,1465
高雄市,1060731,中華電信股份有限公司,3G,1220
高雄市,1060731,中華電信股份有限公司,4G,1620
高雄市,1060731,亞太電信股份有限公司,3G,250
高雄市,1060731,亞太電信股份有限公司,4G,821
高雄市,1060731,台灣大哥大股份有限公司,3G,1027
高雄市,1060731,台灣之星電信股份有限公司,3G,815
高雄市,1060731,遠傳電信股份有限公司,4G,1626
高雄市,1060731,遠傳電信股份有限公司,3G,1012
基隆市,1060731,台灣之星電信股份有限公司,3G,94
基隆市,1060731,遠傳電信股份有限公司,3G,153
基隆市,1060731,亞太電信股份有限公司,4G,133
基隆市,1060731,中華電信股份有限公司,4G,159
基隆市,1060731,中華電信股份有限公司,3G,117
基隆市,1060731,遠傳電信股份有限公司,4G,213
基隆市,1060731,亞太電信股份有限公司,3G,68
基隆市,1060731,台灣大哥大股份有限公司,3G,111
基隆市,1060731,台灣大哥大股份有限公司,4G,203
基隆市,1060731,台灣之星電信股份有限公司,4G,80
連江縣,1060731,台灣大哥大股份有限公司,4G,28
連江縣,1060731,台灣之星電信股份有限公司,4G,4
連江縣,1060731,中華電信股份有限公司,4G,48
連江縣,1060731,台灣大哥大股份有限公司,3G,16
連江縣,1060731,中華電信股份有限公司,3G,22
連江縣,1060731,遠傳電信股份有限公司,4G,23
連江縣,1060731,亞太電信股份有限公司,4G,8
連江縣,1060731,亞太電信股份有限公司,3G,11
連江縣,1060731,遠傳電信股份有限公司,3G,27
連江縣,1060731,台灣之星電信股份有限公司,3G,6
雲林縣,1060731,台灣之星電信股份有限公司,3G,176
雲林縣,1060731,中華電信股份有限公司,3G,523
雲林縣,1060731,台灣大哥大股份有限公司,4G,430
雲林縣,1060731,亞太電信股份有限公司,3G,129
雲林縣,1060731,中華電信股份有限公司,4G,612
雲林縣,1060731,亞太電信股份有限公司,4G,201
雲林縣,1060731,遠傳電信股份有限公司,3G,313
雲林縣,1060731,遠傳電信股份有限公司,4G,483
雲林縣,1060731,台灣大哥大股份有限公司,3G,319
雲林縣,1060731,台灣之星電信股份有限公司,4G,131
新北市,1060731,台灣大哥大股份有限公司,3G,1281
新北市,1060731,中華電信股份有限公司,3G,1045
新北市,1060731,遠傳電信股份有限公司,3G,1140
新北市,1060731,亞太電信股份有限公司,3G,229
新北市,1060731,台灣大哥大股份有限公司,4G,1968
新北市,1060731,亞太電信股份有限公司,4G,945
新北市,1060731,遠傳電信股份有限公司,4G,1675
新北市,1060731,台灣之星電信股份有限公司,4G,825
新北市,1060731,中華電信股份有限公司,4G,1609
新北市,1060731,台灣之星電信股份有限公司,3G,837
新竹市,1060731,中華電信股份有限公司,4G,313
新竹市,1060731,台灣大哥大股份有限公司,4G,290
新竹市,1060731,中華電信股份有限公司,3G,278
新竹市,1060731,台灣之星電信股份有限公司,3G,188
新竹市,1060731,遠傳電信股份有限公司,4G,391
新竹市,1060731,亞太電信股份有限公司,4G,126
新竹市,1060731,遠傳電信股份有限公司,3G,234
新竹市,1060731,台灣之星電信股份有限公司,4G,136
新竹市,1060731,台灣大哥大股份有限公司,3G,183
新竹市,1060731,亞太電信股份有限公司,3G,48
新竹縣,1060731,台灣之星電信股份有限公司,3G,224
新竹縣,1060731,中華電信股份有限公司,3G,404
新竹縣,1060731,中華電信股份有限公司,4G,549
新竹縣,1060731,亞太電信股份有限公司,4G,211
新竹縣,1060731,台灣大哥大股份有限公司,3G,276
新竹縣,1060731,台灣之星電信股份有限公司,4G,172
新竹縣,1060731,遠傳電信股份有限公司,3G,291
新竹縣,1060731,台灣大哥大股份有限公司,4G,425
新竹縣,1060731,亞太電信股份有限公司,3G,76
新竹縣,1060731,遠傳電信股份有限公司,4G,415
嘉義市,1060731,台灣大哥大股份有限公司,3G,124
嘉義市,1060731,中華電信股份有限公司,3G,166
嘉義市,1060731,亞太電信股份有限公司,3G,56
嘉義市,1060731,中華電信股份有限公司,4G,175
嘉義市,1060731,遠傳電信股份有限公司,3G,96
嘉義市,1060731,台灣之星電信股份有限公司,4G,52
嘉義市,1060731,台灣大哥大股份有限公司,4G,180
嘉義市,1060731,台灣之星電信股份有限公司,3G,62
嘉義市,1060731,遠傳電信股份有限公司,4G,155
嘉義市,1060731,亞太電信股份有限公司,4G,85
嘉義縣,1060731,台灣之星電信股份有限公司,3G,139
嘉義縣,1060731,中華電信股份有限公司,4G,437
嘉義縣,1060731,台灣大哥大股份有限公司,3G,198
嘉義縣,1060731,中華電信股份有限公司,3G,333
嘉義縣,1060731,亞太電信股份有限公司,4G,157
嘉義縣,1060731,台灣大哥大股份有限公司,4G,287
嘉義縣,1060731,台灣之星電信股份有限公司,4G,87
嘉義縣,1060731,遠傳電信股份有限公司,3G,177
嘉義縣,1060731,亞太電信股份有限公司,3G,121
嘉義縣,1060731,遠傳電信股份有限公司,4G,296
彰化縣,1060731,中華電信股份有限公司,4G,917
彰化縣,1060731,遠傳電信股份有限公司,4G,701
彰化縣,1060731,台灣大哥大股份有限公司,4G,632
彰化縣,1060731,亞太電信股份有限公司,4G,343
彰化縣,1060731,中華電信股份有限公司,3G,759
彰化縣,1060731,台灣大哥大股份有限公司,3G,532
彰化縣,1060731,台灣之星電信股份有限公司,4G,185
彰化縣,1060731,遠傳電信股份有限公司,3G,450
彰化縣,1060731,台灣之星電信股份有限公司,3G,241
彰化縣,1060731,亞太電信股份有限公司,3G,144
臺中市,1060731,中華電信股份有限公司,3G,1943
臺中市,1060731,遠傳電信股份有限公司,4G,2101
臺中市,1060731,台灣大哥大股份有限公司,4G,1590
臺中市,1060731,中華電信股份有限公司,4G,2185
臺中市,1060731,台灣之星電信股份有限公司,4G,681
臺中市,1060731,亞太電信股份有限公司,4G,933
臺中市,1060731,台灣之星電信股份有限公司,3G,810
臺中市,1060731,台灣大哥大股份有限公司,3G,1340
臺中市,1060731,亞太電信股份有限公司,3G,327
臺中市,1060731,遠傳電信股份有限公司,3G,1592
臺北市,1060731,亞太電信股份有限公司,3G,285
臺北市,1060731,遠傳電信股份有限公司,4G,1833
臺北市,1060731,中華電信股份有限公司,4G,1473
臺北市,1060731,遠傳電信股份有限公司,3G,1067
臺北市,1060731,台灣之星電信股份有限公司,3G,774
臺北市,1060731,中華電信股份有限公司,3G,1150
臺北市,1060731,台灣之星電信股份有限公司,4G,642
臺北市,1060731,台灣大哥大股份有限公司,3G,1268
臺北市,1060731,亞太電信股份有限公司,4G,965
臺北市,1060731,台灣大哥大股份有限公司,4G,1924
臺東縣,1060731,台灣大哥大股份有限公司,3G,122
臺東縣,1060731,中華電信股份有限公司,3G,201
臺東縣,1060731,中華電信股份有限公司,4G,285
臺東縣,1060731,亞太電信股份有限公司,4G,54
臺東縣,1060731,亞太電信股份有限公司,3G,66
臺東縣,1060731,台灣之星電信股份有限公司,3G,122
臺東縣,1060731,遠傳電信股份有限公司,4G,224
臺東縣,1060731,台灣大哥大股份有限公司,4G,191
臺東縣,1060731,台灣之星電信股份有限公司,4G,46
臺東縣,1060731,遠傳電信股份有限公司,3G,142
臺南市,1060731,亞太電信股份有限公司,3G,217
臺南市,1060731,台灣之星電信股份有限公司,4G,412
臺南市,1060731,中華電信股份有限公司,3G,808
臺南市,1060731,台灣之星電信股份有限公司,3G,511
臺南市,1060731,中華電信股份有限公司,4G,1025
臺南市,1060731,遠傳電信股份有限公司,4G,995
臺南市,1060731,亞太電信股份有限公司,4G,530
臺南市,1060731,台灣大哥大股份有限公司,3G,636
臺南市,1060731,遠傳電信股份有限公司,3G,618
臺南市,1060731,台灣大哥大股份有限公司,4G,942
澎湖縣,1060731,亞太電信股份有限公司,4G,24
澎湖縣,1060731,台灣之星電信股份有限公司,4G,14
澎湖縣,1060731,中華電信股份有限公司,4G,96
澎湖縣,1060731,遠傳電信股份有限公司,4G,71
澎湖縣,1060731,台灣大哥大股份有限公司,3G,59
澎湖縣,1060731,台灣之星電信股份有限公司,3G,33
澎湖縣,1060731,中華電信股份有限公司,3G,75
澎湖縣,1060731,遠傳電信股份有限公司,3G,53
澎湖縣,1060731,台灣大哥大股份有限公司,4G,78
澎湖縣,1060731,亞太電信股份有限公司,3G,22
宜蘭縣,1060630,中華電信股份有限公司,3G,330
宜蘭縣,1060630,遠傳電信股份有限公司,2G,90
宜蘭縣,1060630,中華電信股份有限公司,4G,451
宜蘭縣,1060630,遠傳電信股份有限公司,4G,320
宜蘭縣,1060630,亞太電信股份有限公司,3G,96
宜蘭縣,1060630,中華電信股份有限公司,2G,119
宜蘭縣,1060630,台灣大哥大股份有限公司,3G,220
宜蘭縣,1060630,台灣之星電信股份有限公司,4G,109
宜蘭縣,1060630,亞太電信股份有限公司,4G,94
宜蘭縣,1060630,台灣大哥大股份有限公司,4G,314
宜蘭縣,1060630,台灣之星電信股份有限公司,3G,145
宜蘭縣,1060630,遠傳電信股份有限公司,3G,215
花蓮縣,1060630,台灣大哥大股份有限公司,2G,1
花蓮縣,1060630,中華電信股份有限公司,2G,90
花蓮縣,1060630,中華電信股份有限公司,4G,443
花蓮縣,1060630,中華電信股份有限公司,3G,271
花蓮縣,1060630,台灣之星電信股份有限公司,3G,147
花蓮縣,1060630,台灣之星電信股份有限公司,4G,82
花蓮縣,1060630,台灣大哥大股份有限公司,4G,333
花蓮縣,1060630,遠傳電信股份有限公司,3G,275
花蓮縣,1060630,台灣大哥大股份有限公司,3G,256
花蓮縣,1060630,亞太電信股份有限公司,3G,86
花蓮縣,1060630,遠傳電信股份有限公司,4G,330
花蓮縣,1060630,亞太電信股份有限公司,4G,91
花蓮縣,1060630,遠傳電信股份有限公司,2G,106
金門縣,1060630,遠傳電信股份有限公司,3G,39
金門縣,1060630,中華電信股份有限公司,4G,80
金門縣,1060630,中華電信股份有限公司,3G,66
金門縣,1060630,中華電信股份有限公司,2G,17
金門縣,1060630,台灣大哥大股份有限公司,3G,41
金門縣,1060630,台灣大哥大股份有限公司,4G,44
金門縣,1060630,台灣大哥大股份有限公司,2G,9
金門縣,1060630,台灣之星電信股份有限公司,4G,4
金門縣,1060630,台灣之星電信股份有限公司,3G,18
金門縣,1060630,亞太電信股份有限公司,4G,28
金門縣,1060630,亞太電信股份有限公司,3G,17
金門縣,1060630,遠傳電信股份有限公司,4G,61
南投縣,1060630,中華電信股份有限公司,4G,606
南投縣,1060630,中華電信股份有限公司,2G,171
南投縣,1060630,中華電信股份有限公司,3G,476
南投縣,1060630,台灣之星電信股份有限公司,3G,168
南投縣,1060630,遠傳電信股份有限公司,3G,346
南投縣,1060630,台灣大哥大股份有限公司,3G,342
南投縣,1060630,台灣大哥大股份有限公司,4G,316
南投縣,1060630,台灣之星電信股份有限公司,4G,108
南投縣,1060630,遠傳電信股份有限公司,2G,1
南投縣,1060630,亞太電信股份有限公司,4G,200
南投縣,1060630,亞太電信股份有限公司,3G,133
南投縣,1060630,遠傳電信股份有限公司,4G,527
屏東縣,1060630,亞太電信股份有限公司,3G,250
屏東縣,1060630,中華電信股份有限公司,4G,547
屏東縣,1060630,台灣之星電信股份有限公司,3G,278
屏東縣,1060630,台灣大哥大股份有限公司,3G,305
屏東縣,1060630,中華電信股份有限公司,2G,124
屏東縣,1060630,台灣大哥大股份有限公司,4G,361
屏東縣,1060630,台灣之星電信股份有限公司,4G,181
屏東縣,1060630,中華電信股份有限公司,3G,380
屏東縣,1060630,亞太電信股份有限公司,4G,296
屏東縣,1060630,遠傳電信股份有限公司,4G,659
屏東縣,1060630,遠傳電信股份有限公司,2G,2
屏東縣,1060630,台灣大哥大股份有限公司,2G,103
屏東縣,1060630,遠傳電信股份有限公司,3G,342
苗栗縣,1060630,中華電信股份有限公司,4G,636
苗栗縣,1060630,中華電信股份有限公司,2G,169
苗栗縣,1060630,台灣大哥大股份有限公司,2G,1
苗栗縣,1060630,中華電信股份有限公司,3G,483
苗栗縣,1060630,遠傳電信股份有限公司,3G,381
苗栗縣,1060630,台灣之星電信股份有限公司,4G,131
苗栗縣,1060630,台灣之星電信股份有限公司,3G,286
苗栗縣,1060630,台灣大哥大股份有限公司,3G,353
苗栗縣,1060630,亞太電信股份有限公司,3G,174
苗栗縣,1060630,台灣大哥大股份有限公司,4G,332
苗栗縣,1060630,亞太電信股份有限公司,4G,263
苗栗縣,1060630,遠傳電信股份有限公司,4G,634
苗栗縣,1060630,遠傳電信股份有限公司,2G,1
桃園市,1060630,遠傳電信股份有限公司,4G,1231
桃園市,1060630,台灣大哥大股份有限公司,4G,1016
桃園市,1060630,台灣大哥大股份有限公司,3G,858
桃園市,1060630,中華電信股份有限公司,2G,311
桃園市,1060630,台灣大哥大股份有限公司,2G,4
桃園市,1060630,中華電信股份有限公司,4G,1061
桃園市,1060630,亞太電信股份有限公司,3G,172
桃園市,1060630,中華電信股份有限公司,3G,779
桃園市,1060630,台灣之星電信股份有限公司,3G,655
桃園市,1060630,台灣之星電信股份有限公司,4G,557
桃園市,1060630,亞太電信股份有限公司,4G,514
桃園市,1060630,遠傳電信股份有限公司,3G,852
桃園市,1060630,遠傳電信股份有限公司,2G,193
高雄市,1060630,中華電信股份有限公司,4G,1592
高雄市,1060630,台灣大哥大股份有限公司,3G,1011
高雄市,1060630,中華電信股份有限公司,2G,467
高雄市,1060630,中華電信股份有限公司,3G,1220
高雄市,1060630,台灣之星電信股份有限公司,4G,698
高雄市,1060630,台灣大哥大股份有限公司,4G,1144
高雄市,1060630,遠傳電信股份有限公司,3G,1000
高雄市,1060630,台灣大哥大股份有限公司,2G,313
高雄市,1060630,亞太電信股份有限公司,4G,821
高雄市,1060630,台灣之星電信股份有限公司,3G,815
高雄市,1060630,遠傳電信股份有限公司,4G,1626
高雄市,1060630,亞太電信股份有限公司,3G,250
基隆市,1060630,中華電信股份有限公司,2G,57
基隆市,1060630,遠傳電信股份有限公司,3G,153
基隆市,1060630,台灣之星電信股份有限公司,3G,94
基隆市,1060630,台灣之星電信股份有限公司,4G,80
基隆市,1060630,台灣大哥大股份有限公司,3G,105
基隆市,1060630,中華電信股份有限公司,3G,117
基隆市,1060630,遠傳電信股份有限公司,2G,45
基隆市,1060630,中華電信股份有限公司,4G,153
基隆市,1060630,亞太電信股份有限公司,4G,133
基隆市,1060630,台灣大哥大股份有限公司,4G,157
基隆市,1060630,遠傳電信股份有限公司,4G,213
基隆市,1060630,亞太電信股份有限公司,3G,68
連江縣,1060630,台灣之星電信股份有限公司,4G,4
連江縣,1060630,中華電信股份有限公司,2G,25
連江縣,1060630,中華電信股份有限公司,3G,22
連江縣,1060630,亞太電信股份有限公司,4G,8
連江縣,1060630,中華電信股份有限公司,4G,35
連江縣,1060630,遠傳電信股份有限公司,3G,27
連江縣,1060630,台灣之星電信股份有限公司,3G,6
連江縣,1060630,台灣大哥大股份有限公司,3G,14
連江縣,1060630,遠傳電信股份有限公司,4G,23
連江縣,1060630,台灣大哥大股份有限公司,4G,22
連江縣,1060630,亞太電信股份有限公司,3G,11
連江縣,1060630,遠傳電信股份有限公司,2G,9
雲林縣,1060630,遠傳電信股份有限公司,4G,476
雲林縣,1060630,遠傳電信股份有限公司,3G,307
雲林縣,1060630,中華電信股份有限公司,4G,603
雲林縣,1060630,台灣大哥大股份有限公司,4G,318
雲林縣,1060630,中華電信股份有限公司,2G,165
雲林縣,1060630,中華電信股份有限公司,3G,516
雲林縣,1060630,台灣大哥大股份有限公司,3G,319
雲林縣,1060630,台灣之星電信股份有限公司,4G,131
雲林縣,1060630,亞太電信股份有限公司,4G,201
雲林縣,1060630,台灣之星電信股份有限公司,3G,176
雲林縣,1060630,亞太電信股份有限公司,3G,129
新北市,1060630,台灣大哥大股份有限公司,3G,1273
新北市,1060630,中華電信股份有限公司,3G,1045
新北市,1060630,中華電信股份有限公司,4G,1576
新北市,1060630,台灣大哥大股份有限公司,2G,11
新北市,1060630,中華電信股份有限公司,2G,408
新北市,1060630,台灣之星電信股份有限公司,3G,834
新北市,1060630,遠傳電信股份有限公司,2G,355
新北市,1060630,台灣大哥大股份有限公司,4G,1560
新北市,1060630,遠傳電信股份有限公司,4G,1654
新北市,1060630,台灣之星電信股份有限公司,4G,817
新北市,1060630,亞太電信股份有限公司,4G,945
新北市,1060630,亞太電信股份有限公司,3G,229
新北市,1060630,遠傳電信股份有限公司,3G,1140
新竹市,1060630,台灣大哥大股份有限公司,2G,3
新竹市,1060630,遠傳電信股份有限公司,4G,389
新竹市,1060630,亞太電信股份有限公司,4G,126
新竹市,1060630,中華電信股份有限公司,4G,303
新竹市,1060630,中華電信股份有限公司,2G,111
新竹市,1060630,台灣大哥大股份有限公司,3G,182
新竹市,1060630,台灣大哥大股份有限公司,4G,233
新竹市,1060630,中華電信股份有限公司,3G,278
新竹市,1060630,台灣之星電信股份有限公司,4G,133
新竹市,1060630,台灣之星電信股份有限公司,3G,183
新竹市,1060630,遠傳電信股份有限公司,3G,234
新竹市,1060630,遠傳電信股份有限公司,2G,49
新竹市,1060630,亞太電信股份有限公司,3G,48
新竹縣,1060630,中華電信股份有限公司,2G,109
新竹縣,1060630,台灣大哥大股份有限公司,3G,279
新竹縣,1060630,遠傳電信股份有限公司,2G,100
新竹縣,1060630,台灣大哥大股份有限公司,2G,6
新竹縣,1060630,中華電信股份有限公司,3G,404
新竹縣,1060630,台灣大哥大股份有限公司,4G,346
新竹縣,1060630,台灣之星電信股份有限公司,4G,166
新竹縣,1060630,亞太電信股份有限公司,4G,211
新竹縣,1060630,遠傳電信股份有限公司,4G,401
新竹縣,1060630,遠傳電信股份有限公司,3G,291
新竹縣,1060630,中華電信股份有限公司,4G,533
新竹縣,1060630,台灣之星電信股份有限公司,3G,221
新竹縣,1060630,亞太電信股份有限公司,3G,76
嘉義市,1060630,亞太電信股份有限公司,3G,56
嘉義市,1060630,中華電信股份有限公司,2G,71
嘉義市,1060630,中華電信股份有限公司,4G,178
嘉義市,1060630,亞太電信股份有限公司,4G,85
嘉義市,1060630,台灣大哥大股份有限公司,2G,34
嘉義市,1060630,台灣大哥大股份有限公司,3G,124
嘉義市,1060630,台灣大哥大股份有限公司,4G,135
嘉義市,1060630,中華電信股份有限公司,3G,167
嘉義市,1060630,台灣之星電信股份有限公司,4G,52
嘉義市,1060630,遠傳電信股份有限公司,3G,94
嘉義市,1060630,台灣之星電信股份有限公司,3G,62
嘉義市,1060630,遠傳電信股份有限公司,4G,155
嘉義縣,1060630,台灣之星電信股份有限公司,4G,87
嘉義縣,1060630,中華電信股份有限公司,2G,79
嘉義縣,1060630,中華電信股份有限公司,4G,435
嘉義縣,1060630,台灣大哥大股份有限公司,3G,192
嘉義縣,1060630,台灣大哥大股份有限公司,2G,57
嘉義縣,1060630,中華電信股份有限公司,3G,333
嘉義縣,1060630,台灣大哥大股份有限公司,4G,224
嘉義縣,1060630,遠傳電信股份有限公司,3G,174
嘉義縣,1060630,亞太電信股份有限公司,3G,121
嘉義縣,1060630,台灣之星電信股份有限公司,3G,139
嘉義縣,1060630,亞太電信股份有限公司,4G,157
嘉義縣,1060630,遠傳電信股份有限公司,4G,284
嘉義縣,1060630,遠傳電信股份有限公司,2G,1
彰化縣,1060630,遠傳電信股份有限公司,4G,694
彰化縣,1060630,中華電信股份有限公司,3G,744
彰化縣,1060630,遠傳電信股份有限公司,3G,441
彰化縣,1060630,台灣大哥大股份有限公司,3G,532
彰化縣,1060630,中華電信股份有限公司,4G,902
彰化縣,1060630,中華電信股份有限公司,2G,244
彰化縣,1060630,台灣大哥大股份有限公司,4G,484
彰化縣,1060630,台灣之星電信股份有限公司,3G,241
彰化縣,1060630,台灣之星電信股份有限公司,4G,185
彰化縣,1060630,亞太電信股份有限公司,4G,343
彰化縣,1060630,亞太電信股份有限公司,3G,144
臺中市,1060630,中華電信股份有限公司,3G,1889
臺中市,1060630,中華電信股份有限公司,2G,672
臺中市,1060630,台灣大哥大股份有限公司,4G,1256
臺中市,1060630,亞太電信股份有限公司,4G,933
臺中市,1060630,台灣大哥大股份有限公司,3G,1342
臺中市,1060630,中華電信股份有限公司,4G,2150
臺中市,1060630,台灣之星電信股份有限公司,3G,810
臺中市,1060630,遠傳電信股份有限公司,3G,1576
臺中市,1060630,亞太電信股份有限公司,3G,327
臺中市,1060630,台灣大哥大股份有限公司,2G,1
臺中市,1060630,台灣之星電信股份有限公司,4G,672
臺中市,1060630,遠傳電信股份有限公司,4G,2081
臺北市,1060630,台灣大哥大股份有限公司,2G,28
臺北市,1060630,中華電信股份有限公司,3G,1150
臺北市,1060630,台灣大哥大股份有限公司,3G,1258
臺北市,1060630,台灣之星電信股份有限公司,4G,640
臺北市,1060630,亞太電信股份有限公司,3G,285
臺北市,1060630,中華電信股份有限公司,2G,594
臺北市,1060630,中華電信股份有限公司,4G,1432
臺北市,1060630,遠傳電信股份有限公司,3G,1067
臺北市,1060630,亞太電信股份有限公司,4G,965
臺北市,1060630,台灣大哥大股份有限公司,4G,1536
臺北市,1060630,台灣之星電信股份有限公司,3G,774
臺北市,1060630,遠傳電信股份有限公司,4G,1788
臺北市,1060630,遠傳電信股份有限公司,2G,262
臺東縣,1060630,台灣之星電信股份有限公司,3G,122
臺東縣,1060630,台灣大哥大股份有限公司,4G,141
臺東縣,1060630,中華電信股份有限公司,3G,201
臺東縣,1060630,台灣大哥大股份有限公司,3G,116
臺東縣,1060630,中華電信股份有限公司,2G,35
臺東縣,1060630,中華電信股份有限公司,4G,284
臺東縣,1060630,台灣大哥大股份有限公司,2G,42
臺東縣,1060630,遠傳電信股份有限公司,3G,139
臺東縣,1060630,台灣之星電信股份有限公司,4G,46
臺東縣,1060630,亞太電信股份有限公司,3G,94
臺東縣,1060630,亞太電信股份有限公司,4G,54
臺東縣,1060630,遠傳電信股份有限公司,4G,224
臺南市,1060630,台灣大哥大股份有限公司,2G,199
臺南市,1060630,台灣大哥大股份有限公司,3G,638
臺南市,1060630,台灣之星電信股份有限公司,4G,412
臺南市,1060630,亞太電信股份有限公司,4G,532
臺南市,1060630,中華電信股份有限公司,2G,256
臺南市,1060630,台灣之星電信股份有限公司,3G,511
臺南市,1060630,中華電信股份有限公司,3G,808
臺南市,1060630,遠傳電信股份有限公司,2G,6
臺南市,1060630,遠傳電信股份有限公司,4G,977
臺南市,1060630,亞太電信股份有限公司,3G,217
臺南市,1060630,台灣大哥大股份有限公司,4G,731
臺南市,1060630,中華電信股份有限公司,4G,1024
臺南市,1060630,遠傳電信股份有限公司,3G,613
澎湖縣,1060630,中華電信股份有限公司,3G,75
澎湖縣,1060630,亞太電信股份有限公司,4G,24
澎湖縣,1060630,中華電信股份有限公司,4G,96
澎湖縣,1060630,中華電信股份有限公司,2G,13
澎湖縣,1060630,亞太電信股份有限公司,3G,25
澎湖縣,1060630,遠傳電信股份有限公司,3G,53
澎湖縣,1060630,台灣大哥大股份有限公司,2G,13
澎湖縣,1060630,台灣大哥大股份有限公司,3G,58
澎湖縣,1060630,遠傳電信股份有限公司,4G,71
澎湖縣,1060630,台灣大哥大股份有限公司,4G,66
澎湖縣,1060630,台灣之星電信股份有限公司,4G,14
澎湖縣,1060630,台灣之星電信股份有限公司,3G,33
宜蘭縣,1051231,台灣大哥大股份有限公司,4G,300
宜蘭縣,1051231,中華電信股份有限公司,4G,440
宜蘭縣,1051231,遠傳電信股份有限公司,4G,321
宜蘭縣,1051231,台灣之星電信股份有限公司,4G,87
花蓮縣,1051231,遠傳電信股份有限公司,4G,322
花蓮縣,1051231,台灣大哥大股份有限公司,4G,319
花蓮縣,1051231,台灣之星電信股份有限公司,4G,78
花蓮縣,1051231,中華電信股份有限公司,4G,433
金門縣,1051231,台灣大哥大股份有限公司,4G,40
金門縣,1051231,中華電信股份有限公司,4G,68
金門縣,1051231,遠傳電信股份有限公司,4G,50
金門縣,1051231,台灣之星電信股份有限公司,4G,4
金門縣,1051231,亞太電信股份有限公司,4G,13
南投縣,1051231,中華電信股份有限公司,4G,582
南投縣,1051231,台灣之星電信股份有限公司,4G,87
南投縣,1051231,台灣大哥大股份有限公司,4G,316
南投縣,1051231,亞太電信股份有限公司,4G,120
南投縣,1051231,遠傳電信股份有限公司,4G,507
屏東縣,1051231,亞太電信股份有限公司,4G,148
屏東縣,1051231,遠傳電信股份有限公司,4G,625
屏東縣,1051231,台灣大哥大股份有限公司,4G,349
屏東縣,1051231,台灣之星電信股份有限公司,4G,146
屏東縣,1051231,中華電信股份有限公司,4G,475
苗栗縣,1051231,亞太電信股份有限公司,4G,126
苗栗縣,1051231,中華電信股份有限公司,4G,621
苗栗縣,1051231,遠傳電信股份有限公司,4G,585
苗栗縣,1051231,台灣大哥大股份有限公司,4G,328
苗栗縣,1051231,台灣之星電信股份有限公司,4G,107
桃園市,1051231,亞太電信股份有限公司,4G,268
桃園市,1051231,台灣之星電信股份有限公司,4G,430
桃園市,1051231,中華電信股份有限公司,4G,1019
桃園市,1051231,台灣大哥大股份有限公司,4G,967
桃園市,1051231,遠傳電信股份有限公司,4G,1212
高雄市,1051231,中華電信股份有限公司,4G,1495
高雄市,1051231,台灣大哥大股份有限公司,4G,1141
高雄市,1051231,亞太電信股份有限公司,4G,396
高雄市,1051231,遠傳電信股份有限公司,4G,1552
高雄市,1051231,台灣之星電信股份有限公司,4G,592
基隆市,1051231,台灣大哥大股份有限公司,4G,155
基隆市,1051231,亞太電信股份有限公司,4G,55
基隆市,1051231,遠傳電信股份有限公司,4G,209
基隆市,1051231,中華電信股份有限公司,4G,150
基隆市,1051231,台灣之星電信股份有限公司,4G,73
連江縣,1051231,亞太電信股份有限公司,4G,8
連江縣,1051231,遠傳電信股份有限公司,4G,23
連江縣,1051231,台灣之星電信股份有限公司,4G,4
連江縣,1051231,中華電信股份有限公司,4G,35
連江縣,1051231,台灣大哥大股份有限公司,4G,20
雲林縣,1051231,中華電信股份有限公司,4G,583
雲林縣,1051231,亞太電信股份有限公司,4G,112
雲林縣,1051231,台灣大哥大股份有限公司,4G,303
雲林縣,1051231,遠傳電信股份有限公司,4G,453
雲林縣,1051231,台灣之星電信股份有限公司,4G,108
新北市,1051231,台灣大哥大股份有限公司,4G,1503
新北市,1051231,亞太電信股份有限公司,4G,481
新北市,1051231,台灣之星電信股份有限公司,4G,706
新北市,1051231,遠傳電信股份有限公司,4G,1701
新北市,1051231,中華電信股份有限公司,4G,1518
新竹市,1051231,台灣大哥大股份有限公司,4G,206
新竹市,1051231,亞太電信股份有限公司,4G,54
新竹市,1051231,中華電信股份有限公司,4G,295
新竹市,1051231,台灣之星電信股份有限公司,4G,108
新竹市,1051231,遠傳電信股份有限公司,4G,374
新竹縣,1051231,台灣大哥大股份有限公司,4G,343
新竹縣,1051231,中華電信股份有限公司,4G,515
新竹縣,1051231,遠傳電信股份有限公司,4G,384
新竹縣,1051231,亞太電信股份有限公司,4G,90
新竹縣,1051231,台灣之星電信股份有限公司,4G,118
嘉義市,1051231,台灣大哥大股份有限公司,4G,132
嘉義市,1051231,台灣之星電信股份有限公司,4G,50
嘉義市,1051231,亞太電信股份有限公司,4G,42
嘉義市,1051231,中華電信股份有限公司,4G,166
嘉義市,1051231,遠傳電信股份有限公司,4G,150
嘉義縣,1051231,遠傳電信股份有限公司,4G,272
嘉義縣,1051231,台灣之星電信股份有限公司,4G,68
嘉義縣,1051231,亞太電信股份有限公司,4G,76
嘉義縣,1051231,中華電信股份有限公司,4G,396
嘉義縣,1051231,台灣大哥大股份有限公司,4G,213
彰化縣,1051231,中華電信股份有限公司,4G,868
彰化縣,1051231,台灣大哥大股份有限公司,4G,485
彰化縣,1051231,亞太電信股份有限公司,4G,197
彰化縣,1051231,遠傳電信股份有限公司,4G,664
彰化縣,1051231,台灣之星電信股份有限公司,4G,159
臺中市,1051231,台灣大哥大股份有限公司,4G,1246
臺中市,1051231,遠傳電信股份有限公司,4G,2023
臺中市,1051231,中華電信股份有限公司,4G,2017
臺中市,1051231,亞太電信股份有限公司,4G,646
臺中市,1051231,台灣之星電信股份有限公司,4G,586
臺北市,1051231,台灣大哥大股份有限公司,4G,1498
臺北市,1051231,遠傳電信股份有限公司,4G,1728
臺北市,1051231,中華電信股份有限公司,4G,1334
臺北市,1051231,台灣之星電信股份有限公司,4G,603
臺北市,1051231,亞太電信股份有限公司,4G,493
臺東縣,1051231,遠傳電信股份有限公司,4G,223
臺東縣,1051231,中華電信股份有限公司,4G,238
臺東縣,1051231,台灣之星電信股份有限公司,4G,42
臺東縣,1051231,台灣大哥大股份有限公司,4G,138
臺南市,1051231,台灣大哥大股份有限公司,4G,708
臺南市,1051231,台灣之星電信股份有限公司,4G,364
臺南市,1051231,亞太電信股份有限公司,4G,335
臺南市,1051231,中華電信股份有限公司,4G,918
臺南市,1051231,遠傳電信股份有限公司,4G,928
澎湖縣,1051231,遠傳電信股份有限公司,4G,68
澎湖縣,1051231,亞太電信股份有限公司,4G,11
澎湖縣,1051231,台灣大哥大股份有限公司,4G,66
澎湖縣,1051231,中華電信股份有限公司,4G,86
澎湖縣,1051231,台灣之星電信股份有限公司,4G,12
宜蘭縣,1050630,中華電信股份有限公司,4G,434
宜蘭縣,1050630,遠傳電信股份有限公司,4G,314
宜蘭縣,1050630,台灣大哥大股份有限公司,4G,194
宜蘭縣,1050630,台灣之星電信股份有限公司,4G,82
花蓮縣,1050630,遠傳電信股份有限公司,4G,304
花蓮縣,1050630,台灣之星電信股份有限公司,4G,70
花蓮縣,1050630,中華電信股份有限公司,4G,428
花蓮縣,1050630,台灣大哥大股份有限公司,4G,219
金門縣,1050630,中華電信股份有限公司,4G,63
金門縣,1050630,亞太電信股份有限公司,4G,13
金門縣,1050630,台灣大哥大股份有限公司,4G,21
金門縣,1050630,台灣之星電信股份有限公司,4G,4
金門縣,1050630,遠傳電信股份有限公司,4G,27
南投縣,1050630,台灣之星電信股份有限公司,4G,81
南投縣,1050630,台灣大哥大股份有限公司,4G,217
南投縣,1050630,中華電信股份有限公司,4G,541
南投縣,1050630,亞太電信股份有限公司,4G,98
南投縣,1050630,遠傳電信股份有限公司,4G,491
屏東縣,1050630,遠傳電信股份有限公司,4G,584
屏東縣,1050630,台灣之星電信股份有限公司,4G,146
屏東縣,1050630,台灣大哥大股份有限公司,4G,227
屏東縣,1050630,亞太電信股份有限公司,4G,203
屏東縣,1050630,中華電信股份有限公司,4G,440
苗栗縣,1050630,中華電信股份有限公司,4G,593
苗栗縣,1050630,亞太電信股份有限公司,4G,127
苗栗縣,1050630,台灣大哥大股份有限公司,4G,239
苗栗縣,1050630,台灣之星電信股份有限公司,4G,95
苗栗縣,1050630,遠傳電信股份有限公司,4G,565
桃園市,1050630,亞太電信股份有限公司,4G,270
桃園市,1050630,遠傳電信股份有限公司,4G,1156
桃園市,1050630,台灣大哥大股份有限公司,4G,639
桃園市,1050630,中華電信股份有限公司,4G,921
桃園市,1050630,台灣之星電信股份有限公司,4G,327
高雄市,1050630,遠傳電信股份有限公司,4G,1561
高雄市,1050630,中華電信股份有限公司,4G,1408
高雄市,1050630,台灣大哥大股份有限公司,4G,724
高雄市,1050630,台灣之星電信股份有限公司,4G,592
高雄市,1050630,亞太電信股份有限公司,4G,442
基隆市,1050630,中華電信股份有限公司,4G,149
基隆市,1050630,台灣大哥大股份有限公司,4G,94
基隆市,1050630,台灣之星電信股份有限公司,4G,66
基隆市,1050630,遠傳電信股份有限公司,4G,194
基隆市,1050630,亞太電信股份有限公司,4G,67
連江縣,1050630,台灣大哥大股份有限公司,4G,14
連江縣,1050630,亞太電信股份有限公司,4G,8
連江縣,1050630,遠傳電信股份有限公司,4G,16
連江縣,1050630,中華電信股份有限公司,4G,35
連江縣,1050630,台灣之星電信股份有限公司,4G,4
雲林縣,1050630,中華電信股份有限公司,4G,561
雲林縣,1050630,亞太電信股份有限公司,4G,83
雲林縣,1050630,遠傳電信股份有限公司,4G,435
雲林縣,1050630,台灣大哥大股份有限公司,4G,203
雲林縣,1050630,台灣之星電信股份有限公司,4G,109
新北市,1050630,台灣之星電信股份有限公司,4G,616
新北市,1050630,中華電信股份有限公司,4G,1466
新北市,1050630,台灣大哥大股份有限公司,4G,895
新北市,1050630,遠傳電信股份有限公司,4G,1635
新北市,1050630,亞太電信股份有限公司,4G,572
新竹市,1050630,台灣大哥大股份有限公司,4G,158
新竹市,1050630,台灣之星電信股份有限公司,4G,88
新竹市,1050630,亞太電信股份有限公司,4G,56
新竹市,1050630,中華電信股份有限公司,4G,278
新竹市,1050630,遠傳電信股份有限公司,4G,372
新竹縣,1050630,台灣之星電信股份有限公司,4G,106
新竹縣,1050630,遠傳電信股份有限公司,4G,362
新竹縣,1050630,台灣大哥大股份有限公司,4G,219
新竹縣,1050630,中華電信股份有限公司,4G,498
新竹縣,1050630,亞太電信股份有限公司,4G,125
嘉義市,1050630,遠傳電信股份有限公司,4G,157
嘉義市,1050630,台灣之星電信股份有限公司,4G,50
嘉義市,1050630,台灣大哥大股份有限公司,4G,85
嘉義市,1050630,中華電信股份有限公司,4G,161
嘉義市,1050630,亞太電信股份有限公司,4G,39
嘉義縣,1050630,中華電信股份有限公司,4G,378
嘉義縣,1050630,台灣大哥大股份有限公司,4G,128
嘉義縣,1050630,台灣之星電信股份有限公司,4G,68
嘉義縣,1050630,亞太電信股份有限公司,4G,66
嘉義縣,1050630,遠傳電信股份有限公司,4G,267
彰化縣,1050630,亞太電信股份有限公司,4G,148
彰化縣,1050630,台灣之星電信股份有限公司,4G,150
彰化縣,1050630,遠傳電信股份有限公司,4G,639
彰化縣,1050630,中華電信股份有限公司,4G,825
彰化縣,1050630,台灣大哥大股份有限公司,4G,336
臺中市,1050630,遠傳電信股份有限公司,4G,1988
臺中市,1050630,中華電信股份有限公司,4G,1876
臺中市,1050630,台灣之星電信股份有限公司,4G,525
臺中市,1050630,亞太電信股份有限公司,4G,496
臺中市,1050630,台灣大哥大股份有限公司,4G,958
臺北市,1050630,台灣大哥大股份有限公司,4G,815
臺北市,1050630,中華電信股份有限公司,4G,1243
臺北市,1050630,遠傳電信股份有限公司,4G,1544
臺北市,1050630,台灣之星電信股份有限公司,4G,510
臺北市,1050630,亞太電信股份有限公司,4G,555
臺東縣,1050630,遠傳電信股份有限公司,4G,220
臺東縣,1050630,台灣大哥大股份有限公司,4G,91
臺東縣,1050630,台灣之星電信股份有限公司,4G,42
臺東縣,1050630,中華電信股份有限公司,4G,225
臺南市,1050630,台灣之星電信股份有限公司,4G,366
臺南市,1050630,台灣大哥大股份有限公司,4G,414
臺南市,1050630,亞太電信股份有限公司,4G,231
臺南市,1050630,中華電信股份有限公司,4G,852
臺南市,1050630,遠傳電信股份有限公司,4G,938
澎湖縣,1050630,亞太電信股份有限公司,4G,11
澎湖縣,1050630,台灣之星電信股份有限公司,4G,12
澎湖縣,1050630,中華電信股份有限公司,4G,80
澎湖縣,1050630,遠傳電信股份有限公司,4G,66
澎湖縣,1050630,台灣大哥大股份有限公司,4G,34
宜蘭縣,1041231,台灣大哥大股份有限公司,4G,191
宜蘭縣,1041231,台灣之星電信股份有限公司,4G,71
宜蘭縣,1041231,中華電信股份有限公司,4G,400
宜蘭縣,1041231,遠傳電信股份有限公司,4G,273
花蓮縣,1041231,中華電信股份有限公司,4G,420
花蓮縣,1041231,台灣大哥大股份有限公司,4G,205
花蓮縣,1041231,遠傳電信股份有限公司,4G,263
花蓮縣,1041231,台灣之星電信股份有限公司,4G,67
金門縣,1041231,台灣之星電信股份有限公司,4G,4
金門縣,1041231,中華電信股份有限公司,4G,44
金門縣,1041231,亞太電信股份有限公司,4G,13
金門縣,1041231,台灣大哥大股份有限公司,4G,15
金門縣,1041231,遠傳電信股份有限公司,4G,27
南投縣,1041231,中華電信股份有限公司,4G,489
南投縣,1041231,台灣大哥大股份有限公司,4G,197
南投縣,1041231,台灣之星電信股份有限公司,4G,74
南投縣,1041231,亞太電信股份有限公司,4G,81
南投縣,1041231,遠傳電信股份有限公司,4G,450
屏東縣,1041231,中華電信股份有限公司,4G,425
屏東縣,1041231,台灣之星電信股份有限公司,4G,139
屏東縣,1041231,亞太電信股份有限公司,4G,191
屏東縣,1041231,遠傳電信股份有限公司,4G,555
屏東縣,1041231,台灣大哥大股份有限公司,4G,207
苗栗縣,1041231,台灣之星電信股份有限公司,4G,94
苗栗縣,1041231,亞太電信股份有限公司,4G,115
苗栗縣,1041231,台灣大哥大股份有限公司,4G,204
苗栗縣,1041231,中華電信股份有限公司,4G,568
苗栗縣,1041231,遠傳電信股份有限公司,4G,502
桃園市,1041231,台灣之星電信股份有限公司,4G,294
桃園市,1041231,遠傳電信股份有限公司,4G,990
桃園市,1041231,台灣大哥大股份有限公司,4G,585
桃園市,1041231,亞太電信股份有限公司,4G,258
桃園市,1041231,中華電信股份有限公司,4G,838
高雄市,1041231,亞太電信股份有限公司,4G,410
高雄市,1041231,中華電信股份有限公司,4G,1333
高雄市,1041231,台灣大哥大股份有限公司,4G,611
高雄市,1041231,台灣之星電信股份有限公司,4G,552
高雄市,1041231,遠傳電信股份有限公司,4G,1509
基隆市,1041231,中華電信股份有限公司,4G,144
基隆市,1041231,亞太電信股份有限公司,4G,66
基隆市,1041231,台灣大哥大股份有限公司,4G,91
基隆市,1041231,遠傳電信股份有限公司,4G,139
基隆市,1041231,台灣之星電信股份有限公司,4G,63
連江縣,1041231,亞太電信股份有限公司,4G,8
連江縣,1041231,台灣之星電信股份有限公司,4G,4
連江縣,1041231,遠傳電信股份有限公司,4G,10
連江縣,1041231,中華電信股份有限公司,4G,33
連江縣,1041231,台灣大哥大股份有限公司,4G,14
雲林縣,1041231,台灣之星電信股份有限公司,4G,99
雲林縣,1041231,台灣大哥大股份有限公司,4G,178
雲林縣,1041231,中華電信股份有限公司,4G,544
雲林縣,1041231,亞太電信股份有限公司,4G,76
雲林縣,1041231,遠傳電信股份有限公司,4G,398
新北市,1041231,中華電信股份有限公司,4G,1427
新北市,1041231,台灣大哥大股份有限公司,4G,837
新北市,1041231,台灣之星電信股份有限公司,4G,571
新北市,1041231,亞太電信股份有限公司,4G,559
新北市,1041231,遠傳電信股份有限公司,4G,1444
新竹市,1041231,台灣大哥大股份有限公司,4G,149
新竹市,1041231,遠傳電信股份有限公司,4G,323
新竹市,1041231,中華電信股份有限公司,4G,254
新竹市,1041231,台灣之星電信股份有限公司,4G,83
新竹市,1041231,亞太電信股份有限公司,4G,56
新竹縣,1041231,中華電信股份有限公司,4G,439
新竹縣,1041231,台灣大哥大股份有限公司,4G,202
新竹縣,1041231,遠傳電信股份有限公司,4G,295
新竹縣,1041231,亞太電信股份有限公司,4G,125
新竹縣,1041231,台灣之星電信股份有限公司,4G,89
嘉義市,1041231,亞太電信股份有限公司,4G,36
嘉義市,1041231,遠傳電信股份有限公司,4G,146
嘉義市,1041231,台灣之星電信股份有限公司,4G,45
嘉義市,1041231,中華電信股份有限公司,4G,155
嘉義市,1041231,台灣大哥大股份有限公司,4G,83
嘉義縣,1041231,中華電信股份有限公司,4G,359
嘉義縣,1041231,台灣大哥大股份有限公司,4G,126
嘉義縣,1041231,遠傳電信股份有限公司,4G,249
嘉義縣,1041231,台灣之星電信股份有限公司,4G,64
嘉義縣,1041231,亞太電信股份有限公司,4G,62
彰化縣,1041231,中華電信股份有限公司,4G,782
彰化縣,1041231,台灣大哥大股份有限公司,4G,278
彰化縣,1041231,亞太電信股份有限公司,4G,135
彰化縣,1041231,台灣之星電信股份有限公司,4G,141
彰化縣,1041231,遠傳電信股份有限公司,4G,587
臺中市,1041231,亞太電信股份有限公司,4G,445
臺中市,1041231,中華電信股份有限公司,4G,1659
臺中市,1041231,台灣大哥大股份有限公司,4G,799
臺中市,1041231,台灣之星電信股份有限公司,4G,490
臺中市,1041231,遠傳電信股份有限公司,4G,1788
臺北市,1041231,台灣大哥大股份有限公司,4G,775
臺北市,1041231,遠傳電信股份有限公司,4G,1374
臺北市,1041231,中華電信股份有限公司,4G,1152
臺北市,1041231,台灣之星電信股份有限公司,4G,478
臺北市,1041231,亞太電信股份有限公司,4G,531
臺東縣,1041231,中華電信股份有限公司,4G,215
臺東縣,1041231,台灣大哥大股份有限公司,4G,54
臺東縣,1041231,台灣之星電信股份有限公司,4G,39
臺東縣,1041231,遠傳電信股份有限公司,4G,198
臺南市,1041231,台灣之星電信股份有限公司,4G,337
臺南市,1041231,台灣大哥大股份有限公司,4G,369
臺南市,1041231,亞太電信股份有限公司,4G,210
臺南市,1041231,中華電信股份有限公司,4G,814
臺南市,1041231,遠傳電信股份有限公司,4G,827
澎湖縣,1041231,台灣大哥大股份有限公司,4G,27
澎湖縣,1041231,中華電信股份有限公司,4G,79
澎湖縣,1041231,亞太電信股份有限公司,4G,11
澎湖縣,1041231,遠傳電信股份有限公司,4G,53
澎湖縣,1041231,台灣之星電信股份有限公司,4G,12
宜蘭縣,1040630,台灣之星電信股份有限公司,4G,47
宜蘭縣,1040630,中華電信股份有限公司,4G,371
宜蘭縣,1040630,台灣大哥大股份有限公司,4G,153
宜蘭縣,1040630,遠傳電信股份有限公司,4G,128
花蓮縣,1040630,遠傳電信股份有限公司,4G,134
花蓮縣,1040630,台灣之星電信股份有限公司,4G,19
花蓮縣,1040630,中華電信股份有限公司,4G,370
花蓮縣,1040630,台灣大哥大股份有限公司,4G,157
金門縣,1040630,遠傳電信股份有限公司,4G,23
金門縣,1040630,中華電信股份有限公司,4G,33
金門縣,1040630,台灣大哥大股份有限公司,4G,11
金門縣,1040630,台灣之星電信股份有限公司,4G,1
南投縣,1040630,台灣之星電信股份有限公司,4G,28
南投縣,1040630,遠傳電信股份有限公司,4G,136
南投縣,1040630,中華電信股份有限公司,4G,364
南投縣,1040630,台灣大哥大股份有限公司,4G,140
屏東縣,1040630,遠傳電信股份有限公司,4G,265
屏東縣,1040630,中華電信股份有限公司,4G,344
屏東縣,1040630,台灣大哥大股份有限公司,4G,147
屏東縣,1040630,台灣之星電信股份有限公司,4G,81
苗栗縣,1040630,中華電信股份有限公司,4G,444
苗栗縣,1040630,台灣之星電信股份有限公司,4G,51
苗栗縣,1040630,台灣大哥大股份有限公司,4G,159
苗栗縣,1040630,遠傳電信股份有限公司,4G,154
桃園市,1040630,台灣之星電信股份有限公司,4G,155
桃園市,1040630,台灣大哥大股份有限公司,4G,454
桃園市,1040630,亞太電信股份有限公司,4G,129
桃園市,1040630,中華電信股份有限公司,4G,696
桃園市,1040630,遠傳電信股份有限公司,4G,553
高雄市,1040630,中華電信股份有限公司,4G,1065
高雄市,1040630,台灣之星電信股份有限公司,4G,299
高雄市,1040630,亞太電信股份有限公司,4G,25
高雄市,1040630,台灣大哥大股份有限公司,4G,442
高雄市,1040630,遠傳電信股份有限公司,4G,774
基隆市,1040630,台灣之星電信股份有限公司,4G,37
基隆市,1040630,台灣大哥大股份有限公司,4G,78
基隆市,1040630,遠傳電信股份有限公司,4G,67
基隆市,1040630,中華電信股份有限公司,4G,130
基隆市,1040630,亞太電信股份有限公司,4G,14
連江縣,1040630,台灣大哥大股份有限公司,4G,10
連江縣,1040630,遠傳電信股份有限公司,4G,7
連江縣,1040630,中華電信股份有限公司,4G,30
連江縣,1040630,台灣之星電信股份有限公司,4G,4
雲林縣,1040630,中華電信股份有限公司,4G,444
雲林縣,1040630,台灣大哥大股份有限公司,4G,96
雲林縣,1040630,台灣之星電信股份有限公司,4G,42
雲林縣,1040630,遠傳電信股份有限公司,4G,97
新北市,1040630,台灣之星電信股份有限公司,4G,406
新北市,1040630,中華電信股份有限公司,4G,1123
新北市,1040630,台灣大哥大股份有限公司,4G,675
新北市,1040630,亞太電信股份有限公司,4G,240
新北市,1040630,遠傳電信股份有限公司,4G,838
新竹市,1040630,中華電信股份有限公司,4G,222
新竹市,1040630,亞太電信股份有限公司,4G,7
新竹市,1040630,台灣之星電信股份有限公司,4G,28
新竹市,1040630,台灣大哥大股份有限公司,4G,117
新竹市,1040630,遠傳電信股份有限公司,4G,172
新竹縣,1040630,台灣之星電信股份有限公司,4G,30
新竹縣,1040630,台灣大哥大股份有限公司,4G,141
新竹縣,1040630,中華電信股份有限公司,4G,359
新竹縣,1040630,遠傳電信股份有限公司,4G,145
新竹縣,1040630,亞太電信股份有限公司,4G,37
嘉義市,1040630,中華電信股份有限公司,4G,134
嘉義市,1040630,台灣大哥大股份有限公司,4G,63
嘉義市,1040630,台灣之星電信股份有限公司,4G,26
嘉義市,1040630,遠傳電信股份有限公司,4G,73
嘉義縣,1040630,中華電信股份有限公司,4G,284
嘉義縣,1040630,台灣大哥大股份有限公司,4G,81
嘉義縣,1040630,台灣之星電信股份有限公司,4G,41
嘉義縣,1040630,遠傳電信股份有限公司,4G,103
彰化縣,1040630,台灣之星電信股份有限公司,4G,71
彰化縣,1040630,台灣大哥大股份有限公司,4G,162
彰化縣,1040630,中華電信股份有限公司,4G,584
彰化縣,1040630,遠傳電信股份有限公司,4G,143
臺中市,1040630,台灣大哥大股份有限公司,4G,600
臺中市,1040630,台灣之星電信股份有限公司,4G,316
臺中市,1040630,亞太電信股份有限公司,4G,25
臺中市,1040630,中華電信股份有限公司,4G,1278
臺中市,1040630,遠傳電信股份有限公司,4G,540
臺北市,1040630,遠傳電信股份有限公司,4G,831
臺北市,1040630,亞太電信股份有限公司,4G,245
臺北市,1040630,中華電信股份有限公司,4G,996
臺北市,1040630,台灣之星電信股份有限公司,4G,343
臺北市,1040630,台灣大哥大股份有限公司,4G,565
臺東縣,1040630,台灣之星電信股份有限公司,4G,31
臺東縣,1040630,中華電信股份有限公司,4G,189
臺東縣,1040630,遠傳電信股份有限公司,4G,89
臺東縣,1040630,台灣大哥大股份有限公司,4G,48
臺南市,1040630,中華電信股份有限公司,4G,615
臺南市,1040630,台灣之星電信股份有限公司,4G,236
臺南市,1040630,遠傳電信股份有限公司,4G,288
臺南市,1040630,台灣大哥大股份有限公司,4G,278
澎湖縣,1040630,台灣之星電信股份有限公司,4G,6
澎湖縣,1040630,中華電信股份有限公司,4G,56
澎湖縣,1040630,台灣大哥大股份有限公司,4G,18
澎湖縣,1040630,遠傳電信股份有限公司,4G,20
宜蘭縣,1031231,台灣之星電信股份有限公司,4G,23
宜蘭縣,1031231,台灣大哥大股份有限公司,4G,101
宜蘭縣,1031231,中華電信股份有限公司,4G,60
宜蘭縣,1031231,遠傳電信股份有限公司,4G,14
花蓮縣,1031231,中華電信股份有限公司,4G,28
花蓮縣,1031231,台灣大哥大股份有限公司,4G,92
花蓮縣,1031231,遠傳電信股份有限公司,4G,7
花蓮縣,1031231,台灣之星電信股份有限公司,4G,10
金門縣,1031231,台灣之星電信股份有限公司,4G,1
金門縣,1031231,中華電信股份有限公司,4G,12
金門縣,1031231,遠傳電信股份有限公司,4G,5
金門縣,1031231,台灣大哥大股份有限公司,4G,10
南投縣,1031231,遠傳電信股份有限公司,4G,67
南投縣,1031231,台灣大哥大股份有限公司,4G,77
南投縣,1031231,中華電信股份有限公司,4G,274
南投縣,1031231,台灣之星電信股份有限公司,4G,26
屏東縣,1031231,台灣之星電信股份有限公司,4G,44
屏東縣,1031231,遠傳電信股份有限公司,4G,44
屏東縣,1031231,中華電信股份有限公司,4G,154
屏東縣,1031231,台灣大哥大股份有限公司,4G,102
苗栗縣,1031231,台灣之星電信股份有限公司,4G,44
苗栗縣,1031231,台灣大哥大股份有限公司,4G,90
苗栗縣,1031231,遠傳電信股份有限公司,4G,101
苗栗縣,1031231,中華電信股份有限公司,4G,342
桃園市,1031231,亞太電信股份有限公司,4G,51
桃園市,1031231,遠傳電信股份有限公司,4G,168
桃園市,1031231,中華電信股份有限公司,4G,186
桃園市,1031231,台灣大哥大股份有限公司,4G,327
桃園市,1031231,台灣之星電信股份有限公司,4G,122
高雄市,1031231,亞太電信股份有限公司,4G,25
高雄市,1031231,遠傳電信股份有限公司,4G,352
高雄市,1031231,台灣大哥大股份有限公司,4G,353
高雄市,1031231,中華電信股份有限公司,4G,590
高雄市,1031231,台灣之星電信股份有限公司,4G,225
基隆市,1031231,台灣之星電信股份有限公司,4G,26
基隆市,1031231,台灣大哥大股份有限公司,4G,47
基隆市,1031231,亞太電信股份有限公司,4G,13
基隆市,1031231,中華電信股份有限公司,4G,11
基隆市,1031231,遠傳電信股份有限公司,4G,1
連江縣,1031231,中華電信股份有限公司,4G,2
連江縣,1031231,台灣之星電信股份有限公司,4G,1
雲林縣,1031231,中華電信股份有限公司,4G,287
雲林縣,1031231,台灣大哥大股份有限公司,4G,41
雲林縣,1031231,台灣之星電信股份有限公司,4G,35
雲林縣,1031231,遠傳電信股份有限公司,4G,47
新北市,1031231,台灣大哥大股份有限公司,4G,413
新北市,1031231,亞太電信股份有限公司,4G,231
新北市,1031231,遠傳電信股份有限公司,4G,300
新北市,1031231,中華電信股份有限公司,4G,334
新北市,1031231,台灣之星電信股份有限公司,4G,283
新竹市,1031231,台灣大哥大股份有限公司,4G,80
新竹市,1031231,遠傳電信股份有限公司,4G,81
新竹市,1031231,中華電信股份有限公司,4G,103
新竹市,1031231,台灣之星電信股份有限公司,4G,20
新竹縣,1031231,遠傳電信股份有限公司,4G,49
新竹縣,1031231,中華電信股份有限公司,4G,74
新竹縣,1031231,台灣大哥大股份有限公司,4G,96
新竹縣,1031231,台灣之星電信股份有限公司,4G,18
嘉義市,1031231,遠傳電信股份有限公司,4G,61
嘉義市,1031231,台灣大哥大股份有限公司,4G,57
嘉義市,1031231,中華電信股份有限公司,4G,84
嘉義市,1031231,台灣之星電信股份有限公司,4G,24
嘉義縣,1031231,台灣之星電信股份有限公司,4G,8
嘉義縣,1031231,台灣大哥大股份有限公司,4G,65
嘉義縣,1031231,中華電信股份有限公司,4G,102
嘉義縣,1031231,遠傳電信股份有限公司,4G,48
彰化縣,1031231,台灣大哥大股份有限公司,4G,137
彰化縣,1031231,遠傳電信股份有限公司,4G,95
彰化縣,1031231,中華電信股份有限公司,4G,389
彰化縣,1031231,台灣之星電信股份有限公司,4G,61
臺中市,1031231,台灣大哥大股份有限公司,4G,463
臺中市,1031231,亞太電信股份有限公司,4G,25
臺中市,1031231,中華電信股份有限公司,4G,1101
臺中市,1031231,遠傳電信股份有限公司,4G,440
臺中市,1031231,台灣之星電信股份有限公司,4G,292
臺北市,1031231,中華電信股份有限公司,4G,375
臺北市,1031231,台灣之星電信股份有限公司,4G,266
臺北市,1031231,台灣大哥大股份有限公司,4G,492
臺北市,1031231,亞太電信股份有限公司,4G,230
臺北市,1031231,遠傳電信股份有限公司,4G,318
臺東縣,1031231,中華電信股份有限公司,4G,79
臺東縣,1031231,台灣大哥大股份有限公司,4G,23
臺東縣,1031231,遠傳電信股份有限公司,4G,37
臺東縣,1031231,台灣之星電信股份有限公司,4G,15
臺南市,1031231,台灣大哥大股份有限公司,4G,226
臺南市,1031231,遠傳電信股份有限公司,4G,133
臺南市,1031231,中華電信股份有限公司,4G,308
臺南市,1031231,台灣之星電信股份有限公司,4G,160
澎湖縣,1031231,遠傳電信股份有限公司,4G,10
澎湖縣,1031231,中華電信股份有限公司,4G,28
澎湖縣,1031231,台灣之星電信股份有限公司,4G,4
澎湖縣,1031231,台灣大哥大股份有限公司,4G,14
桃園市,1030630,台灣之星電信股份有限公司,4G,24
桃園市,1030630,台灣大哥大股份有限公司,4G,12
桃園市,1030630,中華電信股份有限公司,4G,3
高雄市,1030630,中華電信股份有限公司,4G,227
高雄市,1030630,台灣之星電信股份有限公司,4G,67
高雄市,1030630,台灣大哥大股份有限公司,4G,80
高雄市,1030630,遠傳電信股份有限公司,4G,90
新北市,1030630,遠傳電信股份有限公司,4G,79
新北市,1030630,台灣大哥大股份有限公司,4G,60
新北市,1030630,中華電信股份有限公司,4G,1
新北市,1030630,台灣之星電信股份有限公司,4G,65
新竹市,1030630,台灣之星電信股份有限公司,4G,3
新竹市,1030630,台灣大哥大股份有限公司,4G,8
新竹縣,1030630,台灣之星電信股份有限公司,4G,1
臺中市,1030630,遠傳電信股份有限公司,4G,50
臺中市,1030630,中華電信股份有限公司,4G,226
臺中市,1030630,台灣大哥大股份有限公司,4G,50
臺中市,1030630,台灣之星電信股份有限公司,4G,68
臺北市,1030630,台灣之星電信股份有限公司,4G,76
臺北市,1030630,中華電信股份有限公司,4G,23
臺北市,1030630,台灣大哥大股份有限公司,4G,70
臺北市,1030630,遠傳電信股份有限公司,4G,61
臺南市,1030630,台灣之星電信股份有限公司,4G,24
